wallet,fan_in,fan_out,total_btc_volume,num_tx_total,avg_tx_value,active_lifespan_days,peel_chain_depth,ip_reuse_score,burst_ratio,geo_country_diversity,geo_asn_diversity,fee_btc,wallet_label
addr_0000000,1.0,0.0,0.482009,1.0,0.482009,0.0,0.0,0.0,0.0,0.0,0.0,0.0,0.0
addr_0000001,0.0,2.0,3.536383,2.0,1.7681915,203.16666666666666,2.0,7.0,0.5,1.0,1.0,0.000597775,2.0
addr_0000003,1.0,0.0,2.139279,1.0,2.139279,0.0,0.0,0.0,0.0,0.0,0.0,0.0,0.0
addr_0000005,1.0,0.0,0.494923,1.0,0.494923,0.0,0.0,0.0,0.0,0.0,0.0,0.0,0.0
addr_0000007,0.0,1.0,0.429179,1.0,0.429179,0.0,2.0,1.0,0.0,1.0,1.0,0.00086248,2.0
addr_0000008,1.0,0.0,6.119096,1.0,6.119096,0.0,0.0,0.0,0.0,0.0,0.0,0.0,0.0
addr_0000009,0.0,1.0,2.212275,1.0,2.212275,0.0,1.0,1.0,0.0,1.0,1.0,0.00052137,2.0
addr_0000010,1.0,1.0,6.6141879999999995,2.0,3.3070939999999998,112.04166666666667,1.0,1.0,0.0,1.0,1.0,5.997e-05,2.0
addr_0000011,1.0,0.0,1.246623,1.0,1.246623,0.0,0.0,0.0,0.0,0.0,0.0,0.0,0.0
addr_0000013,2.0,0.0,6.121640999999999,2.0,3.0608204999999997,34.833333333333336,0.0,0.0,0.0,0.0,0.0,0.0,0.0
addr_0000016,1.0,0.0,0.627705,1.0,0.627705,0.0,0.0,0.0,0.0,0.0,0.0,0.0,0.0
addr_0000017,1.0,0.0,3.577033,1.0,3.577033,0.0,0.0,0.0,0.0,0.0,0.0,0.0,0.0
addr_0000019,0.0,1.0,1.989463,1.0,1.989463,0.0,2.0,1.0,0.0,1.0,1.0,0.00025902,1.0
addr_0000020,0.0,1.0,2.277035,1.0,2.277035,0.0,1.0,1.0,0.0,1.0,1.0,0.00033203,2.0
addr_0000021,1.0,1.0,2.029754,2.0,1.014877,287.5416666666667,1.0,1.0,0.0,1.0,1.0,0.00034308,2.0
addr_0000024,2.0,1.0,4.584861,3.0,1.528287,175.20833333333334,1.0,1.0,0.0,1.0,1.0,2.56e-06,2.0
addr_0000025,0.0,1.0,2.239876,1.0,2.239876,0.0,1.0,1.0,0.0,1.0,1.0,4.905e-05,2.0
addr_0000027,1.0,0.0,1.147702,1.0,1.147702,0.0,0.0,0.0,0.0,0.0,0.0,0.0,0.0
addr_0000029,2.0,0.0,3.788565,2.0,1.8942825,20.708333333333332,0.0,0.0,0.0,0.0,0.0,0.0,0.0
addr_0000030,1.0,0.0,2.263375,1.0,2.263375,0.0,0.0,0.0,0.0,0.0,0.0,0.0,0.0
addr_0000033,1.0,0.0,0.841242,1.0,0.841242,0.0,0.0,0.0,0.0,0.0,0.0,0.0,0.0
addr_0000035,1.0,0.0,3.997014,1.0,3.997014,0.0,0.0,0.0,0.0,0.0,0.0,0.0,0.0
addr_0000036,1.0,0.0,4.037242,1.0,4.037242,0.0,0.0,0.0,0.0,0.0,0.0,0.0,0.0
addr_0000037,0.0,1.0,0.007368,1.0,0.007368,0.0,1.0,1.0,0.0,1.0,1.0,0.00069972,1.0
addr_0000039,1.0,1.0,9.334810000000001,2.0,4.6674050000000005,56.78611111111111,1.0,1.0,0.0,1.0,1.0,4.607e-05,3.0
addr_0000040,1.0,1.0,0.686236,2.0,0.343118,146.58333333333334,1.0,1.0,0.0,1.0,1.0,8.891e-05,2.0
addr_0000041,1.0,0.0,3.193189,1.0,3.193189,0.0,0.0,0.0,0.0,0.0,0.0,0.0,0.0
addr_0000043,2.0,1.0,4.632746,3.0,1.5442486666666666,196.41666666666666,1.0,1.0,0.0,1.0,1.0,0.00038947,3.0
addr_0000044,1.0,0.0,0.149891,1.0,0.149891,0.0,0.0,0.0,0.0,0.0,0.0,0.0,0.0
addr_0000045,1.0,0.0,3.519062,1.0,3.519062,0.0,0.0,0.0,0.0,0.0,0.0,0.0,0.0
addr_0000046,0.0,1.0,2.588404,1.0,2.588404,0.0,1.0,1.0,0.0,1.0,1.0,0.00241491,3.0
addr_0000047,1.0,0.0,0.236687,1.0,0.236687,0.0,0.0,0.0,0.0,0.0,0.0,0.0,0.0
addr_0000048,0.0,1.0,0.073059,1.0,0.073059,0.0,1.0,2.0,0.0,1.0,1.0,0.00010008,2.0
addr_0000050,0.0,2.0,2.0758710000000002,2.0,1.0379355000000001,196.08333333333334,1.0,1.0,0.5,1.0,1.0,0.000125955,2.0
addr_0000054,0.0,2.0,3.6352510000000002,2.0,1.8176255000000001,35.666666666666664,1.0,1.0,0.5,1.0,1.0,0.00013557,2.0
addr_0000058,3.0,0.0,3.895043,3.0,1.2983476666666667,112.20833333333333,0.0,0.0,0.0,0.0,0.0,0.0,0.0
addr_0000059,2.0,0.0,4.836397,2.0,2.4181985,251.89375,0.0,0.0,0.0,0.0,0.0,0.0,0.0
addr_0000060,1.0,0.0,0.035817,1.0,0.035817,0.0,0.0,0.0,0.0,0.0,0.0,0.0,0.0
addr_0000062,0.0,2.0,9.093907,2.0,4.5469535,21.291666666666668,1.0,1.0,0.5,1.0,1.0,9.362e-05,2.0
addr_0000063,0.0,1.0,1.179024,1.0,1.179024,0.0,1.0,2.0,0.0,1.0,1.0,0.00026234,2.0
addr_0000064,1.0,2.0,5.114018,3.0,1.7046726666666665,307.3951388888889,1.0,1.0,0.5,1.0,1.0,7.544e-05,2.0
addr_0000065,1.0,0.0,0.866024,1.0,0.866024,0.0,0.0,0.0,0.0,0.0,0.0,0.0,0.0
addr_0000067,1.0,0.0,4.435833,1.0,4.435833,0.0,0.0,0.0,0.0,0.0,0.0,0.0,0.0
addr_0000068,1.0,0.0,0.107944,1.0,0.107944,0.0,0.0,0.0,0.0,0.0,0.0,0.0,0.0
addr_0000071,1.0,0.0,0.088869,1.0,0.088869,0.0,0.0,0.0,0.0,0.0,0.0,0.0,0.0
addr_0000072,0.0,1.0,3.892317,1.0,3.892317,0.0,1.0,2.0,0.0,1.0,1.0,0.00025802,3.0
addr_0000074,1.0,1.0,3.5477220000000003,2.0,1.7738610000000001,140.20833333333334,1.0,1.0,0.0,1.0,1.0,2.727e-05,1.0
addr_0000076,3.0,0.0,5.493468999999999,3.0,1.8311563333333332,104.45833333333333,0.0,0.0,0.0,0.0,0.0,0.0,0.0
addr_0000079,1.0,0.0,0.166223,1.0,0.166223,0.0,0.0,0.0,0.0,0.0,0.0,0.0,0.0
addr_0000083,0.0,1.0,2.325305,1.0,2.325305,0.0,1.0,1.0,0.0,1.0,1.0,7.086e-05,2.0
addr_0000084,1.0,0.0,0.780044,1.0,0.780044,0.0,0.0,0.0,0.0,0.0,0.0,0.0,0.0
addr_0000086,1.0,1.0,15.136503000000001,2.0,7.568251500000001,154.66666666666666,1.0,2.0,0.0,1.0,1.0,0.00042699,1.0
addr_0000087,1.0,0.0,2.782956,1.0,2.782956,0.0,0.0,0.0,0.0,0.0,0.0,0.0,0.0
addr_0000088,1.0,1.0,2.882985,2.0,1.4414925,35.25,1.0,1.0,0.0,1.0,1.0,0.00040875,3.0
addr_0000089,0.0,1.0,0.341955,1.0,0.341955,0.0,1.0,1.0,0.0,1.0,1.0,0.0002025,3.0
addr_0000091,1.0,1.0,4.666233,2.0,2.3331165,70.25,1.0,1.0,0.0,1.0,1.0,7.2e-07,3.0
addr_0000092,1.0,0.0,0.157074,1.0,0.157074,0.0,0.0,0.0,0.0,0.0,0.0,0.0,0.0
addr_0000093,1.0,0.0,0.0547,1.0,0.0547,0.0,0.0,0.0,0.0,0.0,0.0,0.0,0.0
addr_0000094,0.0,1.0,0.869772,1.0,0.869772,0.0,2.0,1.0,0.0,1.0,1.0,0.0010649,2.0
addr_0000100,0.0,2.0,3.244041,2.0,1.6220205,83.625,2.0,7.0,0.5,1.0,1.0,9.153000000000001e-05,3.0
addr_0000101,1.0,0.0,1.926107,1.0,1.926107,0.0,0.0,0.0,0.0,0.0,0.0,0.0,0.0
addr_0000102,2.0,1.0,5.69502,3.0,1.8983400000000001,146.66666666666666,1.0,3.0,0.0,1.0,1.0,0.00011389,3.0
addr_0000103,0.0,1.0,0.498216,1.0,0.498216,0.0,1.0,1.0,0.0,1.0,1.0,0.00097484,2.0
addr_0000105,2.0,0.0,5.512103,2.0,2.7560515,77.16666666666667,0.0,0.0,0.0,0.0,0.0,0.0,0.0
addr_0000106,0.0,1.0,0.126744,1.0,0.126744,0.0,1.0,1.0,0.0,1.0,1.0,0.00015659,2.0
addr_0000108,0.0,1.0,0.676585,1.0,0.676585,0.0,1.0,1.0,0.0,1.0,1.0,0.00011909,2.0
addr_0000109,0.0,1.0,0.897284,1.0,0.897284,0.0,1.0,1.0,0.0,1.0,1.0,0.00037423,2.0
addr_0000110,0.0,1.0,0.458293,1.0,0.458293,0.0,1.0,1.0,0.0,1.0,1.0,0.00059295,2.0
addr_0000111,2.0,0.0,12.414825,2.0,6.2074125,98.04166666666667,0.0,0.0,0.0,0.0,0.0,0.0,0.0
addr_0000112,1.0,1.0,5.4573990000000006,2.0,2.7286995000000003,175.75,1.0,1.0,0.0,1.0,1.0,9.371e-05,2.0
addr_0000114,0.0,2.0,3.3239900000000002,2.0,1.6619950000000001,133.16666666666666,2.0,1.0,0.5,1.0,1.0,0.000448395,2.0
addr_0000115,0.0,2.0,1.970079,2.0,0.9850395,182.20833333333334,1.0,3.0,0.5,1.0,1.0,0.000264315,2.0
addr_0000116,1.0,2.0,6.9541889999999995,3.0,2.318063,251.66666666666666,1.0,1.0,0.5,1.0,1.0,0.00024458499999999996,3.0
addr_0000118,1.0,0.0,3.870927,1.0,3.870927,0.0,0.0,0.0,0.0,0.0,0.0,0.0,0.0
addr_0000120,1.0,1.0,1.486667,2.0,0.7433335,48.833333333333336,1.0,1.0,0.0,1.0,1.0,2.449e-05,3.0
addr_0000122,1.0,0.0,2.655828,1.0,2.655828,0.0,0.0,0.0,0.0,0.0,0.0,0.0,0.0
addr_0000128,1.0,1.0,1.171017,2.0,0.5855085,189.70833333333334,1.0,1.0,0.0,1.0,1.0,0.0005447,3.0
addr_0000129,1.0,1.0,5.132484,2.0,2.566242,104.33333333333333,1.0,1.0,0.0,1.0,1.0,0.00025533,2.0
addr_0000132,1.0,0.0,9.463402,1.0,9.463402,0.0,0.0,0.0,0.0,0.0,0.0,0.0,0.0
addr_0000133,1.0,1.0,1.212658,2.0,0.606329,104.42708333333333,1.0,1.0,0.0,1.0,1.0,0.0010316,3.0
addr_0000135,1.0,1.0,0.792446,2.0,0.396223,126.70833333333333,1.0,1.0,0.0,1.0,1.0,0.00039413,2.0
addr_0000138,1.0,0.0,2.988153,1.0,2.988153,0.0,0.0,0.0,0.0,0.0,0.0,0.0,0.0
addr_0000139,2.0,1.0,4.576867,3.0,1.5256223333333334,105.29166666666667,1.0,1.0,0.0,1.0,1.0,0.00052841,2.0
addr_0000141,1.0,1.0,5.889377,2.0,2.9446885,83.91666666666667,1.0,3.0,0.0,1.0,1.0,0.00072847,2.0
addr_0000142,0.0,1.0,0.853787,1.0,0.853787,0.0,1.0,1.0,0.0,1.0,1.0,0.00013083,2.0
addr_0000143,0.0,1.0,0.457677,1.0,0.457677,0.0,1.0,1.0,0.0,1.0,1.0,0.00010875,3.0
addr_0000144,1.0,1.0,2.562547,2.0,1.2812735,294.1666666666667,1.0,1.0,0.0,1.0,1.0,0.00038596,2.0
addr_0000145,1.0,0.0,1.929534,1.0,1.929534,0.0,0.0,0.0,0.0,0.0,0.0,0.0,0.0
addr_0000146,1.0,0.0,2.611907,1.0,2.611907,0.0,0.0,0.0,0.0,0.0,0.0,0.0,0.0
addr_0000147,1.0,1.0,2.9004090000000002,2.0,1.4502045000000001,125.91666666666667,1.0,1.0,0.0,1.0,1.0,9.65e-06,1.0
addr_0000149,1.0,2.0,6.303272,3.0,2.1010906666666664,35.0,2.0,1.0,0.5,1.0,1.0,7.2775e-05,2.0
addr_0000151,0.0,1.0,2.366102,1.0,2.366102,0.0,1.0,1.0,0.0,1.0,1.0,0.00142635,2.0
addr_0000152,0.0,2.0,1.656917,2.0,0.8284585,174.41666666666666,1.0,1.0,0.5,1.0,1.0,0.000257365,2.0
addr_0000154,1.0,0.0,0.662783,1.0,0.662783,0.0,0.0,0.0,0.0,0.0,0.0,0.0,0.0
addr_0000155,2.0,0.0,4.125109,2.0,2.0625545,34.958333333333336,0.0,0.0,0.0,0.0,0.0,0.0,0.0
addr_0000156,0.0,1.0,0.542141,1.0,0.542141,0.0,1.0,1.0,0.0,1.0,1.0,9.175e-05,2.0
addr_0000157,0.0,1.0,2.409485,1.0,2.409485,0.0,1.0,1.0,0.0,1.0,1.0,0.00020455,2.0
addr_0000158,0.0,1.0,1.279273,1.0,1.279273,0.0,1.0,1.0,0.0,1.0,1.0,0.00070753,2.0
addr_0000164,1.0,1.0,2.626253,2.0,1.3131265,98.04166666666667,1.0,1.0,0.0,1.0,1.0,0.00056234,2.0
addr_0000166,1.0,0.0,1.034216,1.0,1.034216,0.0,0.0,0.0,0.0,0.0,0.0,0.0,0.0
addr_0000168,0.0,1.0,1.860721,1.0,1.860721,0.0,2.0,2.0,0.0,1.0,1.0,4.18e-06,2.0
addr_0000170,2.0,0.0,2.178912,2.0,1.089456,62.625,0.0,0.0,0.0,0.0,0.0,0.0,0.0
addr_0000176,1.0,0.0,0.191487,1.0,0.191487,0.0,0.0,0.0,0.0,0.0,0.0,0.0,0.0
addr_0000177,1.0,1.0,7.410236,2.0,3.705118,83.95833333333333,1.0,1.0,0.0,1.0,1.0,4.547e-05,2.0
addr_0000178,2.0,0.0,6.5943629999999995,2.0,3.2971814999999998,188.75,0.0,0.0,0.0,0.0,0.0,0.0,0.0
addr_0000182,0.0,2.0,1.7028699999999999,2.0,0.8514349999999999,217.16666666666666,3.0,1.0,0.5,1.0,1.0,0.000618565,2.0
addr_0000184,1.0,1.0,3.106154,2.0,1.553077,238.125,1.0,3.0,0.0,1.0,1.0,0.00025554,3.0
addr_0000185,0.0,1.0,0.316226,1.0,0.316226,0.0,1.0,1.0,0.0,1.0,1.0,0.00013325,2.0
addr_0000186,1.0,0.0,1.221091,1.0,1.221091,0.0,0.0,0.0,0.0,0.0,0.0,0.0,0.0
addr_0000189,0.0,1.0,1.088312,1.0,1.088312,0.0,1.0,1.0,0.0,1.0,1.0,0.00014902,2.0
addr_0000191,1.0,1.0,6.5091399999999995,2.0,3.2545699999999997,63.458333333333336,1.0,4.0,0.0,1.0,1.0,0.00119658,2.0
addr_0000192,0.0,1.0,1.631554,1.0,1.631554,0.0,1.0,1.0,0.0,1.0,1.0,0.00123717,2.0
addr_0000193,2.0,1.0,3.805221,3.0,1.268407,294.125,1.0,1.0,0.0,1.0,1.0,0.00071191,2.0
addr_0000195,1.0,0.0,1.049696,1.0,1.049696,0.0,0.0,0.0,0.0,0.0,0.0,0.0,0.0
addr_0000197,0.0,2.0,11.47522,2.0,5.73761,6.625,1.0,1.0,0.5,1.0,1.0,0.00065861,2.0
addr_0000200,1.0,0.0,0.30864,1.0,0.30864,0.0,0.0,0.0,0.0,0.0,0.0,0.0,0.0
addr_0000201,0.0,1.0,3.260776,1.0,3.260776,0.0,1.0,1.0,0.0,1.0,1.0,0.00099322,3.0
addr_0000203,1.0,0.0,0.789571,1.0,0.789571,0.0,0.0,0.0,0.0,0.0,0.0,0.0,0.0
addr_0000206,1.0,0.0,1.579439,1.0,1.579439,0.0,0.0,0.0,0.0,0.0,0.0,0.0,0.0
addr_0000208,0.0,1.0,3.042957,1.0,3.042957,0.0,3.0,1.0,0.0,1.0,1.0,0.00057499,2.0
addr_0000209,1.0,2.0,2.872087,3.0,0.9573623333333333,126.66666666666667,1.0,1.0,0.5,1.0,1.0,0.00017109,2.0
addr_0000210,2.0,0.0,3.57882,2.0,1.78941,118.59513888888888,0.0,0.0,0.0,0.0,0.0,0.0,0.0
addr_0000212,0.0,1.0,0.406627,1.0,0.406627,0.0,1.0,1.0,0.0,1.0,1.0,0.00105309,2.0
addr_0000214,1.0,0.0,0.715346,1.0,0.715346,0.0,0.0,0.0,0.0,0.0,0.0,0.0,0.0
addr_0000215,1.0,0.0,0.702252,1.0,0.702252,0.0,0.0,0.0,0.0,0.0,0.0,0.0,0.0
addr_0000216,1.0,0.0,2.683824,1.0,2.683824,0.0,0.0,0.0,0.0,0.0,0.0,0.0,0.0
addr_0000217,1.0,2.0,6.871829,3.0,2.2906096666666667,294.0833333333333,2.0,1.0,0.5,1.0,1.0,0.00043918,3.0
addr_0000218,1.0,0.0,2.681878,1.0,2.681878,0.0,0.0,0.0,0.0,0.0,0.0,0.0,0.0
addr_0000222,1.0,0.0,3.499226,1.0,3.499226,0.0,0.0,0.0,0.0,0.0,0.0,0.0,0.0
addr_0000223,1.0,0.0,1.611624,1.0,1.611624,0.0,0.0,0.0,0.0,0.0,0.0,0.0,0.0
addr_0000224,0.0,1.0,1.889877,1.0,1.889877,0.0,1.0,1.0,0.0,1.0,1.0,0.00012836,2.0
addr_0000225,2.0,0.0,0.984904,2.0,0.492452,91.16666666666667,0.0,0.0,0.0,0.0,0.0,0.0,0.0
addr_0000226,0.0,1.0,1.859888,1.0,1.859888,0.0,1.0,2.0,0.0,1.0,1.0,0.0001913,2.0
addr_0000227,1.0,0.0,3.462604,1.0,3.462604,0.0,0.0,0.0,0.0,0.0,0.0,0.0,0.0
addr_0000229,1.0,0.0,0.242664,1.0,0.242664,0.0,0.0,0.0,0.0,0.0,0.0,0.0,0.0
addr_0000230,1.0,0.0,1.10013,1.0,1.10013,0.0,0.0,0.0,0.0,0.0,0.0,0.0,0.0
addr_0000231,0.0,1.0,0.415382,1.0,0.415382,0.0,1.0,1.0,0.0,1.0,1.0,7.7e-05,2.0
addr_0000233,2.0,0.0,3.283242,2.0,1.641621,245.08333333333334,0.0,0.0,0.0,0.0,0.0,0.0,0.0
addr_0000234,0.0,1.0,0.339452,1.0,0.339452,0.0,1.0,3.0,0.0,1.0,1.0,0.00015679,2.0
addr_0000235,1.0,1.0,11.400112,2.0,5.700056,97.375,1.0,1.0,0.0,1.0,1.0,0.00034757,1.0
addr_0000236,0.0,1.0,2.091875,1.0,2.091875,0.0,1.0,1.0,0.0,1.0,1.0,0.00172612,2.0
addr_0000237,0.0,1.0,0.937879,1.0,0.937879,0.0,1.0,1.0,0.0,1.0,1.0,0.00014045,2.0
addr_0000239,0.0,1.0,0.465822,1.0,0.465822,0.0,1.0,3.0,0.0,1.0,1.0,2.307e-05,2.0
addr_0000242,3.0,0.0,6.427199,3.0,2.1423996666666665,98.70833333333333,0.0,0.0,0.0,0.0,0.0,0.0,0.0
addr_0000243,0.0,2.0,5.714818,2.0,2.857409,90.95833333333333,1.0,1.0,0.5,1.0,1.0,0.000364445,2.0
addr_0000244,0.0,1.0,0.099787,1.0,0.099787,0.0,1.0,1.0,0.0,1.0,1.0,0.00134439,3.0
addr_0000245,0.0,1.0,0.81113,1.0,0.81113,0.0,1.0,1.0,0.0,1.0,1.0,0.00071903,2.0
addr_0000246,1.0,1.0,1.595592,2.0,0.797796,237.41666666666666,1.0,3.0,0.0,1.0,1.0,0.00028772,3.0
addr_0000248,1.0,1.0,3.117026,2.0,1.558513,70.77708333333334,1.0,1.0,0.0,1.0,1.0,0.00031118,2.0
addr_0000250,2.0,0.0,1.459584,2.0,0.729792,203.29166666666666,0.0,0.0,0.0,0.0,0.0,0.0,0.0
addr_0000253,0.0,1.0,2.087247,1.0,2.087247,0.0,1.0,1.0,0.0,1.0,1.0,0.00027312,2.0
addr_0000255,0.0,1.0,1.472174,1.0,1.472174,0.0,1.0,1.0,0.0,1.0,1.0,0.00069265,2.0
addr_0000256,1.0,0.0,0.254583,1.0,0.254583,0.0,0.0,0.0,0.0,0.0,0.0,0.0,0.0
addr_0000258,1.0,0.0,7.226652,1.0,7.226652,0.0,0.0,0.0,0.0,0.0,0.0,0.0,0.0
addr_0000261,2.0,1.0,5.098688,3.0,1.6995626666666668,119.41666666666667,1.0,1.0,0.0,1.0,1.0,0.00027251,2.0
addr_0000262,1.0,2.0,8.146763,3.0,2.7155876666666665,49.541666666666664,1.0,7.0,0.5,1.0,1.0,0.0006884899999999999,2.0
addr_0000263,0.0,2.0,2.279986,2.0,1.139993,188.33333333333334,1.0,1.0,0.5,1.0,1.0,0.00044848999999999996,2.0
addr_0000264,0.0,1.0,0.697667,1.0,0.697667,0.0,1.0,5.0,0.0,1.0,1.0,0.00016503,3.0
addr_0000265,1.0,0.0,0.699308,1.0,0.699308,0.0,0.0,0.0,0.0,0.0,0.0,0.0,0.0
addr_0000266,0.0,1.0,12.477331,1.0,12.477331,0.0,1.0,1.0,0.0,1.0,1.0,0.0004817,3.0
addr_0000269,1.0,0.0,0.400908,1.0,0.400908,0.0,0.0,0.0,0.0,0.0,0.0,0.0,0.0
addr_0000270,1.0,2.0,3.801311,3.0,1.2671036666666666,42.541666666666664,1.0,2.0,0.5,1.0,1.0,0.00014841,2.0
addr_0000271,0.0,1.0,1.87493,1.0,1.87493,0.0,2.0,1.0,0.0,1.0,1.0,0.00030436,2.0
addr_0000273,1.0,1.0,0.8441460000000001,2.0,0.42207300000000003,70.41666666666667,1.0,5.0,0.0,1.0,1.0,3.676e-05,2.0
addr_0000274,1.0,0.0,1.558891,1.0,1.558891,0.0,0.0,0.0,0.0,0.0,0.0,0.0,0.0
addr_0000275,1.0,0.0,0.975115,1.0,0.975115,0.0,0.0,0.0,0.0,0.0,0.0,0.0,0.0
addr_0000276,0.0,1.0,1.623331,1.0,1.623331,0.0,1.0,1.0,0.0,1.0,1.0,0.00013327,2.0
addr_0000277,1.0,0.0,1.019044,1.0,1.019044,0.0,0.0,0.0,0.0,0.0,0.0,0.0,0.0
addr_0000278,0.0,1.0,1.555611,1.0,1.555611,0.0,1.0,1.0,0.0,1.0,1.0,0.00056931,2.0
addr_0000280,0.0,1.0,0.8458,1.0,0.8458,0.0,1.0,1.0,0.0,1.0,1.0,0.00014521,3.0
addr_0000282,1.0,0.0,0.159346,1.0,0.159346,0.0,0.0,0.0,0.0,0.0,0.0,0.0,0.0
addr_0000284,1.0,0.0,0.172392,1.0,0.172392,0.0,0.0,0.0,0.0,0.0,0.0,0.0,0.0
addr_0000285,0.0,1.0,1.650263,1.0,1.650263,0.0,1.0,1.0,0.0,1.0,1.0,3.206e-05,1.0
addr_0000286,2.0,0.0,1.486015,2.0,0.7430075,119.25,0.0,0.0,0.0,0.0,0.0,0.0,0.0
addr_0000288,1.0,0.0,0.05166,1.0,0.05166,0.0,0.0,0.0,0.0,0.0,0.0,0.0,0.0
addr_0000290,0.0,1.0,2.088332,1.0,2.088332,0.0,1.0,1.0,0.0,1.0,1.0,0.0009656,3.0
addr_0000292,0.0,1.0,1.915929,1.0,1.915929,0.0,2.0,3.0,0.0,1.0,1.0,0.00021794,1.0
addr_0000298,1.0,2.0,3.989196,3.0,1.3297320000000001,224.0,1.0,1.0,0.5,1.0,1.0,0.00025881,3.0
addr_0000301,1.0,0.0,2.634029,1.0,2.634029,0.0,0.0,0.0,0.0,0.0,0.0,0.0,0.0
addr_0000303,1.0,1.0,0.262587,2.0,0.1312935,153.625,1.0,1.0,0.0,1.0,1.0,0.00013983,2.0
addr_0000307,0.0,2.0,2.102485,2.0,1.0512425,188.79166666666666,1.0,1.0,0.5,1.0,1.0,0.000733645,2.0
addr_0000309,0.0,2.0,1.883896,2.0,0.941948,91.58333333333333,1.0,1.0,0.5,1.0,1.0,0.00096787,2.0
addr_0000310,1.0,0.0,1.417286,1.0,1.417286,0.0,0.0,0.0,0.0,0.0,0.0,0.0,0.0
addr_0000311,0.0,1.0,0.994157,1.0,0.994157,0.0,1.0,1.0,0.0,1.0,1.0,0.00029713,2.0
addr_0000312,1.0,1.0,7.568072,2.0,3.784036,77.29166666666667,1.0,4.0,0.0,1.0,1.0,0.00103143,3.0
addr_0000313,0.0,1.0,0.016495,1.0,0.016495,0.0,1.0,1.0,0.0,1.0,1.0,0.00014356,3.0
addr_0000314,1.0,0.0,0.234349,1.0,0.234349,0.0,0.0,0.0,0.0,0.0,0.0,0.0,0.0
addr_0000315,1.0,1.0,3.51761,2.0,1.758805,49.458333333333336,1.0,1.0,0.0,1.0,1.0,0.00108292,2.0
addr_0000317,0.0,1.0,8.331629,1.0,8.331629,0.0,1.0,1.0,0.0,1.0,1.0,0.00018577,1.0
addr_0000318,0.0,2.0,2.4411129999999996,2.0,1.2205564999999998,14.333333333333334,1.0,1.0,0.5,1.0,1.0,0.00049519,3.0
addr_0000319,0.0,1.0,0.145983,1.0,0.145983,0.0,1.0,1.0,0.0,1.0,1.0,0.00013639,2.0
addr_0000320,1.0,0.0,0.631392,1.0,0.631392,0.0,0.0,0.0,0.0,0.0,0.0,0.0,0.0
addr_0000323,1.0,0.0,0.736091,1.0,0.736091,0.0,0.0,0.0,0.0,0.0,0.0,0.0,0.0
addr_0000327,1.0,0.0,1.879225,1.0,1.879225,0.0,0.0,0.0,0.0,0.0,0.0,0.0,0.0
addr_0000329,0.0,1.0,2.681878,1.0,2.681878,0.0,1.0,5.0,0.0,1.0,1.0,0.0006109,2.0
addr_0000332,1.0,0.0,8.35397,1.0,8.35397,0.0,0.0,0.0,0.0,0.0,0.0,0.0,0.0
addr_0000335,0.0,1.0,0.289405,1.0,0.289405,0.0,1.0,1.0,0.0,1.0,1.0,0.00077614,2.0
addr_0000336,1.0,0.0,1.943793,1.0,1.943793,0.0,0.0,0.0,0.0,0.0,0.0,0.0,0.0
addr_0000338,1.0,0.0,2.817258,1.0,2.817258,0.0,0.0,0.0,0.0,0.0,0.0,0.0,0.0
addr_0000339,0.0,3.0,4.439315,3.0,1.4797716666666665,210.0,1.0,1.0,0.3333,1.0,1.0,0.00039114000000000005,3.0
addr_0000340,1.0,0.0,0.715957,1.0,0.715957,0.0,0.0,0.0,0.0,0.0,0.0,0.0,0.0
addr_0000341,2.0,0.0,5.743156,2.0,2.871578,7.75,0.0,0.0,0.0,0.0,0.0,0.0,0.0
addr_0000342,0.0,2.0,5.157816,2.0,2.578908,41.416666666666664,1.0,1.0,0.5,1.0,1.0,0.00013654999999999999,3.0
addr_0000343,0.0,1.0,1.882554,1.0,1.882554,0.0,1.0,5.0,0.0,1.0,1.0,0.0008799,2.0
addr_0000344,0.0,1.0,1.435877,1.0,1.435877,0.0,1.0,4.0,0.0,1.0,1.0,0.0001548,2.0
addr_0000345,1.0,0.0,1.037398,1.0,1.037398,0.0,0.0,0.0,0.0,0.0,0.0,0.0,0.0
addr_0000346,1.0,1.0,2.8604580000000004,2.0,1.4302290000000002,0.2916666666666667,1.0,3.0,0.0,1.0,1.0,0.00070208,2.0
addr_0000348,2.0,1.0,3.94785,3.0,1.31595,105.25,1.0,1.0,0.0,1.0,1.0,7.674e-05,2.0
addr_0000349,0.0,1.0,2.584797,1.0,2.584797,0.0,1.0,1.0,0.0,1.0,1.0,0.00035421,3.0
addr_0000351,0.0,1.0,0.749712,1.0,0.749712,0.0,1.0,1.0,0.0,1.0,1.0,0.00054005,3.0
addr_0000352,2.0,0.0,5.191207,2.0,2.5956035,167.67291666666668,0.0,0.0,0.0,0.0,0.0,0.0,0.0
addr_0000353,2.0,1.0,11.288556,3.0,3.762852,119.41666666666667,1.0,1.0,0.0,1.0,1.0,1.131e-05,2.0
addr_0000355,1.0,0.0,0.174278,1.0,0.174278,0.0,0.0,0.0,0.0,0.0,0.0,0.0,0.0
addr_0000356,2.0,0.0,1.835843,2.0,0.9179215,35.0,0.0,0.0,0.0,0.0,0.0,0.0,0.0
addr_0000357,0.0,1.0,0.246173,1.0,0.246173,0.0,1.0,5.0,0.0,1.0,1.0,0.0010183,2.0
addr_0000358,1.0,0.0,0.890532,1.0,0.890532,0.0,0.0,0.0,0.0,0.0,0.0,0.0,0.0
addr_0000361,1.0,0.0,6.327005,1.0,6.327005,0.0,0.0,0.0,0.0,0.0,0.0,0.0,0.0
addr_0000365,0.0,1.0,4.282459,1.0,4.282459,0.0,2.0,1.0,0.0,1.0,1.0,0.00066367,2.0
addr_0000367,0.0,2.0,8.8741,2.0,4.43705,7.083333333333333,1.0,1.0,0.5,1.0,1.0,0.00049043,3.0
addr_0000368,0.0,1.0,0.303221,1.0,0.303221,0.0,1.0,3.0,0.0,1.0,1.0,5.376e-05,3.0
addr_0000370,1.0,1.0,3.911069,2.0,1.9555345,48.541666666666664,1.0,1.0,0.0,1.0,1.0,0.00031813,2.0
addr_0000372,0.0,1.0,2.216774,1.0,2.216774,0.0,2.0,1.0,0.0,1.0,1.0,0.00043164,2.0
addr_0000374,2.0,0.0,1.168799,2.0,0.5843995,175.36041666666668,0.0,0.0,0.0,0.0,0.0,0.0,0.0
addr_0000376,1.0,0.0,0.255242,1.0,0.255242,0.0,0.0,0.0,0.0,0.0,0.0,0.0,0.0
addr_0000378,0.0,1.0,5.468086,1.0,5.468086,0.0,1.0,1.0,0.0,1.0,1.0,0.0003259,2.0
addr_0000379,0.0,1.0,2.690468,1.0,2.690468,0.0,2.0,2.0,0.0,1.0,1.0,7.592e-05,2.0
addr_0000381,1.0,0.0,1.993663,1.0,1.993663,0.0,0.0,0.0,0.0,0.0,0.0,0.0,0.0
addr_0000382,0.0,1.0,1.473786,1.0,1.473786,0.0,1.0,1.0,0.0,1.0,1.0,3.863e-05,2.0
addr_0000383,1.0,0.0,2.214168,1.0,2.214168,0.0,0.0,0.0,0.0,0.0,0.0,0.0,0.0
addr_0000384,0.0,2.0,3.3555339999999996,2.0,1.6777669999999998,97.95833333333333,1.0,1.0,0.5,1.0,1.0,0.000462225,3.0
addr_0000387,0.0,1.0,0.60899,1.0,0.60899,0.0,1.0,2.0,0.0,1.0,1.0,0.00056111,2.0
addr_0000388,0.0,2.0,7.091543,2.0,3.5457715,168.20833333333334,1.0,1.0,0.5,1.0,1.0,0.000436665,2.0
addr_0000390,1.0,0.0,2.230795,1.0,2.230795,0.0,0.0,0.0,0.0,0.0,0.0,0.0,0.0
addr_0000393,1.0,0.0,0.785444,1.0,0.785444,0.0,0.0,0.0,0.0,0.0,0.0,0.0,0.0
addr_0000394,0.0,1.0,0.755711,1.0,0.755711,0.0,1.0,1.0,0.0,1.0,1.0,0.00072407,2.0
addr_0000396,0.0,1.0,1.338729,1.0,1.338729,0.0,1.0,1.0,0.0,1.0,1.0,0.00020054,2.0
addr_0000397,1.0,0.0,1.938367,1.0,1.938367,0.0,0.0,0.0,0.0,0.0,0.0,0.0,0.0
addr_0000399,0.0,1.0,0.070063,1.0,0.070063,0.0,1.0,3.0,0.0,1.0,1.0,0.00060182,3.0
addr_0000402,0.0,1.0,0.748463,1.0,0.748463,0.0,1.0,1.0,0.0,1.0,1.0,0.00011329,2.0
addr_0000403,1.0,2.0,8.267805000000001,3.0,2.7559350000000005,76.54166666666667,1.0,1.0,0.5,1.0,1.0,0.000271175,2.0
addr_0000404,1.0,2.0,6.135919,3.0,2.0453063333333334,175.125,1.0,1.0,0.5,1.0,1.0,0.000290055,2.0
addr_0000405,1.0,0.0,1.507622,1.0,1.507622,0.0,0.0,0.0,0.0,0.0,0.0,0.0,0.0
addr_0000406,0.0,1.0,1.925124,1.0,1.925124,0.0,1.0,1.0,0.0,1.0,1.0,0.0005987,3.0
addr_0000408,0.0,1.0,1.040432,1.0,1.040432,0.0,1.0,1.0,0.0,1.0,1.0,0.00037056,2.0
addr_0000409,1.0,1.0,5.059051999999999,2.0,2.5295259999999997,119.125,1.0,1.0,0.0,1.0,1.0,9.007e-05,3.0
addr_0000410,0.0,1.0,2.76615,1.0,2.76615,0.0,1.0,3.0,0.0,1.0,1.0,0.00017252,3.0
addr_0000414,1.0,0.0,1.654818,1.0,1.654818,0.0,0.0,0.0,0.0,0.0,0.0,0.0,0.0
addr_0000417,1.0,1.0,3.6847760000000003,2.0,1.8423880000000001,245.41666666666666,1.0,1.0,0.0,1.0,1.0,0.00033605,2.0
addr_0000421,2.0,1.0,2.847593,3.0,0.9491976666666666,259.875,1.0,1.0,0.0,1.0,1.0,0.00015821,3.0
addr_0000423,0.0,2.0,5.808253,2.0,2.9041265,252.70833333333334,1.0,1.0,0.5,1.0,1.0,0.00015348,2.0
addr_0000424,1.0,0.0,0.138542,1.0,0.138542,0.0,0.0,0.0,0.0,0.0,0.0,0.0,0.0
addr_0000425,0.0,1.0,0.613409,1.0,0.613409,0.0,1.0,1.0,0.0,1.0,1.0,0.00010333,3.0
addr_0000426,1.0,0.0,0.234586,1.0,0.234586,0.0,0.0,0.0,0.0,0.0,0.0,0.0,0.0
addr_0000427,0.0,1.0,1.820976,1.0,1.820976,0.0,1.0,1.0,0.0,1.0,1.0,0.00039613,3.0
addr_0000428,2.0,1.0,4.229144,3.0,1.4097146666666667,161.45833333333334,1.0,7.0,0.0,1.0,1.0,0.00017754,3.0
addr_0000429,0.0,1.0,2.982044,1.0,2.982044,0.0,1.0,1.0,0.0,1.0,1.0,0.0001519,2.0
addr_0000430,0.0,1.0,0.301736,1.0,0.301736,0.0,1.0,1.0,0.0,1.0,1.0,0.00016244,2.0
addr_0000431,2.0,1.0,5.944797,3.0,1.981599,90.125,1.0,1.0,0.0,1.0,1.0,0.0003457,1.0
addr_0000432,1.0,0.0,0.900641,1.0,0.900641,0.0,0.0,0.0,0.0,0.0,0.0,0.0,0.0
addr_0000434,1.0,1.0,3.562401,2.0,1.7812005,133.54166666666666,1.0,1.0,0.0,1.0,1.0,8.526e-05,2.0
addr_0000435,1.0,0.0,1.458785,1.0,1.458785,0.0,0.0,0.0,0.0,0.0,0.0,0.0,0.0
addr_0000438,0.0,1.0,2.709294,1.0,2.709294,0.0,1.0,1.0,0.0,1.0,1.0,0.0004096,1.0
addr_0000439,0.0,1.0,3.473328,1.0,3.473328,0.0,1.0,1.0,0.0,1.0,1.0,0.00021332,1.0
addr_0000440,1.0,0.0,0.180208,1.0,0.180208,0.0,0.0,0.0,0.0,0.0,0.0,0.0,0.0
addr_0000441,1.0,3.0,7.9710730000000005,4.0,1.9927682500000001,294.5833333333333,1.0,1.0,0.3333,1.0,1.0,0.00067044,2.0
addr_0000443,1.0,0.0,1.539453,1.0,1.539453,0.0,0.0,0.0,0.0,0.0,0.0,0.0,0.0
addr_0000449,1.0,1.0,0.5920880000000001,2.0,0.29604400000000003,118.54166666666667,1.0,1.0,0.0,1.0,1.0,0.00075776,2.0
addr_0000451,0.0,1.0,0.179354,1.0,0.179354,0.0,1.0,6.0,0.0,1.0,1.0,2.21e-05,1.0
addr_0000453,1.0,0.0,0.341955,1.0,0.341955,0.0,0.0,0.0,0.0,0.0,0.0,0.0,0.0
addr_0000455,1.0,0.0,2.484848,1.0,2.484848,0.0,0.0,0.0,0.0,0.0,0.0,0.0,0.0
addr_0000457,1.0,2.0,3.293421,3.0,1.097807,118.33333333333333,1.0,1.0,0.5,1.0,1.0,8.2175e-05,2.0
addr_0000458,1.0,0.0,0.572868,1.0,0.572868,0.0,0.0,0.0,0.0,0.0,0.0,0.0,0.0
addr_0000460,0.0,1.0,0.305462,1.0,0.305462,0.0,1.0,1.0,0.0,1.0,1.0,0.00019516,2.0
addr_0000461,0.0,1.0,1.268943,1.0,1.268943,0.0,1.0,1.0,0.0,1.0,1.0,8.586e-05,2.0
addr_0000463,2.0,0.0,4.800743000000001,2.0,2.4003715000000003,48.791666666666664,0.0,0.0,0.0,0.0,0.0,0.0,0.0
addr_0000465,1.0,0.0,1.274901,1.0,1.274901,0.0,0.0,0.0,0.0,0.0,0.0,0.0,0.0
addr_0000466,0.0,4.0,6.282863,4.0,1.57071575,286.5833333333333,1.0,1.0,0.5,1.0,1.0,0.0001748625,3.0
addr_0000467,1.0,1.0,3.168603,2.0,1.5843015,181.875,1.0,1.0,0.0,1.0,1.0,0.0003328,1.0
addr_0000468,0.0,2.0,8.205222,2.0,4.102611,258.75,1.0,1.0,0.5,1.0,1.0,0.000708095,2.0
addr_0000469,0.0,1.0,0.666076,1.0,0.666076,0.0,1.0,1.0,0.0,1.0,1.0,0.00074943,2.0
addr_0000470,1.0,0.0,1.72159,1.0,1.72159,0.0,0.0,0.0,0.0,0.0,0.0,0.0,0.0
addr_0000471,0.0,1.0,2.931992,1.0,2.931992,0.0,1.0,1.0,0.0,1.0,1.0,0.00097608,3.0
addr_0000472,0.0,1.0,0.377913,1.0,0.377913,0.0,1.0,1.0,0.0,1.0,1.0,5.355e-05,3.0
addr_0000473,1.0,0.0,4.778922,1.0,4.778922,0.0,0.0,0.0,0.0,0.0,0.0,0.0,0.0
addr_0000474,1.0,1.0,1.6721150000000002,2.0,0.8360575000000001,119.04166666666667,2.0,4.0,0.0,1.0,1.0,0.00109081,2.0
addr_0000478,0.0,3.0,6.4376619999999996,3.0,2.145887333333333,216.83333333333334,1.0,1.0,0.3333,1.0,1.0,0.0008438633333333333,2.0
addr_0000479,1.0,0.0,1.534723,1.0,1.534723,0.0,0.0,0.0,0.0,0.0,0.0,0.0,0.0
addr_0000481,1.0,1.0,4.464273,2.0,2.2321365,118.83333333333333,1.0,5.0,0.0,1.0,1.0,0.00037312,2.0
addr_0000483,1.0,0.0,1.902443,1.0,1.902443,0.0,0.0,0.0,0.0,0.0,0.0,0.0,0.0
addr_0000484,0.0,1.0,0.280784,1.0,0.280784,0.0,1.0,1.0,0.0,1.0,1.0,0.00029607,2.0
addr_0000486,1.0,1.0,3.3041229999999997,2.0,1.6520614999999998,265.5416666666667,2.0,3.0,0.0,1.0,1.0,0.00070152,2.0
addr_0000487,0.0,1.0,0.127338,1.0,0.127338,0.0,1.0,1.0,0.0,1.0,1.0,0.00080461,2.0
addr_0000490,1.0,0.0,0.414644,1.0,0.414644,0.0,0.0,0.0,0.0,0.0,0.0,0.0,0.0
addr_0000492,1.0,0.0,3.553391,1.0,3.553391,0.0,0.0,0.0,0.0,0.0,0.0,0.0,0.0
addr_0000494,1.0,1.0,4.166013,2.0,2.0830065,315.4166666666667,1.0,1.0,0.0,1.0,1.0,6.498e-05,2.0
addr_0000496,1.0,0.0,0.353757,1.0,0.353757,0.0,0.0,0.0,0.0,0.0,0.0,0.0,0.0
addr_0000498,0.0,1.0,0.028609,1.0,0.028609,0.0,1.0,1.0,0.0,1.0,1.0,5.062e-05,3.0
addr_0000500,0.0,1.0,5.199115,1.0,5.199115,0.0,1.0,4.0,0.0,1.0,1.0,0.00024906,2.0
addr_0000501,0.0,1.0,1.099263,1.0,1.099263,0.0,1.0,1.0,0.0,1.0,1.0,0.00024045,3.0
addr_0000503,1.0,0.0,2.014161,1.0,2.014161,0.0,0.0,0.0,0.0,0.0,0.0,0.0,0.0
addr_0000504,0.0,1.0,0.626248,1.0,0.626248,0.0,1.0,1.0,0.0,1.0,1.0,0.00039846,2.0
addr_0000505,0.0,1.0,1.038369,1.0,1.038369,0.0,1.0,1.0,0.0,1.0,1.0,0.00053324,3.0
addr_0000506,1.0,2.0,11.302471,3.0,3.7674903333333334,195.16666666666666,1.0,1.0,0.5,1.0,1.0,0.00033489,3.0
addr_0000507,1.0,0.0,0.475519,1.0,0.475519,0.0,0.0,0.0,0.0,0.0,0.0,0.0,0.0
addr_0000509,1.0,1.0,2.400668,2.0,1.200334,132.45833333333334,1.0,1.0,0.0,1.0,1.0,0.00043277,1.0
addr_0000510,2.0,0.0,10.489106,2.0,5.244553,27.208333333333332,0.0,0.0,0.0,0.0,0.0,0.0,0.0
addr_0000511,2.0,0.0,5.872102,2.0,2.936051,56.291666666666664,0.0,0.0,0.0,0.0,0.0,0.0,0.0
addr_0000512,2.0,1.0,4.112156,3.0,1.3707186666666666,70.08333333333333,1.0,1.0,0.0,1.0,1.0,0.00114326,1.0
addr_0000514,1.0,1.0,9.669781,2.0,4.8348905,63.166666666666664,1.0,1.0,0.0,1.0,1.0,0.00048923,2.0
addr_0000517,1.0,1.0,5.963179,2.0,2.9815895,119.0,1.0,1.0,0.0,1.0,1.0,0.00016243,2.0
addr_0000518,1.0,0.0,1.047442,1.0,1.047442,0.0,0.0,0.0,0.0,0.0,0.0,0.0,0.0
addr_0000519,1.0,1.0,4.3600200000000005,2.0,2.1800100000000002,91.125,1.0,1.0,0.0,1.0,1.0,4.48e-05,2.0
addr_0000520,0.0,2.0,3.372964,2.0,1.686482,126.20833333333333,2.0,1.0,0.5,1.0,1.0,0.00044697,1.0
addr_0000521,1.0,0.0,2.34831,1.0,2.34831,0.0,0.0,0.0,0.0,0.0,0.0,0.0,0.0
addr_0000522,1.0,1.0,1.9965380000000001,2.0,0.9982690000000001,161.3625,1.0,1.0,0.0,1.0,1.0,0.00154873,3.0
addr_0000523,1.0,2.0,1.324008,3.0,0.441336,98.16666666666667,1.0,1.0,0.5,1.0,1.0,6.216e-05,3.0
addr_0000524,1.0,0.0,0.466221,1.0,0.466221,0.0,0.0,0.0,0.0,0.0,0.0,0.0,0.0
addr_0000526,1.0,1.0,1.9104780000000001,2.0,0.9552390000000001,63.28402777777778,1.0,1.0,0.0,1.0,1.0,1.737e-05,2.0
addr_0000528,0.0,1.0,2.863131,1.0,2.863131,0.0,1.0,1.0,0.0,1.0,1.0,0.00044943,2.0
addr_0000530,0.0,1.0,0.353757,1.0,0.353757,0.0,1.0,3.0,0.0,1.0,1.0,0.00150042,2.0
addr_0000532,0.0,1.0,3.559525,1.0,3.559525,0.0,2.0,1.0,0.0,1.0,1.0,3.445e-05,3.0
addr_0000535,0.0,1.0,2.430244,1.0,2.430244,0.0,1.0,1.0,0.0,1.0,1.0,0.00028971,2.0
addr_0000537,1.0,3.0,8.052985,4.0,2.01324625,70.16666666666667,1.0,3.0,0.3333,1.0,1.0,0.0006349966666666667,2.0
addr_0000541,0.0,1.0,1.108091,1.0,1.108091,0.0,2.0,1.0,0.0,1.0,1.0,0.00062349,2.0
addr_0000542,0.0,1.0,4.439112,1.0,4.439112,0.0,2.0,1.0,0.0,1.0,1.0,0.00054823,2.0
addr_0000546,0.0,2.0,1.8170070000000003,2.0,0.9085035000000001,21.0,2.0,1.0,0.5,1.0,1.0,0.00034558500000000003,2.0
addr_0000550,0.0,1.0,3.6434,1.0,3.6434,0.0,1.0,2.0,0.0,1.0,1.0,0.00059015,2.0
addr_0000551,1.0,1.0,5.7251579999999995,2.0,2.8625789999999998,83.80625,2.0,3.0,0.0,1.0,1.0,0.00021996,2.0
addr_0000552,0.0,1.0,0.431796,1.0,0.431796,0.0,1.0,1.0,0.0,1.0,1.0,0.00058491,3.0
addr_0000554,1.0,0.0,6.090132,1.0,6.090132,0.0,0.0,0.0,0.0,0.0,0.0,0.0,0.0
addr_0000557,0.0,1.0,1.454018,1.0,1.454018,0.0,1.0,1.0,0.0,1.0,1.0,9.289e-05,3.0
addr_0000558,0.0,1.0,0.166223,1.0,0.166223,0.0,1.0,1.0,0.0,1.0,1.0,0.00115445,1.0
addr_0000559,0.0,1.0,2.077764,1.0,2.077764,0.0,1.0,3.0,0.0,1.0,1.0,0.00010568,2.0
addr_0000561,1.0,1.0,6.098534000000001,2.0,3.0492670000000004,77.04166666666667,1.0,1.0,0.0,1.0,1.0,0.0006806,1.0
addr_0000562,2.0,0.0,1.729263,2.0,0.8646315,119.29166666666667,0.0,0.0,0.0,0.0,0.0,0.0,0.0
addr_0000563,0.0,1.0,1.684279,1.0,1.684279,0.0,1.0,1.0,0.0,1.0,1.0,0.00050579,1.0
addr_0000564,1.0,0.0,1.051048,1.0,1.051048,0.0,0.0,0.0,0.0,0.0,0.0,0.0,0.0
addr_0000565,1.0,0.0,7.328733,1.0,7.328733,0.0,0.0,0.0,0.0,0.0,0.0,0.0,0.0
addr_0000566,1.0,0.0,4.814335,1.0,4.814335,0.0,0.0,0.0,0.0,0.0,0.0,0.0,0.0
addr_0000567,1.0,0.0,0.359972,1.0,0.359972,0.0,0.0,0.0,0.0,0.0,0.0,0.0,0.0
addr_0000570,0.0,1.0,1.700047,1.0,1.700047,0.0,1.0,1.0,0.0,1.0,1.0,0.00044277,2.0
addr_0000572,0.0,1.0,0.091274,1.0,0.091274,0.0,1.0,2.0,0.0,1.0,1.0,0.00092585,3.0
addr_0000573,0.0,2.0,1.44247,2.0,0.721235,147.33333333333334,1.0,1.0,0.5,1.0,1.0,0.0001058,3.0
addr_0000575,1.0,0.0,4.848665,1.0,4.848665,0.0,0.0,0.0,0.0,0.0,0.0,0.0,0.0
addr_0000576,1.0,1.0,2.510846,2.0,1.255423,56.208333333333336,1.0,1.0,0.0,1.0,1.0,0.00053648,2.0
addr_0000577,2.0,1.0,8.517703000000001,3.0,2.8392343333333336,266.0833333333333,1.0,1.0,0.0,1.0,1.0,0.00062607,3.0
addr_0000578,2.0,2.0,9.049554,4.0,2.2623885,140.08333333333334,1.0,1.0,1.0,1.0,1.0,0.000112215,3.0
addr_0000581,0.0,2.0,1.894775,2.0,0.9473875,35.083333333333336,1.0,1.0,0.5,1.0,1.0,0.00020983,2.0
addr_0000582,1.0,0.0,1.010339,1.0,1.010339,0.0,0.0,0.0,0.0,0.0,0.0,0.0,0.0
addr_0000585,0.0,1.0,1.202859,1.0,1.202859,0.0,1.0,1.0,0.0,1.0,1.0,0.00022496,2.0
addr_0000587,0.0,1.0,2.929588,1.0,2.929588,0.0,1.0,2.0,0.0,1.0,1.0,0.00017657,2.0
addr_0000590,1.0,0.0,1.711006,1.0,1.711006,0.0,0.0,0.0,0.0,0.0,0.0,0.0,0.0
addr_0000591,0.0,1.0,0.218588,1.0,0.218588,0.0,1.0,3.0,0.0,1.0,1.0,1.679e-05,2.0
addr_0000592,0.0,1.0,0.055715,1.0,0.055715,0.0,1.0,3.0,0.0,1.0,1.0,9.747e-05,3.0
addr_0000594,2.0,0.0,2.7797229999999997,2.0,1.3898614999999999,56.208333333333336,0.0,0.0,0.0,0.0,0.0,0.0,0.0
addr_0000595,1.0,0.0,5.199037,1.0,5.199037,0.0,0.0,0.0,0.0,0.0,0.0,0.0,0.0
addr_0000596,2.0,1.0,8.429014,3.0,2.8096713333333336,0.16666666666666666,2.0,1.0,0.0,1.0,1.0,0.00019573,3.0
addr_0000598,0.0,1.0,0.30103,1.0,0.30103,0.0,1.0,1.0,0.0,1.0,1.0,0.00019498,2.0
addr_0000599,0.0,1.0,1.40236,1.0,1.40236,0.0,1.0,1.0,0.0,1.0,1.0,7.09e-06,3.0
addr_0000601,1.0,0.0,1.284389,1.0,1.284389,0.0,0.0,0.0,0.0,0.0,0.0,0.0,0.0
addr_0000602,0.0,1.0,1.97214,1.0,1.97214,0.0,1.0,1.0,0.0,1.0,1.0,5.882e-05,2.0
addr_0000604,1.0,2.0,3.218017,3.0,1.0726723333333334,210.04166666666666,1.0,1.0,0.5,1.0,1.0,0.000947205,3.0
addr_0000605,1.0,0.0,2.739011,1.0,2.739011,0.0,0.0,0.0,0.0,0.0,0.0,0.0,0.0
addr_0000607,1.0,2.0,3.297398,3.0,1.0991326666666665,174.95833333333334,1.0,1.0,0.5,1.0,1.0,0.000754735,2.0
addr_0000608,0.0,1.0,1.581066,1.0,1.581066,0.0,1.0,1.0,0.0,1.0,1.0,0.00014882,2.0
addr_0000609,0.0,1.0,0.875372,1.0,0.875372,0.0,1.0,4.0,0.0,1.0,1.0,0.00041146,3.0
addr_0000611,2.0,1.0,7.689596999999999,3.0,2.5631989999999996,132.79166666666666,1.0,1.0,0.0,1.0,1.0,0.00092477,2.0
addr_0000614,1.0,1.0,0.9155519999999999,2.0,0.45777599999999996,153.41666666666666,2.0,1.0,0.0,1.0,1.0,3.934e-05,3.0
addr_0000618,0.0,1.0,3.997014,1.0,3.997014,0.0,1.0,2.0,0.0,1.0,1.0,6.613e-05,2.0
addr_0000619,1.0,0.0,0.01393,1.0,0.01393,0.0,0.0,0.0,0.0,0.0,0.0,0.0,0.0
addr_0000621,1.0,0.0,5.79273,1.0,5.79273,0.0,0.0,0.0,0.0,0.0,0.0,0.0,0.0
addr_0000623,0.0,1.0,3.469803,1.0,3.469803,0.0,1.0,1.0,0.0,1.0,1.0,0.00023879,2.0
addr_0000624,1.0,0.0,4.00025,1.0,4.00025,0.0,0.0,0.0,0.0,0.0,0.0,0.0,0.0
addr_0000625,2.0,0.0,2.130806,2.0,1.065403,280.2083333333333,0.0,0.0,0.0,0.0,0.0,0.0,0.0
addr_0000627,2.0,1.0,4.727034,3.0,1.575678,266.0,1.0,3.0,0.0,1.0,1.0,0.00025276,2.0
addr_0000628,0.0,1.0,4.399469,1.0,4.399469,0.0,1.0,1.0,0.0,1.0,1.0,0.00039481,2.0
addr_0000629,1.0,0.0,4.577023,1.0,4.577023,0.0,0.0,0.0,0.0,0.0,0.0,0.0,0.0
addr_0000631,1.0,0.0,0.63901,1.0,0.63901,0.0,0.0,0.0,0.0,0.0,0.0,0.0,0.0
addr_0000632,0.0,1.0,4.548391,1.0,4.548391,0.0,1.0,2.0,0.0,1.0,1.0,0.00025439,3.0
addr_0000637,1.0,1.0,3.3303279999999997,2.0,1.6651639999999999,28.083333333333332,1.0,1.0,0.0,1.0,1.0,8.334e-05,1.0
addr_0000638,1.0,0.0,2.43799,1.0,2.43799,0.0,0.0,0.0,0.0,0.0,0.0,0.0,0.0
addr_0000639,1.0,1.0,2.818319,2.0,1.4091595,161.58333333333334,1.0,1.0,0.0,1.0,1.0,0.00016312,2.0
addr_0000642,2.0,1.0,4.464351,3.0,1.488117,97.41666666666667,1.0,1.0,0.0,1.0,1.0,1.095e-05,3.0
addr_0000645,0.0,1.0,6.829155,1.0,6.829155,0.0,1.0,1.0,0.0,1.0,1.0,0.00023865,2.0
addr_0000646,2.0,1.0,2.7691280000000003,3.0,0.9230426666666668,42.333333333333336,1.0,1.0,0.0,1.0,1.0,3.01e-06,3.0
addr_0000647,1.0,1.0,4.715257,2.0,2.3576285,175.125,1.0,5.0,0.0,1.0,1.0,0.00011446,2.0
addr_0000649,1.0,0.0,0.65407,1.0,0.65407,0.0,0.0,0.0,0.0,0.0,0.0,0.0,0.0
addr_0000655,0.0,1.0,0.382629,1.0,0.382629,0.0,1.0,4.0,0.0,1.0,1.0,0.00016213,2.0
addr_0000657,0.0,1.0,0.787682,1.0,0.787682,0.0,1.0,1.0,0.0,1.0,1.0,0.00011635,2.0
addr_0000658,1.0,0.0,1.450575,1.0,1.450575,0.0,0.0,0.0,0.0,0.0,0.0,0.0,0.0
addr_0000659,1.0,0.0,3.571262,1.0,3.571262,0.0,0.0,0.0,0.0,0.0,0.0,0.0,0.0
addr_0000660,1.0,1.0,2.5693780000000004,2.0,1.2846890000000002,111.58333333333333,1.0,1.0,0.0,1.0,1.0,7.717e-05,2.0
addr_0000662,1.0,0.0,2.50428,1.0,2.50428,0.0,0.0,0.0,0.0,0.0,0.0,0.0,0.0
addr_0000663,0.0,1.0,1.603961,1.0,1.603961,0.0,1.0,1.0,0.0,1.0,1.0,0.00194852,1.0
addr_0000664,0.0,1.0,0.019133,1.0,0.019133,0.0,1.0,1.0,0.0,1.0,1.0,0.00014487,3.0
addr_0000665,0.0,1.0,1.596282,1.0,1.596282,0.0,1.0,1.0,0.0,1.0,1.0,4.085e-05,2.0
addr_0000667,1.0,1.0,5.125808,2.0,2.562904,13.875,1.0,1.0,0.0,1.0,1.0,1.132e-05,3.0
addr_0000668,0.0,1.0,1.162221,1.0,1.162221,0.0,1.0,1.0,0.0,1.0,1.0,9.518e-05,3.0
addr_0000669,1.0,0.0,0.044417,1.0,0.044417,0.0,0.0,0.0,0.0,0.0,0.0,0.0,0.0
addr_0000670,2.0,1.0,3.9797580000000004,3.0,1.326586,217.29166666666666,1.0,1.0,0.0,1.0,1.0,6.854e-05,2.0
addr_0000671,1.0,0.0,0.594093,1.0,0.594093,0.0,0.0,0.0,0.0,0.0,0.0,0.0,0.0
addr_0000674,0.0,1.0,7.315019,1.0,7.315019,0.0,1.0,2.0,0.0,1.0,1.0,0.00011805,2.0
addr_0000675,1.0,0.0,0.300339,1.0,0.300339,0.0,0.0,0.0,0.0,0.0,0.0,0.0,0.0
addr_0000678,0.0,1.0,0.194066,1.0,0.194066,0.0,1.0,1.0,0.0,1.0,1.0,0.00015622,2.0
addr_0000680,1.0,0.0,0.08191,1.0,0.08191,0.0,0.0,0.0,0.0,0.0,0.0,0.0,0.0
addr_0000682,0.0,2.0,5.723671,2.0,2.8618355,188.99791666666667,1.0,1.0,0.5,1.0,1.0,0.00033517,3.0
addr_0000685,0.0,1.0,0.82833,1.0,0.82833,0.0,1.0,1.0,0.0,1.0,1.0,8.155e-05,3.0
addr_0000691,1.0,0.0,2.240968,1.0,2.240968,0.0,0.0,0.0,0.0,0.0,0.0,0.0,0.0
addr_0000692,1.0,0.0,1.018156,1.0,1.018156,0.0,0.0,0.0,0.0,0.0,0.0,0.0,0.0
addr_0000693,0.0,1.0,5.908527,1.0,5.908527,0.0,1.0,1.0,0.0,1.0,1.0,0.00045773,3.0
addr_0000697,0.0,2.0,3.510708,2.0,1.755354,91.41666666666667,1.0,1.0,0.5,1.0,1.0,0.0005400050000000001,3.0
addr_0000698,2.0,1.0,5.962104,3.0,1.987368,301.2083333333333,1.0,2.0,0.0,1.0,1.0,0.00014449,2.0
addr_0000699,0.0,1.0,1.918093,1.0,1.918093,0.0,1.0,1.0,0.0,1.0,1.0,0.00080959,3.0
addr_0000700,0.0,1.0,4.388406,1.0,4.388406,0.0,1.0,2.0,0.0,1.0,1.0,0.00038792,2.0
addr_0000701,3.0,3.0,8.901777999999998,6.0,1.4836296666666664,272.875,1.0,1.0,0.3333,1.0,1.0,0.0004489033333333334,2.0
addr_0000702,0.0,1.0,2.731035,1.0,2.731035,0.0,2.0,2.0,0.0,1.0,1.0,9.426e-05,3.0
addr_0000703,0.0,1.0,1.887901,1.0,1.887901,0.0,1.0,1.0,0.0,1.0,1.0,0.00125255,2.0
addr_0000708,0.0,1.0,5.302606,1.0,5.302606,0.0,1.0,1.0,0.0,1.0,1.0,0.00055285,2.0
addr_0000709,0.0,1.0,1.294171,1.0,1.294171,0.0,2.0,1.0,0.0,1.0,1.0,0.00018934,2.0
addr_0000711,0.0,1.0,1.076415,1.0,1.076415,0.0,1.0,1.0,0.0,1.0,1.0,0.00098168,2.0
addr_0000713,1.0,1.0,0.592652,2.0,0.296326,98.125,1.0,1.0,0.0,1.0,1.0,2.232e-05,3.0
addr_0000714,0.0,1.0,1.876003,1.0,1.876003,0.0,1.0,1.0,0.0,1.0,1.0,0.00113892,2.0
addr_0000716,0.0,1.0,0.93487,1.0,0.93487,0.0,1.0,2.0,0.0,1.0,1.0,0.00028894,2.0
addr_0000717,0.0,1.0,0.663795,1.0,0.663795,0.0,1.0,1.0,0.0,1.0,1.0,0.00039905,2.0
addr_0000718,1.0,1.0,3.9047400000000003,2.0,1.9523700000000002,27.791666666666668,1.0,1.0,0.0,1.0,1.0,0.00051899,3.0
addr_0000721,0.0,2.0,3.098858,2.0,1.549429,118.41666666666667,1.0,7.0,0.5,1.0,1.0,0.00057026,2.0
addr_0000722,1.0,1.0,3.4594069999999997,2.0,1.7297034999999998,125.54166666666667,2.0,1.0,0.0,1.0,1.0,0.00058329,2.0
addr_0000723,0.0,1.0,3.133856,1.0,3.133856,0.0,1.0,1.0,0.0,1.0,1.0,0.00018698,2.0
addr_0000724,0.0,1.0,0.755156,1.0,0.755156,0.0,1.0,3.0,0.0,1.0,1.0,0.00030204,1.0
addr_0000726,1.0,0.0,0.800068,1.0,0.800068,0.0,0.0,0.0,0.0,0.0,0.0,0.0,0.0
addr_0000727,0.0,1.0,6.327005,1.0,6.327005,0.0,1.0,3.0,0.0,1.0,1.0,0.00081299,2.0
addr_0000730,1.0,0.0,0.224013,1.0,0.224013,0.0,0.0,0.0,0.0,0.0,0.0,0.0,0.0
addr_0000731,2.0,0.0,0.623707,2.0,0.3118535,49.541666666666664,0.0,0.0,0.0,0.0,0.0,0.0,0.0
addr_0000732,1.0,0.0,5.821816,1.0,5.821816,0.0,0.0,0.0,0.0,0.0,0.0,0.0,0.0
addr_0000733,1.0,0.0,0.588345,1.0,0.588345,0.0,0.0,0.0,0.0,0.0,0.0,0.0,0.0
addr_0000734,1.0,2.0,3.086293,3.0,1.0287643333333334,133.00972222222222,1.0,1.0,0.5,1.0,1.0,0.000707945,3.0
addr_0000735,1.0,1.0,3.088785,2.0,1.5443925,132.41666666666666,1.0,1.0,0.0,1.0,1.0,0.00038858,2.0
addr_0000737,0.0,1.0,1.787636,1.0,1.787636,0.0,1.0,1.0,0.0,1.0,1.0,9.916e-05,1.0
addr_0000738,2.0,0.0,2.898289,2.0,1.4491445,62.333333333333336,0.0,0.0,0.0,0.0,0.0,0.0,0.0
addr_0000739,1.0,1.0,2.929106,2.0,1.464553,13.636111111111111,1.0,1.0,0.0,1.0,1.0,0.00094122,2.0
addr_0000740,0.0,1.0,0.865949,1.0,0.865949,0.0,1.0,1.0,0.0,1.0,1.0,3.769e-05,1.0
addr_0000741,1.0,0.0,1.435877,1.0,1.435877,0.0,0.0,0.0,0.0,0.0,0.0,0.0,0.0
addr_0000742,1.0,0.0,0.784048,1.0,0.784048,0.0,0.0,0.0,0.0,0.0,0.0,0.0,0.0
addr_0000743,1.0,1.0,16.267812,2.0,8.133906,238.25,1.0,1.0,0.0,1.0,1.0,0.00032049,3.0
addr_0000745,0.0,2.0,7.947056000000001,2.0,3.9735280000000004,76.79166666666667,1.0,1.0,0.5,1.0,1.0,3.723e-05,2.0
addr_0000746,1.0,0.0,1.0658,1.0,1.0658,0.0,0.0,0.0,0.0,0.0,0.0,0.0,0.0
addr_0000748,1.0,1.0,1.8917659999999998,2.0,0.9458829999999999,223.29166666666666,1.0,1.0,0.0,1.0,1.0,7.318e-05,3.0
addr_0000749,1.0,1.0,5.326513,2.0,2.6632565,161.41666666666666,1.0,1.0,0.0,1.0,1.0,0.00073706,2.0
addr_0000750,1.0,0.0,2.415307,1.0,2.415307,0.0,0.0,0.0,0.0,0.0,0.0,0.0,0.0
addr_0000751,1.0,0.0,0.977533,1.0,0.977533,0.0,0.0,0.0,0.0,0.0,0.0,0.0,0.0
addr_0000752,1.0,0.0,0.484942,1.0,0.484942,0.0,0.0,0.0,0.0,0.0,0.0,0.0,0.0
addr_0000753,2.0,1.0,10.628356,3.0,3.5427853333333332,132.79166666666666,2.0,1.0,0.0,1.0,1.0,0.00052424,1.0
addr_0000754,1.0,1.0,2.676388,2.0,1.338194,216.75,1.0,1.0,0.0,1.0,1.0,3.267e-05,2.0
addr_0000755,0.0,1.0,6.279011,1.0,6.279011,0.0,1.0,1.0,0.0,1.0,1.0,0.00033667,2.0
addr_0000756,1.0,0.0,1.653217,1.0,1.653217,0.0,0.0,0.0,0.0,0.0,0.0,0.0,0.0
addr_0000758,0.0,2.0,0.935747,2.0,0.4678735,0.25,1.0,1.0,1.0,1.0,1.0,0.00027941,2.0
addr_0000759,1.0,0.0,2.689931,1.0,2.689931,0.0,0.0,0.0,0.0,0.0,0.0,0.0,0.0
addr_0000760,2.0,0.0,1.739533,2.0,0.8697665,14.291666666666666,0.0,0.0,0.0,0.0,0.0,0.0,0.0
addr_0000762,0.0,1.0,0.59505,1.0,0.59505,0.0,1.0,2.0,0.0,1.0,1.0,0.00029614,2.0
addr_0000764,1.0,1.0,9.816454,2.0,4.908227,56.625,1.0,1.0,0.0,1.0,1.0,0.00016932,2.0
addr_0000765,0.0,1.0,2.114353,1.0,2.114353,0.0,1.0,1.0,0.0,1.0,1.0,0.00033647,2.0
addr_0000767,1.0,0.0,0.453522,1.0,0.453522,0.0,0.0,0.0,0.0,0.0,0.0,0.0,0.0
addr_0000769,1.0,1.0,7.760529,2.0,3.8802645,28.625,1.0,1.0,0.0,1.0,1.0,0.00093721,3.0
addr_0000770,0.0,1.0,0.06632,1.0,0.06632,0.0,1.0,1.0,0.0,1.0,1.0,0.00013355,2.0
addr_0000771,1.0,0.0,3.99728,1.0,3.99728,0.0,0.0,0.0,0.0,0.0,0.0,0.0,0.0
addr_0000773,1.0,1.0,4.618794,2.0,2.309397,63.0,1.0,1.0,0.0,1.0,1.0,0.00023427,2.0
addr_0000774,1.0,1.0,1.8083770000000001,2.0,0.9041885000000001,195.91666666666666,1.0,1.0,0.0,1.0,1.0,0.00022966,2.0
addr_0000775,1.0,0.0,1.430458,1.0,1.430458,0.0,0.0,0.0,0.0,0.0,0.0,0.0,0.0
addr_0000777,0.0,1.0,3.292089,1.0,3.292089,0.0,1.0,1.0,0.0,1.0,1.0,0.00024048,2.0
addr_0000778,0.0,1.0,1.812939,1.0,1.812939,0.0,1.0,1.0,0.0,1.0,1.0,0.00058969,2.0
addr_0000780,0.0,1.0,2.409115,1.0,2.409115,0.0,1.0,1.0,0.0,1.0,1.0,0.00058392,3.0
addr_0000781,0.0,1.0,0.581074,1.0,0.581074,0.0,1.0,1.0,0.0,1.0,1.0,0.0011085,1.0
addr_0000782,0.0,1.0,1.076424,1.0,1.076424,0.0,1.0,1.0,0.0,1.0,1.0,0.00078341,3.0
addr_0000783,2.0,1.0,10.690942000000001,3.0,3.563647333333334,83.95833333333333,2.0,2.0,0.0,1.0,1.0,0.00024177,2.0
addr_0000784,1.0,2.0,5.140793,3.0,1.7135976666666668,202.66666666666666,1.0,2.0,0.5,1.0,1.0,0.00040944500000000003,1.0
addr_0000785,0.0,2.0,3.8467139999999995,2.0,1.9233569999999998,118.58333333333333,1.0,1.0,0.5,1.0,1.0,0.00015821500000000002,3.0
addr_0000786,1.0,2.0,3.2273449999999997,3.0,1.0757816666666666,97.80763888888889,1.0,1.0,0.5,1.0,1.0,0.0005423349999999999,2.0
addr_0000788,1.0,0.0,0.158273,1.0,0.158273,0.0,0.0,0.0,0.0,0.0,0.0,0.0,0.0
addr_0000790,1.0,0.0,1.219005,1.0,1.219005,0.0,0.0,0.0,0.0,0.0,0.0,0.0,0.0
addr_0000792,2.0,0.0,5.561385,2.0,2.7806925,294.4166666666667,0.0,0.0,0.0,0.0,0.0,0.0,0.0
addr_0000793,0.0,1.0,2.13648,1.0,2.13648,0.0,1.0,7.0,0.0,1.0,1.0,0.00024635,3.0
addr_0000794,2.0,2.0,5.094258999999999,4.0,1.2735647499999998,251.25,1.0,1.0,0.5,1.0,1.0,0.00044227,3.0
addr_0000796,1.0,0.0,1.935794,1.0,1.935794,0.0,0.0,0.0,0.0,0.0,0.0,0.0,0.0
addr_0000797,2.0,0.0,2.039415,2.0,1.0197075,48.416666666666664,0.0,0.0,0.0,0.0,0.0,0.0,0.0
addr_0000798,1.0,0.0,1.611235,1.0,1.611235,0.0,0.0,0.0,0.0,0.0,0.0,0.0,0.0
addr_0000799,1.0,0.0,4.663111,1.0,4.663111,0.0,0.0,0.0,0.0,0.0,0.0,0.0,0.0
addr_0000800,1.0,2.0,4.203582,3.0,1.401194,90.25,1.0,1.0,0.5,1.0,1.0,0.0007407799999999999,2.0
addr_0000802,1.0,1.0,12.427644,2.0,6.213822,55.875,2.0,1.0,0.0,1.0,1.0,0.00022545,2.0
addr_0000804,0.0,2.0,3.077642,2.0,1.538821,119.29166666666667,1.0,1.0,0.5,1.0,1.0,0.0006061249999999999,2.0
addr_0000805,1.0,0.0,4.020038,1.0,4.020038,0.0,0.0,0.0,0.0,0.0,0.0,0.0,0.0
addr_0000806,1.0,0.0,1.827875,1.0,1.827875,0.0,0.0,0.0,0.0,0.0,0.0,0.0,0.0
addr_0000807,2.0,2.0,4.71094,4.0,1.177735,146.29166666666666,1.0,1.0,0.5,1.0,1.0,0.0011674300000000001,3.0
addr_0000810,1.0,0.0,0.185871,1.0,0.185871,0.0,0.0,0.0,0.0,0.0,0.0,0.0,0.0
addr_0000812,0.0,1.0,0.010703,1.0,0.010703,0.0,1.0,3.0,0.0,1.0,1.0,0.00010509,3.0
addr_0000813,1.0,0.0,3.928072,1.0,3.928072,0.0,0.0,0.0,0.0,0.0,0.0,0.0,0.0
addr_0000815,1.0,1.0,4.369504,2.0,2.184752,160.95833333333334,1.0,1.0,0.0,1.0,1.0,0.0001436,2.0
addr_0000817,0.0,2.0,5.332846,2.0,2.666423,0.125,1.0,1.0,1.0,1.0,1.0,9.1415e-05,3.0
addr_0000819,1.0,1.0,4.559772000000001,2.0,2.2798860000000003,77.54166666666667,1.0,3.0,0.0,1.0,1.0,0.00091895,2.0
addr_0000821,1.0,1.0,8.59871,2.0,4.299355,69.125,2.0,1.0,0.0,1.0,1.0,0.00031879,3.0
addr_0000822,0.0,1.0,1.59792,1.0,1.59792,0.0,1.0,1.0,0.0,1.0,1.0,8.165e-05,2.0
addr_0000824,1.0,0.0,1.370953,1.0,1.370953,0.0,0.0,0.0,0.0,0.0,0.0,0.0,0.0
addr_0000825,1.0,1.0,1.862714,2.0,0.931357,223.5,1.0,2.0,0.0,1.0,1.0,0.0005517,3.0
addr_0000826,0.0,1.0,3.577235,1.0,3.577235,0.0,1.0,1.0,0.0,1.0,1.0,0.00043778,2.0
addr_0000829,0.0,1.0,5.563684,1.0,5.563684,0.0,1.0,1.0,0.0,1.0,1.0,0.00016019,1.0
addr_0000832,1.0,2.0,3.36451,3.0,1.1215033333333333,70.875,2.0,1.0,0.5,1.0,1.0,0.000267555,2.0
addr_0000833,0.0,1.0,1.073431,1.0,1.073431,0.0,1.0,1.0,0.0,1.0,1.0,0.00054189,3.0
addr_0000834,1.0,0.0,1.483483,1.0,1.483483,0.0,0.0,0.0,0.0,0.0,0.0,0.0,0.0
addr_0000835,2.0,0.0,2.249605,2.0,1.1248025,56.291666666666664,0.0,0.0,0.0,0.0,0.0,0.0,0.0
addr_0000838,2.0,1.0,13.515124,3.0,4.505041333333334,56.375,1.0,1.0,0.0,1.0,1.0,0.0001961,2.0
addr_0000839,1.0,1.0,2.7414519999999998,2.0,1.3707259999999999,6.625,1.0,1.0,0.0,1.0,1.0,0.00048691,3.0
addr_0000840,0.0,1.0,0.890532,1.0,0.890532,0.0,1.0,1.0,0.0,1.0,1.0,0.00025413,3.0
addr_0000841,0.0,1.0,0.307049,1.0,0.307049,0.0,1.0,1.0,0.0,1.0,1.0,0.00025316,3.0
addr_0000842,0.0,1.0,1.080171,1.0,1.080171,0.0,1.0,1.0,0.0,1.0,1.0,0.00010119,3.0
addr_0000843,1.0,0.0,4.722898,1.0,4.722898,0.0,0.0,0.0,0.0,0.0,0.0,0.0,0.0
addr_0000845,0.0,1.0,1.348148,1.0,1.348148,0.0,1.0,1.0,0.0,1.0,1.0,0.00046029,3.0
addr_0000847,1.0,1.0,5.03997,2.0,2.519985,175.75,1.0,1.0,0.0,1.0,1.0,5.012e-05,2.0
addr_0000848,1.0,1.0,1.398951,2.0,0.6994755,62.541666666666664,1.0,1.0,0.0,1.0,1.0,0.00016306,2.0
addr_0000849,0.0,1.0,1.300361,1.0,1.300361,0.0,1.0,3.0,0.0,1.0,1.0,0.00042672,1.0
addr_0000853,1.0,2.0,4.585573,3.0,1.5285243333333334,238.41666666666666,1.0,1.0,0.5,1.0,1.0,0.000388385,2.0
addr_0000855,1.0,0.0,0.047542,1.0,0.047542,0.0,0.0,0.0,0.0,0.0,0.0,0.0,0.0
addr_0000856,0.0,1.0,0.649581,1.0,0.649581,0.0,1.0,1.0,0.0,1.0,1.0,7.506e-05,2.0
addr_0000857,1.0,2.0,13.495622000000001,3.0,4.498540666666667,168.25,1.0,1.0,0.5,1.0,1.0,0.001048575,2.0
addr_0000860,0.0,2.0,2.122122,2.0,1.061061,27.791666666666668,1.0,1.0,0.5,1.0,1.0,0.00025746,2.0
addr_0000861,0.0,1.0,0.769842,1.0,0.769842,0.0,1.0,2.0,0.0,1.0,1.0,0.00033873,2.0
addr_0000863,0.0,1.0,2.824063,1.0,2.824063,0.0,1.0,2.0,0.0,1.0,1.0,0.00015741,2.0
addr_0000865,0.0,1.0,0.368893,1.0,0.368893,0.0,1.0,1.0,0.0,1.0,1.0,0.00032003,2.0
addr_0000866,1.0,0.0,1.41482,1.0,1.41482,0.0,0.0,0.0,0.0,0.0,0.0,0.0,0.0
addr_0000871,1.0,0.0,2.409115,1.0,2.409115,0.0,0.0,0.0,0.0,0.0,0.0,0.0,0.0
addr_0000872,2.0,0.0,3.239616,2.0,1.619808,154.0,0.0,0.0,0.0,0.0,0.0,0.0,0.0
addr_0000873,0.0,1.0,0.712814,1.0,0.712814,0.0,1.0,1.0,0.0,1.0,1.0,0.00048441,2.0
addr_0000874,1.0,1.0,11.704438999999999,2.0,5.8522194999999995,182.125,1.0,1.0,0.0,1.0,1.0,0.00076658,3.0
addr_0000875,1.0,1.0,2.13862,2.0,1.06931,7.416666666666667,1.0,1.0,0.0,1.0,1.0,0.00018872,2.0
addr_0000878,1.0,2.0,4.087789,3.0,1.3625963333333333,230.79166666666666,1.0,1.0,0.5,1.0,1.0,0.000151115,2.0
addr_0000879,0.0,2.0,2.244336,2.0,1.122168,14.25,2.0,1.0,0.5,1.0,1.0,0.00040205,3.0
addr_0000880,1.0,0.0,2.703665,1.0,2.703665,0.0,0.0,0.0,0.0,0.0,0.0,0.0,0.0
addr_0000881,0.0,1.0,1.767156,1.0,1.767156,0.0,1.0,1.0,0.0,1.0,1.0,0.00031414,3.0
addr_0000884,2.0,0.0,5.445843999999999,2.0,2.7229219999999996,307.3333333333333,0.0,0.0,0.0,0.0,0.0,0.0,0.0
addr_0000885,0.0,1.0,0.545753,1.0,0.545753,0.0,1.0,3.0,0.0,1.0,1.0,3.79e-05,3.0
addr_0000886,1.0,0.0,3.33898,1.0,3.33898,0.0,0.0,0.0,0.0,0.0,0.0,0.0,0.0
addr_0000887,1.0,1.0,5.878331,2.0,2.9391655,21.083333333333332,1.0,1.0,0.0,1.0,1.0,0.00046137,3.0
addr_0000889,0.0,1.0,0.471011,1.0,0.471011,0.0,1.0,1.0,0.0,1.0,1.0,0.00133607,2.0
addr_0000895,0.0,1.0,4.981377,1.0,4.981377,0.0,1.0,1.0,0.0,1.0,1.0,8.971e-05,2.0
addr_0000896,1.0,0.0,2.734679,1.0,2.734679,0.0,0.0,0.0,0.0,0.0,0.0,0.0,0.0
addr_0000897,0.0,1.0,3.33898,1.0,3.33898,0.0,1.0,1.0,0.0,1.0,1.0,0.00050248,2.0
addr_0000898,1.0,0.0,1.589008,1.0,1.589008,0.0,0.0,0.0,0.0,0.0,0.0,0.0,0.0
addr_0000899,1.0,1.0,5.664937,2.0,2.8324685,6.583333333333333,1.0,1.0,0.0,1.0,1.0,0.00057555,3.0
addr_0000901,0.0,1.0,0.413653,1.0,0.413653,0.0,1.0,4.0,0.0,1.0,1.0,0.00011483,3.0
addr_0000902,0.0,2.0,8.177935,2.0,4.0889675,195.33333333333334,1.0,1.0,0.5,1.0,1.0,0.000426895,2.0
addr_0000903,1.0,1.0,0.488562,2.0,0.244281,231.08333333333334,1.0,2.0,0.0,1.0,1.0,8.338e-05,3.0
addr_0000907,0.0,1.0,4.270168,1.0,4.270168,0.0,1.0,1.0,0.0,1.0,1.0,2.79e-05,3.0
addr_0000908,0.0,1.0,1.893568,1.0,1.893568,0.0,1.0,1.0,0.0,1.0,1.0,0.00016966,3.0
addr_0000909,2.0,1.0,5.240055,3.0,1.746685,112.85902777777778,1.0,1.0,0.0,1.0,1.0,0.00059278,1.0
addr_0000911,0.0,1.0,0.488334,1.0,0.488334,0.0,1.0,1.0,0.0,1.0,1.0,0.00022758,2.0
addr_0000913,1.0,0.0,8.106459,1.0,8.106459,0.0,0.0,0.0,0.0,0.0,0.0,0.0,0.0
addr_0000914,2.0,1.0,5.502224,3.0,1.8340746666666667,168.04166666666666,1.0,1.0,0.0,1.0,1.0,0.00027701,2.0
addr_0000916,0.0,1.0,1.574809,1.0,1.574809,0.0,1.0,1.0,0.0,1.0,1.0,0.00020339,2.0
addr_0000917,0.0,1.0,2.110708,1.0,2.110708,0.0,1.0,2.0,0.0,1.0,1.0,0.00142168,1.0
addr_0000918,1.0,0.0,1.351888,1.0,1.351888,0.0,0.0,0.0,0.0,0.0,0.0,0.0,0.0
addr_0000920,1.0,0.0,1.489069,1.0,1.489069,0.0,0.0,0.0,0.0,0.0,0.0,0.0,0.0
addr_0000921,1.0,0.0,1.487543,1.0,1.487543,0.0,0.0,0.0,0.0,0.0,0.0,0.0,0.0
addr_0000922,1.0,0.0,1.850512,1.0,1.850512,0.0,0.0,0.0,0.0,0.0,0.0,0.0,0.0
addr_0000925,1.0,0.0,0.823962,1.0,0.823962,0.0,0.0,0.0,0.0,0.0,0.0,0.0,0.0
addr_0000926,1.0,1.0,2.841676,2.0,1.420838,70.79166666666667,2.0,1.0,0.0,1.0,1.0,0.0002487,2.0
addr_0000927,1.0,0.0,0.252338,1.0,0.252338,0.0,0.0,0.0,0.0,0.0,0.0,0.0,0.0
addr_0000928,1.0,0.0,2.583054,1.0,2.583054,0.0,0.0,0.0,0.0,0.0,0.0,0.0,0.0
addr_0000929,1.0,0.0,0.201006,1.0,0.201006,0.0,0.0,0.0,0.0,0.0,0.0,0.0,0.0
addr_0000932,1.0,0.0,1.069918,1.0,1.069918,0.0,0.0,0.0,0.0,0.0,0.0,0.0,0.0
addr_0000934,1.0,0.0,3.769704,1.0,3.769704,0.0,0.0,0.0,0.0,0.0,0.0,0.0,0.0
addr_0000935,2.0,0.0,9.7968,2.0,4.8984,69.33333333333333,0.0,0.0,0.0,0.0,0.0,0.0,0.0
addr_0000936,1.0,0.0,1.103413,1.0,1.103413,0.0,0.0,0.0,0.0,0.0,0.0,0.0,0.0
addr_0000938,0.0,1.0,1.011201,1.0,1.011201,0.0,1.0,1.0,0.0,1.0,1.0,0.0002988,2.0
addr_0000939,0.0,1.0,0.645217,1.0,0.645217,0.0,1.0,1.0,0.0,1.0,1.0,0.00038941,3.0
addr_0000940,0.0,2.0,0.9569489999999999,2.0,0.47847449999999997,238.29166666666666,1.0,1.0,0.5,1.0,1.0,0.00043015,3.0
addr_0000941,0.0,1.0,9.960483,1.0,9.960483,0.0,2.0,1.0,0.0,1.0,1.0,0.00032772,2.0
addr_0000942,0.0,2.0,8.470778,2.0,4.235389,168.20833333333334,1.0,1.0,0.5,1.0,1.0,0.00061169,1.0
addr_0000944,2.0,0.0,8.491668,2.0,4.245834,41.25,0.0,0.0,0.0,0.0,0.0,0.0,0.0
addr_0000945,1.0,1.0,4.614202000000001,2.0,2.3071010000000003,48.875,1.0,1.0,0.0,1.0,1.0,0.00055329,2.0
addr_0000949,1.0,0.0,0.943863,1.0,0.943863,0.0,0.0,0.0,0.0,0.0,0.0,0.0,0.0
addr_0000950,3.0,0.0,4.038986,3.0,1.3463286666666667,196.16666666666666,0.0,0.0,0.0,0.0,0.0,0.0,0.0
addr_0000952,2.0,0.0,3.692676,2.0,1.846338,238.66666666666666,0.0,0.0,0.0,0.0,0.0,0.0,0.0
addr_0000953,0.0,1.0,1.21278,1.0,1.21278,0.0,1.0,1.0,0.0,1.0,1.0,5.578e-05,2.0
addr_0000954,1.0,1.0,14.632641,2.0,7.3163205,20.666666666666668,1.0,1.0,0.0,1.0,1.0,0.00016263,2.0
addr_0000955,1.0,1.0,3.806376,2.0,1.903188,216.16666666666666,1.0,1.0,0.0,1.0,1.0,0.00044204,2.0
addr_0000956,2.0,0.0,4.889136000000001,2.0,2.4445680000000003,13.416666666666666,0.0,0.0,0.0,0.0,0.0,0.0,0.0
addr_0000957,1.0,2.0,17.438316,3.0,5.812772,111.35277777777777,1.0,1.0,0.5,1.0,1.0,0.00028915500000000003,2.0
addr_0000958,2.0,0.0,1.297763,2.0,0.6488815,244.66666666666666,0.0,0.0,0.0,0.0,0.0,0.0,0.0
addr_0000959,1.0,0.0,0.113099,1.0,0.113099,0.0,0.0,0.0,0.0,0.0,0.0,0.0,0.0
addr_0000960,1.0,0.0,4.09164,1.0,4.09164,0.0,0.0,0.0,0.0,0.0,0.0,0.0,0.0
addr_0000962,0.0,1.0,3.300974,1.0,3.300974,0.0,1.0,1.0,0.0,1.0,1.0,9.633e-05,3.0
addr_0000963,2.0,0.0,5.5147010000000005,2.0,2.7573505000000003,0.125,0.0,0.0,0.0,0.0,0.0,0.0,0.0
addr_0000965,1.0,2.0,2.6646710000000002,3.0,0.8882236666666667,301.5,2.0,1.0,0.5,1.0,1.0,8.295000000000001e-05,2.0
addr_0000966,0.0,1.0,2.157889,1.0,2.157889,0.0,1.0,7.0,0.0,1.0,1.0,4.2e-05,2.0
addr_0000967,2.0,1.0,8.580108000000001,3.0,2.8600360000000005,140.0,1.0,1.0,0.0,1.0,1.0,0.00085934,2.0
addr_0000973,0.0,2.0,2.474284,2.0,1.237142,69.58333333333333,1.0,1.0,0.5,1.0,1.0,0.000412765,3.0
addr_0000977,1.0,0.0,1.39218,1.0,1.39218,0.0,0.0,0.0,0.0,0.0,0.0,0.0,0.0
addr_0000979,0.0,3.0,1.825483,3.0,0.6084943333333334,98.45833333333333,1.0,1.0,0.3333,1.0,1.0,0.00018623333333333335,2.0
addr_0000982,1.0,1.0,4.821371,2.0,2.4106855,14.375,1.0,1.0,0.0,1.0,1.0,0.00051537,2.0
addr_0000983,1.0,2.0,5.871566,3.0,1.9571886666666665,168.20833333333334,2.0,1.0,0.5,1.0,1.0,0.000225065,2.0
addr_0000985,2.0,2.0,3.578926,4.0,0.8947315,126.5,1.0,2.0,0.5,1.0,1.0,0.000732625,3.0
addr_0000986,2.0,0.0,1.079787,2.0,0.5398935,55.708333333333336,0.0,0.0,0.0,0.0,0.0,0.0,0.0
addr_0000988,1.0,1.0,1.2737370000000001,2.0,0.6368685000000001,217.0,1.0,3.0,0.0,1.0,1.0,0.00072081,2.0
addr_0000989,1.0,1.0,7.5117,2.0,3.75585,27.333333333333332,1.0,1.0,0.0,1.0,1.0,0.00030249,2.0
addr_0000990,1.0,1.0,3.8759580000000002,2.0,1.9379790000000001,238.29166666666666,1.0,3.0,0.0,1.0,1.0,0.00018597,2.0
addr_0000992,0.0,1.0,0.165465,1.0,0.165465,0.0,1.0,1.0,0.0,1.0,1.0,0.00020286,3.0
addr_0000993,1.0,0.0,3.812116,1.0,3.812116,0.0,0.0,0.0,0.0,0.0,0.0,0.0,0.0
addr_0000994,1.0,1.0,1.858114,2.0,0.929057,119.25,2.0,1.0,0.0,1.0,1.0,0.00049595,2.0
addr_0000995,0.0,1.0,1.151519,1.0,1.151519,0.0,1.0,1.0,0.0,1.0,1.0,0.00032904,2.0
addr_0000996,0.0,1.0,0.834018,1.0,0.834018,0.0,1.0,1.0,0.0,1.0,1.0,0.00038892,3.0
addr_0000997,1.0,0.0,8.661765,1.0,8.661765,0.0,0.0,0.0,0.0,0.0,0.0,0.0,0.0
addr_0000998,0.0,2.0,2.167528,2.0,1.083764,146.45833333333334,2.0,5.0,0.5,1.0,1.0,0.00042788500000000003,3.0
addr_0000999,1.0,0.0,12.678746,1.0,12.678746,0.0,0.0,0.0,0.0,0.0,0.0,0.0,0.0
addr_0001001,1.0,0.0,2.28729,1.0,2.28729,0.0,0.0,0.0,0.0,0.0,0.0,0.0,0.0
addr_0001004,2.0,0.0,0.283087,2.0,0.1415435,7.041666666666667,0.0,0.0,0.0,0.0,0.0,0.0,0.0
addr_0001005,1.0,0.0,2.610207,1.0,2.610207,0.0,0.0,0.0,0.0,0.0,0.0,0.0,0.0
addr_0001007,1.0,0.0,1.172345,1.0,1.172345,0.0,0.0,0.0,0.0,0.0,0.0,0.0,0.0
addr_0001008,1.0,0.0,2.194746,1.0,2.194746,0.0,0.0,0.0,0.0,0.0,0.0,0.0,0.0
addr_0001009,2.0,0.0,0.545295,2.0,0.2726475,175.16666666666666,0.0,0.0,0.0,0.0,0.0,0.0,0.0
addr_0001011,1.0,1.0,2.94843,2.0,1.474215,90.45833333333333,1.0,1.0,0.0,1.0,1.0,8.404e-05,3.0
addr_0001013,1.0,0.0,0.118307,1.0,0.118307,0.0,0.0,0.0,0.0,0.0,0.0,0.0,0.0
addr_0001014,1.0,1.0,0.826676,2.0,0.413338,34.666666666666664,1.0,1.0,0.0,1.0,1.0,0.00072049,2.0
addr_0001015,0.0,1.0,0.199919,1.0,0.199919,0.0,1.0,1.0,0.0,1.0,1.0,0.00105336,2.0
addr_0001017,0.0,1.0,6.36402,1.0,6.36402,0.0,2.0,1.0,0.0,1.0,1.0,0.00040141,2.0
addr_0001018,2.0,0.0,3.974187,2.0,1.9870935,195.54166666666666,0.0,0.0,0.0,0.0,0.0,0.0,0.0
addr_0001019,1.0,1.0,1.801876,2.0,0.900938,238.375,1.0,1.0,0.0,1.0,1.0,3.184e-05,3.0
addr_0001020,0.0,1.0,1.021706,1.0,1.021706,0.0,1.0,1.0,0.0,1.0,1.0,4.447e-05,2.0
addr_0001022,0.0,1.0,0.18909,1.0,0.18909,0.0,2.0,1.0,0.0,1.0,1.0,8.769e-05,3.0
addr_0001026,1.0,1.0,5.443906,2.0,2.721953,20.458333333333332,1.0,2.0,0.0,1.0,1.0,0.00020954,1.0
addr_0001028,1.0,1.0,3.930594,2.0,1.965297,63.708333333333336,2.0,1.0,0.0,1.0,1.0,0.00075288,1.0
addr_0001030,1.0,0.0,0.138999,1.0,0.138999,0.0,0.0,0.0,0.0,0.0,0.0,0.0,0.0
addr_0001031,0.0,2.0,1.281526,2.0,0.640763,161.0,1.0,1.0,0.5,1.0,1.0,0.00048095500000000003,2.0
addr_0001032,2.0,0.0,1.9941,2.0,0.99705,55.833333333333336,0.0,0.0,0.0,0.0,0.0,0.0,0.0
addr_0001035,1.0,2.0,14.43273,3.0,4.81091,42.041666666666664,1.0,1.0,0.5,1.0,1.0,0.000487555,2.0
addr_0001037,0.0,1.0,1.994601,1.0,1.994601,0.0,1.0,1.0,0.0,1.0,1.0,1.73e-06,3.0
addr_0001038,1.0,0.0,3.087102,1.0,3.087102,0.0,0.0,0.0,0.0,0.0,0.0,0.0,0.0
addr_0001040,1.0,0.0,1.349643,1.0,1.349643,0.0,0.0,0.0,0.0,0.0,0.0,0.0,0.0
addr_0001043,0.0,1.0,1.959077,1.0,1.959077,0.0,1.0,1.0,0.0,1.0,1.0,0.00020226,2.0
addr_0001047,0.0,1.0,0.154469,1.0,0.154469,0.0,1.0,1.0,0.0,1.0,1.0,0.0002766,2.0
addr_0001048,2.0,0.0,1.608289,2.0,0.8041445,203.66666666666666,0.0,0.0,0.0,0.0,0.0,0.0,0.0
addr_0001049,1.0,0.0,0.458293,1.0,0.458293,0.0,0.0,0.0,0.0,0.0,0.0,0.0,0.0
addr_0001050,1.0,1.0,4.912418,2.0,2.456209,105.125,1.0,3.0,0.0,1.0,1.0,0.00028288,2.0
addr_0001051,0.0,1.0,1.672794,1.0,1.672794,0.0,1.0,1.0,0.0,1.0,1.0,0.00109398,2.0
addr_0001053,1.0,0.0,0.433937,1.0,0.433937,0.0,0.0,0.0,0.0,0.0,0.0,0.0,0.0
addr_0001054,1.0,1.0,3.881226,2.0,1.940613,153.33333333333334,1.0,2.0,0.0,1.0,1.0,0.00065067,1.0
addr_0001055,0.0,1.0,1.773485,1.0,1.773485,0.0,1.0,1.0,0.0,1.0,1.0,0.00013408,3.0
addr_0001057,0.0,1.0,1.489069,1.0,1.489069,0.0,1.0,3.0,0.0,1.0,1.0,0.00213303,3.0
addr_0001058,0.0,1.0,10.179744,1.0,10.179744,0.0,1.0,1.0,0.0,1.0,1.0,0.0007697,2.0
addr_0001059,0.0,2.0,8.154111,2.0,4.0770555,13.916666666666666,1.0,3.0,0.5,1.0,1.0,0.00048437999999999997,2.0
addr_0001061,1.0,1.0,6.931577,2.0,3.4657885,160.83333333333334,1.0,1.0,0.0,1.0,1.0,0.0008839,2.0
addr_0001062,0.0,1.0,1.267339,1.0,1.267339,0.0,1.0,2.0,0.0,1.0,1.0,0.00079132,2.0
addr_0001063,0.0,1.0,1.414184,1.0,1.414184,0.0,1.0,2.0,0.0,1.0,1.0,0.00040198,2.0
addr_0001064,0.0,1.0,2.645998,1.0,2.645998,0.0,1.0,1.0,0.0,1.0,1.0,0.00043223,2.0
addr_0001066,1.0,0.0,1.209959,1.0,1.209959,0.0,0.0,0.0,0.0,0.0,0.0,0.0,0.0
addr_0001067,1.0,0.0,7.723722,1.0,7.723722,0.0,0.0,0.0,0.0,0.0,0.0,0.0,0.0
addr_0001068,2.0,0.0,0.915273,2.0,0.4576365,119.52569444444444,0.0,0.0,0.0,0.0,0.0,0.0,0.0
addr_0001069,0.0,2.0,11.120039,2.0,5.5600195,202.95833333333334,1.0,1.0,0.5,1.0,1.0,3.738e-05,3.0
addr_0001072,2.0,0.0,2.115755,2.0,1.0578775,35.708333333333336,0.0,0.0,0.0,0.0,0.0,0.0,0.0
addr_0001073,1.0,1.0,2.702418,2.0,1.351209,69.75,1.0,1.0,0.0,1.0,1.0,0.00027927,3.0
addr_0001074,1.0,0.0,2.007142,1.0,2.007142,0.0,0.0,0.0,0.0,0.0,0.0,0.0,0.0
addr_0001075,1.0,0.0,0.606595,1.0,0.606595,0.0,0.0,0.0,0.0,0.0,0.0,0.0,0.0
addr_0001076,0.0,1.0,0.48865,1.0,0.48865,0.0,1.0,1.0,0.0,1.0,1.0,0.00012603,2.0
addr_0001077,1.0,0.0,0.549141,1.0,0.549141,0.0,0.0,0.0,0.0,0.0,0.0,0.0,0.0
addr_0001078,0.0,1.0,0.594093,1.0,0.594093,0.0,1.0,3.0,0.0,1.0,1.0,0.00029424,3.0
addr_0001079,1.0,0.0,0.293084,1.0,0.293084,0.0,0.0,0.0,0.0,0.0,0.0,0.0,0.0
addr_0001080,1.0,0.0,3.767583,1.0,3.767583,0.0,0.0,0.0,0.0,0.0,0.0,0.0,0.0
addr_0001083,0.0,1.0,0.587173,1.0,0.587173,0.0,1.0,1.0,0.0,1.0,1.0,0.00049288,1.0
addr_0001088,0.0,1.0,5.492353,1.0,5.492353,0.0,1.0,1.0,0.0,1.0,1.0,0.00096801,2.0
addr_0001091,2.0,0.0,1.84825,2.0,0.924125,104.25,0.0,0.0,0.0,0.0,0.0,0.0,0.0
addr_0001092,2.0,0.0,5.768279,2.0,2.8841395,167.58541666666667,0.0,0.0,0.0,0.0,0.0,0.0,0.0
addr_0001095,0.0,2.0,3.126395,2.0,1.5631975,168.0,1.0,1.0,0.5,1.0,1.0,0.000199515,2.0
addr_0001096,2.0,3.0,7.509621,5.0,1.5019242,251.83333333333334,1.0,1.0,0.3333,1.0,1.0,0.00019203333333333333,3.0
addr_0001097,1.0,0.0,1.593636,1.0,1.593636,0.0,0.0,0.0,0.0,0.0,0.0,0.0,0.0
addr_0001098,1.0,0.0,2.172644,1.0,2.172644,0.0,0.0,0.0,0.0,0.0,0.0,0.0,0.0
addr_0001099,0.0,1.0,0.202791,1.0,0.202791,0.0,1.0,1.0,0.0,1.0,1.0,3.637e-05,2.0
addr_0001100,1.0,1.0,6.084529999999999,2.0,3.0422649999999996,84.33333333333333,1.0,1.0,0.0,1.0,1.0,0.00010505,2.0
addr_0001103,2.0,0.0,1.0822880000000001,2.0,0.5411440000000001,111.25,0.0,0.0,0.0,0.0,0.0,0.0,0.0
addr_0001104,1.0,0.0,0.996319,1.0,0.996319,0.0,0.0,0.0,0.0,0.0,0.0,0.0,0.0
addr_0001105,0.0,2.0,6.430752999999999,2.0,3.2153764999999996,27.791666666666668,1.0,1.0,0.5,1.0,1.0,0.0008120849999999999,2.0
addr_0001107,1.0,1.0,2.445585,2.0,1.2227925,189.65208333333334,1.0,3.0,0.0,1.0,1.0,0.00035049,2.0
addr_0001111,1.0,1.0,6.502428999999999,2.0,3.2512144999999997,196.41666666666666,1.0,1.0,0.0,1.0,1.0,8.005e-05,2.0
addr_0001112,1.0,1.0,1.843883,2.0,0.9219415,168.41666666666666,1.0,1.0,0.0,1.0,1.0,0.00057925,2.0
addr_0001113,1.0,0.0,1.2961,1.0,1.2961,0.0,0.0,0.0,0.0,0.0,0.0,0.0,0.0
addr_0001114,1.0,1.0,3.46319,2.0,1.731595,27.875,1.0,1.0,0.0,1.0,1.0,0.00046989,1.0
addr_0001115,1.0,1.0,1.7310690000000002,2.0,0.8655345000000001,83.875,1.0,1.0,0.0,1.0,1.0,1.055e-05,2.0
addr_0001116,1.0,1.0,1.960976,2.0,0.980488,154.33333333333334,2.0,1.0,0.0,1.0,1.0,0.00021855,2.0
addr_0001118,0.0,1.0,0.78464,1.0,0.78464,0.0,1.0,1.0,0.0,1.0,1.0,0.00050022,2.0
addr_0001119,1.0,0.0,0.947353,1.0,0.947353,0.0,0.0,0.0,0.0,0.0,0.0,0.0,0.0
addr_0001123,1.0,0.0,2.485733,1.0,2.485733,0.0,0.0,0.0,0.0,0.0,0.0,0.0,0.0
addr_0001124,0.0,2.0,2.5857129999999997,2.0,1.2928564999999999,174.45833333333334,1.0,1.0,0.5,1.0,1.0,0.000657485,2.0
addr_0001125,1.0,1.0,1.915813,2.0,0.9579065,49.484722222222224,1.0,1.0,0.0,1.0,1.0,0.00042738,2.0
addr_0001127,1.0,2.0,5.6436530000000005,3.0,1.881217666666667,174.33333333333334,1.0,1.0,0.5,1.0,1.0,0.00054527,3.0
addr_0001128,0.0,1.0,3.769704,1.0,3.769704,0.0,1.0,1.0,0.0,1.0,1.0,0.00013192,2.0
addr_0001129,0.0,1.0,0.441649,1.0,0.441649,0.0,1.0,1.0,0.0,1.0,1.0,1.96e-06,3.0
addr_0001130,1.0,3.0,2.908265,4.0,0.72706625,286.875,1.0,1.0,0.3333,1.0,1.0,0.00038496999999999994,2.0
addr_0001131,0.0,1.0,2.618029,1.0,2.618029,0.0,1.0,1.0,0.0,1.0,1.0,6.873e-05,2.0
addr_0001132,1.0,2.0,4.0822709999999995,3.0,1.3607569999999998,118.45833333333333,1.0,1.0,0.5,1.0,1.0,0.000751325,2.0
addr_0001133,0.0,1.0,0.463125,1.0,0.463125,0.0,1.0,1.0,0.0,1.0,1.0,0.00121233,3.0
addr_0001134,0.0,1.0,1.38266,1.0,1.38266,0.0,1.0,1.0,0.0,1.0,1.0,0.00034163,2.0
addr_0001136,1.0,1.0,3.010662,2.0,1.505331,21.291666666666668,1.0,3.0,0.0,1.0,1.0,0.00059357,3.0
addr_0001137,1.0,0.0,0.840252,1.0,0.840252,0.0,0.0,0.0,0.0,0.0,0.0,0.0,0.0
addr_0001138,1.0,1.0,0.581504,2.0,0.290752,41.708333333333336,1.0,4.0,0.0,1.0,1.0,0.00010606,3.0
addr_0001140,1.0,1.0,2.108125,2.0,1.0540625,21.666666666666668,1.0,4.0,0.0,1.0,1.0,3.911e-05,2.0
addr_0001141,1.0,0.0,0.882415,1.0,0.882415,0.0,0.0,0.0,0.0,0.0,0.0,0.0,0.0
addr_0001142,1.0,0.0,1.485659,1.0,1.485659,0.0,0.0,0.0,0.0,0.0,0.0,0.0,0.0
addr_0001146,1.0,0.0,1.856917,1.0,1.856917,0.0,0.0,0.0,0.0,0.0,0.0,0.0,0.0
addr_0001149,1.0,0.0,1.711194,1.0,1.711194,0.0,0.0,0.0,0.0,0.0,0.0,0.0,0.0
addr_0001150,1.0,0.0,1.188931,1.0,1.188931,0.0,0.0,0.0,0.0,0.0,0.0,0.0,0.0
addr_0001151,1.0,1.0,1.869696,2.0,0.934848,84.73958333333333,1.0,2.0,0.0,1.0,1.0,9.668e-05,2.0
addr_0001153,0.0,3.0,5.9399,3.0,1.9799666666666667,34.708333333333336,1.0,3.0,0.3333,1.0,1.0,0.0007672933333333333,1.0
addr_0001154,0.0,1.0,1.579439,1.0,1.579439,0.0,1.0,1.0,0.0,1.0,1.0,0.00155469,2.0
addr_0001155,1.0,2.0,8.165187,3.0,2.721729,76.29166666666667,2.0,1.0,0.5,1.0,1.0,0.00032768500000000003,2.0
addr_0001156,0.0,1.0,2.291903,1.0,2.291903,0.0,1.0,2.0,0.0,1.0,1.0,2.182e-05,2.0
addr_0001158,1.0,0.0,0.396901,1.0,0.396901,0.0,0.0,0.0,0.0,0.0,0.0,0.0,0.0
addr_0001159,2.0,0.0,4.659686000000001,2.0,2.3298430000000003,84.41666666666667,0.0,0.0,0.0,0.0,0.0,0.0,0.0
addr_0001161,1.0,1.0,3.498771,2.0,1.7493855,0.125,1.0,1.0,0.0,1.0,1.0,2.797e-05,1.0
addr_0001163,0.0,1.0,0.765032,1.0,0.765032,0.0,1.0,1.0,0.0,1.0,1.0,0.00068253,2.0
addr_0001164,1.0,0.0,1.053278,1.0,1.053278,0.0,0.0,0.0,0.0,0.0,0.0,0.0,0.0
addr_0001165,1.0,1.0,0.9968839999999999,2.0,0.49844199999999994,119.16666666666667,1.0,1.0,0.0,1.0,1.0,0.00087274,2.0
addr_0001167,1.0,0.0,0.765032,1.0,0.765032,0.0,0.0,0.0,0.0,0.0,0.0,0.0,0.0
addr_0001171,0.0,1.0,0.109895,1.0,0.109895,0.0,1.0,1.0,0.0,1.0,1.0,0.00022208,2.0
addr_0001172,0.0,1.0,3.987898,1.0,3.987898,0.0,1.0,1.0,0.0,1.0,1.0,7.35e-05,2.0
addr_0001173,1.0,0.0,1.773485,1.0,1.773485,0.0,0.0,0.0,0.0,0.0,0.0,0.0,0.0
addr_0001174,1.0,0.0,2.429705,1.0,2.429705,0.0,0.0,0.0,0.0,0.0,0.0,0.0,0.0
addr_0001175,1.0,0.0,2.621828,1.0,2.621828,0.0,0.0,0.0,0.0,0.0,0.0,0.0,0.0
addr_0001176,0.0,1.0,0.126896,1.0,0.126896,0.0,1.0,4.0,0.0,1.0,1.0,0.0001029,2.0
addr_0001180,0.0,1.0,2.219528,1.0,2.219528,0.0,1.0,1.0,0.0,1.0,1.0,0.00039867,2.0
addr_0001181,0.0,1.0,6.119096,1.0,6.119096,0.0,1.0,1.0,0.0,1.0,1.0,0.00024334,2.0
addr_0001182,0.0,1.0,1.273704,1.0,1.273704,0.0,1.0,1.0,0.0,1.0,1.0,0.00128651,3.0
addr_0001183,0.0,1.0,1.185974,1.0,1.185974,0.0,1.0,5.0,0.0,1.0,1.0,0.00047389,3.0
addr_0001184,1.0,2.0,4.1834229999999994,3.0,1.3944743333333331,223.875,2.0,1.0,0.5,1.0,1.0,0.0005506199999999999,2.0
addr_0001186,1.0,0.0,1.540623,1.0,1.540623,0.0,0.0,0.0,0.0,0.0,0.0,0.0,0.0
addr_0001187,1.0,0.0,1.578237,1.0,1.578237,0.0,0.0,0.0,0.0,0.0,0.0,0.0,0.0
addr_0001188,0.0,1.0,2.457172,1.0,2.457172,0.0,2.0,1.0,0.0,1.0,1.0,0.00015362,2.0
addr_0001189,0.0,1.0,3.786778,1.0,3.786778,0.0,2.0,1.0,0.0,1.0,1.0,0.00054455,3.0
addr_0001190,2.0,0.0,6.788415,2.0,3.3942075,91.125,0.0,0.0,0.0,0.0,0.0,0.0,0.0
addr_0001191,0.0,1.0,0.394947,1.0,0.394947,0.0,1.0,1.0,0.0,1.0,1.0,8.91e-05,2.0
addr_0001193,1.0,1.0,4.252822999999999,2.0,2.1264114999999997,209.41666666666666,1.0,5.0,0.0,1.0,1.0,4.921e-05,2.0
addr_0001194,1.0,0.0,0.334531,1.0,0.334531,0.0,0.0,0.0,0.0,0.0,0.0,0.0,0.0
addr_0001195,1.0,0.0,0.189519,1.0,0.189519,0.0,0.0,0.0,0.0,0.0,0.0,0.0,0.0
addr_0001197,1.0,1.0,0.42019799999999996,2.0,0.21009899999999998,223.95833333333334,2.0,1.0,0.0,1.0,1.0,0.00043106,1.0
addr_0001198,0.0,1.0,1.543807,1.0,1.543807,0.0,1.0,1.0,0.0,1.0,1.0,0.00031852,3.0
addr_0001199,1.0,0.0,4.498212,1.0,4.498212,0.0,0.0,0.0,0.0,0.0,0.0,0.0,0.0
addr_0001202,0.0,1.0,0.013442,1.0,0.013442,0.0,1.0,1.0,0.0,1.0,1.0,0.000243,3.0
addr_0001203,1.0,1.0,1.2621699999999998,2.0,0.6310849999999999,34.916666666666664,1.0,1.0,0.0,1.0,1.0,0.00019892,3.0
addr_0001204,0.0,1.0,2.868806,1.0,2.868806,0.0,1.0,1.0,0.0,1.0,1.0,0.00081927,1.0
addr_0001205,1.0,0.0,0.095581,1.0,0.095581,0.0,0.0,0.0,0.0,0.0,0.0,0.0,0.0
addr_0001206,1.0,0.0,0.353765,1.0,0.353765,0.0,0.0,0.0,0.0,0.0,0.0,0.0,0.0
addr_0001207,1.0,0.0,10.179744,1.0,10.179744,0.0,0.0,0.0,0.0,0.0,0.0,0.0,0.0
addr_0001208,1.0,1.0,3.4256260000000003,2.0,1.7128130000000001,42.291666666666664,1.0,1.0,0.0,1.0,1.0,3.323e-05,2.0
addr_0001209,0.0,2.0,3.649249,2.0,1.8246245,175.375,1.0,1.0,0.5,1.0,1.0,9.2925e-05,2.0
addr_0001210,2.0,0.0,9.155542,2.0,4.577771,14.0125,0.0,0.0,0.0,0.0,0.0,0.0,0.0
addr_0001211,0.0,3.0,5.397727,3.0,1.7992423333333332,294.0416666666667,1.0,1.0,0.3333,1.0,1.0,0.00020156000000000001,2.0
addr_0001212,0.0,1.0,0.918526,1.0,0.918526,0.0,1.0,4.0,0.0,1.0,1.0,4.76e-05,2.0
addr_0001214,1.0,0.0,0.963465,1.0,0.963465,0.0,0.0,0.0,0.0,0.0,0.0,0.0,0.0
addr_0001215,1.0,0.0,2.975853,1.0,2.975853,0.0,0.0,0.0,0.0,0.0,0.0,0.0,0.0
addr_0001218,2.0,0.0,1.687351,2.0,0.8436755,48.958333333333336,0.0,0.0,0.0,0.0,0.0,0.0,0.0
addr_0001219,0.0,1.0,0.714291,1.0,0.714291,0.0,1.0,1.0,0.0,1.0,1.0,0.00026165,2.0
addr_0001221,1.0,0.0,0.428757,1.0,0.428757,0.0,0.0,0.0,0.0,0.0,0.0,0.0,0.0
addr_0001222,0.0,1.0,0.09243,1.0,0.09243,0.0,1.0,1.0,0.0,1.0,1.0,0.00076891,3.0
addr_0001224,2.0,0.0,3.7556570000000002,2.0,1.8778285000000001,6.75,0.0,0.0,0.0,0.0,0.0,0.0,0.0
addr_0001225,1.0,1.0,4.247975,2.0,2.1239875,287.5833333333333,1.0,1.0,0.0,1.0,1.0,0.00015801,2.0
addr_0001227,2.0,0.0,1.811788,2.0,0.905894,119.54166666666667,0.0,0.0,0.0,0.0,0.0,0.0,0.0
addr_0001228,1.0,0.0,1.790605,1.0,1.790605,0.0,0.0,0.0,0.0,0.0,0.0,0.0,0.0
addr_0001229,1.0,0.0,2.077764,1.0,2.077764,0.0,0.0,0.0,0.0,0.0,0.0,0.0,0.0
addr_0001231,1.0,1.0,2.1736590000000002,2.0,1.0868295000000001,153.20833333333334,1.0,3.0,0.0,1.0,1.0,0.00013863,3.0
addr_0001232,0.0,1.0,1.297496,1.0,1.297496,0.0,1.0,1.0,0.0,1.0,1.0,0.00024118,2.0
addr_0001235,1.0,0.0,4.783808,1.0,4.783808,0.0,0.0,0.0,0.0,0.0,0.0,0.0,0.0
addr_0001237,1.0,0.0,3.966615,1.0,3.966615,0.0,0.0,0.0,0.0,0.0,0.0,0.0,0.0
addr_0001239,1.0,1.0,0.452773,2.0,0.2263865,224.79166666666666,1.0,2.0,0.0,1.0,1.0,0.00038882,2.0
addr_0001241,1.0,0.0,6.101851,1.0,6.101851,0.0,0.0,0.0,0.0,0.0,0.0,0.0,0.0
addr_0001243,0.0,2.0,4.9926759999999994,2.0,2.4963379999999997,167.79166666666666,1.0,1.0,0.5,1.0,1.0,0.00028102,1.0
addr_0001244,1.0,1.0,6.640816,2.0,3.320408,174.38125,1.0,1.0,0.0,1.0,1.0,0.00033107,1.0
addr_0001245,0.0,1.0,3.668559,1.0,3.668559,0.0,1.0,1.0,0.0,1.0,1.0,0.00030289,3.0
addr_0001246,0.0,1.0,0.223524,1.0,0.223524,0.0,1.0,1.0,0.0,1.0,1.0,0.0007182,2.0
addr_0001247,0.0,1.0,0.065589,1.0,0.065589,0.0,1.0,4.0,0.0,1.0,1.0,9.031e-05,2.0
addr_0001248,1.0,0.0,3.158588,1.0,3.158588,0.0,0.0,0.0,0.0,0.0,0.0,0.0,0.0
addr_0001250,0.0,1.0,1.053278,1.0,1.053278,0.0,1.0,1.0,0.0,1.0,1.0,0.00100356,3.0
addr_0001251,2.0,0.0,4.874674000000001,2.0,2.4373370000000003,188.83333333333334,0.0,0.0,0.0,0.0,0.0,0.0,0.0
addr_0001252,1.0,1.0,4.705502,2.0,2.352751,13.958333333333334,1.0,1.0,0.0,1.0,1.0,0.0002652,2.0
addr_0001256,0.0,2.0,6.914960000000001,2.0,3.4574800000000003,119.375,1.0,2.0,0.5,1.0,1.0,0.000699545,2.0
addr_0001259,0.0,1.0,1.324827,1.0,1.324827,0.0,1.0,1.0,0.0,1.0,1.0,0.00021597,2.0
addr_0001260,0.0,1.0,0.31442,1.0,0.31442,0.0,1.0,1.0,0.0,1.0,1.0,0.00022813,2.0
addr_0001261,2.0,0.0,1.666725,2.0,0.8333625,56.375,0.0,0.0,0.0,0.0,0.0,0.0,0.0
addr_0001262,0.0,2.0,2.004449,2.0,1.0022245,182.0,1.0,1.0,0.5,1.0,1.0,0.00049126,2.0
addr_0001263,0.0,2.0,7.473275,2.0,3.7366375,146.83333333333334,2.0,1.0,0.5,1.0,1.0,9.8805e-05,3.0
addr_0001264,0.0,1.0,0.424739,1.0,0.424739,0.0,1.0,1.0,0.0,1.0,1.0,0.0003034,3.0
addr_0001266,1.0,2.0,3.390048,3.0,1.1300160000000001,133.16666666666666,1.0,5.0,0.5,1.0,1.0,0.000959165,3.0
addr_0001269,1.0,0.0,2.416015,1.0,2.416015,0.0,0.0,0.0,0.0,0.0,0.0,0.0,0.0
addr_0001270,0.0,1.0,0.572868,1.0,0.572868,0.0,1.0,1.0,0.0,1.0,1.0,0.00040883,2.0
addr_0001273,2.0,2.0,3.377923,4.0,0.84448075,231.08333333333334,1.0,1.0,0.5,1.0,1.0,0.00013107,2.0
addr_0001274,1.0,1.0,4.415262,2.0,2.207631,21.458333333333332,1.0,1.0,0.0,1.0,1.0,0.00011581,2.0
addr_0001277,0.0,1.0,0.291797,1.0,0.291797,0.0,1.0,1.0,0.0,1.0,1.0,0.00031057,2.0
addr_0001281,1.0,0.0,0.623582,1.0,0.623582,0.0,0.0,0.0,0.0,0.0,0.0,0.0,0.0
addr_0001283,0.0,1.0,4.722898,1.0,4.722898,0.0,1.0,1.0,0.0,1.0,1.0,0.00022643,2.0
addr_0001284,0.0,1.0,1.477552,1.0,1.477552,0.0,1.0,1.0,0.0,1.0,1.0,0.00075012,3.0
addr_0001286,0.0,1.0,2.762738,1.0,2.762738,0.0,1.0,1.0,0.0,1.0,1.0,0.00077042,2.0
addr_0001287,1.0,1.0,8.429235,2.0,4.2146175,14.375,1.0,1.0,0.0,1.0,1.0,5.72e-06,2.0
addr_0001288,1.0,0.0,1.259877,1.0,1.259877,0.0,0.0,0.0,0.0,0.0,0.0,0.0,0.0
addr_0001290,2.0,0.0,4.91102,2.0,2.45551,83.70833333333333,0.0,0.0,0.0,0.0,0.0,0.0,0.0
addr_0001291,0.0,1.0,2.119159,1.0,2.119159,0.0,1.0,1.0,0.0,1.0,1.0,9.766e-05,2.0
addr_0001292,2.0,1.0,1.676247,3.0,0.558749,160.54166666666666,1.0,3.0,0.0,1.0,1.0,0.00050781,3.0
addr_0001294,1.0,0.0,0.213131,1.0,0.213131,0.0,0.0,0.0,0.0,0.0,0.0,0.0,0.0
addr_0001296,1.0,0.0,1.586622,1.0,1.586622,0.0,0.0,0.0,0.0,0.0,0.0,0.0,0.0
addr_0001297,2.0,0.0,1.134105,2.0,0.5670525,14.041666666666666,0.0,0.0,0.0,0.0,0.0,0.0,0.0
addr_0001299,1.0,1.0,2.532601,2.0,1.2663005,105.04166666666667,1.0,1.0,0.0,1.0,1.0,0.00031257,3.0
addr_0001303,0.0,1.0,0.948952,1.0,0.948952,0.0,1.0,1.0,0.0,1.0,1.0,0.00126266,3.0
addr_0001305,1.0,0.0,2.274256,1.0,2.274256,0.0,0.0,0.0,0.0,0.0,0.0,0.0,0.0
addr_0001306,0.0,1.0,0.354144,1.0,0.354144,0.0,1.0,1.0,0.0,1.0,1.0,0.00056795,2.0
addr_0001309,0.0,1.0,1.283383,1.0,1.283383,0.0,2.0,1.0,0.0,1.0,1.0,0.00036826,2.0
addr_0001310,1.0,0.0,0.269004,1.0,0.269004,0.0,0.0,0.0,0.0,0.0,0.0,0.0,0.0
addr_0001311,0.0,2.0,5.549555,2.0,2.7747775,147.08333333333334,2.0,1.0,0.5,1.0,1.0,0.00016757,3.0
addr_0001314,0.0,1.0,4.848665,1.0,4.848665,0.0,1.0,1.0,0.0,1.0,1.0,5.261e-05,3.0
addr_0001316,0.0,1.0,2.950609,1.0,2.950609,0.0,1.0,1.0,0.0,1.0,1.0,0.00066056,3.0
addr_0001318,1.0,0.0,0.278658,1.0,0.278658,0.0,0.0,0.0,0.0,0.0,0.0,0.0,0.0
addr_0001321,2.0,0.0,2.237258,2.0,1.118629,280.0416666666667,0.0,0.0,0.0,0.0,0.0,0.0,0.0
addr_0001322,0.0,1.0,2.639558,1.0,2.639558,0.0,1.0,1.0,0.0,1.0,1.0,0.00053647,3.0
addr_0001324,1.0,0.0,1.189611,1.0,1.189611,0.0,0.0,0.0,0.0,0.0,0.0,0.0,0.0
addr_0001325,1.0,0.0,4.194601,1.0,4.194601,0.0,0.0,0.0,0.0,0.0,0.0,0.0,0.0
addr_0001328,1.0,0.0,0.202791,1.0,0.202791,0.0,0.0,0.0,0.0,0.0,0.0,0.0,0.0
addr_0001329,1.0,0.0,1.893568,1.0,1.893568,0.0,0.0,0.0,0.0,0.0,0.0,0.0,0.0
addr_0001331,1.0,0.0,0.009951,1.0,0.009951,0.0,0.0,0.0,0.0,0.0,0.0,0.0,0.0
addr_0001333,2.0,0.0,2.44942,2.0,1.22471,231.625,0.0,0.0,0.0,0.0,0.0,0.0,0.0
addr_0001335,1.0,0.0,0.017406,1.0,0.017406,0.0,0.0,0.0,0.0,0.0,0.0,0.0,0.0
addr_0001336,1.0,0.0,1.674336,1.0,1.674336,0.0,0.0,0.0,0.0,0.0,0.0,0.0,0.0
addr_0001339,1.0,1.0,2.669894,2.0,1.334947,20.916666666666668,1.0,4.0,0.0,1.0,1.0,0.00019882,2.0
addr_0001340,1.0,2.0,10.140553,3.0,3.3801843333333337,175.45833333333334,1.0,3.0,0.5,1.0,1.0,6.527e-05,3.0
addr_0001342,0.0,1.0,1.465889,1.0,1.465889,0.0,1.0,1.0,0.0,1.0,1.0,0.00034219,3.0
addr_0001343,2.0,0.0,3.9667299999999996,2.0,1.9833649999999998,27.708333333333332,0.0,0.0,0.0,0.0,0.0,0.0,0.0
addr_0001345,0.0,1.0,1.687843,1.0,1.687843,0.0,1.0,2.0,0.0,1.0,1.0,0.0003322,2.0
addr_0001347,1.0,0.0,3.482848,1.0,3.482848,0.0,0.0,0.0,0.0,0.0,0.0,0.0,0.0
addr_0001348,1.0,1.0,10.982958,2.0,5.491479,35.0,1.0,1.0,0.0,1.0,1.0,5.809e-05,2.0
addr_0001349,1.0,0.0,3.589102,1.0,3.589102,0.0,0.0,0.0,0.0,0.0,0.0,0.0,0.0
addr_0001351,0.0,1.0,4.00025,1.0,4.00025,0.0,1.0,1.0,0.0,1.0,1.0,0.00019285,2.0
addr_0001354,0.0,1.0,0.308006,1.0,0.308006,0.0,1.0,1.0,0.0,1.0,1.0,7.133e-05,3.0
addr_0001355,1.0,0.0,2.409485,1.0,2.409485,0.0,0.0,0.0,0.0,0.0,0.0,0.0,0.0
addr_0001356,0.0,1.0,0.334981,1.0,0.334981,0.0,1.0,1.0,0.0,1.0,1.0,0.0007611,1.0
addr_0001357,0.0,1.0,2.960262,1.0,2.960262,0.0,1.0,1.0,0.0,1.0,1.0,0.00030093,2.0
addr_0001358,1.0,0.0,2.914068,1.0,2.914068,0.0,0.0,0.0,0.0,0.0,0.0,0.0,0.0
addr_0001360,0.0,1.0,5.821816,1.0,5.821816,0.0,1.0,1.0,0.0,1.0,1.0,0.00055632,2.0
addr_0001361,0.0,1.0,0.055398,1.0,0.055398,0.0,1.0,1.0,0.0,1.0,1.0,0.00096664,3.0
addr_0001362,1.0,0.0,0.294887,1.0,0.294887,0.0,0.0,0.0,0.0,0.0,0.0,0.0,0.0
addr_0001364,1.0,0.0,1.099263,1.0,1.099263,0.0,0.0,0.0,0.0,0.0,0.0,0.0,0.0
addr_0001366,0.0,1.0,0.00354,1.0,0.00354,0.0,1.0,5.0,0.0,1.0,1.0,9.117e-05,3.0
addr_0001367,1.0,2.0,4.191287,3.0,1.3970956666666667,56.328472222222224,1.0,3.0,0.5,1.0,1.0,0.000364895,2.0
addr_0001368,0.0,1.0,2.118081,1.0,2.118081,0.0,1.0,1.0,0.0,1.0,1.0,9.615e-05,2.0
addr_0001369,0.0,1.0,4.547596,1.0,4.547596,0.0,1.0,1.0,0.0,1.0,1.0,0.00038673,2.0
addr_0001371,1.0,0.0,1.325814,1.0,1.325814,0.0,0.0,0.0,0.0,0.0,0.0,0.0,0.0
addr_0001372,1.0,1.0,3.791102,2.0,1.895551,48.875,1.0,1.0,0.0,1.0,1.0,0.00082792,1.0
addr_0001373,1.0,2.0,3.9088189999999994,3.0,1.3029396666666664,112.125,1.0,2.0,0.5,1.0,1.0,0.000393215,3.0
addr_0001374,1.0,2.0,4.751435,3.0,1.5838116666666666,139.33333333333334,1.0,1.0,0.5,1.0,1.0,0.000209685,2.0
addr_0001375,1.0,0.0,2.703403,1.0,2.703403,0.0,0.0,0.0,0.0,0.0,0.0,0.0,0.0
addr_0001376,1.0,1.0,3.851254,2.0,1.925627,154.29166666666666,1.0,1.0,0.0,1.0,1.0,0.00011085,2.0
addr_0001378,0.0,2.0,13.614298999999999,2.0,6.8071494999999995,118.66666666666667,2.0,1.0,0.5,1.0,1.0,0.00022836,3.0
addr_0001380,2.0,0.0,2.986415,2.0,1.4932075,188.91666666666666,0.0,0.0,0.0,0.0,0.0,0.0,0.0
addr_0001381,1.0,0.0,0.47808,1.0,0.47808,0.0,0.0,0.0,0.0,0.0,0.0,0.0,0.0
addr_0001383,1.0,0.0,0.154198,1.0,0.154198,0.0,0.0,0.0,0.0,0.0,0.0,0.0,0.0
addr_0001384,1.0,0.0,3.912502,1.0,3.912502,0.0,0.0,0.0,0.0,0.0,0.0,0.0,0.0
addr_0001386,1.0,1.0,2.257486,2.0,1.128743,224.0,2.0,1.0,0.0,1.0,1.0,0.00070891,3.0
addr_0001387,0.0,1.0,1.081138,1.0,1.081138,0.0,1.0,1.0,0.0,1.0,1.0,0.0016613,2.0
addr_0001388,1.0,0.0,0.791314,1.0,0.791314,0.0,0.0,0.0,0.0,0.0,0.0,0.0,0.0
addr_0001389,1.0,0.0,2.782923,1.0,2.782923,0.0,0.0,0.0,0.0,0.0,0.0,0.0,0.0
addr_0001390,1.0,0.0,2.204753,1.0,2.204753,0.0,0.0,0.0,0.0,0.0,0.0,0.0,0.0
addr_0001391,1.0,0.0,1.99305,1.0,1.99305,0.0,0.0,0.0,0.0,0.0,0.0,0.0,0.0
addr_0001393,0.0,2.0,2.742321,2.0,1.3711605,0.20833333333333334,2.0,1.0,1.0,1.0,1.0,0.000630875,1.0
addr_0001395,0.0,1.0,1.805294,1.0,1.805294,0.0,1.0,1.0,0.0,1.0,1.0,0.00055831,3.0
addr_0001396,0.0,1.0,4.462986,1.0,4.462986,0.0,1.0,1.0,0.0,1.0,1.0,0.000409,2.0
addr_0001397,0.0,1.0,2.915022,1.0,2.915022,0.0,1.0,1.0,0.0,1.0,1.0,0.00043441,2.0
addr_0001398,1.0,0.0,3.067288,1.0,3.067288,0.0,0.0,0.0,0.0,0.0,0.0,0.0,0.0
addr_0001400,1.0,1.0,1.9457710000000001,2.0,0.9728855000000001,217.54166666666666,1.0,1.0,0.0,1.0,1.0,7.815e-05,2.0
addr_0001401,1.0,0.0,0.90999,1.0,0.90999,0.0,0.0,0.0,0.0,0.0,0.0,0.0,0.0
addr_0001402,1.0,1.0,5.466186,2.0,2.733093,20.916666666666668,1.0,1.0,0.0,1.0,1.0,5.35e-06,2.0
addr_0001403,0.0,1.0,0.115239,1.0,0.115239,0.0,1.0,1.0,0.0,1.0,1.0,0.00052507,3.0
addr_0001405,1.0,3.0,9.660198999999999,4.0,2.4150497499999997,196.16666666666666,2.0,1.0,0.3333,1.0,1.0,0.00036670333333333334,2.0
addr_0001406,2.0,1.0,3.2966430000000004,3.0,1.0988810000000002,104.5,1.0,1.0,0.0,1.0,1.0,3.726e-05,2.0
addr_0001409,1.0,0.0,3.133271,1.0,3.133271,0.0,0.0,0.0,0.0,0.0,0.0,0.0,0.0
addr_0001411,1.0,0.0,1.537605,1.0,1.537605,0.0,0.0,0.0,0.0,0.0,0.0,0.0,0.0
addr_0001413,0.0,3.0,6.308296,3.0,2.1027653333333336,209.875,1.0,3.0,0.3333,1.0,1.0,0.00040281999999999997,2.0
addr_0001414,0.0,1.0,0.741187,1.0,0.741187,0.0,1.0,4.0,0.0,1.0,1.0,8.502e-05,3.0
addr_0001415,0.0,1.0,0.12849,1.0,0.12849,0.0,1.0,1.0,0.0,1.0,1.0,0.00082295,2.0
addr_0001416,1.0,0.0,0.342702,1.0,0.342702,0.0,0.0,0.0,0.0,0.0,0.0,0.0,0.0
addr_0001417,1.0,0.0,0.470505,1.0,0.470505,0.0,0.0,0.0,0.0,0.0,0.0,0.0,0.0
addr_0001418,1.0,0.0,0.995752,1.0,0.995752,0.0,0.0,0.0,0.0,0.0,0.0,0.0,0.0
addr_0001419,1.0,0.0,2.175253,1.0,2.175253,0.0,0.0,0.0,0.0,0.0,0.0,0.0,0.0
addr_0001422,1.0,0.0,0.30103,1.0,0.30103,0.0,0.0,0.0,0.0,0.0,0.0,0.0,0.0
addr_0001423,0.0,1.0,2.439577,1.0,2.439577,0.0,1.0,3.0,0.0,1.0,1.0,0.00026899,2.0
addr_0001424,1.0,0.0,0.09272,1.0,0.09272,0.0,0.0,0.0,0.0,0.0,0.0,0.0,0.0
addr_0001426,1.0,1.0,4.9031780000000005,2.0,2.4515890000000002,224.58333333333334,1.0,1.0,0.0,1.0,1.0,0.0003204,3.0
addr_0001430,0.0,1.0,1.965584,1.0,1.965584,0.0,1.0,3.0,0.0,1.0,1.0,0.00037589,3.0
addr_0001431,2.0,0.0,2.749449,2.0,1.3747245,21.583333333333332,0.0,0.0,0.0,0.0,0.0,0.0,0.0
addr_0001432,1.0,1.0,4.7287,2.0,2.36435,195.16666666666666,1.0,1.0,0.0,1.0,1.0,0.00045578,2.0
addr_0001434,0.0,1.0,5.79273,1.0,5.79273,0.0,1.0,3.0,0.0,1.0,1.0,0.00012641,2.0
addr_0001436,0.0,1.0,3.401213,1.0,3.401213,0.0,1.0,1.0,0.0,1.0,1.0,0.00077195,1.0
addr_0001438,0.0,1.0,1.282879,1.0,1.282879,0.0,1.0,1.0,0.0,1.0,1.0,0.00101973,2.0
addr_0001440,1.0,0.0,1.918093,1.0,1.918093,0.0,0.0,0.0,0.0,0.0,0.0,0.0,0.0
addr_0001444,1.0,0.0,0.651563,1.0,0.651563,0.0,0.0,0.0,0.0,0.0,0.0,0.0,0.0
addr_0001446,0.0,1.0,15.229332,1.0,15.229332,0.0,1.0,1.0,0.0,1.0,1.0,0.00014741,2.0
addr_0001448,2.0,1.0,4.732305,3.0,1.5774350000000001,112.08333333333333,1.0,7.0,0.0,1.0,1.0,0.00037617,3.0
addr_0001449,0.0,1.0,1.81284,1.0,1.81284,0.0,1.0,1.0,0.0,1.0,1.0,0.0002559,2.0
addr_0001450,0.0,1.0,1.528981,1.0,1.528981,0.0,1.0,1.0,0.0,1.0,1.0,8.356e-05,3.0
addr_0001451,1.0,0.0,0.59505,1.0,0.59505,0.0,0.0,0.0,0.0,0.0,0.0,0.0,0.0
addr_0001454,1.0,0.0,0.998017,1.0,0.998017,0.0,0.0,0.0,0.0,0.0,0.0,0.0,0.0
addr_0001456,2.0,0.0,1.737592,2.0,0.868796,20.75,0.0,0.0,0.0,0.0,0.0,0.0,0.0
addr_0001457,1.0,0.0,3.987898,1.0,3.987898,0.0,0.0,0.0,0.0,0.0,0.0,0.0,0.0
addr_0001458,1.0,0.0,0.872909,1.0,0.872909,0.0,0.0,0.0,0.0,0.0,0.0,0.0,0.0
addr_0001459,1.0,1.0,2.313619,2.0,1.1568095,272.7083333333333,1.0,1.0,0.0,1.0,1.0,5.948e-05,2.0
addr_0001460,0.0,1.0,0.138999,1.0,0.138999,0.0,1.0,1.0,0.0,1.0,1.0,0.00011201,3.0
addr_0001461,1.0,1.0,5.580413999999999,2.0,2.7902069999999997,0.041666666666666664,1.0,1.0,0.0,1.0,1.0,0.00027356,2.0
addr_0001463,1.0,0.0,3.577798,1.0,3.577798,0.0,0.0,0.0,0.0,0.0,0.0,0.0,0.0
addr_0001464,0.0,1.0,3.190329,1.0,3.190329,0.0,1.0,1.0,0.0,1.0,1.0,0.00123356,2.0
addr_0001467,0.0,2.0,10.873181,2.0,5.4365905,287.9166666666667,2.0,1.0,0.5,1.0,1.0,7.4505e-05,2.0
addr_0001468,2.0,0.0,4.388355,2.0,2.1941775,328.875,0.0,0.0,0.0,0.0,0.0,0.0,0.0
addr_0001470,1.0,2.0,1.966986,3.0,0.655662,182.04166666666666,1.0,1.0,0.5,1.0,1.0,0.000271645,3.0
addr_0001471,1.0,0.0,6.169668,1.0,6.169668,0.0,0.0,0.0,0.0,0.0,0.0,0.0,0.0
addr_0001472,1.0,0.0,2.157889,1.0,2.157889,0.0,0.0,0.0,0.0,0.0,0.0,0.0,0.0
addr_0001473,2.0,0.0,7.142613000000001,2.0,3.5713065000000004,132.83333333333334,0.0,0.0,0.0,0.0,0.0,0.0,0.0
addr_0001474,1.0,0.0,2.338611,1.0,2.338611,0.0,0.0,0.0,0.0,0.0,0.0,0.0,0.0
addr_0001475,1.0,0.0,2.219528,1.0,2.219528,0.0,0.0,0.0,0.0,0.0,0.0,0.0,0.0
addr_0001476,0.0,2.0,6.862465,2.0,3.4312325,28.006944444444443,1.0,1.0,0.5,1.0,1.0,0.00065357,2.0
addr_0001481,1.0,0.0,0.028609,1.0,0.028609,0.0,0.0,0.0,0.0,0.0,0.0,0.0,0.0
addr_0001482,1.0,0.0,2.70154,1.0,2.70154,0.0,0.0,0.0,0.0,0.0,0.0,0.0,0.0
addr_0001483,1.0,0.0,0.790657,1.0,0.790657,0.0,0.0,0.0,0.0,0.0,0.0,0.0,0.0
addr_0001485,0.0,1.0,0.446146,1.0,0.446146,0.0,1.0,5.0,0.0,1.0,1.0,8.125e-05,1.0
addr_0001488,2.0,0.0,7.041534,2.0,3.520767,321.6666666666667,0.0,0.0,0.0,0.0,0.0,0.0,0.0
addr_0001490,1.0,0.0,0.992802,1.0,0.992802,0.0,0.0,0.0,0.0,0.0,0.0,0.0,0.0
addr_0001492,0.0,1.0,2.201587,1.0,2.201587,0.0,1.0,1.0,0.0,1.0,1.0,0.00027057,2.0
addr_0001493,1.0,1.0,1.373604,2.0,0.686802,174.75,1.0,1.0,0.0,1.0,1.0,5.848e-05,3.0
addr_0001494,1.0,0.0,0.102864,1.0,0.102864,0.0,0.0,0.0,0.0,0.0,0.0,0.0,0.0
addr_0001497,0.0,2.0,3.612743,2.0,1.8063715,6.416666666666667,1.0,1.0,0.5,1.0,1.0,0.00077419,3.0
addr_0001498,2.0,0.0,0.43389099999999997,2.0,0.21694549999999999,6.583333333333333,0.0,0.0,0.0,0.0,0.0,0.0,0.0
addr_0001499,1.0,0.0,0.644765,1.0,0.644765,0.0,0.0,0.0,0.0,0.0,0.0,0.0,0.0
addr_0001500,1.0,0.0,2.179594,1.0,2.179594,0.0,0.0,0.0,0.0,0.0,0.0,0.0,0.0
addr_0001501,2.0,0.0,5.309670000000001,2.0,2.6548350000000003,112.0,0.0,0.0,0.0,0.0,0.0,0.0,0.0
addr_0001503,0.0,1.0,4.090155,1.0,4.090155,0.0,1.0,1.0,0.0,1.0,1.0,0.00042572,2.0
addr_0001506,0.0,1.0,2.683824,1.0,2.683824,0.0,1.0,1.0,0.0,1.0,1.0,0.0001553,3.0
addr_0001508,1.0,0.0,3.411844,1.0,3.411844,0.0,0.0,0.0,0.0,0.0,0.0,0.0,0.0
addr_0001510,0.0,1.0,1.433016,1.0,1.433016,0.0,1.0,2.0,0.0,1.0,1.0,0.00052467,3.0
addr_0001511,1.0,2.0,5.341039,3.0,1.7803463333333334,300.875,1.0,2.0,0.5,1.0,1.0,0.0007075,2.0
addr_0001512,0.0,1.0,0.184423,1.0,0.184423,0.0,1.0,1.0,0.0,1.0,1.0,0.00047582,2.0
addr_0001514,1.0,0.0,0.346577,1.0,0.346577,0.0,0.0,0.0,0.0,0.0,0.0,0.0,0.0
addr_0001516,1.0,0.0,1.062928,1.0,1.062928,0.0,0.0,0.0,0.0,0.0,0.0,0.0,0.0
addr_0001518,3.0,1.0,6.5640149999999995,4.0,1.6410037499999999,230.33333333333334,1.0,1.0,0.0,1.0,1.0,3.925e-05,3.0
addr_0001519,1.0,0.0,6.707712,1.0,6.707712,0.0,0.0,0.0,0.0,0.0,0.0,0.0,0.0
addr_0001520,1.0,1.0,1.975751,2.0,0.9878755,62.166666666666664,1.0,3.0,0.0,1.0,1.0,1.933e-05,2.0
addr_0001521,0.0,3.0,4.380371,3.0,1.4601236666666668,279.9166666666667,2.0,1.0,0.3333,1.0,1.0,0.0005295966666666667,3.0
addr_0001523,0.0,1.0,0.953617,1.0,0.953617,0.0,1.0,1.0,0.0,1.0,1.0,0.00027956,2.0
addr_0001524,1.0,1.0,6.409414,2.0,3.204707,21.458333333333332,1.0,3.0,0.0,1.0,1.0,0.00018065,2.0
addr_0001525,1.0,0.0,1.37119,1.0,1.37119,0.0,0.0,0.0,0.0,0.0,0.0,0.0,0.0
addr_0001529,0.0,1.0,3.51709,1.0,3.51709,0.0,1.0,1.0,0.0,1.0,1.0,4.66e-06,3.0
addr_0001530,0.0,1.0,3.202959,1.0,3.202959,0.0,1.0,1.0,0.0,1.0,1.0,3.038e-05,2.0
addr_0001534,1.0,1.0,2.116781,2.0,1.0583905,111.58333333333333,1.0,1.0,0.0,1.0,1.0,0.00012244,2.0
addr_0001535,0.0,1.0,0.543778,1.0,0.543778,0.0,1.0,1.0,0.0,1.0,1.0,0.00048034,2.0
addr_0001538,1.0,1.0,1.378975,2.0,0.6894875,252.375,1.0,1.0,0.0,1.0,1.0,0.00013121,3.0
addr_0001539,0.0,1.0,0.067051,1.0,0.067051,0.0,1.0,1.0,0.0,1.0,1.0,0.00046413,2.0
addr_0001540,2.0,0.0,0.681917,2.0,0.3409585,56.166666666666664,0.0,0.0,0.0,0.0,0.0,0.0,0.0
addr_0001543,0.0,1.0,0.631392,1.0,0.631392,0.0,1.0,1.0,0.0,1.0,1.0,4.492e-05,2.0
addr_0001544,1.0,0.0,1.304131,1.0,1.304131,0.0,0.0,0.0,0.0,0.0,0.0,0.0,0.0
addr_0001547,1.0,1.0,0.610629,2.0,0.3053145,174.83333333333334,1.0,1.0,0.0,1.0,1.0,0.00130363,2.0
addr_0001548,1.0,2.0,6.007643,3.0,2.0025476666666666,273.3333333333333,1.0,1.0,0.5,1.0,1.0,0.00066363,3.0
addr_0001549,1.0,1.0,2.903839,2.0,1.4519195,196.33333333333334,1.0,1.0,0.0,1.0,1.0,0.00041593,2.0
addr_0001551,1.0,1.0,0.929378,2.0,0.464689,76.54166666666667,1.0,1.0,0.0,1.0,1.0,0.00071896,2.0
addr_0001552,0.0,1.0,2.217903,1.0,2.217903,0.0,2.0,4.0,0.0,1.0,1.0,0.00013761,3.0
addr_0001553,1.0,0.0,5.819052,1.0,5.819052,0.0,0.0,0.0,0.0,0.0,0.0,0.0,0.0
addr_0001555,0.0,1.0,3.742157,1.0,3.742157,0.0,1.0,1.0,0.0,1.0,1.0,9.996e-05,2.0
addr_0001556,2.0,1.0,3.0564419999999997,3.0,1.0188139999999999,132.79166666666666,1.0,1.0,0.0,1.0,1.0,8.25e-05,2.0
addr_0001558,1.0,1.0,2.955613,2.0,1.4778065,63.75,1.0,1.0,0.0,1.0,1.0,0.00065253,2.0
addr_0001559,1.0,2.0,11.330265999999998,3.0,3.7767553333333326,287.0097222222222,2.0,1.0,0.5,1.0,1.0,0.001588525,2.0
addr_0001561,3.0,0.0,4.65397,3.0,1.5513233333333334,133.33333333333334,0.0,0.0,0.0,0.0,0.0,0.0,0.0
addr_0001564,1.0,1.0,3.1375919999999997,2.0,1.5687959999999999,133.56458333333333,1.0,1.0,0.0,1.0,1.0,0.00038982,2.0
addr_0001565,1.0,1.0,5.898485,2.0,2.9492425,104.91666666666667,1.0,1.0,0.0,1.0,1.0,0.00023058,2.0
addr_0001567,1.0,0.0,0.457718,1.0,0.457718,0.0,0.0,0.0,0.0,0.0,0.0,0.0,0.0
addr_0001568,1.0,0.0,1.311809,1.0,1.311809,0.0,0.0,0.0,0.0,0.0,0.0,0.0,0.0
addr_0001574,0.0,1.0,0.33123,1.0,0.33123,0.0,2.0,1.0,0.0,1.0,1.0,6.883e-05,2.0
addr_0001575,1.0,0.0,1.15726,1.0,1.15726,0.0,0.0,0.0,0.0,0.0,0.0,0.0,0.0
addr_0001577,1.0,0.0,4.767508,1.0,4.767508,0.0,0.0,0.0,0.0,0.0,0.0,0.0,0.0
addr_0001579,1.0,1.0,2.684297,2.0,1.3421485,238.375,1.0,7.0,0.0,1.0,1.0,0.00025536,2.0
addr_0001581,1.0,0.0,6.018637,1.0,6.018637,0.0,0.0,0.0,0.0,0.0,0.0,0.0,0.0
addr_0001582,1.0,0.0,1.525745,1.0,1.525745,0.0,0.0,0.0,0.0,0.0,0.0,0.0,0.0
addr_0001583,1.0,0.0,2.740725,1.0,2.740725,0.0,0.0,0.0,0.0,0.0,0.0,0.0,0.0
addr_0001584,1.0,0.0,0.031269,1.0,0.031269,0.0,0.0,0.0,0.0,0.0,0.0,0.0,0.0
addr_0001590,1.0,0.0,0.764021,1.0,0.764021,0.0,0.0,0.0,0.0,0.0,0.0,0.0,0.0
addr_0001591,0.0,1.0,0.638947,1.0,0.638947,0.0,1.0,3.0,0.0,1.0,1.0,6.509e-05,2.0
addr_0001592,0.0,2.0,9.133858,2.0,4.566929,35.333333333333336,1.0,1.0,0.5,1.0,1.0,0.00071822,3.0
addr_0001594,0.0,1.0,1.582435,1.0,1.582435,0.0,1.0,1.0,0.0,1.0,1.0,0.00073771,2.0
addr_0001596,0.0,2.0,1.3174160000000001,2.0,0.6587080000000001,69.95833333333333,2.0,3.0,0.5,1.0,1.0,0.00024905,3.0
addr_0001597,0.0,1.0,3.985952,1.0,3.985952,0.0,1.0,1.0,0.0,1.0,1.0,0.00096287,3.0
addr_0001598,1.0,0.0,0.463457,1.0,0.463457,0.0,0.0,0.0,0.0,0.0,0.0,0.0,0.0
addr_0001599,0.0,1.0,0.638393,1.0,0.638393,0.0,1.0,1.0,0.0,1.0,1.0,0.00035794,2.0
addr_0001602,0.0,1.0,4.816227,1.0,4.816227,0.0,1.0,1.0,0.0,1.0,1.0,0.00011098,1.0
addr_0001603,1.0,0.0,0.55309,1.0,0.55309,0.0,0.0,0.0,0.0,0.0,0.0,0.0,0.0
addr_0001604,1.0,1.0,4.441069,2.0,2.2205345,6.666666666666667,1.0,1.0,0.0,1.0,1.0,0.0002475,2.0
addr_0001605,0.0,1.0,2.205511,1.0,2.205511,0.0,1.0,1.0,0.0,1.0,1.0,0.00040494,2.0
addr_0001606,0.0,1.0,7.226652,1.0,7.226652,0.0,1.0,1.0,0.0,1.0,1.0,0.00012891,2.0
addr_0001609,1.0,0.0,7.315019,1.0,7.315019,0.0,0.0,0.0,0.0,0.0,0.0,0.0,0.0
addr_0001610,0.0,1.0,2.405211,1.0,2.405211,0.0,1.0,3.0,0.0,1.0,1.0,0.0001471,1.0
addr_0001611,1.0,0.0,2.622795,1.0,2.622795,0.0,0.0,0.0,0.0,0.0,0.0,0.0,0.0
addr_0001612,1.0,0.0,0.074188,1.0,0.074188,0.0,0.0,0.0,0.0,0.0,0.0,0.0,0.0
addr_0001616,1.0,1.0,1.9263620000000001,2.0,0.9631810000000001,132.5,1.0,2.0,0.0,1.0,1.0,0.0002252,2.0
addr_0001619,1.0,0.0,2.118081,1.0,2.118081,0.0,0.0,0.0,0.0,0.0,0.0,0.0,0.0
addr_0001620,2.0,0.0,6.63218,2.0,3.31609,104.625,0.0,0.0,0.0,0.0,0.0,0.0,0.0
addr_0001624,0.0,1.0,3.879433,1.0,3.879433,0.0,1.0,1.0,0.0,1.0,1.0,8.762e-05,3.0
addr_0001627,2.0,0.0,2.586137,2.0,1.2930685,90.625,0.0,0.0,0.0,0.0,0.0,0.0,0.0
addr_0001628,1.0,0.0,3.36878,1.0,3.36878,0.0,0.0,0.0,0.0,0.0,0.0,0.0,0.0
addr_0001629,1.0,0.0,0.755144,1.0,0.755144,0.0,0.0,0.0,0.0,0.0,0.0,0.0,0.0
addr_0001630,0.0,1.0,0.63504,1.0,0.63504,0.0,1.0,3.0,0.0,1.0,1.0,0.00172467,2.0
addr_0001631,0.0,1.0,3.869586,1.0,3.869586,0.0,2.0,1.0,0.0,1.0,1.0,3.07e-05,2.0
addr_0001635,0.0,1.0,0.374869,1.0,0.374869,0.0,1.0,2.0,0.0,1.0,1.0,0.00090907,1.0
addr_0001636,0.0,1.0,6.839421,1.0,6.839421,0.0,1.0,1.0,0.0,1.0,1.0,2.084e-05,2.0
addr_0001637,0.0,3.0,3.3194589999999997,3.0,1.1064863333333332,62.833333333333336,1.0,1.0,0.3333,1.0,1.0,0.00046645666666666666,3.0
addr_0001638,1.0,1.0,4.570286,2.0,2.285143,76.375,1.0,1.0,0.0,1.0,1.0,0.0002812,3.0
addr_0001641,0.0,2.0,0.456142,2.0,0.228071,77.04166666666667,1.0,4.0,0.5,1.0,1.0,0.00082947,2.0
addr_0001642,2.0,1.0,3.577846,3.0,1.1926153333333334,97.98611111111111,1.0,1.0,0.0,1.0,1.0,0.00049051,3.0
addr_0001645,1.0,1.0,1.667794,2.0,0.833897,83.75,1.0,3.0,0.0,1.0,1.0,0.00166322,2.0
addr_0001647,0.0,1.0,0.488959,1.0,0.488959,0.0,1.0,1.0,0.0,1.0,1.0,0.00013196,2.0
addr_0001650,2.0,1.0,6.206912,3.0,2.0689706666666665,252.25,1.0,4.0,0.0,1.0,1.0,0.00058405,3.0
addr_0001652,0.0,1.0,0.200644,1.0,0.200644,0.0,1.0,1.0,0.0,1.0,1.0,0.00024657,2.0
addr_0001653,0.0,2.0,10.200043,2.0,5.1000215,133.41666666666666,1.0,1.0,0.5,1.0,1.0,6.202e-05,2.0
addr_0001655,0.0,2.0,3.14504,2.0,1.57252,13.875,2.0,1.0,0.5,1.0,1.0,0.000446105,2.0
addr_0001656,0.0,2.0,2.8844649999999996,2.0,1.4422324999999998,279.875,1.0,1.0,0.5,1.0,1.0,0.00031533500000000003,3.0
addr_0001658,1.0,0.0,0.795506,1.0,0.795506,0.0,0.0,0.0,0.0,0.0,0.0,0.0,0.0
addr_0001659,1.0,3.0,9.778733,4.0,2.44468325,244.41666666666666,1.0,1.0,0.3333,1.0,1.0,0.00034826999999999997,2.0
addr_0001660,0.0,1.0,5.599781,1.0,5.599781,0.0,1.0,1.0,0.0,1.0,1.0,0.0005412,2.0
addr_0001664,0.0,1.0,1.833128,1.0,1.833128,0.0,2.0,1.0,0.0,1.0,1.0,0.00020248,2.0
addr_0001665,0.0,1.0,0.349892,1.0,0.349892,0.0,1.0,1.0,0.0,1.0,1.0,0.00014211,1.0
addr_0001666,1.0,0.0,1.094312,1.0,1.094312,0.0,0.0,0.0,0.0,0.0,0.0,0.0,0.0
addr_0001667,0.0,1.0,6.410467,1.0,6.410467,0.0,1.0,1.0,0.0,1.0,1.0,0.00132969,2.0
addr_0001668,1.0,3.0,7.301124,4.0,1.825281,237.66666666666666,1.0,3.0,0.3333,1.0,1.0,0.00084388,1.0
addr_0001669,1.0,0.0,2.173991,1.0,2.173991,0.0,0.0,0.0,0.0,0.0,0.0,0.0,0.0
addr_0001670,0.0,1.0,0.398779,1.0,0.398779,0.0,1.0,1.0,0.0,1.0,1.0,0.00027472,2.0
addr_0001671,1.0,0.0,0.542141,1.0,0.542141,0.0,0.0,0.0,0.0,0.0,0.0,0.0,0.0
addr_0001672,1.0,0.0,1.491842,1.0,1.491842,0.0,0.0,0.0,0.0,0.0,0.0,0.0,0.0
addr_0001673,3.0,0.0,6.760863,3.0,2.253621,279.875,0.0,0.0,0.0,0.0,0.0,0.0,0.0
addr_0001676,2.0,1.0,4.81776,3.0,1.60592,161.66666666666666,1.0,1.0,0.0,1.0,1.0,0.00045534,2.0
addr_0001678,1.0,1.0,2.237313,2.0,1.1186565,77.54166666666667,1.0,1.0,0.0,1.0,1.0,0.00013755,2.0
addr_0001680,2.0,1.0,6.925147000000001,3.0,2.3083823333333338,70.45833333333333,1.0,1.0,0.0,1.0,1.0,3.825e-05,3.0
addr_0001684,0.0,1.0,0.905844,1.0,0.905844,0.0,1.0,1.0,0.0,1.0,1.0,0.0002823,3.0
addr_0001685,0.0,1.0,7.925661,1.0,7.925661,0.0,1.0,1.0,0.0,1.0,1.0,0.00011985,2.0
addr_0001686,2.0,0.0,1.5269759999999999,2.0,0.7634879999999999,182.08333333333334,0.0,0.0,0.0,0.0,0.0,0.0,0.0
addr_0001687,1.0,0.0,1.330135,1.0,1.330135,0.0,0.0,0.0,0.0,0.0,0.0,0.0,0.0
addr_0001689,0.0,1.0,0.083984,1.0,0.083984,0.0,1.0,1.0,0.0,1.0,1.0,2.178e-05,2.0
addr_0001692,1.0,0.0,2.06271,1.0,2.06271,0.0,0.0,0.0,0.0,0.0,0.0,0.0,0.0
addr_0001697,1.0,1.0,2.4613680000000002,2.0,1.2306840000000001,7.166666666666667,1.0,1.0,0.0,1.0,1.0,0.00052909,1.0
addr_0001699,0.0,1.0,1.010339,1.0,1.010339,0.0,1.0,1.0,0.0,1.0,1.0,0.00049874,3.0
addr_0001701,1.0,0.0,1.994601,1.0,1.994601,0.0,0.0,0.0,0.0,0.0,0.0,0.0,0.0
addr_0001703,1.0,2.0,9.033850000000001,3.0,3.0112833333333335,287.1666666666667,1.0,1.0,0.5,1.0,1.0,0.00071155,3.0
addr_0001708,1.0,0.0,0.82833,1.0,0.82833,0.0,0.0,0.0,0.0,0.0,0.0,0.0,0.0
addr_0001709,1.0,0.0,2.290978,1.0,2.290978,0.0,0.0,0.0,0.0,0.0,0.0,0.0,0.0
addr_0001711,3.0,2.0,10.108836,5.0,2.0217672,224.04166666666666,1.0,1.0,0.5,1.0,1.0,0.00030586,2.0
addr_0001713,1.0,0.0,1.133982,1.0,1.133982,0.0,0.0,0.0,0.0,0.0,0.0,0.0,0.0
addr_0001716,1.0,1.0,4.408224000000001,2.0,2.2041120000000003,182.25,1.0,3.0,0.0,1.0,1.0,2.634e-05,2.0
addr_0001717,1.0,3.0,5.147164,4.0,1.286791,196.04166666666666,1.0,2.0,0.3333,1.0,1.0,0.00039382666666666665,2.0
addr_0001718,0.0,1.0,1.648452,1.0,1.648452,0.0,1.0,1.0,0.0,1.0,1.0,0.00013995,3.0
addr_0001719,0.0,1.0,0.031269,1.0,0.031269,0.0,1.0,1.0,0.0,1.0,1.0,0.0001516,3.0
addr_0001720,1.0,0.0,1.139422,1.0,1.139422,0.0,0.0,0.0,0.0,0.0,0.0,0.0,0.0
addr_0001721,0.0,1.0,0.439696,1.0,0.439696,0.0,1.0,1.0,0.0,1.0,1.0,0.0011838,2.0
addr_0001722,0.0,1.0,0.463943,1.0,0.463943,0.0,1.0,2.0,0.0,1.0,1.0,0.00051476,3.0
addr_0001723,1.0,0.0,4.981377,1.0,4.981377,0.0,0.0,0.0,0.0,0.0,0.0,0.0,0.0
addr_0001724,2.0,0.0,2.128172,2.0,1.064086,154.08333333333334,0.0,0.0,0.0,0.0,0.0,0.0,0.0
addr_0001725,2.0,1.0,9.753541,3.0,3.2511803333333336,244.66666666666666,2.0,1.0,0.0,1.0,1.0,0.00018727,2.0
addr_0001726,1.0,0.0,2.495918,1.0,2.495918,0.0,0.0,0.0,0.0,0.0,0.0,0.0,0.0
addr_0001728,0.0,1.0,0.191232,1.0,0.191232,0.0,1.0,1.0,0.0,1.0,1.0,5.947e-05,3.0
addr_0001730,1.0,1.0,1.753442,2.0,0.876721,154.29166666666666,1.0,1.0,0.0,1.0,1.0,0.00060083,2.0
addr_0001732,0.0,1.0,1.516211,1.0,1.516211,0.0,1.0,1.0,0.0,1.0,1.0,0.00051983,2.0
addr_0001733,1.0,1.0,5.679164,2.0,2.839582,244.75,1.0,1.0,0.0,1.0,1.0,0.00010736,2.0
addr_0001734,1.0,0.0,1.247578,1.0,1.247578,0.0,0.0,0.0,0.0,0.0,0.0,0.0,0.0
addr_0001736,1.0,0.0,0.78464,1.0,0.78464,0.0,0.0,0.0,0.0,0.0,0.0,0.0,0.0
addr_0001737,1.0,0.0,3.567346,1.0,3.567346,0.0,0.0,0.0,0.0,0.0,0.0,0.0,0.0
addr_0001738,1.0,0.0,2.246875,1.0,2.246875,0.0,0.0,0.0,0.0,0.0,0.0,0.0,0.0
addr_0001739,1.0,1.0,9.46308,2.0,4.73154,20.291666666666668,1.0,3.0,0.0,1.0,1.0,0.00013259,2.0
addr_0001740,0.0,1.0,0.017406,1.0,0.017406,0.0,1.0,3.0,0.0,1.0,1.0,7.019e-05,2.0
addr_0001741,0.0,2.0,3.51382,2.0,1.75691,77.125,1.0,1.0,0.5,1.0,1.0,8.923500000000001e-05,2.0
addr_0001742,1.0,1.0,2.832906,2.0,1.416453,112.375,1.0,1.0,0.0,1.0,1.0,0.00030598,3.0
addr_0001743,1.0,0.0,0.725517,1.0,0.725517,0.0,0.0,0.0,0.0,0.0,0.0,0.0,0.0
addr_0001744,1.0,1.0,4.760775,2.0,2.3803875,55.333333333333336,1.0,1.0,0.0,1.0,1.0,0.00093293,2.0
addr_0001746,1.0,0.0,2.863131,1.0,2.863131,0.0,0.0,0.0,0.0,0.0,0.0,0.0,0.0
addr_0001750,3.0,1.0,6.308115,4.0,1.57702875,147.04166666666666,1.0,1.0,0.0,1.0,1.0,0.00035459,2.0
addr_0001751,1.0,0.0,1.701939,1.0,1.701939,0.0,0.0,0.0,0.0,0.0,0.0,0.0,0.0
addr_0001752,2.0,1.0,3.555776,3.0,1.1852586666666667,160.41666666666666,1.0,1.0,0.0,1.0,1.0,0.00018147,1.0
addr_0001753,2.0,0.0,2.491931,2.0,1.2459655,28.166666666666668,0.0,0.0,0.0,0.0,0.0,0.0,0.0
addr_0001755,0.0,2.0,9.278583,2.0,4.6392915,224.08333333333334,1.0,1.0,0.5,1.0,1.0,0.000518385,2.0
addr_0001756,1.0,1.0,7.610200000000001,2.0,3.8051000000000004,70.29166666666667,1.0,1.0,0.0,1.0,1.0,0.00022187,2.0
addr_0001759,0.0,1.0,3.970546,1.0,3.970546,0.0,2.0,1.0,0.0,1.0,1.0,0.00036419,3.0
addr_0001762,0.0,1.0,0.053954,1.0,0.053954,0.0,1.0,1.0,0.0,1.0,1.0,0.00010336,3.0
addr_0001764,1.0,1.0,4.534047,2.0,2.2670235,273.125,1.0,1.0,0.0,1.0,1.0,6.573e-05,2.0
addr_0001766,0.0,1.0,11.171611,1.0,11.171611,0.0,1.0,1.0,0.0,1.0,1.0,0.0005827,2.0
addr_0001767,0.0,1.0,2.970112,1.0,2.970112,0.0,1.0,1.0,0.0,1.0,1.0,0.00125007,3.0
addr_0001769,0.0,2.0,5.30246,2.0,2.65123,35.166666666666664,1.0,1.0,0.5,1.0,1.0,0.00073766,2.0
addr_0001770,1.0,0.0,5.475037,1.0,5.475037,0.0,0.0,0.0,0.0,0.0,0.0,0.0,0.0
addr_0001776,1.0,0.0,3.300974,1.0,3.300974,0.0,0.0,0.0,0.0,0.0,0.0,0.0,0.0
addr_0001777,1.0,0.0,1.935314,1.0,1.935314,0.0,0.0,0.0,0.0,0.0,0.0,0.0,0.0
addr_0001778,1.0,0.0,0.872403,1.0,0.872403,0.0,0.0,0.0,0.0,0.0,0.0,0.0,0.0
addr_0001779,1.0,0.0,4.894827,1.0,4.894827,0.0,0.0,0.0,0.0,0.0,0.0,0.0,0.0
addr_0001782,1.0,1.0,0.320816,2.0,0.160408,146.91666666666666,1.0,1.0,0.0,1.0,1.0,0.00020109,2.0
addr_0001783,1.0,1.0,4.0247139999999995,2.0,2.0123569999999997,55.50833333333333,1.0,1.0,0.0,1.0,1.0,0.00041723,2.0
addr_0001786,1.0,0.0,4.229215,1.0,4.229215,0.0,0.0,0.0,0.0,0.0,0.0,0.0,0.0
addr_0001787,0.0,1.0,1.487543,1.0,1.487543,0.0,1.0,1.0,0.0,1.0,1.0,3.51e-05,2.0
addr_0001789,1.0,0.0,0.899432,1.0,0.899432,0.0,0.0,0.0,0.0,0.0,0.0,0.0,0.0
addr_0001790,1.0,1.0,1.7156040000000001,2.0,0.8578020000000001,28.041666666666668,1.0,1.0,0.0,1.0,1.0,0.00080406,3.0
addr_0001792,1.0,1.0,5.901457000000001,2.0,2.9507285000000003,27.791666666666668,1.0,3.0,0.0,1.0,1.0,0.00107291,2.0
addr_0001793,2.0,1.0,9.453714999999999,3.0,3.151238333333333,195.5,2.0,4.0,0.0,1.0,1.0,0.00059268,3.0
addr_0001795,1.0,0.0,1.474938,1.0,1.474938,0.0,0.0,0.0,0.0,0.0,0.0,0.0,0.0
addr_0001796,1.0,0.0,0.105381,1.0,0.105381,0.0,0.0,0.0,0.0,0.0,0.0,0.0,0.0
addr_0001798,1.0,1.0,2.272933,2.0,1.1364665,7.375,1.0,1.0,0.0,1.0,1.0,0.00031902,2.0
addr_0001800,2.0,0.0,3.145423,2.0,1.5727115,6.833333333333333,0.0,0.0,0.0,0.0,0.0,0.0,0.0
addr_0001801,1.0,0.0,5.816723,1.0,5.816723,0.0,0.0,0.0,0.0,0.0,0.0,0.0,0.0
addr_0001802,0.0,1.0,0.366038,1.0,0.366038,0.0,1.0,1.0,0.0,1.0,1.0,0.00014324,2.0
addr_0001803,1.0,1.0,2.288626,2.0,1.144313,70.08333333333333,1.0,3.0,0.0,1.0,1.0,0.00046764,3.0
addr_0001806,1.0,0.0,2.143694,1.0,2.143694,0.0,0.0,0.0,0.0,0.0,0.0,0.0,0.0
addr_0001807,1.0,0.0,0.11884,1.0,0.11884,0.0,0.0,0.0,0.0,0.0,0.0,0.0,0.0
addr_0001809,0.0,1.0,1.80381,1.0,1.80381,0.0,2.0,2.0,0.0,1.0,1.0,0.0005592,3.0
addr_0001810,1.0,0.0,1.750672,1.0,1.750672,0.0,0.0,0.0,0.0,0.0,0.0,0.0,0.0
addr_0001811,2.0,0.0,5.114807,2.0,2.5574035,0.7083333333333334,0.0,0.0,0.0,0.0,0.0,0.0,0.0
addr_0001812,0.0,1.0,0.158273,1.0,0.158273,0.0,1.0,1.0,0.0,1.0,1.0,0.00024582,2.0
addr_0001813,0.0,1.0,1.770823,1.0,1.770823,0.0,1.0,1.0,0.0,1.0,1.0,0.00018294,2.0
addr_0001814,2.0,0.0,6.015611,2.0,3.0078055,77.54166666666667,0.0,0.0,0.0,0.0,0.0,0.0,0.0
addr_0001818,0.0,1.0,1.103413,1.0,1.103413,0.0,1.0,1.0,0.0,1.0,1.0,0.00016378,3.0
addr_0001820,2.0,0.0,2.907492,2.0,1.453746,322.5416666666667,0.0,0.0,0.0,0.0,0.0,0.0,0.0
addr_0001823,2.0,0.0,2.158652,2.0,1.079326,84.875,0.0,0.0,0.0,0.0,0.0,0.0,0.0
addr_0001825,1.0,2.0,4.599788,3.0,1.5332626666666667,112.12013888888889,1.0,5.0,0.5,1.0,1.0,0.00046188,3.0
addr_0001827,2.0,0.0,0.307986,2.0,0.153993,139.83333333333334,0.0,0.0,0.0,0.0,0.0,0.0,0.0
addr_0001829,0.0,1.0,1.333542,1.0,1.333542,0.0,1.0,1.0,0.0,1.0,1.0,0.00012439,2.0
addr_0001830,0.0,1.0,1.686377,1.0,1.686377,0.0,2.0,2.0,0.0,1.0,1.0,0.00020452,1.0
addr_0001831,1.0,0.0,5.149759,1.0,5.149759,0.0,0.0,0.0,0.0,0.0,0.0,0.0,0.0
addr_0001832,2.0,0.0,7.939481000000001,2.0,3.9697405000000003,98.04166666666667,0.0,0.0,0.0,0.0,0.0,0.0,0.0
addr_0001833,1.0,1.0,4.167167,2.0,2.0835835,286.5,2.0,1.0,0.0,1.0,1.0,0.00117873,3.0
addr_0001834,0.0,2.0,4.028067,2.0,2.0140335,83.58333333333333,1.0,1.0,0.5,1.0,1.0,0.001191635,1.0
addr_0001835,0.0,1.0,3.038308,1.0,3.038308,0.0,1.0,2.0,0.0,1.0,1.0,4.166e-05,2.0
addr_0001841,0.0,1.0,0.14601,1.0,0.14601,0.0,1.0,1.0,0.0,1.0,1.0,0.00034681,3.0
addr_0001842,2.0,1.0,3.3036590000000006,3.0,1.101219666666667,259.0,1.0,1.0,0.0,1.0,1.0,0.00025287,1.0
addr_0001844,3.0,0.0,14.525338000000001,3.0,4.841779333333334,70.25,0.0,0.0,0.0,0.0,0.0,0.0,0.0
addr_0001845,2.0,0.0,4.48645,2.0,2.243225,0.4166666666666667,0.0,0.0,0.0,0.0,0.0,0.0,0.0
addr_0001848,0.0,1.0,3.202661,1.0,3.202661,0.0,2.0,1.0,0.0,1.0,1.0,0.00034472,2.0
addr_0001851,0.0,1.0,2.281491,1.0,2.281491,0.0,1.0,3.0,0.0,1.0,1.0,0.00057575,3.0
addr_0001853,1.0,0.0,1.540991,1.0,1.540991,0.0,0.0,0.0,0.0,0.0,0.0,0.0,0.0
addr_0001854,0.0,2.0,0.924944,2.0,0.462472,196.45833333333334,1.0,1.0,0.5,1.0,1.0,0.00058559,2.0
addr_0001857,1.0,1.0,3.849953,2.0,1.9249765,238.29166666666666,1.0,1.0,0.0,1.0,1.0,5.498e-05,2.0
addr_0001858,1.0,0.0,0.532237,1.0,0.532237,0.0,0.0,0.0,0.0,0.0,0.0,0.0,0.0
addr_0001861,0.0,1.0,0.239102,1.0,0.239102,0.0,1.0,1.0,0.0,1.0,1.0,0.00011711,2.0
addr_0001862,1.0,0.0,1.329065,1.0,1.329065,0.0,0.0,0.0,0.0,0.0,0.0,0.0,0.0
addr_0001863,0.0,1.0,3.121686,1.0,3.121686,0.0,1.0,1.0,0.0,1.0,1.0,0.000187,3.0
addr_0001864,1.0,0.0,1.236176,1.0,1.236176,0.0,0.0,0.0,0.0,0.0,0.0,0.0,0.0
addr_0001866,1.0,0.0,7.307902,1.0,7.307902,0.0,0.0,0.0,0.0,0.0,0.0,0.0,0.0
addr_0001870,0.0,2.0,4.734415,2.0,2.3672075,125.83333333333333,2.0,1.0,0.5,1.0,1.0,0.00033313,2.0
addr_0001872,1.0,0.0,0.578485,1.0,0.578485,0.0,0.0,0.0,0.0,0.0,0.0,0.0,0.0
addr_0001873,1.0,1.0,7.048735,2.0,3.5243675,35.041666666666664,1.0,3.0,0.0,1.0,1.0,0.00048763,3.0
addr_0001874,1.0,0.0,1.755078,1.0,1.755078,0.0,0.0,0.0,0.0,0.0,0.0,0.0,0.0
addr_0001877,0.0,2.0,2.092181,2.0,1.0460905,27.708333333333332,1.0,2.0,0.5,1.0,1.0,0.00024304999999999997,2.0
addr_0001878,0.0,1.0,2.151342,1.0,2.151342,0.0,1.0,1.0,0.0,1.0,1.0,0.00092801,2.0
addr_0001886,0.0,1.0,0.147207,1.0,0.147207,0.0,1.0,5.0,0.0,1.0,1.0,0.0003741,2.0
addr_0001887,0.0,1.0,0.599365,1.0,0.599365,0.0,2.0,1.0,0.0,1.0,1.0,0.00011747,3.0
addr_0001888,1.0,0.0,2.544146,1.0,2.544146,0.0,0.0,0.0,0.0,0.0,0.0,0.0,0.0
addr_0001889,1.0,0.0,4.542199,1.0,4.542199,0.0,0.0,0.0,0.0,0.0,0.0,0.0,0.0
addr_0001890,1.0,0.0,0.606254,1.0,0.606254,0.0,0.0,0.0,0.0,0.0,0.0,0.0,0.0
addr_0001892,0.0,1.0,4.968948,1.0,4.968948,0.0,1.0,2.0,0.0,1.0,1.0,0.00021857,3.0
addr_0001893,0.0,1.0,1.709018,1.0,1.709018,0.0,1.0,1.0,0.0,1.0,1.0,0.00050797,2.0
addr_0001895,1.0,0.0,2.527966,1.0,2.527966,0.0,0.0,0.0,0.0,0.0,0.0,0.0,0.0
addr_0001896,1.0,1.0,2.6274620000000004,2.0,1.3137310000000002,49.41180555555555,1.0,1.0,0.0,1.0,1.0,5.132e-05,2.0
addr_0001897,1.0,1.0,2.676398,2.0,1.338199,174.375,1.0,1.0,0.0,1.0,1.0,0.00044525,2.0
addr_0001898,1.0,2.0,4.264473000000001,3.0,1.4214910000000003,98.0,1.0,1.0,0.5,1.0,1.0,0.00010602499999999999,2.0
addr_0001899,2.0,0.0,4.012432,2.0,2.006216,62.83819444444445,0.0,0.0,0.0,0.0,0.0,0.0,0.0
addr_0001901,0.0,2.0,1.835855,2.0,0.9179275,217.0,1.0,3.0,0.5,1.0,1.0,0.000472765,2.0
addr_0001903,0.0,2.0,6.406608,2.0,3.203304,0.375,1.0,3.0,1.0,1.0,1.0,0.000385575,3.0
addr_0001905,1.0,0.0,2.510342,1.0,2.510342,0.0,0.0,0.0,0.0,0.0,0.0,0.0,0.0
addr_0001906,1.0,0.0,4.017902,1.0,4.017902,0.0,0.0,0.0,0.0,0.0,0.0,0.0,0.0
addr_0001907,0.0,3.0,3.080765,3.0,1.0269216666666667,14.125,2.0,1.0,0.6667,1.0,1.0,0.0008156966666666666,3.0
addr_0001909,0.0,1.0,0.043667,1.0,0.043667,0.0,1.0,1.0,0.0,1.0,1.0,0.00040468,1.0
addr_0001911,1.0,0.0,1.031808,1.0,1.031808,0.0,0.0,0.0,0.0,0.0,0.0,0.0,0.0
addr_0001912,1.0,0.0,0.342523,1.0,0.342523,0.0,0.0,0.0,0.0,0.0,0.0,0.0,0.0
addr_0001913,1.0,1.0,4.902443,2.0,2.4512215,237.84583333333333,1.0,3.0,0.0,1.0,1.0,0.00046021,2.0
addr_0001914,0.0,1.0,0.642518,1.0,0.642518,0.0,1.0,1.0,0.0,1.0,1.0,0.00116701,2.0
addr_0001917,0.0,2.0,1.5549909999999998,2.0,0.7774954999999999,97.45833333333333,1.0,1.0,0.5,1.0,1.0,0.00024670000000000003,3.0
addr_0001918,1.0,1.0,2.01444,2.0,1.00722,48.041666666666664,2.0,1.0,0.0,1.0,1.0,0.00097078,3.0
addr_0001919,1.0,0.0,4.319028,1.0,4.319028,0.0,0.0,0.0,0.0,0.0,0.0,0.0,0.0
addr_0001921,0.0,1.0,1.810216,1.0,1.810216,0.0,1.0,4.0,0.0,1.0,1.0,9.396e-05,2.0
addr_0001922,0.0,1.0,1.876911,1.0,1.876911,0.0,1.0,1.0,0.0,1.0,1.0,7.541e-05,3.0
addr_0001923,1.0,0.0,4.249455,1.0,4.249455,0.0,0.0,0.0,0.0,0.0,0.0,0.0,0.0
addr_0001924,2.0,0.0,3.371918,2.0,1.685959,217.66666666666666,0.0,0.0,0.0,0.0,0.0,0.0,0.0
addr_0001926,1.0,0.0,2.000355,1.0,2.000355,0.0,0.0,0.0,0.0,0.0,0.0,0.0,0.0
addr_0001928,1.0,0.0,1.032024,1.0,1.032024,0.0,0.0,0.0,0.0,0.0,0.0,0.0,0.0
addr_0001929,1.0,0.0,6.855467,1.0,6.855467,0.0,0.0,0.0,0.0,0.0,0.0,0.0,0.0
addr_0001930,1.0,2.0,4.9214009999999995,3.0,1.640467,160.79166666666666,2.0,1.0,0.5,1.0,1.0,0.0007072199999999999,3.0
addr_0001932,0.0,1.0,3.577033,1.0,3.577033,0.0,1.0,2.0,0.0,1.0,1.0,0.00028098,3.0
addr_0001934,0.0,1.0,0.615675,1.0,0.615675,0.0,1.0,1.0,0.0,1.0,1.0,0.0005742,2.0
addr_0001936,0.0,1.0,2.214168,1.0,2.214168,0.0,1.0,1.0,0.0,1.0,1.0,0.00173534,2.0
addr_0001939,1.0,1.0,4.456965,2.0,2.2284825,49.333333333333336,1.0,1.0,0.0,1.0,1.0,0.0002725,2.0
addr_0001941,0.0,1.0,8.292321,1.0,8.292321,0.0,1.0,1.0,0.0,1.0,1.0,0.00057734,2.0
addr_0001944,0.0,1.0,1.479296,1.0,1.479296,0.0,1.0,1.0,0.0,1.0,1.0,0.00058032,3.0
addr_0001948,1.0,1.0,3.0845830000000003,2.0,1.5422915000000001,42.40625,1.0,1.0,0.0,1.0,1.0,0.00081772,3.0
addr_0001950,2.0,3.0,11.859064,5.0,2.3718128,272.9166666666667,2.0,1.0,0.3333,1.0,1.0,0.0006227866666666667,2.0
addr_0001951,1.0,0.0,0.966922,1.0,0.966922,0.0,0.0,0.0,0.0,0.0,0.0,0.0,0.0
addr_0001952,2.0,0.0,2.192806,2.0,1.096403,84.33333333333333,0.0,0.0,0.0,0.0,0.0,0.0,0.0
addr_0001953,0.0,1.0,1.139422,1.0,1.139422,0.0,1.0,5.0,0.0,1.0,1.0,0.00064589,2.0
addr_0001955,0.0,2.0,5.358768,2.0,2.679384,161.375,2.0,1.0,0.5,1.0,1.0,0.00082938,3.0
addr_0001956,0.0,1.0,0.818055,1.0,0.818055,0.0,1.0,1.0,0.0,1.0,1.0,0.00057029,3.0
addr_0001957,1.0,0.0,0.378571,1.0,0.378571,0.0,0.0,0.0,0.0,0.0,0.0,0.0,0.0
addr_0001960,1.0,1.0,5.222702,2.0,2.611351,6.416666666666667,1.0,1.0,0.0,1.0,1.0,0.00058237,3.0
addr_0001962,0.0,1.0,0.872909,1.0,0.872909,0.0,1.0,1.0,0.0,1.0,1.0,0.00014179,3.0
addr_0001963,0.0,1.0,0.323662,1.0,0.323662,0.0,1.0,1.0,0.0,1.0,1.0,0.00024654,3.0
addr_0001964,0.0,1.0,1.253426,1.0,1.253426,0.0,1.0,1.0,0.0,1.0,1.0,0.00100029,1.0
addr_0001971,1.0,1.0,3.675335,2.0,1.8376675,140.41666666666666,1.0,3.0,0.0,1.0,1.0,0.00086124,3.0
addr_0001972,1.0,0.0,2.391515,1.0,2.391515,0.0,0.0,0.0,0.0,0.0,0.0,0.0,0.0
addr_0001973,1.0,0.0,0.60899,1.0,0.60899,0.0,0.0,0.0,0.0,0.0,0.0,0.0,0.0
addr_0001975,1.0,1.0,2.465366,2.0,1.232683,90.66666666666667,1.0,1.0,0.0,1.0,1.0,0.00047916,3.0
addr_0001976,1.0,0.0,1.51966,1.0,1.51966,0.0,0.0,0.0,0.0,0.0,0.0,0.0,0.0
addr_0001977,1.0,0.0,7.187267,1.0,7.187267,0.0,0.0,0.0,0.0,0.0,0.0,0.0,0.0
addr_0001978,1.0,0.0,1.447072,1.0,1.447072,0.0,0.0,0.0,0.0,0.0,0.0,0.0,0.0
addr_0001979,1.0,0.0,0.395413,1.0,0.395413,0.0,0.0,0.0,0.0,0.0,0.0,0.0,0.0
addr_0001980,1.0,0.0,1.21278,1.0,1.21278,0.0,0.0,0.0,0.0,0.0,0.0,0.0,0.0
addr_0001981,1.0,0.0,0.692137,1.0,0.692137,0.0,0.0,0.0,0.0,0.0,0.0,0.0,0.0
addr_0001985,2.0,0.0,2.146019,2.0,1.0730095,7.708333333333333,0.0,0.0,0.0,0.0,0.0,0.0,0.0
addr_0001988,0.0,1.0,0.713472,1.0,0.713472,0.0,1.0,1.0,0.0,1.0,1.0,0.00023348,2.0
addr_0001989,1.0,0.0,0.341209,1.0,0.341209,0.0,0.0,0.0,0.0,0.0,0.0,0.0,0.0
addr_0001990,1.0,1.0,3.914444,2.0,1.957222,48.875,1.0,1.0,0.0,1.0,1.0,0.00023381,2.0
addr_0001992,0.0,2.0,5.75011,2.0,2.875055,118.75,2.0,1.0,0.5,1.0,1.0,0.00070403,2.0
addr_0001993,0.0,1.0,1.29939,1.0,1.29939,0.0,1.0,1.0,0.0,1.0,1.0,3.129e-05,2.0
addr_0001994,1.0,0.0,3.679921,1.0,3.679921,0.0,0.0,0.0,0.0,0.0,0.0,0.0,0.0
addr_0001995,0.0,2.0,8.344041,2.0,4.1720205,34.708333333333336,2.0,1.0,0.5,1.0,1.0,0.00010507999999999999,2.0
addr_0001996,1.0,0.0,3.473328,1.0,3.473328,0.0,0.0,0.0,0.0,0.0,0.0,0.0,0.0
addr_0001999,1.0,1.0,6.153914,2.0,3.076957,258.9583333333333,1.0,2.0,0.0,1.0,1.0,0.00048383,2.0
addr_0002000,1.0,0.0,1.181236,1.0,1.181236,0.0,0.0,0.0,0.0,0.0,0.0,0.0,0.0
addr_0002001,1.0,1.0,8.441759000000001,2.0,4.220879500000001,84.08333333333333,1.0,1.0,0.0,1.0,1.0,0.00060099,2.0
addr_0002003,0.0,1.0,0.042342,1.0,0.042342,0.0,1.0,4.0,0.0,1.0,1.0,9.836e-05,2.0
addr_0002004,0.0,1.0,1.742361,1.0,1.742361,0.0,2.0,1.0,0.0,1.0,1.0,6.785e-05,2.0
addr_0002005,0.0,1.0,1.096961,1.0,1.096961,0.0,1.0,1.0,0.0,1.0,1.0,0.00234273,2.0
addr_0002006,0.0,1.0,1.115772,1.0,1.115772,0.0,1.0,1.0,0.0,1.0,1.0,2.449e-05,2.0
addr_0002007,1.0,1.0,6.300834999999999,2.0,3.1504174999999996,42.041666666666664,1.0,1.0,0.0,1.0,1.0,1.995e-05,3.0
addr_0002008,1.0,1.0,2.8486450000000003,2.0,1.4243225000000002,7.416666666666667,1.0,1.0,0.0,1.0,1.0,0.00032962,2.0
addr_0002009,1.0,0.0,0.996345,1.0,0.996345,0.0,0.0,0.0,0.0,0.0,0.0,0.0,0.0
addr_0002013,1.0,0.0,2.438826,1.0,2.438826,0.0,0.0,0.0,0.0,0.0,0.0,0.0,0.0
addr_0002015,1.0,0.0,2.720252,1.0,2.720252,0.0,0.0,0.0,0.0,0.0,0.0,0.0,0.0
addr_0002016,0.0,1.0,0.376303,1.0,0.376303,0.0,1.0,1.0,0.0,1.0,1.0,7.996e-05,1.0
addr_0002018,0.0,1.0,1.839561,1.0,1.839561,0.0,2.0,4.0,0.0,1.0,1.0,7.665e-05,2.0
addr_0002023,1.0,1.0,23.233604,2.0,11.616802,112.04166666666667,1.0,1.0,0.0,1.0,1.0,0.00060058,3.0
addr_0002026,2.0,1.0,7.546098,3.0,2.5153659999999998,35.375,1.0,1.0,0.0,1.0,1.0,1.833e-05,2.0
addr_0002027,1.0,0.0,0.755711,1.0,0.755711,0.0,0.0,0.0,0.0,0.0,0.0,0.0,0.0
addr_0002028,2.0,0.0,4.9694,2.0,2.4847,42.208333333333336,0.0,0.0,0.0,0.0,0.0,0.0,0.0
addr_0002029,0.0,2.0,0.86482,2.0,0.43241,265.99652777777777,1.0,1.0,0.5,1.0,1.0,0.00068612,2.0
addr_0002030,1.0,0.0,1.978455,1.0,1.978455,0.0,0.0,0.0,0.0,0.0,0.0,0.0,0.0
addr_0002031,0.0,2.0,3.9707350000000003,2.0,1.9853675000000002,140.125,2.0,1.0,0.5,1.0,1.0,6.4335e-05,1.0
addr_0002032,0.0,2.0,0.39912800000000004,2.0,0.19956400000000002,97.83333333333333,1.0,1.0,0.5,1.0,1.0,0.000324085,2.0
addr_0002035,0.0,2.0,1.2283,2.0,0.61415,35.083333333333336,1.0,3.0,0.5,1.0,1.0,0.000251105,3.0
addr_0002036,0.0,1.0,0.762676,1.0,0.762676,0.0,1.0,1.0,0.0,1.0,1.0,5.418e-05,3.0
addr_0002039,0.0,1.0,0.463457,1.0,0.463457,0.0,1.0,4.0,0.0,1.0,1.0,0.00031032,2.0
addr_0002040,0.0,2.0,1.832841,2.0,0.9164205,35.25,1.0,1.0,0.5,1.0,1.0,0.00049212,2.0
addr_0002041,1.0,0.0,0.603566,1.0,0.603566,0.0,0.0,0.0,0.0,0.0,0.0,0.0,0.0
addr_0002042,0.0,3.0,13.849046,3.0,4.616348666666666,273.0833333333333,1.0,1.0,0.3333,1.0,1.0,0.00012491,2.0
addr_0002044,1.0,0.0,0.027604,1.0,0.027604,0.0,0.0,0.0,0.0,0.0,0.0,0.0,0.0
addr_0002045,0.0,2.0,5.618421,2.0,2.8092105,6.666666666666667,1.0,1.0,0.5,1.0,1.0,0.000115475,2.0
addr_0002046,1.0,0.0,1.574809,1.0,1.574809,0.0,0.0,0.0,0.0,0.0,0.0,0.0,0.0
addr_0002049,1.0,2.0,5.805597000000001,3.0,1.9351990000000001,83.79166666666667,1.0,1.0,0.5,1.0,1.0,0.000157925,2.0
addr_0002050,1.0,0.0,6.588927,1.0,6.588927,0.0,0.0,0.0,0.0,0.0,0.0,0.0,0.0
addr_0002051,1.0,0.0,0.773031,1.0,0.773031,0.0,0.0,0.0,0.0,0.0,0.0,0.0,0.0
addr_0002054,0.0,2.0,5.680562,2.0,2.840281,203.625,1.0,3.0,0.5,1.0,1.0,0.000235935,3.0
addr_0002058,0.0,1.0,3.367669,1.0,3.367669,0.0,2.0,1.0,0.0,1.0,1.0,0.00054435,3.0
addr_0002059,0.0,1.0,1.69838,1.0,1.69838,0.0,1.0,1.0,0.0,1.0,1.0,0.00039035,2.0
addr_0002060,1.0,1.0,1.610179,2.0,0.8050895,98.04166666666667,1.0,1.0,0.0,1.0,1.0,0.00018351,3.0
addr_0002061,0.0,1.0,1.444391,1.0,1.444391,0.0,1.0,2.0,0.0,1.0,1.0,0.00175652,2.0
addr_0002065,0.0,1.0,0.031263,1.0,0.031263,0.0,1.0,1.0,0.0,1.0,1.0,9.611e-05,2.0
addr_0002067,1.0,0.0,6.829155,1.0,6.829155,0.0,0.0,0.0,0.0,0.0,0.0,0.0,0.0
addr_0002071,1.0,0.0,3.140748,1.0,3.140748,0.0,0.0,0.0,0.0,0.0,0.0,0.0,0.0
addr_0002072,0.0,1.0,1.06588,1.0,1.06588,0.0,1.0,1.0,0.0,1.0,1.0,0.00048575,2.0
addr_0002073,0.0,1.0,0.3018,1.0,0.3018,0.0,1.0,1.0,0.0,1.0,1.0,0.00018279,2.0
addr_0002076,0.0,1.0,4.964607,1.0,4.964607,0.0,1.0,1.0,0.0,1.0,1.0,7.05e-05,3.0
addr_0002077,0.0,1.0,1.535466,1.0,1.535466,0.0,2.0,4.0,0.0,1.0,1.0,0.00023899,1.0
addr_0002081,1.0,2.0,5.54668,3.0,1.8488933333333335,294.2916666666667,1.0,1.0,0.5,1.0,1.0,0.000658975,2.0
addr_0002082,0.0,1.0,1.069918,1.0,1.069918,0.0,1.0,5.0,0.0,1.0,1.0,0.000166,2.0
addr_0002083,2.0,0.0,4.480446,2.0,2.240223,77.16666666666667,0.0,0.0,0.0,0.0,0.0,0.0,0.0
addr_0002084,1.0,0.0,0.806512,1.0,0.806512,0.0,0.0,0.0,0.0,0.0,0.0,0.0,0.0
addr_0002086,0.0,1.0,12.678746,1.0,12.678746,0.0,1.0,1.0,0.0,1.0,1.0,0.0004139,2.0
addr_0002087,1.0,1.0,2.875447,2.0,1.4377235,48.833333333333336,1.0,1.0,0.0,1.0,1.0,0.0001512,3.0
addr_0002088,0.0,1.0,0.715048,1.0,0.715048,0.0,1.0,1.0,0.0,1.0,1.0,9.796e-05,2.0
addr_0002090,0.0,1.0,1.51966,1.0,1.51966,0.0,1.0,1.0,0.0,1.0,1.0,6.702e-05,1.0
addr_0002091,0.0,1.0,1.093628,1.0,1.093628,0.0,1.0,2.0,0.0,1.0,1.0,0.00042031,2.0
addr_0002093,1.0,1.0,0.8262660000000001,2.0,0.41313300000000003,48.208333333333336,1.0,1.0,0.0,1.0,1.0,0.00043349,2.0
addr_0002097,0.0,2.0,2.26892,2.0,1.13446,153.625,1.0,1.0,0.5,1.0,1.0,0.00037597,3.0
addr_0002099,1.0,1.0,0.525833,2.0,0.2629165,196.20833333333334,1.0,1.0,0.0,1.0,1.0,0.00065048,3.0
addr_0002101,1.0,0.0,0.900388,1.0,0.900388,0.0,0.0,0.0,0.0,0.0,0.0,0.0,0.0
addr_0002102,0.0,1.0,1.912338,1.0,1.912338,0.0,1.0,2.0,0.0,1.0,1.0,0.0001704,2.0
addr_0002103,1.0,0.0,3.260776,1.0,3.260776,0.0,0.0,0.0,0.0,0.0,0.0,0.0,0.0
addr_0002106,1.0,1.0,5.4799690000000005,2.0,2.7399845000000003,63.541666666666664,1.0,1.0,0.0,1.0,1.0,0.00010143,2.0
addr_0002110,0.0,2.0,0.843378,2.0,0.421689,28.166666666666668,2.0,1.0,0.5,1.0,1.0,0.00016999000000000002,2.0
addr_0002111,0.0,1.0,4.234316,1.0,4.234316,0.0,1.0,1.0,0.0,1.0,1.0,0.00017205,2.0
addr_0002113,0.0,2.0,1.5646520000000002,2.0,0.7823260000000001,56.541666666666664,1.0,1.0,0.5,1.0,1.0,0.000490955,2.0
addr_0002114,0.0,1.0,9.463402,1.0,9.463402,0.0,1.0,1.0,0.0,1.0,1.0,0.00011175,3.0
addr_0002117,2.0,0.0,4.980083,2.0,2.4900415,41.25,0.0,0.0,0.0,0.0,0.0,0.0,0.0
addr_0002118,1.0,2.0,1.696631,3.0,0.5655436666666667,272.875,1.0,3.0,0.5,1.0,1.0,5.5075e-05,2.0
addr_0002120,0.0,1.0,2.14422,1.0,2.14422,0.0,1.0,1.0,0.0,1.0,1.0,0.00052041,3.0
addr_0002121,2.0,1.0,4.103435,3.0,1.3678116666666666,147.0,1.0,1.0,0.0,1.0,1.0,0.00067497,2.0
addr_0002122,0.0,1.0,3.14341,1.0,3.14341,0.0,1.0,1.0,0.0,1.0,1.0,2.083e-05,3.0
addr_0002126,0.0,1.0,0.65702,1.0,0.65702,0.0,1.0,1.0,0.0,1.0,1.0,0.00101844,2.0
addr_0002128,1.0,0.0,0.936747,1.0,0.936747,0.0,0.0,0.0,0.0,0.0,0.0,0.0,0.0
addr_0002129,0.0,1.0,0.912465,1.0,0.912465,0.0,1.0,3.0,0.0,1.0,1.0,0.00037533,2.0
addr_0002130,0.0,1.0,0.171202,1.0,0.171202,0.0,1.0,1.0,0.0,1.0,1.0,0.00031864,2.0
addr_0002131,1.0,0.0,2.74116,1.0,2.74116,0.0,0.0,0.0,0.0,0.0,0.0,0.0,0.0
addr_0002137,1.0,0.0,4.452894,1.0,4.452894,0.0,0.0,0.0,0.0,0.0,0.0,0.0,0.0
addr_0002140,0.0,3.0,5.672162,3.0,1.8907206666666667,167.79166666666666,1.0,1.0,0.3333,1.0,1.0,0.0007541633333333332,2.0
addr_0002141,0.0,1.0,2.01059,1.0,2.01059,0.0,1.0,1.0,0.0,1.0,1.0,0.00014744,2.0
addr_0002142,3.0,1.0,5.460844,4.0,1.365211,308.4166666666667,1.0,1.0,0.0,1.0,1.0,0.00020812,3.0
addr_0002143,2.0,0.0,4.837963,2.0,2.4189815,154.04166666666666,0.0,0.0,0.0,0.0,0.0,0.0,0.0
addr_0002148,1.0,0.0,3.382058,1.0,3.382058,0.0,0.0,0.0,0.0,0.0,0.0,0.0,0.0
addr_0002152,2.0,0.0,2.805093,2.0,1.4025465,224.45833333333334,0.0,0.0,0.0,0.0,0.0,0.0,0.0
addr_0002155,1.0,1.0,6.13353,2.0,3.066765,209.66666666666666,2.0,2.0,0.0,1.0,1.0,5.778e-05,2.0
addr_0002161,0.0,1.0,1.430212,1.0,1.430212,0.0,1.0,1.0,0.0,1.0,1.0,0.00017288,1.0
addr_0002164,0.0,1.0,0.271949,1.0,0.271949,0.0,1.0,1.0,0.0,1.0,1.0,0.00045081,3.0
addr_0002167,0.0,1.0,0.21411,1.0,0.21411,0.0,1.0,1.0,0.0,1.0,1.0,5.213e-05,2.0
addr_0002168,3.0,1.0,16.034892,4.0,4.008723,328.1666666666667,1.0,1.0,0.0,1.0,1.0,0.00033128,2.0
addr_0002172,1.0,0.0,3.683349,1.0,3.683349,0.0,0.0,0.0,0.0,0.0,0.0,0.0,0.0
addr_0002173,0.0,1.0,1.066333,1.0,1.066333,0.0,1.0,1.0,0.0,1.0,1.0,0.00015112,2.0
addr_0002174,0.0,1.0,2.338611,1.0,2.338611,0.0,1.0,2.0,0.0,1.0,1.0,0.00025327,2.0
addr_0002175,1.0,0.0,5.302606,1.0,5.302606,0.0,0.0,0.0,0.0,0.0,0.0,0.0,0.0
addr_0002176,1.0,1.0,3.920306,2.0,1.960153,147.20833333333334,1.0,7.0,0.0,1.0,1.0,0.00038461,2.0
addr_0002177,0.0,1.0,4.249455,1.0,4.249455,0.0,1.0,3.0,0.0,1.0,1.0,0.00037907,2.0
addr_0002179,0.0,1.0,2.302629,1.0,2.302629,0.0,1.0,1.0,0.0,1.0,1.0,0.00121583,2.0
addr_0002181,0.0,1.0,1.436788,1.0,1.436788,0.0,1.0,1.0,0.0,1.0,1.0,7.778e-05,2.0
addr_0002182,1.0,1.0,0.597029,2.0,0.2985145,105.16666666666667,1.0,2.0,0.0,1.0,1.0,0.00019095,2.0
addr_0002183,3.0,1.0,16.694459000000002,4.0,4.1736147500000005,287.2083333333333,1.0,1.0,0.0,1.0,1.0,0.00039782,3.0
addr_0002185,1.0,0.0,0.295062,1.0,0.295062,0.0,0.0,0.0,0.0,0.0,0.0,0.0,0.0
addr_0002186,1.0,0.0,0.118314,1.0,0.118314,0.0,0.0,0.0,0.0,0.0,0.0,0.0,0.0
addr_0002187,1.0,0.0,2.293004,1.0,2.293004,0.0,0.0,0.0,0.0,0.0,0.0,0.0,0.0
addr_0002188,2.0,1.0,9.626261,3.0,3.2087536666666665,132.9909722222222,1.0,1.0,0.0,1.0,1.0,2.202e-05,2.0
addr_0002191,0.0,1.0,4.696104,1.0,4.696104,0.0,2.0,1.0,0.0,1.0,1.0,0.00028831,3.0
addr_0002192,0.0,1.0,4.319028,1.0,4.319028,0.0,1.0,1.0,0.0,1.0,1.0,0.00018395,3.0
addr_0002193,1.0,1.0,8.718146,2.0,4.359073,98.375,1.0,1.0,0.0,1.0,1.0,0.00056968,3.0
addr_0002195,0.0,2.0,5.772594,2.0,2.886297,55.984722222222224,2.0,1.0,0.5,1.0,1.0,0.00063766,2.0
addr_0002199,3.0,2.0,16.989644,5.0,3.3979288,210.66666666666666,1.0,1.0,0.5,1.0,1.0,0.00057569,3.0
addr_0002203,1.0,1.0,2.03716,2.0,1.01858,118.95833333333333,1.0,1.0,0.0,1.0,1.0,0.00038967,1.0
addr_0002205,0.0,2.0,1.693534,2.0,0.846767,140.08333333333334,1.0,3.0,0.5,1.0,1.0,0.00034866,3.0
addr_0002206,0.0,1.0,3.947081,1.0,3.947081,0.0,1.0,1.0,0.0,1.0,1.0,0.00036431,2.0
addr_0002208,1.0,2.0,2.910718,3.0,0.9702393333333333,63.166666666666664,1.0,1.0,0.5,1.0,1.0,0.000383495,2.0
addr_0002209,0.0,1.0,0.245239,1.0,0.245239,0.0,1.0,2.0,0.0,1.0,1.0,0.00038165,3.0
addr_0002212,1.0,0.0,1.187518,1.0,1.187518,0.0,0.0,0.0,0.0,0.0,0.0,0.0,0.0
addr_0002213,2.0,0.0,12.433988,2.0,6.216994,132.66666666666666,0.0,0.0,0.0,0.0,0.0,0.0,0.0
addr_0002214,1.0,0.0,2.727183,1.0,2.727183,0.0,0.0,0.0,0.0,0.0,0.0,0.0,0.0
addr_0002215,1.0,0.0,2.153685,1.0,2.153685,0.0,0.0,0.0,0.0,0.0,0.0,0.0,0.0
addr_0002216,1.0,0.0,1.240619,1.0,1.240619,0.0,0.0,0.0,0.0,0.0,0.0,0.0,0.0
addr_0002218,0.0,1.0,2.088392,1.0,2.088392,0.0,1.0,1.0,0.0,1.0,1.0,0.00022351,3.0
addr_0002219,1.0,1.0,4.864062,2.0,2.432031,28.458333333333332,2.0,5.0,0.0,1.0,1.0,0.00013573,3.0
addr_0002221,1.0,0.0,1.90826,1.0,1.90826,0.0,0.0,0.0,0.0,0.0,0.0,0.0,0.0
addr_0002225,0.0,1.0,1.176465,1.0,1.176465,0.0,1.0,1.0,0.0,1.0,1.0,3.271e-05,2.0
addr_0002226,0.0,1.0,0.475519,1.0,0.475519,0.0,1.0,1.0,0.0,1.0,1.0,0.00084531,2.0
addr_0002228,1.0,1.0,2.342655,2.0,1.1713275,90.25416666666666,1.0,1.0,0.0,1.0,1.0,0.00071518,2.0
addr_0002229,1.0,0.0,1.943923,1.0,1.943923,0.0,0.0,0.0,0.0,0.0,0.0,0.0,0.0
addr_0002230,0.0,1.0,2.21159,1.0,2.21159,0.0,1.0,1.0,0.0,1.0,1.0,3.923e-05,3.0
addr_0002231,0.0,1.0,0.341209,1.0,0.341209,0.0,1.0,2.0,0.0,1.0,1.0,9.33e-05,2.0
addr_0002233,0.0,1.0,2.486306,1.0,2.486306,0.0,1.0,1.0,0.0,1.0,1.0,0.00062253,2.0
addr_0002235,1.0,0.0,2.995943,1.0,2.995943,0.0,0.0,0.0,0.0,0.0,0.0,0.0,0.0
addr_0002236,0.0,1.0,1.790605,1.0,1.790605,0.0,1.0,1.0,0.0,1.0,1.0,5.8e-06,2.0
addr_0002237,0.0,1.0,1.782893,1.0,1.782893,0.0,1.0,1.0,0.0,1.0,1.0,0.00012456,2.0
addr_0002238,0.0,1.0,1.570282,1.0,1.570282,0.0,1.0,1.0,0.0,1.0,1.0,0.00041311,2.0
addr_0002240,0.0,1.0,1.316108,1.0,1.316108,0.0,1.0,1.0,0.0,1.0,1.0,0.00024241,3.0
addr_0002241,2.0,0.0,3.7800119999999997,2.0,1.8900059999999999,34.916666666666664,0.0,0.0,0.0,0.0,0.0,0.0,0.0
addr_0002242,1.0,0.0,0.524507,1.0,0.524507,0.0,0.0,0.0,0.0,0.0,0.0,0.0,0.0
addr_0002244,0.0,1.0,1.6305,1.0,1.6305,0.0,1.0,1.0,0.0,1.0,1.0,0.00019994,2.0
addr_0002245,1.0,0.0,4.270168,1.0,4.270168,0.0,0.0,0.0,0.0,0.0,0.0,0.0,0.0
addr_0002247,1.0,0.0,3.984886,1.0,3.984886,0.0,0.0,0.0,0.0,0.0,0.0,0.0,0.0
addr_0002249,0.0,1.0,0.037954,1.0,0.037954,0.0,1.0,1.0,0.0,1.0,1.0,0.00040249,3.0
addr_0002250,2.0,3.0,7.317966,5.0,1.4635932,160.45833333333334,2.0,1.0,0.3333,1.0,1.0,0.00025557333333333336,3.0
addr_0002253,0.0,1.0,6.921701,1.0,6.921701,0.0,1.0,1.0,0.0,1.0,1.0,0.00011788,2.0
addr_0002254,1.0,1.0,3.741078,2.0,1.870539,245.25,1.0,1.0,0.0,1.0,1.0,3.376e-05,3.0
addr_0002255,1.0,0.0,1.555219,1.0,1.555219,0.0,0.0,0.0,0.0,0.0,0.0,0.0,0.0
addr_0002257,2.0,1.0,10.914681999999999,3.0,3.638227333333333,175.56319444444443,1.0,1.0,0.0,1.0,1.0,0.00047727,2.0
addr_0002258,1.0,1.0,5.657368999999999,2.0,2.8286844999999996,97.91666666666667,1.0,1.0,0.0,1.0,1.0,0.00097645,3.0
addr_0002260,1.0,0.0,2.427342,1.0,2.427342,0.0,0.0,0.0,0.0,0.0,0.0,0.0,0.0
addr_0002261,1.0,1.0,8.358278,2.0,4.179139,154.04166666666666,1.0,1.0,0.0,1.0,1.0,0.00062529,2.0
addr_0002262,1.0,1.0,2.0072799999999997,2.0,1.0036399999999999,203.125,1.0,1.0,0.0,1.0,1.0,0.00091495,3.0
addr_0002264,1.0,0.0,0.038014,1.0,0.038014,0.0,0.0,0.0,0.0,0.0,0.0,0.0,0.0
addr_0002265,0.0,2.0,5.525344,2.0,2.762672,13.375,1.0,1.0,0.5,1.0,1.0,0.000396055,2.0
addr_0002267,0.0,1.0,0.410896,1.0,0.410896,0.0,1.0,1.0,0.0,1.0,1.0,3.813e-05,3.0
addr_0002269,2.0,2.0,3.3936529999999996,4.0,0.8484132499999999,259.4166666666667,1.0,2.0,0.5,1.0,1.0,0.00044915000000000005,2.0
addr_0002271,1.0,2.0,5.694295,3.0,1.8980983333333334,104.54166666666667,1.0,1.0,0.5,1.0,1.0,0.00023339,3.0
addr_0002272,1.0,0.0,0.906634,1.0,0.906634,0.0,0.0,0.0,0.0,0.0,0.0,0.0,0.0
addr_0002273,1.0,1.0,5.224002,2.0,2.612001,279.4583333333333,1.0,1.0,0.0,1.0,1.0,0.00049273,2.0
addr_0002274,0.0,1.0,0.180208,1.0,0.180208,0.0,1.0,1.0,0.0,1.0,1.0,0.0002085,2.0
addr_0002275,2.0,2.0,8.06739,4.0,2.0168475,196.125,1.0,1.0,0.5,1.0,1.0,3.351e-05,2.0
addr_0002282,1.0,1.0,2.442145,2.0,1.2210725,126.375,1.0,1.0,0.0,1.0,1.0,0.00011305,2.0
addr_0002283,1.0,0.0,0.308006,1.0,0.308006,0.0,0.0,0.0,0.0,0.0,0.0,0.0,0.0
addr_0002284,0.0,1.0,2.383633,1.0,2.383633,0.0,1.0,4.0,0.0,1.0,1.0,0.00130493,2.0
addr_0002288,1.0,0.0,5.554197,1.0,5.554197,0.0,0.0,0.0,0.0,0.0,0.0,0.0,0.0
addr_0002291,1.0,0.0,2.651214,1.0,2.651214,0.0,0.0,0.0,0.0,0.0,0.0,0.0,0.0
addr_0002293,2.0,0.0,4.436251,2.0,2.2181255,28.208333333333332,0.0,0.0,0.0,0.0,0.0,0.0,0.0
addr_0002294,1.0,0.0,2.01059,1.0,2.01059,0.0,0.0,0.0,0.0,0.0,0.0,0.0,0.0
addr_0002295,0.0,1.0,0.138542,1.0,0.138542,0.0,1.0,1.0,0.0,1.0,1.0,0.00033134,2.0
addr_0002296,0.0,1.0,1.948795,1.0,1.948795,0.0,1.0,1.0,0.0,1.0,1.0,0.00027462,3.0
addr_0002298,1.0,0.0,2.486306,1.0,2.486306,0.0,0.0,0.0,0.0,0.0,0.0,0.0,0.0
addr_0002299,2.0,1.0,2.7306459999999997,3.0,0.9102153333333333,84.41666666666667,1.0,1.0,0.0,1.0,1.0,0.00099072,2.0
addr_0002302,1.0,3.0,11.116802,4.0,2.7792005,321.08958333333334,1.0,1.0,0.3333,1.0,1.0,0.0004812433333333333,2.0
addr_0002303,1.0,0.0,0.218588,1.0,0.218588,0.0,0.0,0.0,0.0,0.0,0.0,0.0,0.0
addr_0002306,1.0,2.0,2.369999,3.0,0.7899996666666667,48.833333333333336,1.0,1.0,0.5,1.0,1.0,5.7525e-05,3.0
addr_0002309,0.0,2.0,4.9732009999999995,2.0,2.4866004999999998,168.0076388888889,3.0,1.0,0.5,1.0,1.0,0.0001575,2.0
addr_0002314,0.0,1.0,0.031474,1.0,0.031474,0.0,1.0,1.0,0.0,1.0,1.0,0.00029832,3.0
addr_0002315,1.0,0.0,3.707263,1.0,3.707263,0.0,0.0,0.0,0.0,0.0,0.0,0.0,0.0
addr_0002316,1.0,1.0,4.526814,2.0,2.263407,7.6097222222222225,1.0,1.0,0.0,1.0,1.0,0.00167694,2.0
addr_0002318,0.0,1.0,3.359154,1.0,3.359154,0.0,1.0,1.0,0.0,1.0,1.0,9.416e-05,2.0
addr_0002319,1.0,0.0,0.280784,1.0,0.280784,0.0,0.0,0.0,0.0,0.0,0.0,0.0,0.0
addr_0002320,1.0,1.0,0.459225,2.0,0.2296125,175.16666666666666,1.0,6.0,0.0,1.0,1.0,3.906e-05,3.0
addr_0002322,1.0,0.0,2.297009,1.0,2.297009,0.0,0.0,0.0,0.0,0.0,0.0,0.0,0.0
addr_0002323,0.0,1.0,3.751826,1.0,3.751826,0.0,1.0,1.0,0.0,1.0,1.0,0.00029127,2.0
addr_0002325,1.0,1.0,0.30743600000000004,2.0,0.15371800000000002,6.666666666666667,1.0,1.0,0.0,1.0,1.0,0.00015382,2.0
addr_0002326,0.0,1.0,0.036445,1.0,0.036445,0.0,1.0,4.0,0.0,1.0,1.0,9.009e-05,1.0
addr_0002327,1.0,0.0,1.302486,1.0,1.302486,0.0,0.0,0.0,0.0,0.0,0.0,0.0,0.0
addr_0002328,1.0,0.0,0.894496,1.0,0.894496,0.0,0.0,0.0,0.0,0.0,0.0,0.0,0.0
addr_0002329,0.0,1.0,3.049645,1.0,3.049645,0.0,1.0,1.0,0.0,1.0,1.0,2.61e-05,3.0
addr_0002332,1.0,0.0,0.324501,1.0,0.324501,0.0,0.0,0.0,0.0,0.0,0.0,0.0,0.0
addr_0002333,1.0,0.0,1.179024,1.0,1.179024,0.0,0.0,0.0,0.0,0.0,0.0,0.0,0.0
addr_0002334,0.0,2.0,1.132607,2.0,0.5663035,63.0,1.0,2.0,0.5,1.0,1.0,0.00203509,2.0
addr_0002335,1.0,0.0,2.535495,1.0,2.535495,0.0,0.0,0.0,0.0,0.0,0.0,0.0,0.0
addr_0002336,1.0,0.0,2.802791,1.0,2.802791,0.0,0.0,0.0,0.0,0.0,0.0,0.0,0.0
addr_0002338,1.0,0.0,0.813286,1.0,0.813286,0.0,0.0,0.0,0.0,0.0,0.0,0.0,0.0
addr_0002339,0.0,2.0,4.376881,2.0,2.1884405,196.54166666666666,1.0,7.0,0.5,1.0,1.0,0.000128515,3.0
addr_0002340,0.0,1.0,0.370219,1.0,0.370219,0.0,1.0,1.0,0.0,1.0,1.0,0.0005421,2.0
addr_0002342,2.0,0.0,0.299914,2.0,0.149957,56.0,0.0,0.0,0.0,0.0,0.0,0.0,0.0
addr_0002344,1.0,0.0,1.965584,1.0,1.965584,0.0,0.0,0.0,0.0,0.0,0.0,0.0,0.0
addr_0002346,1.0,0.0,1.324827,1.0,1.324827,0.0,0.0,0.0,0.0,0.0,0.0,0.0,0.0
addr_0002347,1.0,0.0,3.218782,1.0,3.218782,0.0,0.0,0.0,0.0,0.0,0.0,0.0,0.0
addr_0002349,1.0,0.0,3.913124,1.0,3.913124,0.0,0.0,0.0,0.0,0.0,0.0,0.0,0.0
addr_0002350,1.0,0.0,1.296001,1.0,1.296001,0.0,0.0,0.0,0.0,0.0,0.0,0.0,0.0
addr_0002352,1.0,1.0,4.130441,2.0,2.0652205,77.41666666666667,1.0,1.0,0.0,1.0,1.0,0.00017071,1.0
addr_0002353,4.0,1.0,9.466728,5.0,1.8933456,279.9583333333333,1.0,1.0,0.0,1.0,1.0,0.00015802,2.0
addr_0002354,1.0,0.0,0.308238,1.0,0.308238,0.0,0.0,0.0,0.0,0.0,0.0,0.0,0.0
addr_0002355,0.0,1.0,0.039493,1.0,0.039493,0.0,1.0,1.0,0.0,1.0,1.0,0.00033417,3.0
addr_0002356,0.0,1.0,0.300056,1.0,0.300056,0.0,1.0,1.0,0.0,1.0,1.0,0.00093349,1.0
addr_0002357,1.0,0.0,0.307049,1.0,0.307049,0.0,0.0,0.0,0.0,0.0,0.0,0.0,0.0
addr_0002358,1.0,1.0,8.109303,2.0,4.0546515,133.66180555555556,2.0,1.0,0.0,1.0,1.0,0.00022638,2.0
addr_0002359,0.0,1.0,0.351381,1.0,0.351381,0.0,1.0,3.0,0.0,1.0,1.0,0.00030183,1.0
addr_0002361,1.0,0.0,0.179354,1.0,0.179354,0.0,0.0,0.0,0.0,0.0,0.0,0.0,0.0
addr_0002362,1.0,0.0,0.017632,1.0,0.017632,0.0,0.0,0.0,0.0,0.0,0.0,0.0,0.0
addr_0002363,0.0,1.0,0.63901,1.0,0.63901,0.0,1.0,2.0,0.0,1.0,1.0,0.00017909,1.0
addr_0002364,0.0,1.0,2.514208,1.0,2.514208,0.0,1.0,1.0,0.0,1.0,1.0,0.00021327,2.0
addr_0002365,1.0,1.0,1.632648,2.0,0.816324,105.95416666666667,1.0,1.0,0.0,1.0,1.0,1.264e-05,3.0
addr_0002368,1.0,0.0,0.002326,1.0,0.002326,0.0,0.0,0.0,0.0,0.0,0.0,0.0,0.0
addr_0002370,1.0,0.0,0.465822,1.0,0.465822,0.0,0.0,0.0,0.0,0.0,0.0,0.0,0.0
addr_0002371,1.0,0.0,1.631554,1.0,1.631554,0.0,0.0,0.0,0.0,0.0,0.0,0.0,0.0
addr_0002372,0.0,1.0,0.826761,1.0,0.826761,0.0,1.0,1.0,0.0,1.0,1.0,6.869e-05,1.0
addr_0002374,1.0,0.0,0.083984,1.0,0.083984,0.0,0.0,0.0,0.0,0.0,0.0,0.0,0.0
addr_0002376,0.0,2.0,1.550222,2.0,0.775111,35.25,1.0,1.0,0.5,1.0,1.0,0.00038059499999999996,2.0
addr_0002378,1.0,0.0,1.076424,1.0,1.076424,0.0,0.0,0.0,0.0,0.0,0.0,0.0,0.0
addr_0002379,0.0,1.0,0.192426,1.0,0.192426,0.0,1.0,1.0,0.0,1.0,1.0,0.00102823,1.0
addr_0002380,0.0,1.0,0.372479,1.0,0.372479,0.0,1.0,1.0,0.0,1.0,1.0,0.00039805,2.0
addr_0002382,1.0,0.0,0.463125,1.0,0.463125,0.0,0.0,0.0,0.0,0.0,0.0,0.0,0.0
addr_0002383,1.0,0.0,3.366129,1.0,3.366129,0.0,0.0,0.0,0.0,0.0,0.0,0.0,0.0
addr_0002384,0.0,1.0,1.058078,1.0,1.058078,0.0,1.0,1.0,0.0,1.0,1.0,0.00039746,2.0
addr_0002385,0.0,2.0,0.22848400000000002,2.0,0.11424200000000001,161.25,1.0,1.0,0.5,1.0,1.0,0.00013189499999999998,2.0
addr_0002386,2.0,1.0,13.367152,3.0,4.455717333333333,244.5,1.0,1.0,0.0,1.0,1.0,8.607e-05,3.0
addr_0002387,0.0,1.0,1.999321,1.0,1.999321,0.0,2.0,1.0,0.0,1.0,1.0,0.00035077,2.0
addr_0002388,0.0,1.0,0.130808,1.0,0.130808,0.0,1.0,1.0,0.0,1.0,1.0,1.021e-05,3.0
addr_0002389,1.0,0.0,1.884411,1.0,1.884411,0.0,0.0,0.0,0.0,0.0,0.0,0.0,0.0
addr_0002391,1.0,0.0,0.705729,1.0,0.705729,0.0,0.0,0.0,0.0,0.0,0.0,0.0,0.0
addr_0002395,0.0,3.0,2.3420870000000003,3.0,0.7806956666666668,83.91666666666667,1.0,1.0,0.3333,1.0,1.0,0.00044709999999999997,2.0
addr_0002397,3.0,1.0,5.527303999999999,4.0,1.3818259999999998,147.0,1.0,1.0,0.0,1.0,1.0,0.0005288,3.0
addr_0002398,2.0,0.0,8.38655,2.0,4.193275,69.625,0.0,0.0,0.0,0.0,0.0,0.0,0.0
addr_0002399,0.0,1.0,2.81483,1.0,2.81483,0.0,2.0,1.0,0.0,1.0,1.0,0.00027381,2.0
addr_0002400,1.0,0.0,3.004712,1.0,3.004712,0.0,0.0,0.0,0.0,0.0,0.0,0.0,0.0
addr_0002401,1.0,0.0,1.838697,1.0,1.838697,0.0,0.0,0.0,0.0,0.0,0.0,0.0,0.0
addr_0002406,0.0,2.0,9.977864,2.0,4.988932,84.08333333333333,1.0,3.0,0.5,1.0,1.0,0.000863825,2.0
addr_0002408,1.0,0.0,0.232977,1.0,0.232977,0.0,0.0,0.0,0.0,0.0,0.0,0.0,0.0
addr_0002409,0.0,1.0,1.471312,1.0,1.471312,0.0,1.0,1.0,0.0,1.0,1.0,0.00030965,3.0
addr_0002410,0.0,1.0,0.289477,1.0,0.289477,0.0,1.0,2.0,0.0,1.0,1.0,0.00075835,2.0
addr_0002413,1.0,1.0,0.8347659999999999,2.0,0.41738299999999995,70.125,1.0,1.0,0.0,1.0,1.0,0.00076246,2.0
addr_0002414,1.0,1.0,5.722722,2.0,2.861361,119.20833333333333,2.0,1.0,0.0,1.0,1.0,0.00010303,3.0
addr_0002415,1.0,1.0,1.5801699999999999,2.0,0.7900849999999999,104.625,1.0,1.0,0.0,1.0,1.0,0.00029038,2.0
addr_0002416,1.0,0.0,0.351491,1.0,0.351491,0.0,0.0,0.0,0.0,0.0,0.0,0.0,0.0
addr_0002417,0.0,2.0,1.341851,2.0,0.6709255,209.625,1.0,1.0,0.5,1.0,1.0,0.00086126,2.0
addr_0002418,1.0,0.0,0.333801,1.0,0.333801,0.0,0.0,0.0,0.0,0.0,0.0,0.0,0.0
addr_0002420,0.0,1.0,2.240968,1.0,2.240968,0.0,1.0,4.0,0.0,1.0,1.0,0.00019178,2.0
addr_0002421,0.0,1.0,1.136834,1.0,1.136834,0.0,1.0,1.0,0.0,1.0,1.0,0.00041722,3.0
addr_0002423,1.0,2.0,10.260761,3.0,3.420253666666667,280.2916666666667,1.0,3.0,0.5,1.0,1.0,0.000273175,2.0
addr_0002424,3.0,1.0,2.631557,4.0,0.65788925,280.3333333333333,1.0,1.0,0.0,1.0,1.0,0.00010975,2.0
addr_0002425,0.0,2.0,3.812311,2.0,1.9061555,111.5,1.0,2.0,0.5,1.0,1.0,0.00114442,2.0
addr_0002429,0.0,1.0,2.15584,1.0,2.15584,0.0,1.0,1.0,0.0,1.0,1.0,0.00099156,3.0
addr_0002430,0.0,1.0,3.098579,1.0,3.098579,0.0,1.0,1.0,0.0,1.0,1.0,0.0006656,3.0
addr_0002433,1.0,1.0,2.763477,2.0,1.3817385,14.0,1.0,1.0,0.0,1.0,1.0,0.00026015,3.0
addr_0002436,2.0,0.0,3.367756,2.0,1.683878,154.04166666666666,0.0,0.0,0.0,0.0,0.0,0.0,0.0
addr_0002437,2.0,1.0,2.833985,3.0,0.9446616666666667,49.25,1.0,1.0,0.0,1.0,1.0,7.826e-05,3.0
addr_0002440,0.0,1.0,2.58505,1.0,2.58505,0.0,1.0,1.0,0.0,1.0,1.0,0.00067602,2.0
addr_0002441,1.0,0.0,1.889877,1.0,1.889877,0.0,0.0,0.0,0.0,0.0,0.0,0.0,0.0
addr_0002443,1.0,0.0,0.06956,1.0,0.06956,0.0,0.0,0.0,0.0,0.0,0.0,0.0,0.0
addr_0002444,3.0,1.0,5.331089,4.0,1.33277225,196.54166666666666,1.0,1.0,0.0,1.0,1.0,0.00042517,2.0
addr_0002445,1.0,0.0,2.40726,1.0,2.40726,0.0,0.0,0.0,0.0,0.0,0.0,0.0,0.0
addr_0002446,1.0,0.0,1.222371,1.0,1.222371,0.0,0.0,0.0,0.0,0.0,0.0,0.0,0.0
addr_0002447,0.0,1.0,4.498212,1.0,4.498212,0.0,1.0,1.0,0.0,1.0,1.0,2.13e-06,3.0
addr_0002448,0.0,1.0,0.484942,1.0,0.484942,0.0,1.0,1.0,0.0,1.0,1.0,0.00020648,1.0
addr_0002452,0.0,1.0,1.883555,1.0,1.883555,0.0,1.0,1.0,0.0,1.0,1.0,0.00041892,3.0
addr_0002453,2.0,0.0,6.97943,2.0,3.489715,286.5833333333333,0.0,0.0,0.0,0.0,0.0,0.0,0.0
addr_0002457,1.0,1.0,1.6371410000000002,2.0,0.8185705000000001,77.0,1.0,1.0,0.0,1.0,1.0,0.00110156,1.0
addr_0002461,2.0,0.0,5.737107,2.0,2.8685535,112.58333333333333,0.0,0.0,0.0,0.0,0.0,0.0,0.0
addr_0002464,2.0,0.0,8.32935,2.0,4.164675,133.03125,0.0,0.0,0.0,0.0,0.0,0.0,0.0
addr_0002465,1.0,0.0,0.717729,1.0,0.717729,0.0,0.0,0.0,0.0,0.0,0.0,0.0,0.0
addr_0002467,2.0,0.0,4.774899,2.0,2.3874495,265.9583333333333,0.0,0.0,0.0,0.0,0.0,0.0,0.0
addr_0002472,1.0,1.0,1.99715,2.0,0.998575,119.0,1.0,1.0,0.0,1.0,1.0,0.00013577,1.0
addr_0002475,2.0,0.0,4.3423620000000005,2.0,2.1711810000000002,20.333333333333332,0.0,0.0,0.0,0.0,0.0,0.0,0.0
addr_0002478,1.0,0.0,0.012198,1.0,0.012198,0.0,0.0,0.0,0.0,0.0,0.0,0.0,0.0
addr_0002479,0.0,1.0,1.367597,1.0,1.367597,0.0,1.0,1.0,0.0,1.0,1.0,8.33e-06,3.0
addr_0002482,2.0,0.0,6.501951,2.0,3.2509755,105.16666666666667,0.0,0.0,0.0,0.0,0.0,0.0,0.0
addr_0002484,0.0,1.0,0.333443,1.0,0.333443,0.0,2.0,1.0,0.0,1.0,1.0,6.907e-05,3.0
addr_0002486,0.0,1.0,6.17524,1.0,6.17524,0.0,1.0,7.0,0.0,1.0,1.0,0.00065412,2.0
addr_0002488,0.0,2.0,3.146926,2.0,1.573463,84.66666666666667,1.0,4.0,0.5,1.0,1.0,0.00012822000000000002,3.0
addr_0002489,1.0,1.0,2.5547709999999997,2.0,1.2773854999999998,161.75,1.0,1.0,0.0,1.0,1.0,9.025e-05,2.0
addr_0002492,1.0,0.0,0.134958,1.0,0.134958,0.0,0.0,0.0,0.0,0.0,0.0,0.0,0.0
addr_0002493,1.0,0.0,0.755156,1.0,0.755156,0.0,0.0,0.0,0.0,0.0,0.0,0.0,0.0
addr_0002495,0.0,1.0,1.723446,1.0,1.723446,0.0,1.0,1.0,0.0,1.0,1.0,0.00047132,2.0
addr_0002497,1.0,0.0,1.039071,1.0,1.039071,0.0,0.0,0.0,0.0,0.0,0.0,0.0,0.0
addr_0002499,0.0,2.0,2.202668,2.0,1.101334,13.75,1.0,2.0,0.5,1.0,1.0,0.000669735,3.0
addr_0002500,2.0,0.0,10.508319,2.0,5.2541595,90.66666666666667,0.0,0.0,0.0,0.0,0.0,0.0,0.0
addr_0002501,1.0,1.0,4.360945,2.0,2.1804725,153.66666666666666,1.0,1.0,0.0,1.0,1.0,3.33e-05,2.0
addr_0002502,0.0,2.0,7.68715,2.0,3.843575,41.416666666666664,1.0,1.0,0.5,1.0,1.0,0.00038352000000000004,2.0
addr_0002503,2.0,1.0,2.559144,3.0,0.8530479999999999,84.25,1.0,1.0,0.0,1.0,1.0,0.00030961,2.0
addr_0002504,1.0,0.0,0.254964,1.0,0.254964,0.0,0.0,0.0,0.0,0.0,0.0,0.0,0.0
addr_0002506,1.0,0.0,0.471011,1.0,0.471011,0.0,0.0,0.0,0.0,0.0,0.0,0.0,0.0
addr_0002507,0.0,1.0,1.221091,1.0,1.221091,0.0,1.0,1.0,0.0,1.0,1.0,2.07e-05,2.0
addr_0002509,2.0,0.0,1.638242,2.0,0.819121,210.25,0.0,0.0,0.0,0.0,0.0,0.0,0.0
addr_0002510,1.0,0.0,2.615146,1.0,2.615146,0.0,0.0,0.0,0.0,0.0,0.0,0.0,0.0
addr_0002513,0.0,1.0,1.330135,1.0,1.330135,0.0,1.0,1.0,0.0,1.0,1.0,0.00018638,3.0
addr_0002515,1.0,1.0,4.093185999999999,2.0,2.0465929999999997,119.04166666666667,1.0,1.0,0.0,1.0,1.0,3.523e-05,1.0
addr_0002516,1.0,1.0,0.964079,2.0,0.4820395,98.20833333333333,1.0,1.0,0.0,1.0,1.0,0.0003406,1.0
addr_0002518,0.0,1.0,7.041386,1.0,7.041386,0.0,2.0,4.0,0.0,1.0,1.0,0.00023,3.0
addr_0002522,1.0,1.0,0.745271,2.0,0.3726355,20.208333333333332,1.0,2.0,0.0,1.0,1.0,0.00067009,3.0
addr_0002523,1.0,0.0,0.256997,1.0,0.256997,0.0,0.0,0.0,0.0,0.0,0.0,0.0,0.0
addr_0002524,1.0,1.0,3.7802040000000003,2.0,1.8901020000000002,48.5,1.0,1.0,0.0,1.0,1.0,0.00030687,3.0
addr_0002526,2.0,0.0,3.413869,2.0,1.7069345,62.833333333333336,0.0,0.0,0.0,0.0,0.0,0.0,0.0
addr_0002527,2.0,0.0,5.5786929999999995,2.0,2.7893464999999997,34.791666666666664,0.0,0.0,0.0,0.0,0.0,0.0,0.0
addr_0002528,2.0,1.0,3.7779369999999997,3.0,1.2593123333333331,202.5,1.0,7.0,0.0,1.0,1.0,4.398e-05,2.0
addr_0002529,0.0,1.0,19.036239,1.0,19.036239,0.0,2.0,1.0,0.0,1.0,1.0,4.364e-05,1.0
addr_0002530,1.0,0.0,7.521071,1.0,7.521071,0.0,0.0,0.0,0.0,0.0,0.0,0.0,0.0
addr_0002531,0.0,1.0,2.263375,1.0,2.263375,0.0,1.0,2.0,0.0,1.0,1.0,2.166e-05,2.0
addr_0002532,1.0,0.0,2.272816,1.0,2.272816,0.0,0.0,0.0,0.0,0.0,0.0,0.0,0.0
addr_0002533,1.0,2.0,6.787854,3.0,2.2626180000000002,90.45833333333333,1.0,1.0,0.5,1.0,1.0,0.000347645,1.0
addr_0002535,0.0,2.0,2.8432399999999998,2.0,1.4216199999999999,21.125,1.0,2.0,0.5,1.0,1.0,0.00019272,2.0
addr_0002537,0.0,1.0,0.503395,1.0,0.503395,0.0,1.0,3.0,0.0,1.0,1.0,0.00135235,2.0
addr_0002538,3.0,0.0,4.349677,3.0,1.4498923333333333,125.75,0.0,0.0,0.0,0.0,0.0,0.0,0.0
addr_0002541,0.0,1.0,1.63462,1.0,1.63462,0.0,1.0,1.0,0.0,1.0,1.0,0.00010341,2.0
addr_0002542,0.0,1.0,3.648173,1.0,3.648173,0.0,1.0,2.0,0.0,1.0,1.0,0.00068916,3.0
addr_0002546,0.0,1.0,2.081314,1.0,2.081314,0.0,1.0,3.0,0.0,1.0,1.0,0.00016403,1.0
addr_0002549,1.0,0.0,2.438984,1.0,2.438984,0.0,0.0,0.0,0.0,0.0,0.0,0.0,0.0
addr_0002553,0.0,1.0,2.869753,1.0,2.869753,0.0,1.0,3.0,0.0,1.0,1.0,0.00087649,1.0
addr_0002556,1.0,2.0,3.517661,3.0,1.1725536666666667,97.83333333333333,2.0,1.0,0.5,1.0,1.0,0.00040243,2.0
addr_0002558,2.0,1.0,5.170221,3.0,1.723407,189.33333333333334,2.0,1.0,0.0,1.0,1.0,0.00066411,2.0
addr_0002559,0.0,1.0,3.519062,1.0,3.519062,0.0,1.0,4.0,0.0,1.0,1.0,0.00013858,2.0
addr_0002562,0.0,1.0,0.336896,1.0,0.336896,0.0,1.0,1.0,0.0,1.0,1.0,3.955e-05,2.0
addr_0002563,1.0,1.0,3.707474,2.0,1.853737,104.29166666666667,1.0,2.0,0.0,1.0,1.0,0.00012202,2.0
addr_0002564,1.0,0.0,2.242262,1.0,2.242262,0.0,0.0,0.0,0.0,0.0,0.0,0.0,0.0
addr_0002566,1.0,2.0,2.8282559999999997,3.0,0.9427519999999999,293.5416666666667,1.0,1.0,0.5,1.0,1.0,0.000680075,2.0
addr_0002567,1.0,1.0,0.848507,2.0,0.4242535,105.20833333333333,1.0,1.0,0.0,1.0,1.0,0.00041339,2.0
addr_0002569,0.0,1.0,2.223874,1.0,2.223874,0.0,1.0,1.0,0.0,1.0,1.0,4.902e-05,1.0
addr_0002571,1.0,0.0,0.216354,1.0,0.216354,0.0,0.0,0.0,0.0,0.0,0.0,0.0,0.0
addr_0002573,2.0,1.0,6.769114,3.0,2.2563713333333335,217.75,2.0,1.0,0.0,1.0,1.0,7.195e-05,2.0
addr_0002574,0.0,1.0,0.427569,1.0,0.427569,0.0,1.0,3.0,0.0,1.0,1.0,0.00114535,2.0
addr_0002575,2.0,0.0,3.8072239999999997,2.0,1.9036119999999999,273.375,0.0,0.0,0.0,0.0,0.0,0.0,0.0
addr_0002576,2.0,1.0,4.83911,3.0,1.6130366666666667,209.83333333333334,1.0,1.0,0.0,1.0,1.0,0.00027112,2.0
addr_0002578,0.0,1.0,3.357452,1.0,3.357452,0.0,1.0,1.0,0.0,1.0,1.0,0.0012767,3.0
addr_0002579,1.0,0.0,1.472174,1.0,1.472174,0.0,0.0,0.0,0.0,0.0,0.0,0.0,0.0
addr_0002580,1.0,0.0,0.898264,1.0,0.898264,0.0,0.0,0.0,0.0,0.0,0.0,0.0,0.0
addr_0002581,2.0,0.0,4.064699,2.0,2.0323495,126.5,0.0,0.0,0.0,0.0,0.0,0.0,0.0
addr_0002582,2.0,0.0,11.304261,2.0,5.6521305,238.08333333333334,0.0,0.0,0.0,0.0,0.0,0.0,0.0
addr_0002583,0.0,2.0,5.840162,2.0,2.920081,13.625,1.0,1.0,0.5,1.0,1.0,0.000207595,2.0
addr_0002585,0.0,3.0,5.739344,3.0,1.9131146666666667,181.75,2.0,1.0,0.3333,1.0,1.0,0.0003057233333333333,2.0
addr_0002586,1.0,0.0,4.413246,1.0,4.413246,0.0,0.0,0.0,0.0,0.0,0.0,0.0,0.0
addr_0002589,1.0,0.0,0.126677,1.0,0.126677,0.0,0.0,0.0,0.0,0.0,0.0,0.0,0.0
addr_0002591,1.0,0.0,1.333542,1.0,1.333542,0.0,0.0,0.0,0.0,0.0,0.0,0.0,0.0
addr_0002594,1.0,0.0,3.121686,1.0,3.121686,0.0,0.0,0.0,0.0,0.0,0.0,0.0,0.0
addr_0002595,0.0,1.0,1.424136,1.0,1.424136,0.0,1.0,3.0,0.0,1.0,1.0,4.142e-05,3.0
addr_0002597,1.0,0.0,3.29069,1.0,3.29069,0.0,0.0,0.0,0.0,0.0,0.0,0.0,0.0
addr_0002598,1.0,0.0,0.066872,1.0,0.066872,0.0,0.0,0.0,0.0,0.0,0.0,0.0,0.0
addr_0002599,1.0,0.0,4.997713,1.0,4.997713,0.0,0.0,0.0,0.0,0.0,0.0,0.0,0.0
addr_0002600,0.0,1.0,0.773031,1.0,0.773031,0.0,1.0,1.0,0.0,1.0,1.0,9.572e-05,2.0
addr_0002601,2.0,1.0,7.12906,3.0,2.3763533333333333,140.0,1.0,1.0,0.0,1.0,1.0,4.016e-05,2.0
addr_0002604,1.0,1.0,2.853019,2.0,1.4265095,217.08333333333334,1.0,1.0,0.0,1.0,1.0,0.00038916,2.0
addr_0002605,1.0,0.0,6.338682,1.0,6.338682,0.0,0.0,0.0,0.0,0.0,0.0,0.0,0.0
addr_0002606,0.0,1.0,0.139265,1.0,0.139265,0.0,1.0,1.0,0.0,1.0,1.0,5.535e-05,2.0
addr_0002608,0.0,1.0,0.701011,1.0,0.701011,0.0,1.0,1.0,0.0,1.0,1.0,5.909e-05,2.0
addr_0002609,0.0,1.0,0.286935,1.0,0.286935,0.0,1.0,1.0,0.0,1.0,1.0,0.0014549,2.0
addr_0002611,2.0,0.0,7.919954,2.0,3.959977,98.78541666666666,0.0,0.0,0.0,0.0,0.0,0.0,0.0
addr_0002612,1.0,0.0,4.31566,1.0,4.31566,0.0,0.0,0.0,0.0,0.0,0.0,0.0,0.0
addr_0002613,1.0,0.0,1.924829,1.0,1.924829,0.0,0.0,0.0,0.0,0.0,0.0,0.0,0.0
addr_0002614,0.0,1.0,0.134958,1.0,0.134958,0.0,1.0,1.0,0.0,1.0,1.0,0.00011162,2.0
addr_0002615,0.0,1.0,4.706125,1.0,4.706125,0.0,1.0,1.0,0.0,1.0,1.0,0.00078195,2.0
addr_0002616,0.0,1.0,2.611907,1.0,2.611907,0.0,1.0,1.0,0.0,1.0,1.0,0.00021519,2.0
addr_0002617,0.0,1.0,3.087102,1.0,3.087102,0.0,1.0,2.0,0.0,1.0,1.0,0.00012462,3.0
addr_0002618,1.0,0.0,1.630898,1.0,1.630898,0.0,0.0,0.0,0.0,0.0,0.0,0.0,0.0
addr_0002624,1.0,0.0,0.029166,1.0,0.029166,0.0,0.0,0.0,0.0,0.0,0.0,0.0,0.0
addr_0002625,0.0,1.0,2.438984,1.0,2.438984,0.0,1.0,1.0,0.0,1.0,1.0,1.102e-05,2.0
addr_0002626,1.0,1.0,6.083992,2.0,3.041996,147.04166666666666,3.0,1.0,0.0,1.0,1.0,0.0001303,2.0
addr_0002628,1.0,1.0,9.872224,2.0,4.936112,0.08333333333333333,1.0,1.0,0.0,1.0,1.0,0.00035923,1.0
addr_0002630,0.0,1.0,0.840253,1.0,0.840253,0.0,1.0,1.0,0.0,1.0,1.0,0.00072631,2.0
addr_0002631,2.0,1.0,8.968289,3.0,2.9894296666666667,69.54166666666667,1.0,1.0,0.0,1.0,1.0,0.00037772,2.0
addr_0002632,1.0,0.0,3.845552,1.0,3.845552,0.0,0.0,0.0,0.0,0.0,0.0,0.0,0.0
addr_0002634,0.0,1.0,2.457294,1.0,2.457294,0.0,2.0,4.0,0.0,1.0,1.0,0.00027495,3.0
addr_0002636,1.0,0.0,1.596282,1.0,1.596282,0.0,0.0,0.0,0.0,0.0,0.0,0.0,0.0
addr_0002638,1.0,0.0,1.68553,1.0,1.68553,0.0,0.0,0.0,0.0,0.0,0.0,0.0,0.0
addr_0002639,0.0,2.0,2.94521,2.0,1.472605,139.375,1.0,1.0,0.5,1.0,1.0,0.00015168,2.0
addr_0002640,0.0,1.0,2.622516,1.0,2.622516,0.0,2.0,1.0,0.0,1.0,1.0,0.00031047,2.0
addr_0002641,1.0,1.0,4.786398999999999,2.0,2.3931994999999997,112.5,1.0,2.0,0.0,1.0,1.0,0.00021105,3.0
addr_0002645,1.0,0.0,0.887473,1.0,0.887473,0.0,0.0,0.0,0.0,0.0,0.0,0.0,0.0
addr_0002647,1.0,0.0,1.227922,1.0,1.227922,0.0,0.0,0.0,0.0,0.0,0.0,0.0,0.0
addr_0002648,0.0,2.0,3.584807,2.0,1.7924035,6.791666666666667,1.0,1.0,0.5,1.0,1.0,0.0007684250000000001,2.0
addr_0002649,0.0,1.0,1.168653,1.0,1.168653,0.0,1.0,1.0,0.0,1.0,1.0,0.00051359,1.0
addr_0002651,1.0,0.0,3.300198,1.0,3.300198,0.0,0.0,0.0,0.0,0.0,0.0,0.0,0.0
addr_0002652,2.0,0.0,3.343802,2.0,1.671901,20.916666666666668,0.0,0.0,0.0,0.0,0.0,0.0,0.0
addr_0002653,0.0,1.0,1.051155,1.0,1.051155,0.0,2.0,1.0,0.0,1.0,1.0,0.00078191,3.0
addr_0002654,1.0,0.0,0.522876,1.0,0.522876,0.0,0.0,0.0,0.0,0.0,0.0,0.0,0.0
addr_0002656,0.0,2.0,5.405695,2.0,2.7028475,209.79166666666666,1.0,1.0,0.5,1.0,1.0,0.00061374,2.0
addr_0002657,0.0,1.0,0.923443,1.0,0.923443,0.0,1.0,1.0,0.0,1.0,1.0,2.407e-05,2.0
addr_0002659,0.0,2.0,1.251687,2.0,0.6258435,70.04166666666667,1.0,1.0,0.5,1.0,1.0,0.000212885,2.0
addr_0002660,0.0,1.0,4.31566,1.0,4.31566,0.0,1.0,1.0,0.0,1.0,1.0,0.00034582,2.0
addr_0002662,0.0,2.0,7.053172,2.0,3.526586,48.291666666666664,1.0,1.0,0.5,1.0,1.0,0.00065047,3.0
addr_0002663,1.0,0.0,1.316108,1.0,1.316108,0.0,0.0,0.0,0.0,0.0,0.0,0.0,0.0
addr_0002669,1.0,0.0,1.684279,1.0,1.684279,0.0,0.0,0.0,0.0,0.0,0.0,0.0,0.0
addr_0002671,2.0,0.0,5.820696,2.0,2.910348,7.375,0.0,0.0,0.0,0.0,0.0,0.0,0.0
addr_0002672,1.0,1.0,3.252175,2.0,1.6260875,6.458333333333333,1.0,2.0,0.0,1.0,1.0,0.00027863,3.0
addr_0002673,0.0,1.0,2.77714,1.0,2.77714,0.0,2.0,1.0,0.0,1.0,1.0,0.00018734,2.0
addr_0002674,1.0,0.0,0.056172,1.0,0.056172,0.0,0.0,0.0,0.0,0.0,0.0,0.0,0.0
addr_0002675,1.0,0.0,1.716438,1.0,1.716438,0.0,0.0,0.0,0.0,0.0,0.0,0.0,0.0
addr_0002676,1.0,0.0,1.06588,1.0,1.06588,0.0,0.0,0.0,0.0,0.0,0.0,0.0,0.0
addr_0002678,4.0,2.0,10.836748,6.0,1.8061246666666666,182.33333333333334,1.0,1.0,0.5,1.0,1.0,0.00043487,2.0
addr_0002679,0.0,1.0,0.847468,1.0,0.847468,0.0,1.0,1.0,0.0,1.0,1.0,0.00133175,2.0
addr_0002680,0.0,2.0,5.130064000000001,2.0,2.5650320000000004,56.666666666666664,2.0,5.0,0.5,1.0,1.0,0.00072626,3.0
addr_0002681,2.0,1.0,9.11689,3.0,3.0389633333333332,266.3333333333333,1.0,1.0,0.0,1.0,1.0,9.84e-06,2.0
addr_0002682,1.0,1.0,6.14302,2.0,3.07151,217.07083333333333,1.0,1.0,0.0,1.0,1.0,9.171e-05,1.0
addr_0002683,0.0,1.0,8.675601,1.0,8.675601,0.0,1.0,1.0,0.0,1.0,1.0,0.0001226,1.0
addr_0002685,1.0,0.0,1.673495,1.0,1.673495,0.0,0.0,0.0,0.0,0.0,0.0,0.0,0.0
addr_0002690,1.0,1.0,8.291104,2.0,4.145552,147.08333333333334,1.0,3.0,0.0,1.0,1.0,0.00056511,2.0
addr_0002691,1.0,2.0,5.377034999999999,3.0,1.7923449999999999,28.166666666666668,1.0,1.0,0.5,1.0,1.0,0.00012492,3.0
addr_0002692,1.0,2.0,4.310551,3.0,1.4368503333333333,119.20833333333333,1.0,1.0,0.5,1.0,1.0,0.000640765,1.0
addr_0002695,0.0,1.0,2.289957,1.0,2.289957,0.0,1.0,1.0,0.0,1.0,1.0,0.00014817,1.0
addr_0002697,1.0,1.0,4.449738,2.0,2.224869,147.20833333333334,1.0,1.0,0.0,1.0,1.0,0.00072453,2.0
addr_0002699,2.0,0.0,2.803391,2.0,1.4016955,14.083333333333334,0.0,0.0,0.0,0.0,0.0,0.0,0.0
addr_0002703,0.0,1.0,0.224869,1.0,0.224869,0.0,1.0,1.0,0.0,1.0,1.0,6.027e-05,2.0
addr_0002704,1.0,0.0,0.709425,1.0,0.709425,0.0,0.0,0.0,0.0,0.0,0.0,0.0,0.0
addr_0002709,1.0,0.0,1.018293,1.0,1.018293,0.0,0.0,0.0,0.0,0.0,0.0,0.0,0.0
addr_0002710,1.0,1.0,3.265475,2.0,1.6327375,112.40625,1.0,1.0,0.0,1.0,1.0,0.00016553,2.0
addr_0002711,1.0,1.0,4.208553,2.0,2.1042765,272.7916666666667,1.0,4.0,0.0,1.0,1.0,4.944e-05,2.0
addr_0002712,0.0,1.0,3.787242,1.0,3.787242,0.0,2.0,1.0,0.0,1.0,1.0,0.00017573,3.0
addr_0002713,1.0,0.0,1.856918,1.0,1.856918,0.0,0.0,0.0,0.0,0.0,0.0,0.0,0.0
addr_0002714,2.0,0.0,3.073322,2.0,1.536661,224.625,0.0,0.0,0.0,0.0,0.0,0.0,0.0
addr_0002715,1.0,1.0,3.4489080000000003,2.0,1.7244540000000002,97.20833333333333,1.0,1.0,0.0,1.0,1.0,0.00083974,2.0
addr_0002716,2.0,1.0,2.9264170000000003,3.0,0.9754723333333334,181.95833333333334,1.0,1.0,0.0,1.0,1.0,0.00060159,2.0
addr_0002717,2.0,0.0,2.6781059999999997,2.0,1.3390529999999998,294.5,0.0,0.0,0.0,0.0,0.0,0.0,0.0
addr_0002718,1.0,0.0,1.337405,1.0,1.337405,0.0,0.0,0.0,0.0,0.0,0.0,0.0,0.0
addr_0002719,1.0,0.0,0.123253,1.0,0.123253,0.0,0.0,0.0,0.0,0.0,0.0,0.0,0.0
addr_0002721,1.0,0.0,3.190329,1.0,3.190329,0.0,0.0,0.0,0.0,0.0,0.0,0.0,0.0
addr_0002725,1.0,0.0,0.299599,1.0,0.299599,0.0,0.0,0.0,0.0,0.0,0.0,0.0,0.0
addr_0002726,0.0,1.0,6.998924,1.0,6.998924,0.0,1.0,1.0,0.0,1.0,1.0,1.837e-05,3.0
addr_0002727,2.0,0.0,5.050882,2.0,2.525441,210.54166666666666,0.0,0.0,0.0,0.0,0.0,0.0,0.0
addr_0002728,1.0,1.0,6.5701,2.0,3.28505,125.54166666666667,2.0,1.0,0.0,1.0,1.0,1.754e-05,3.0
addr_0002729,0.0,1.0,0.232247,1.0,0.232247,0.0,1.0,1.0,0.0,1.0,1.0,0.00098357,3.0
addr_0002730,0.0,1.0,6.29567,1.0,6.29567,0.0,2.0,1.0,0.0,1.0,1.0,0.00016093,3.0
addr_0002731,0.0,2.0,2.094159,2.0,1.0470795,56.0,1.0,1.0,0.5,1.0,1.0,0.000566365,2.0
addr_0002732,1.0,1.0,1.955014,2.0,0.977507,147.5,1.0,7.0,0.0,1.0,1.0,0.0007549,3.0
addr_0002734,2.0,0.0,0.178014,2.0,0.089007,77.75,0.0,0.0,0.0,0.0,0.0,0.0,0.0
addr_0002735,1.0,1.0,1.8462109999999998,2.0,0.9231054999999999,35.666666666666664,1.0,1.0,0.0,1.0,1.0,8.059e-05,2.0
addr_0002738,1.0,0.0,2.719584,1.0,2.719584,0.0,0.0,0.0,0.0,0.0,0.0,0.0,0.0
addr_0002739,0.0,1.0,0.30864,1.0,0.30864,0.0,1.0,1.0,0.0,1.0,1.0,0.00028075,2.0
addr_0002741,0.0,1.0,0.106356,1.0,0.106356,0.0,1.0,3.0,0.0,1.0,1.0,0.00016797,2.0
addr_0002743,0.0,1.0,0.345894,1.0,0.345894,0.0,1.0,1.0,0.0,1.0,1.0,0.00115058,2.0
addr_0002744,1.0,0.0,0.408626,1.0,0.408626,0.0,0.0,0.0,0.0,0.0,0.0,0.0,0.0
addr_0002745,3.0,0.0,1.47054,3.0,0.49018,42.458333333333336,0.0,0.0,0.0,0.0,0.0,0.0,0.0
addr_0002746,0.0,2.0,16.732867,2.0,8.3664335,35.291666666666664,2.0,1.0,0.5,1.0,1.0,0.000251055,2.0
addr_0002749,1.0,2.0,4.098464,3.0,1.3661546666666666,238.625,1.0,1.0,0.5,1.0,1.0,0.0006337749999999999,2.0
addr_0002750,1.0,1.0,3.0659840000000003,2.0,1.5329920000000001,63.041666666666664,1.0,1.0,0.0,1.0,1.0,0.00094596,2.0
addr_0002751,0.0,1.0,1.505635,1.0,1.505635,0.0,2.0,5.0,0.0,1.0,1.0,0.00018032,3.0
addr_0002752,3.0,0.0,6.6999200000000005,3.0,2.233306666666667,160.75,0.0,0.0,0.0,0.0,0.0,0.0,0.0
addr_0002755,3.0,0.0,11.533476,3.0,3.8444920000000002,112.75,0.0,0.0,0.0,0.0,0.0,0.0,0.0
addr_0002760,0.0,1.0,0.069045,1.0,0.069045,0.0,1.0,1.0,0.0,1.0,1.0,2.168e-05,2.0
addr_0002761,1.0,0.0,0.575563,1.0,0.575563,0.0,0.0,0.0,0.0,0.0,0.0,0.0,0.0
addr_0002763,2.0,0.0,4.176325,2.0,2.0881625,210.33333333333334,0.0,0.0,0.0,0.0,0.0,0.0,0.0
addr_0002764,1.0,0.0,9.618224,1.0,9.618224,0.0,0.0,0.0,0.0,0.0,0.0,0.0,0.0
addr_0002767,2.0,1.0,9.517964,3.0,3.1726546666666664,41.958333333333336,1.0,5.0,0.0,1.0,1.0,8.811e-05,2.0
addr_0002768,0.0,1.0,1.580651,1.0,1.580651,0.0,1.0,1.0,0.0,1.0,1.0,6.912e-05,3.0
addr_0002770,1.0,0.0,5.717459,1.0,5.717459,0.0,0.0,0.0,0.0,0.0,0.0,0.0,0.0
addr_0002771,1.0,1.0,3.857554,2.0,1.928777,203.33333333333334,1.0,1.0,0.0,1.0,1.0,8.89e-06,3.0
addr_0002772,1.0,0.0,1.722763,1.0,1.722763,0.0,0.0,0.0,0.0,0.0,0.0,0.0,0.0
addr_0002773,0.0,2.0,4.769001,2.0,2.3845005,42.0,1.0,1.0,0.5,1.0,1.0,0.00101972,3.0
addr_0002774,0.0,1.0,0.931931,1.0,0.931931,0.0,1.0,1.0,0.0,1.0,1.0,0.00058366,3.0
addr_0002777,0.0,1.0,1.37524,1.0,1.37524,0.0,1.0,1.0,0.0,1.0,1.0,0.00016372,2.0
addr_0002783,0.0,1.0,2.118555,1.0,2.118555,0.0,1.0,1.0,0.0,1.0,1.0,0.00067453,1.0
addr_0002786,0.0,1.0,3.529487,1.0,3.529487,0.0,2.0,1.0,0.0,1.0,1.0,8.194e-05,2.0
addr_0002787,0.0,1.0,2.175253,1.0,2.175253,0.0,1.0,1.0,0.0,1.0,1.0,0.00042729,2.0
addr_0002788,2.0,1.0,7.924177,3.0,2.6413923333333336,154.29166666666666,1.0,1.0,0.0,1.0,1.0,0.00012013,3.0
addr_0002789,0.0,1.0,6.017455,1.0,6.017455,0.0,1.0,1.0,0.0,1.0,1.0,0.00129443,3.0
addr_0002791,1.0,0.0,2.530432,1.0,2.530432,0.0,0.0,0.0,0.0,0.0,0.0,0.0,0.0
addr_0002792,2.0,0.0,1.375796,2.0,0.687898,105.125,0.0,0.0,0.0,0.0,0.0,0.0,0.0
addr_0002793,2.0,0.0,16.661293,2.0,8.3306465,230.83333333333334,0.0,0.0,0.0,0.0,0.0,0.0,0.0
addr_0002794,0.0,1.0,4.894827,1.0,4.894827,0.0,1.0,1.0,0.0,1.0,1.0,0.00132995,2.0
addr_0002795,0.0,2.0,2.9309410000000002,2.0,1.4654705000000001,20.791666666666668,2.0,2.0,0.5,1.0,1.0,6.253e-05,1.0
addr_0002797,3.0,1.0,4.108012,4.0,1.027003,209.75,1.0,1.0,0.0,1.0,1.0,0.00050441,2.0
addr_0002800,1.0,0.0,0.920364,1.0,0.920364,0.0,0.0,0.0,0.0,0.0,0.0,0.0,0.0
addr_0002802,0.0,2.0,1.3815760000000001,2.0,0.6907880000000001,203.45833333333334,1.0,3.0,0.5,1.0,1.0,0.000924495,2.0
addr_0002803,0.0,1.0,1.653217,1.0,1.653217,0.0,1.0,1.0,0.0,1.0,1.0,9.977e-05,2.0
addr_0002804,1.0,0.0,0.681017,1.0,0.681017,0.0,0.0,0.0,0.0,0.0,0.0,0.0,0.0
addr_0002806,1.0,0.0,1.279273,1.0,1.279273,0.0,0.0,0.0,0.0,0.0,0.0,0.0,0.0
addr_0002807,0.0,2.0,3.5979989999999997,2.0,1.7989994999999999,84.20833333333333,1.0,1.0,0.5,1.0,1.0,0.00013272,3.0
addr_0002809,1.0,0.0,1.474555,1.0,1.474555,0.0,0.0,0.0,0.0,0.0,0.0,0.0,0.0
addr_0002813,1.0,1.0,9.90659,2.0,4.953295,167.29166666666666,1.0,3.0,0.0,1.0,1.0,0.00019157,2.0
addr_0002814,0.0,1.0,0.692137,1.0,0.692137,0.0,1.0,1.0,0.0,1.0,1.0,3.253e-05,3.0
addr_0002815,1.0,3.0,8.07122,4.0,2.017805,202.98819444444445,2.0,1.0,0.3333,1.0,1.0,9.486333333333332e-05,3.0
addr_0002816,1.0,0.0,0.326281,1.0,0.326281,0.0,0.0,0.0,0.0,0.0,0.0,0.0,0.0
addr_0002817,1.0,1.0,4.136235,2.0,2.0681175,146.75,1.0,2.0,0.0,1.0,1.0,0.00036893,2.0
addr_0002818,1.0,1.0,4.263134,2.0,2.131567,258.625,3.0,3.0,0.0,1.0,1.0,0.00061228,3.0
addr_0002820,0.0,2.0,2.322127,2.0,1.1610635,252.08333333333334,2.0,1.0,0.5,1.0,1.0,0.000246075,2.0
addr_0002825,0.0,1.0,1.491842,1.0,1.491842,0.0,1.0,1.0,0.0,1.0,1.0,0.00011273,2.0
addr_0002826,0.0,1.0,0.063336,1.0,0.063336,0.0,1.0,1.0,0.0,1.0,1.0,1.454e-05,2.0
addr_0002828,0.0,1.0,0.552966,1.0,0.552966,0.0,1.0,1.0,0.0,1.0,1.0,0.00017126,2.0
addr_0002829,1.0,2.0,4.3168310000000005,3.0,1.4389436666666668,35.166666666666664,1.0,1.0,0.5,1.0,1.0,0.00043311,2.0
addr_0002830,2.0,0.0,4.384474,2.0,2.192237,168.00277777777777,0.0,0.0,0.0,0.0,0.0,0.0,0.0
addr_0002831,0.0,1.0,1.765157,1.0,1.765157,0.0,2.0,1.0,0.0,1.0,1.0,0.00037306,2.0
addr_0002832,0.0,2.0,7.905957000000001,2.0,3.9529785000000004,230.70833333333334,1.0,1.0,0.5,1.0,1.0,0.00023513,3.0
addr_0002833,1.0,0.0,2.773179,1.0,2.773179,0.0,0.0,0.0,0.0,0.0,0.0,0.0,0.0
addr_0002834,0.0,2.0,2.643359,2.0,1.3216795,48.375,2.0,1.0,0.5,1.0,1.0,0.000677215,2.0
addr_0002835,1.0,0.0,0.865649,1.0,0.865649,0.0,0.0,0.0,0.0,0.0,0.0,0.0,0.0
addr_0002836,1.0,0.0,0.783888,1.0,0.783888,0.0,0.0,0.0,0.0,0.0,0.0,0.0,0.0
addr_0002837,0.0,2.0,8.18641,2.0,4.093205,6.416666666666667,2.0,3.0,0.5,1.0,1.0,0.00018356999999999998,3.0
addr_0002838,0.0,1.0,0.070313,1.0,0.070313,0.0,1.0,1.0,0.0,1.0,1.0,0.00020127,3.0
addr_0002839,0.0,1.0,3.399817,1.0,3.399817,0.0,1.0,1.0,0.0,1.0,1.0,0.00010702,3.0
addr_0002840,1.0,0.0,3.387998,1.0,3.387998,0.0,0.0,0.0,0.0,0.0,0.0,0.0,0.0
addr_0002841,1.0,1.0,5.2960069999999995,2.0,2.6480034999999997,174.79166666666666,1.0,1.0,0.0,1.0,1.0,0.00044179,3.0
addr_0002842,1.0,0.0,1.784526,1.0,1.784526,0.0,0.0,0.0,0.0,0.0,0.0,0.0,0.0
addr_0002843,1.0,0.0,0.797707,1.0,0.797707,0.0,0.0,0.0,0.0,0.0,0.0,0.0,0.0
addr_0002848,1.0,0.0,0.336896,1.0,0.336896,0.0,0.0,0.0,0.0,0.0,0.0,0.0,0.0
addr_0002849,0.0,1.0,0.041455,1.0,0.041455,0.0,1.0,1.0,0.0,1.0,1.0,6.723e-05,2.0
addr_0002850,0.0,1.0,3.944257,1.0,3.944257,0.0,1.0,1.0,0.0,1.0,1.0,0.00016306,2.0
addr_0002854,1.0,0.0,1.446397,1.0,1.446397,0.0,0.0,0.0,0.0,0.0,0.0,0.0,0.0
addr_0002856,1.0,2.0,2.935982,3.0,0.9786606666666667,125.41666666666667,1.0,1.0,0.5,1.0,1.0,7.569e-05,2.0
addr_0002858,1.0,0.0,2.15584,1.0,2.15584,0.0,0.0,0.0,0.0,0.0,0.0,0.0,0.0
addr_0002859,1.0,1.0,2.04976,2.0,1.02488,104.25,1.0,1.0,0.0,1.0,1.0,0.00016342,3.0
addr_0002860,0.0,2.0,5.835977,2.0,2.9179885,7.583333333333333,1.0,1.0,0.5,1.0,1.0,0.0009367399999999999,2.0
addr_0002863,0.0,1.0,2.811033,1.0,2.811033,0.0,2.0,1.0,0.0,1.0,1.0,0.0003478,2.0
addr_0002864,2.0,0.0,0.661184,2.0,0.330592,83.66666666666667,0.0,0.0,0.0,0.0,0.0,0.0,0.0
addr_0002865,0.0,1.0,0.232012,1.0,0.232012,0.0,1.0,1.0,0.0,1.0,1.0,0.00074684,2.0
addr_0002866,1.0,0.0,3.719036,1.0,3.719036,0.0,0.0,0.0,0.0,0.0,0.0,0.0,0.0
addr_0002867,0.0,1.0,4.037242,1.0,4.037242,0.0,1.0,1.0,0.0,1.0,1.0,8.926e-05,2.0
addr_0002868,0.0,1.0,1.012776,1.0,1.012776,0.0,1.0,1.0,0.0,1.0,1.0,0.00016905,1.0
addr_0002869,2.0,0.0,0.771961,2.0,0.3859805,146.20833333333334,0.0,0.0,0.0,0.0,0.0,0.0,0.0
addr_0002871,1.0,1.0,3.9735810000000003,2.0,1.9867905000000001,153.25972222222222,1.0,5.0,0.0,1.0,1.0,0.00096048,2.0
addr_0002873,0.0,1.0,1.654818,1.0,1.654818,0.0,1.0,1.0,0.0,1.0,1.0,9.273e-05,3.0
addr_0002875,3.0,1.0,14.897474999999998,4.0,3.7243687499999996,153.75,1.0,1.0,0.0,1.0,1.0,6.476e-05,2.0
addr_0002876,1.0,0.0,0.339452,1.0,0.339452,0.0,0.0,0.0,0.0,0.0,0.0,0.0,0.0
addr_0002879,0.0,1.0,1.626682,1.0,1.626682,0.0,1.0,1.0,0.0,1.0,1.0,0.00010059,2.0
addr_0002880,1.0,0.0,0.563517,1.0,0.563517,0.0,0.0,0.0,0.0,0.0,0.0,0.0,0.0
addr_0002881,1.0,0.0,0.605648,1.0,0.605648,0.0,0.0,0.0,0.0,0.0,0.0,0.0,0.0
addr_0002882,0.0,2.0,6.788066000000001,2.0,3.3940330000000003,167.83333333333334,1.0,1.0,0.5,1.0,1.0,0.000166735,2.0
addr_0002883,1.0,0.0,0.246173,1.0,0.246173,0.0,0.0,0.0,0.0,0.0,0.0,0.0,0.0
addr_0002884,0.0,1.0,0.064559,1.0,0.064559,0.0,1.0,3.0,0.0,1.0,1.0,0.0006907,2.0
addr_0002885,1.0,1.0,4.234207,2.0,2.1171035,7.5,1.0,2.0,0.0,1.0,1.0,0.00070948,2.0
addr_0002886,1.0,0.0,2.212275,1.0,2.212275,0.0,0.0,0.0,0.0,0.0,0.0,0.0,0.0
addr_0002887,1.0,0.0,0.732521,1.0,0.732521,0.0,0.0,0.0,0.0,0.0,0.0,0.0,0.0
addr_0002890,1.0,2.0,7.657831,3.0,2.5526103333333334,104.29166666666667,1.0,3.0,0.5,1.0,1.0,0.00021266,2.0
addr_0002891,0.0,1.0,0.333801,1.0,0.333801,0.0,1.0,1.0,0.0,1.0,1.0,0.0002879,3.0
addr_0002892,1.0,2.0,6.234430000000001,3.0,2.0781433333333337,140.04166666666666,1.0,1.0,0.5,1.0,1.0,0.00068704,2.0
addr_0002897,1.0,0.0,1.049961,1.0,1.049961,0.0,0.0,0.0,0.0,0.0,0.0,0.0,0.0
addr_0002898,2.0,0.0,8.677422,2.0,4.338711,41.958333333333336,0.0,0.0,0.0,0.0,0.0,0.0,0.0
addr_0002899,1.0,0.0,1.505145,1.0,1.505145,0.0,0.0,0.0,0.0,0.0,0.0,0.0,0.0
addr_0002900,0.0,1.0,1.147153,1.0,1.147153,0.0,1.0,1.0,0.0,1.0,1.0,0.00030988,2.0
addr_0002903,2.0,0.0,2.159105,2.0,1.0795525,63.2,0.0,0.0,0.0,0.0,0.0,0.0,0.0
addr_0002906,0.0,2.0,1.0864960000000001,2.0,0.5432480000000001,91.125,1.0,1.0,0.5,1.0,1.0,0.00018994999999999998,2.0
addr_0002907,0.0,1.0,0.755144,1.0,0.755144,0.0,1.0,1.0,0.0,1.0,1.0,2.3e-06,2.0
addr_0002909,1.0,0.0,2.374401,1.0,2.374401,0.0,0.0,0.0,0.0,0.0,0.0,0.0,0.0
addr_0002910,0.0,2.0,3.270141,2.0,1.6350705,90.79166666666667,1.0,1.0,0.5,1.0,1.0,0.0002048,3.0
addr_0002912,2.0,0.0,3.6321199999999996,2.0,1.8160599999999998,21.416666666666668,0.0,0.0,0.0,0.0,0.0,0.0,0.0
addr_0002913,0.0,2.0,4.817168000000001,2.0,2.4085840000000003,7.5,2.0,1.0,0.5,1.0,1.0,0.00016273,3.0
addr_0002914,1.0,0.0,0.282673,1.0,0.282673,0.0,0.0,0.0,0.0,0.0,0.0,0.0,0.0
addr_0002915,1.0,0.0,0.305659,1.0,0.305659,0.0,0.0,0.0,0.0,0.0,0.0,0.0,0.0
addr_0002919,0.0,1.0,1.36544,1.0,1.36544,0.0,1.0,1.0,0.0,1.0,1.0,0.00016259,2.0
addr_0002920,1.0,0.0,4.348122,1.0,4.348122,0.0,0.0,0.0,0.0,0.0,0.0,0.0,0.0
addr_0002921,0.0,1.0,1.139853,1.0,1.139853,0.0,1.0,6.0,0.0,1.0,1.0,0.00024306,2.0
addr_0002925,1.0,0.0,4.548391,1.0,4.548391,0.0,0.0,0.0,0.0,0.0,0.0,0.0,0.0
addr_0002926,1.0,2.0,3.90076,3.0,1.3002533333333333,118.79166666666667,1.0,1.0,0.5,1.0,1.0,0.00031864999999999997,2.0
addr_0002927,1.0,0.0,1.715441,1.0,1.715441,0.0,0.0,0.0,0.0,0.0,0.0,0.0,0.0
addr_0002928,0.0,1.0,2.734679,1.0,2.734679,0.0,1.0,1.0,0.0,1.0,1.0,0.00016943,2.0
addr_0002930,1.0,0.0,6.141663,1.0,6.141663,0.0,0.0,0.0,0.0,0.0,0.0,0.0,0.0
addr_0002931,0.0,1.0,4.663111,1.0,4.663111,0.0,1.0,1.0,0.0,1.0,1.0,0.00019196,2.0
addr_0002932,0.0,1.0,0.057881,1.0,0.057881,0.0,1.0,1.0,0.0,1.0,1.0,0.00030566,2.0
addr_0002933,2.0,0.0,2.883575,2.0,1.4417875,112.04166666666667,0.0,0.0,0.0,0.0,0.0,0.0,0.0
addr_0002935,0.0,2.0,7.04362,2.0,3.52181,160.29166666666666,1.0,1.0,0.5,1.0,1.0,0.00021161999999999998,2.0
addr_0002941,0.0,1.0,7.519932,1.0,7.519932,0.0,1.0,1.0,0.0,1.0,1.0,0.00031303,2.0
addr_0002943,1.0,0.0,3.098962,1.0,3.098962,0.0,0.0,0.0,0.0,0.0,0.0,0.0,0.0
addr_0002944,1.0,0.0,1.529992,1.0,1.529992,0.0,0.0,0.0,0.0,0.0,0.0,0.0,0.0
addr_0002946,1.0,0.0,0.477655,1.0,0.477655,0.0,0.0,0.0,0.0,0.0,0.0,0.0,0.0
addr_0002947,1.0,0.0,0.56624,1.0,0.56624,0.0,0.0,0.0,0.0,0.0,0.0,0.0,0.0
addr_0002948,1.0,2.0,5.6078600000000005,3.0,1.8692866666666668,203.00625,1.0,1.0,0.5,1.0,1.0,0.000503835,2.0
addr_0002949,0.0,1.0,4.017902,1.0,4.017902,0.0,1.0,1.0,0.0,1.0,1.0,0.00036096,3.0
addr_0002952,1.0,0.0,3.377391,1.0,3.377391,0.0,0.0,0.0,0.0,0.0,0.0,0.0,0.0
addr_0002953,1.0,1.0,3.9314280000000004,2.0,1.9657140000000002,69.95833333333333,1.0,1.0,0.0,1.0,1.0,3.741e-05,2.0
addr_0002955,1.0,4.0,15.171313,5.0,3.0342626,273.5,2.0,1.0,0.25,1.0,1.0,0.00027975,2.0
addr_0002956,4.0,0.0,5.69191,4.0,1.4229775,231.04166666666666,0.0,0.0,0.0,0.0,0.0,0.0,0.0
addr_0002958,0.0,1.0,2.50428,1.0,2.50428,0.0,1.0,1.0,0.0,1.0,1.0,0.00018274,2.0
addr_0002959,1.0,1.0,3.4335310000000003,2.0,1.7167655000000002,76.83333333333333,1.0,1.0,0.0,1.0,1.0,0.00087419,3.0
addr_0002960,0.0,2.0,0.707314,2.0,0.353657,132.70833333333334,1.0,1.0,0.5,1.0,1.0,0.00040483500000000004,2.0
addr_0002961,0.0,1.0,0.958339,1.0,0.958339,0.0,1.0,1.0,0.0,1.0,1.0,0.00057102,2.0
addr_0002964,0.0,1.0,1.761487,1.0,1.761487,0.0,1.0,1.0,0.0,1.0,1.0,7.342e-05,2.0
addr_0002967,1.0,0.0,2.302629,1.0,2.302629,0.0,0.0,0.0,0.0,0.0,0.0,0.0,0.0
addr_0002971,1.0,0.0,0.171574,1.0,0.171574,0.0,0.0,0.0,0.0,0.0,0.0,0.0,0.0
addr_0002972,0.0,1.0,1.916965,1.0,1.916965,0.0,1.0,1.0,0.0,1.0,1.0,9.225e-05,3.0
addr_0002973,1.0,1.0,1.2040099999999998,2.0,0.6020049999999999,258.9166666666667,1.0,1.0,0.0,1.0,1.0,0.00031989,2.0
addr_0002975,1.0,0.0,3.668559,1.0,3.668559,0.0,0.0,0.0,0.0,0.0,0.0,0.0,0.0
addr_0002977,2.0,0.0,4.699718,2.0,2.349859,21.333333333333332,0.0,0.0,0.0,0.0,0.0,0.0,0.0
addr_0002978,0.0,1.0,4.348122,1.0,4.348122,0.0,1.0,3.0,0.0,1.0,1.0,0.00024089,2.0
addr_0002979,0.0,1.0,4.781575,1.0,4.781575,0.0,1.0,1.0,0.0,1.0,1.0,0.00045968,2.0
addr_0002980,3.0,0.0,5.930176,3.0,1.9767253333333334,49.0,0.0,0.0,0.0,0.0,0.0,0.0,0.0
addr_0002981,1.0,1.0,0.6245959999999999,2.0,0.31229799999999996,224.29166666666666,1.0,1.0,0.0,1.0,1.0,0.00124797,2.0
addr_0002982,0.0,1.0,3.142897,1.0,3.142897,0.0,1.0,1.0,0.0,1.0,1.0,0.00119014,3.0
addr_0002983,0.0,1.0,1.369245,1.0,1.369245,0.0,1.0,1.0,0.0,1.0,1.0,0.00018814,2.0
addr_0002985,1.0,0.0,5.711463,1.0,5.711463,0.0,0.0,0.0,0.0,0.0,0.0,0.0,0.0
addr_0002986,0.0,1.0,0.396249,1.0,0.396249,0.0,1.0,1.0,0.0,1.0,1.0,0.00010691,2.0
addr_0002987,0.0,1.0,1.804284,1.0,1.804284,0.0,1.0,1.0,0.0,1.0,1.0,0.00014015,1.0
addr_0002989,2.0,0.0,3.452779,2.0,1.7263895,181.70833333333334,0.0,0.0,0.0,0.0,0.0,0.0,0.0
addr_0002990,1.0,2.0,9.384619999999998,3.0,3.128206666666666,153.45833333333334,1.0,7.0,0.5,1.0,1.0,0.0008741350000000001,2.0
addr_0002993,0.0,1.0,1.018293,1.0,1.018293,0.0,1.0,1.0,0.0,1.0,1.0,0.00014248,2.0
addr_0002995,0.0,1.0,8.087513,1.0,8.087513,0.0,1.0,1.0,0.0,1.0,1.0,5.413e-05,2.0
addr_0002997,1.0,0.0,2.647161,1.0,2.647161,0.0,0.0,0.0,0.0,0.0,0.0,0.0,0.0
addr_0002998,2.0,0.0,7.973903,2.0,3.9869515,273.125,0.0,0.0,0.0,0.0,0.0,0.0,0.0
addr_0003000,0.0,2.0,3.984797,2.0,1.9923985,125.33333333333333,2.0,1.0,0.5,1.0,1.0,0.000331635,2.0
addr_0003001,1.0,1.0,8.410318,2.0,4.205159,188.8527777777778,2.0,1.0,0.0,1.0,1.0,8.451e-05,2.0
addr_0003002,1.0,1.0,9.315995,2.0,4.6579975,167.625,2.0,1.0,0.0,1.0,1.0,0.0006399,2.0
addr_0003003,0.0,1.0,2.727183,1.0,2.727183,0.0,1.0,1.0,0.0,1.0,1.0,0.00064178,2.0
addr_0003004,1.0,0.0,0.234379,1.0,0.234379,0.0,0.0,0.0,0.0,0.0,0.0,0.0,0.0
addr_0003005,0.0,2.0,2.059204,2.0,1.029602,41.375,1.0,1.0,0.5,1.0,1.0,0.000851355,1.0
addr_0003006,0.0,1.0,1.943877,1.0,1.943877,0.0,2.0,1.0,0.0,1.0,1.0,0.00091734,2.0
addr_0003012,1.0,1.0,1.519438,2.0,0.759719,104.83333333333333,1.0,1.0,0.0,1.0,1.0,6.426e-05,2.0
addr_0003018,0.0,1.0,1.372875,1.0,1.372875,0.0,1.0,1.0,0.0,1.0,1.0,4.761e-05,2.0
addr_0003020,1.0,0.0,0.289405,1.0,0.289405,0.0,0.0,0.0,0.0,0.0,0.0,0.0,0.0
addr_0003024,2.0,0.0,0.43348699999999996,2.0,0.21674349999999998,27.625,0.0,0.0,0.0,0.0,0.0,0.0,0.0
addr_0003026,0.0,3.0,5.797854,3.0,1.932618,97.20833333333333,1.0,3.0,0.3333,1.0,1.0,0.0003617833333333334,2.0
addr_0003027,1.0,0.0,3.469472,1.0,3.469472,0.0,0.0,0.0,0.0,0.0,0.0,0.0,0.0
addr_0003029,1.0,1.0,5.624558,2.0,2.812279,76.375,2.0,1.0,0.0,1.0,1.0,0.00082982,3.0
addr_0003031,1.0,0.0,1.183055,1.0,1.183055,0.0,0.0,0.0,0.0,0.0,0.0,0.0,0.0
addr_0003034,1.0,1.0,6.645434000000001,2.0,3.3227170000000004,35.125,1.0,1.0,0.0,1.0,1.0,0.00017094,3.0
addr_0003035,1.0,0.0,1.853462,1.0,1.853462,0.0,0.0,0.0,0.0,0.0,0.0,0.0,0.0
addr_0003036,0.0,1.0,0.09272,1.0,0.09272,0.0,1.0,3.0,0.0,1.0,1.0,0.00018608,1.0
addr_0003038,1.0,0.0,5.908527,1.0,5.908527,0.0,0.0,0.0,0.0,0.0,0.0,0.0,0.0
addr_0003039,2.0,0.0,5.431635999999999,2.0,2.7158179999999996,76.83333333333333,0.0,0.0,0.0,0.0,0.0,0.0,0.0
addr_0003040,1.0,1.0,4.621289,2.0,2.3106445,70.16666666666667,1.0,1.0,0.0,1.0,1.0,0.00012951,2.0
addr_0003041,1.0,0.0,0.127338,1.0,0.127338,0.0,0.0,0.0,0.0,0.0,0.0,0.0,0.0
addr_0003044,1.0,0.0,1.147542,1.0,1.147542,0.0,0.0,0.0,0.0,0.0,0.0,0.0,0.0
addr_0003047,0.0,2.0,2.739182,2.0,1.369591,146.45833333333334,1.0,3.0,0.5,1.0,1.0,0.000724435,2.0
addr_0003048,1.0,1.0,1.774231,2.0,0.8871155,27.833333333333332,1.0,1.0,0.0,1.0,1.0,0.00022309,2.0
addr_0003050,0.0,1.0,1.004086,1.0,1.004086,0.0,1.0,1.0,0.0,1.0,1.0,0.00018146,2.0
addr_0003051,1.0,0.0,2.761113,1.0,2.761113,0.0,0.0,0.0,0.0,0.0,0.0,0.0,0.0
addr_0003052,1.0,1.0,4.130921,2.0,2.0654605,104.66666666666667,1.0,1.0,0.0,1.0,1.0,0.00071978,2.0
addr_0003053,0.0,1.0,3.777619,1.0,3.777619,0.0,1.0,1.0,0.0,1.0,1.0,0.00017979,3.0
addr_0003057,2.0,0.0,4.137611,2.0,2.0688055,104.98541666666667,0.0,0.0,0.0,0.0,0.0,0.0,0.0
addr_0003061,1.0,0.0,0.994157,1.0,0.994157,0.0,0.0,0.0,0.0,0.0,0.0,0.0,0.0
addr_0003064,0.0,3.0,6.489481,3.0,2.1631603333333334,168.45833333333334,1.0,3.0,0.3333,1.0,1.0,0.0008462566666666667,3.0
addr_0003066,1.0,0.0,1.620108,1.0,1.620108,0.0,0.0,0.0,0.0,0.0,0.0,0.0,0.0
addr_0003067,1.0,1.0,5.438509,2.0,2.7192545,62.833333333333336,1.0,3.0,0.0,1.0,1.0,0.00074229,3.0
addr_0003069,0.0,1.0,0.265833,1.0,0.265833,0.0,1.0,1.0,0.0,1.0,1.0,0.00108543,2.0
addr_0003070,1.0,0.0,0.948952,1.0,0.948952,0.0,0.0,0.0,0.0,0.0,0.0,0.0,0.0
addr_0003071,1.0,0.0,1.916965,1.0,1.916965,0.0,0.0,0.0,0.0,0.0,0.0,0.0,0.0
addr_0003074,1.0,0.0,0.055715,1.0,0.055715,0.0,0.0,0.0,0.0,0.0,0.0,0.0,0.0
addr_0003075,0.0,1.0,3.907624,1.0,3.907624,0.0,1.0,2.0,0.0,1.0,1.0,6.412e-05,2.0
addr_0003077,1.0,0.0,1.045876,1.0,1.045876,0.0,0.0,0.0,0.0,0.0,0.0,0.0,0.0
addr_0003078,1.0,1.0,1.691072,2.0,0.845536,98.45833333333333,1.0,1.0,0.0,1.0,1.0,6.023e-05,2.0
addr_0003079,0.0,1.0,1.098775,1.0,1.098775,0.0,1.0,3.0,0.0,1.0,1.0,5.859e-05,2.0
addr_0003080,2.0,1.0,8.709146,3.0,2.903048666666667,14.833333333333334,2.0,3.0,0.0,1.0,1.0,7.38e-05,2.0
addr_0003081,0.0,1.0,0.067356,1.0,0.067356,0.0,1.0,1.0,0.0,1.0,1.0,0.00021183,2.0
addr_0003083,0.0,1.0,0.359972,1.0,0.359972,0.0,1.0,1.0,0.0,1.0,1.0,0.00159145,2.0
addr_0003086,0.0,1.0,1.818285,1.0,1.818285,0.0,1.0,1.0,0.0,1.0,1.0,0.00010306,1.0
addr_0003087,0.0,1.0,1.48352,1.0,1.48352,0.0,2.0,1.0,0.0,1.0,1.0,0.00051863,2.0
addr_0003088,1.0,0.0,8.331629,1.0,8.331629,0.0,0.0,0.0,0.0,0.0,0.0,0.0,0.0
addr_0003089,2.0,0.0,3.4805029999999997,2.0,1.7402514999999998,105.20833333333333,0.0,0.0,0.0,0.0,0.0,0.0,0.0
addr_0003094,1.0,1.0,6.397199,2.0,3.1985995,139.04166666666666,1.0,1.0,0.0,1.0,1.0,7.3e-07,3.0
addr_0003095,0.0,1.0,1.611235,1.0,1.611235,0.0,1.0,1.0,0.0,1.0,1.0,0.00023351,2.0
addr_0003096,1.0,0.0,1.122295,1.0,1.122295,0.0,0.0,0.0,0.0,0.0,0.0,0.0,0.0
addr_0003098,2.0,0.0,11.733762,2.0,5.866881,112.79166666666667,0.0,0.0,0.0,0.0,0.0,0.0,0.0
addr_0003099,1.0,0.0,0.983235,1.0,0.983235,0.0,0.0,0.0,0.0,0.0,0.0,0.0,0.0
addr_0003100,0.0,1.0,1.950761,1.0,1.950761,0.0,1.0,1.0,0.0,1.0,1.0,0.00039795,3.0
addr_0003101,2.0,0.0,3.78364,2.0,1.89182,77.25,0.0,0.0,0.0,0.0,0.0,0.0,0.0
addr_0003102,1.0,2.0,3.6499669999999997,3.0,1.2166556666666666,125.66666666666667,2.0,1.0,0.5,1.0,1.0,0.000590365,2.0
addr_0003103,0.0,1.0,1.049696,1.0,1.049696,0.0,1.0,1.0,0.0,1.0,1.0,0.0009702,2.0
addr_0003104,0.0,2.0,5.531024,2.0,2.765512,140.16666666666666,2.0,2.0,0.5,1.0,1.0,7.58e-05,3.0
addr_0003107,0.0,1.0,3.573335,1.0,3.573335,0.0,1.0,1.0,0.0,1.0,1.0,2.977e-05,2.0
addr_0003110,1.0,1.0,1.9427,2.0,0.97135,104.54166666666667,1.0,1.0,0.0,1.0,1.0,0.00034456,2.0
addr_0003111,1.0,2.0,3.5497,3.0,1.1832333333333334,147.45833333333334,1.0,2.0,0.5,1.0,1.0,0.00013435499999999998,3.0
addr_0003115,1.0,0.0,3.925762,1.0,3.925762,0.0,0.0,0.0,0.0,0.0,0.0,0.0,0.0
addr_0003119,0.0,2.0,5.965873,2.0,2.9829365,301.0416666666667,1.0,1.0,0.5,1.0,1.0,8.7175e-05,2.0
addr_0003121,1.0,0.0,5.53285,1.0,5.53285,0.0,0.0,0.0,0.0,0.0,0.0,0.0,0.0
addr_0003122,0.0,5.0,7.277424,5.0,1.4554848,97.375,1.0,1.0,0.2,1.0,1.0,0.000337692,2.0
addr_0003124,1.0,2.0,5.159724,3.0,1.719908,91.375,2.0,1.0,0.5,1.0,1.0,0.00066148,3.0
addr_0003126,1.0,0.0,1.066762,1.0,1.066762,0.0,0.0,0.0,0.0,0.0,0.0,0.0,0.0
addr_0003127,1.0,0.0,0.723534,1.0,0.723534,0.0,0.0,0.0,0.0,0.0,0.0,0.0,0.0
addr_0003129,1.0,0.0,0.975962,1.0,0.975962,0.0,0.0,0.0,0.0,0.0,0.0,0.0,0.0
addr_0003132,1.0,0.0,3.524823,1.0,3.524823,0.0,0.0,0.0,0.0,0.0,0.0,0.0,0.0
addr_0003133,2.0,0.0,1.466725,2.0,0.7333625,90.5,0.0,0.0,0.0,0.0,0.0,0.0,0.0
addr_0003135,1.0,1.0,5.004744,2.0,2.502372,56.333333333333336,1.0,1.0,0.0,1.0,1.0,6.051e-05,2.0
addr_0003136,0.0,1.0,0.678196,1.0,0.678196,0.0,1.0,1.0,0.0,1.0,1.0,0.00074133,2.0
addr_0003137,0.0,1.0,1.284389,1.0,1.284389,0.0,1.0,3.0,0.0,1.0,1.0,0.00025654,2.0
addr_0003141,2.0,0.0,9.121402,2.0,4.560701,28.19375,0.0,0.0,0.0,0.0,0.0,0.0,0.0
addr_0003142,0.0,1.0,1.076891,1.0,1.076891,0.0,1.0,1.0,0.0,1.0,1.0,0.00076152,3.0
addr_0003143,0.0,1.0,1.466843,1.0,1.466843,0.0,1.0,1.0,0.0,1.0,1.0,0.00013126,2.0
addr_0003146,0.0,2.0,6.4968259999999995,2.0,3.2484129999999998,266.75,1.0,1.0,0.5,1.0,1.0,0.000686575,3.0
addr_0003148,0.0,1.0,4.879234,1.0,4.879234,0.0,1.0,3.0,0.0,1.0,1.0,0.00099485,2.0
addr_0003149,1.0,0.0,7.046191,1.0,7.046191,0.0,0.0,0.0,0.0,0.0,0.0,0.0,0.0
addr_0003150,2.0,1.0,2.204864,3.0,0.7349546666666668,188.98125,1.0,1.0,0.0,1.0,1.0,0.00070985,2.0
addr_0003151,0.0,1.0,1.421798,1.0,1.421798,0.0,1.0,2.0,0.0,1.0,1.0,0.00030902,2.0
addr_0003152,1.0,0.0,0.421441,1.0,0.421441,0.0,0.0,0.0,0.0,0.0,0.0,0.0,0.0
addr_0003153,1.0,0.0,0.466579,1.0,0.466579,0.0,0.0,0.0,0.0,0.0,0.0,0.0,0.0
addr_0003154,0.0,1.0,0.445381,1.0,0.445381,0.0,2.0,6.0,0.0,1.0,1.0,0.00045436,3.0
addr_0003156,0.0,1.0,5.413385,1.0,5.413385,0.0,1.0,1.0,0.0,1.0,1.0,0.00105577,3.0
addr_0003157,2.0,0.0,7.527266,2.0,3.763633,139.76388888888889,0.0,0.0,0.0,0.0,0.0,0.0,0.0
addr_0003159,1.0,0.0,1.106284,1.0,1.106284,0.0,0.0,0.0,0.0,0.0,0.0,0.0,0.0
addr_0003160,1.0,1.0,2.265235,2.0,1.1326175,125.875,1.0,1.0,0.0,1.0,1.0,0.00025521,3.0
addr_0003161,0.0,1.0,0.246707,1.0,0.246707,0.0,1.0,1.0,0.0,1.0,1.0,0.00014865,3.0
addr_0003163,1.0,0.0,5.197974,1.0,5.197974,0.0,0.0,0.0,0.0,0.0,0.0,0.0,0.0
addr_0003166,0.0,1.0,1.861454,1.0,1.861454,0.0,2.0,1.0,0.0,1.0,1.0,0.00045288,2.0
addr_0003167,0.0,1.0,1.715162,1.0,1.715162,0.0,2.0,1.0,0.0,1.0,1.0,0.00037993,2.0
addr_0003168,0.0,1.0,4.144772,1.0,4.144772,0.0,2.0,1.0,0.0,1.0,1.0,0.00033372,2.0
addr_0003169,1.0,0.0,1.268334,1.0,1.268334,0.0,0.0,0.0,0.0,0.0,0.0,0.0,0.0
addr_0003171,0.0,1.0,0.796062,1.0,0.796062,0.0,1.0,1.0,0.0,1.0,1.0,0.00026082,3.0
addr_0003172,0.0,1.0,1.187518,1.0,1.187518,0.0,1.0,1.0,0.0,1.0,1.0,0.00063926,2.0
addr_0003173,0.0,1.0,2.836522,1.0,2.836522,0.0,1.0,1.0,0.0,1.0,1.0,3.57e-05,3.0
addr_0003174,1.0,0.0,0.233994,1.0,0.233994,0.0,0.0,0.0,0.0,0.0,0.0,0.0,0.0
addr_0003175,1.0,0.0,1.404672,1.0,1.404672,0.0,0.0,0.0,0.0,0.0,0.0,0.0,0.0
addr_0003179,1.0,0.0,1.511537,1.0,1.511537,0.0,0.0,0.0,0.0,0.0,0.0,0.0,0.0
addr_0003180,1.0,1.0,3.44064,2.0,1.72032,14.772916666666667,1.0,1.0,0.0,1.0,1.0,3.735e-05,2.0
addr_0003184,1.0,1.0,5.8146070000000005,2.0,2.9073035000000003,223.91666666666666,1.0,7.0,0.0,1.0,1.0,9.222e-05,2.0
addr_0003185,0.0,1.0,5.819052,1.0,5.819052,0.0,1.0,1.0,0.0,1.0,1.0,0.0005541,2.0
addr_0003186,0.0,1.0,2.34831,1.0,2.34831,0.0,1.0,3.0,0.0,1.0,1.0,0.00029773,3.0
addr_0003187,2.0,1.0,2.782119,3.0,0.9273729999999999,329.2916666666667,1.0,1.0,0.0,1.0,1.0,0.00105645,2.0
addr_0003188,0.0,2.0,3.824417,2.0,1.9122085,202.45833333333334,1.0,1.0,0.5,1.0,1.0,0.000317625,3.0
addr_0003189,2.0,0.0,16.262840999999998,2.0,8.131420499999999,216.91666666666666,0.0,0.0,0.0,0.0,0.0,0.0,0.0
addr_0003193,1.0,1.0,1.193924,2.0,0.596962,189.375,1.0,1.0,0.0,1.0,1.0,0.00014868,2.0
addr_0003194,0.0,1.0,1.85144,1.0,1.85144,0.0,1.0,1.0,0.0,1.0,1.0,0.00033645,3.0
addr_0003195,1.0,0.0,0.416627,1.0,0.416627,0.0,0.0,0.0,0.0,0.0,0.0,0.0,0.0
addr_0003197,1.0,2.0,4.400958,3.0,1.4669860000000001,161.125,1.0,1.0,0.5,1.0,1.0,0.0009015100000000001,2.0
addr_0003198,1.0,1.0,2.295467,2.0,1.1477335,294.02777777777777,2.0,1.0,0.0,1.0,1.0,0.0005504,2.0
addr_0003199,1.0,0.0,1.002876,1.0,1.002876,0.0,0.0,0.0,0.0,0.0,0.0,0.0,0.0
addr_0003201,1.0,0.0,1.391935,1.0,1.391935,0.0,0.0,0.0,0.0,0.0,0.0,0.0,0.0
addr_0003202,1.0,0.0,1.479296,1.0,1.479296,0.0,0.0,0.0,0.0,0.0,0.0,0.0,0.0
addr_0003204,0.0,1.0,14.627586,1.0,14.627586,0.0,1.0,1.0,0.0,1.0,1.0,4.435e-05,2.0
addr_0003205,1.0,0.0,0.706124,1.0,0.706124,0.0,0.0,0.0,0.0,0.0,0.0,0.0,0.0
addr_0003207,0.0,2.0,0.882917,2.0,0.4414585,28.0,1.0,1.0,0.5,1.0,1.0,0.000651,2.0
addr_0003208,1.0,0.0,3.907624,1.0,3.907624,0.0,0.0,0.0,0.0,0.0,0.0,0.0,0.0
addr_0003209,1.0,1.0,6.291897,2.0,3.1459485,62.458333333333336,1.0,1.0,0.0,1.0,1.0,2.8e-06,2.0
addr_0003210,1.0,1.0,3.940388,2.0,1.970194,174.875,1.0,1.0,0.0,1.0,1.0,0.00020922,2.0
addr_0003214,1.0,4.0,6.7563830000000005,5.0,1.3512766,217.375,1.0,1.0,0.25,1.0,1.0,0.00033380750000000005,2.0
addr_0003217,2.0,0.0,0.346349,2.0,0.1731745,119.41666666666667,0.0,0.0,0.0,0.0,0.0,0.0,0.0
addr_0003219,2.0,1.0,1.7069079999999999,3.0,0.5689693333333333,273.4166666666667,1.0,3.0,0.0,1.0,1.0,0.00012096,2.0
addr_0003224,1.0,0.0,0.539027,1.0,0.539027,0.0,0.0,0.0,0.0,0.0,0.0,0.0,0.0
addr_0003227,0.0,1.0,0.256997,1.0,0.256997,0.0,1.0,2.0,0.0,1.0,1.0,0.00023423,3.0
addr_0003229,2.0,0.0,0.84866,2.0,0.42433,90.79166666666667,0.0,0.0,0.0,0.0,0.0,0.0,0.0
addr_0003231,0.0,2.0,5.1847259999999995,2.0,2.5923629999999998,139.75,1.0,1.0,0.5,1.0,1.0,0.000248975,3.0
addr_0003233,0.0,2.0,5.733298,2.0,2.866649,41.583333333333336,1.0,1.0,0.5,1.0,1.0,0.000257725,3.0
addr_0003234,0.0,2.0,1.901806,2.0,0.950903,34.375,1.0,1.0,0.5,1.0,1.0,0.00017669000000000002,3.0
addr_0003235,0.0,1.0,0.932344,1.0,0.932344,0.0,2.0,1.0,0.0,1.0,1.0,0.00031817,2.0
addr_0003237,0.0,3.0,3.8415489999999997,3.0,1.2805163333333331,105.5,1.0,1.0,0.3333,1.0,1.0,0.0005617966666666667,2.0
addr_0003238,0.0,1.0,1.180213,1.0,1.180213,0.0,1.0,1.0,0.0,1.0,1.0,0.00020906,2.0
addr_0003240,2.0,0.0,2.1159660000000002,2.0,1.0579830000000001,20.208333333333332,0.0,0.0,0.0,0.0,0.0,0.0,0.0
addr_0003241,0.0,2.0,2.079339,2.0,1.0396695,63.041666666666664,1.0,1.0,0.5,1.0,1.0,0.000398475,2.0
addr_0003242,1.0,1.0,10.011330000000001,2.0,5.0056650000000005,27.666666666666668,1.0,1.0,0.0,1.0,1.0,0.0016001,3.0
addr_0003243,1.0,1.0,2.121466,2.0,1.060733,167.875,1.0,1.0,0.0,1.0,1.0,0.00036636,1.0
addr_0003245,0.0,1.0,4.019465,1.0,4.019465,0.0,2.0,1.0,0.0,1.0,1.0,0.00021989,2.0
addr_0003249,1.0,0.0,2.135544,1.0,2.135544,0.0,0.0,0.0,0.0,0.0,0.0,0.0,0.0
addr_0003250,0.0,2.0,2.4970909999999997,2.0,1.2485454999999999,28.041666666666668,1.0,2.0,0.5,1.0,1.0,0.00012114499999999999,1.0
addr_0003251,1.0,1.0,10.070845,2.0,5.0354225,7.0,1.0,1.0,0.0,1.0,1.0,0.00018701,2.0
addr_0003252,0.0,1.0,0.158008,1.0,0.158008,0.0,1.0,1.0,0.0,1.0,1.0,0.00058695,3.0
addr_0003253,0.0,1.0,1.488961,1.0,1.488961,0.0,1.0,1.0,0.0,1.0,1.0,0.00043666,2.0
addr_0003256,1.0,2.0,8.933943000000001,3.0,2.977981,83.91666666666667,1.0,1.0,0.5,1.0,1.0,0.000549115,3.0
addr_0003257,0.0,1.0,2.578304,1.0,2.578304,0.0,1.0,1.0,0.0,1.0,1.0,8.605e-05,2.0
addr_0003258,1.0,1.0,1.077502,2.0,0.538751,98.375,1.0,1.0,0.0,1.0,1.0,0.00019333,3.0
addr_0003259,0.0,1.0,0.897028,1.0,0.897028,0.0,1.0,4.0,0.0,1.0,1.0,0.00048124,2.0
addr_0003260,1.0,0.0,6.17524,1.0,6.17524,0.0,0.0,0.0,0.0,0.0,0.0,0.0,0.0
addr_0003261,2.0,2.0,3.163069,4.0,0.79076725,279.7916666666667,1.0,1.0,0.5,1.0,1.0,0.000529245,3.0
addr_0003262,1.0,1.0,4.573926,2.0,2.286963,111.58333333333333,1.0,1.0,0.0,1.0,1.0,0.00108684,2.0
addr_0003264,2.0,0.0,5.979315000000001,2.0,2.9896575000000003,41.87777777777778,0.0,0.0,0.0,0.0,0.0,0.0,0.0
addr_0003265,1.0,1.0,3.5760170000000002,2.0,1.7880085000000001,160.83333333333334,1.0,1.0,0.0,1.0,1.0,0.00035993,2.0
addr_0003266,1.0,0.0,0.745441,1.0,0.745441,0.0,0.0,0.0,0.0,0.0,0.0,0.0,0.0
addr_0003267,0.0,1.0,0.3901,1.0,0.3901,0.0,1.0,5.0,0.0,1.0,1.0,2.18e-05,1.0
addr_0003268,1.0,0.0,0.303221,1.0,0.303221,0.0,0.0,0.0,0.0,0.0,0.0,0.0,0.0
addr_0003269,0.0,1.0,1.32794,1.0,1.32794,0.0,1.0,7.0,0.0,1.0,1.0,0.00092894,3.0
addr_0003270,1.0,0.0,0.312477,1.0,0.312477,0.0,0.0,0.0,0.0,0.0,0.0,0.0,0.0
addr_0003271,0.0,1.0,1.68553,1.0,1.68553,0.0,1.0,3.0,0.0,1.0,1.0,0.00020741,2.0
addr_0003272,1.0,0.0,1.59792,1.0,1.59792,0.0,0.0,0.0,0.0,0.0,0.0,0.0,0.0
addr_0003273,1.0,1.0,3.232964,2.0,1.616482,161.08333333333334,2.0,2.0,0.0,1.0,1.0,0.00050607,2.0
addr_0003274,2.0,2.0,6.119405,4.0,1.52985125,174.875,1.0,1.0,0.5,1.0,1.0,9.103e-05,2.0
addr_0003278,2.0,0.0,0.414136,2.0,0.207068,56.25,0.0,0.0,0.0,0.0,0.0,0.0,0.0
addr_0003279,2.0,1.0,3.430552,3.0,1.1435173333333333,188.41666666666666,1.0,1.0,0.0,1.0,1.0,5.424e-05,2.0
addr_0003284,1.0,1.0,5.1351960000000005,2.0,2.5675980000000003,161.08333333333334,1.0,1.0,0.0,1.0,1.0,0.00069974,3.0
addr_0003287,1.0,0.0,0.14601,1.0,0.14601,0.0,0.0,0.0,0.0,0.0,0.0,0.0,0.0
addr_0003289,1.0,0.0,1.492913,1.0,1.492913,0.0,0.0,0.0,0.0,0.0,0.0,0.0,0.0
addr_0003293,1.0,1.0,1.9713880000000001,2.0,0.9856940000000001,265.9583333333333,1.0,1.0,0.0,1.0,1.0,6.839e-05,3.0
addr_0003294,0.0,1.0,2.978199,1.0,2.978199,0.0,1.0,1.0,0.0,1.0,1.0,0.00023655,2.0
addr_0003295,1.0,0.0,0.269451,1.0,0.269451,0.0,0.0,0.0,0.0,0.0,0.0,0.0,0.0
addr_0003296,2.0,0.0,1.017161,2.0,0.5085805,217.54166666666666,0.0,0.0,0.0,0.0,0.0,0.0,0.0
addr_0003298,0.0,1.0,6.855467,1.0,6.855467,0.0,1.0,1.0,0.0,1.0,1.0,0.00039442,3.0
addr_0003302,1.0,1.0,3.488165,2.0,1.7440825,111.38680555555555,1.0,1.0,0.0,1.0,1.0,2e-08,2.0
addr_0003305,1.0,1.0,7.5590910000000004,2.0,3.7795455000000002,203.04166666666666,2.0,1.0,0.0,1.0,1.0,0.00056308,3.0
addr_0003306,1.0,0.0,3.904238,1.0,3.904238,0.0,0.0,0.0,0.0,0.0,0.0,0.0,0.0
addr_0003308,2.0,0.0,1.7549489999999999,2.0,0.8774744999999999,63.5,0.0,0.0,0.0,0.0,0.0,0.0,0.0
addr_0003309,1.0,0.0,0.365494,1.0,0.365494,0.0,0.0,0.0,0.0,0.0,0.0,0.0,0.0
addr_0003311,0.0,1.0,1.539184,1.0,1.539184,0.0,1.0,1.0,0.0,1.0,1.0,0.00013271,2.0
addr_0003317,1.0,0.0,0.720413,1.0,0.720413,0.0,0.0,0.0,0.0,0.0,0.0,0.0,0.0
addr_0003318,0.0,1.0,0.541589,1.0,0.541589,0.0,1.0,1.0,0.0,1.0,1.0,6.352e-05,1.0
addr_0003321,0.0,2.0,3.009016,2.0,1.504508,97.66666666666667,1.0,1.0,0.5,1.0,1.0,0.00023661,2.0
addr_0003322,1.0,0.0,0.340494,1.0,0.340494,0.0,0.0,0.0,0.0,0.0,0.0,0.0,0.0
addr_0003323,2.0,1.0,7.023522,3.0,2.341174,133.29166666666666,1.0,3.0,0.0,1.0,1.0,4.16e-06,2.0
addr_0003325,0.0,1.0,1.453843,1.0,1.453843,0.0,1.0,1.0,0.0,1.0,1.0,0.00035448,3.0
addr_0003327,0.0,1.0,0.97203,1.0,0.97203,0.0,2.0,1.0,0.0,1.0,1.0,0.00025123,2.0
addr_0003328,0.0,1.0,0.401452,1.0,0.401452,0.0,1.0,2.0,0.0,1.0,1.0,9.76e-06,2.0
addr_0003329,1.0,1.0,10.121772,2.0,5.060886,112.08333333333333,2.0,1.0,0.0,1.0,1.0,0.00039883,3.0
addr_0003331,0.0,2.0,4.627167,2.0,2.3135835,174.54166666666666,1.0,1.0,0.5,1.0,1.0,0.00069144,3.0
addr_0003333,0.0,1.0,2.063926,1.0,2.063926,0.0,2.0,2.0,0.0,1.0,1.0,7.795e-05,2.0
addr_0003335,0.0,1.0,0.15445,1.0,0.15445,0.0,1.0,1.0,0.0,1.0,1.0,0.00086583,2.0
addr_0003336,1.0,0.0,0.892199,1.0,0.892199,0.0,0.0,0.0,0.0,0.0,0.0,0.0,0.0
addr_0003338,1.0,1.0,4.631425,2.0,2.3157125,6.083333333333333,1.0,1.0,0.0,1.0,1.0,6.64e-05,2.0
addr_0003339,0.0,1.0,0.330484,1.0,0.330484,0.0,1.0,1.0,0.0,1.0,1.0,0.00025379,1.0
addr_0003341,0.0,1.0,0.756905,1.0,0.756905,0.0,1.0,1.0,0.0,1.0,1.0,0.00030008,2.0
addr_0003343,1.0,0.0,1.25214,1.0,1.25214,0.0,0.0,0.0,0.0,0.0,0.0,0.0,0.0
addr_0003344,0.0,1.0,0.358995,1.0,0.358995,0.0,2.0,1.0,0.0,1.0,1.0,4.59e-05,2.0
addr_0003346,1.0,0.0,0.021521,1.0,0.021521,0.0,0.0,0.0,0.0,0.0,0.0,0.0,0.0
addr_0003349,2.0,0.0,15.240816,2.0,7.620408,34.958333333333336,0.0,0.0,0.0,0.0,0.0,0.0,0.0
addr_0003350,2.0,1.0,3.5936449999999995,3.0,1.1978816666666665,48.75,1.0,1.0,0.0,1.0,1.0,0.00082248,2.0
addr_0003352,1.0,1.0,4.625674,2.0,2.312837,91.08333333333333,1.0,1.0,0.0,1.0,1.0,0.00081223,2.0
addr_0003356,0.0,1.0,0.023355,1.0,0.023355,0.0,1.0,4.0,0.0,1.0,1.0,0.00033031,3.0
addr_0003357,0.0,1.0,1.5242,1.0,1.5242,0.0,1.0,1.0,0.0,1.0,1.0,0.00013715,2.0
addr_0003359,1.0,1.0,6.341218,2.0,3.170609,7.041666666666667,2.0,1.0,0.0,1.0,1.0,0.00071387,3.0
addr_0003360,1.0,0.0,10.275501,1.0,10.275501,0.0,0.0,0.0,0.0,0.0,0.0,0.0,0.0
addr_0003361,1.0,0.0,0.334981,1.0,0.334981,0.0,0.0,0.0,0.0,0.0,0.0,0.0,0.0
addr_0003363,2.0,0.0,2.574404,2.0,1.287202,13.958333333333334,0.0,0.0,0.0,0.0,0.0,0.0,0.0
addr_0003369,0.0,1.0,0.144321,1.0,0.144321,0.0,1.0,1.0,0.0,1.0,1.0,0.0004758,2.0
addr_0003370,1.0,0.0,1.629106,1.0,1.629106,0.0,0.0,0.0,0.0,0.0,0.0,0.0,0.0
addr_0003371,0.0,1.0,1.939272,1.0,1.939272,0.0,1.0,1.0,0.0,1.0,1.0,0.00060318,2.0
addr_0003372,0.0,1.0,0.056172,1.0,0.056172,0.0,1.0,1.0,0.0,1.0,1.0,0.00027605,2.0
addr_0003373,0.0,1.0,2.836146,1.0,2.836146,0.0,1.0,1.0,0.0,1.0,1.0,5.269e-05,2.0
addr_0003376,0.0,2.0,3.692258,2.0,1.846129,42.208333333333336,1.0,3.0,0.5,1.0,1.0,0.00061969,2.0
addr_0003377,1.0,0.0,0.036445,1.0,0.036445,0.0,0.0,0.0,0.0,0.0,0.0,0.0,0.0
addr_0003381,1.0,2.0,7.57957,3.0,2.5265233333333335,119.54166666666667,1.0,1.0,0.5,1.0,1.0,0.00043346,2.0
addr_0003383,1.0,0.0,0.365602,1.0,0.365602,0.0,0.0,0.0,0.0,0.0,0.0,0.0,0.0
addr_0003384,1.0,0.0,0.395993,1.0,0.395993,0.0,0.0,0.0,0.0,0.0,0.0,0.0,0.0
addr_0003385,3.0,3.0,20.572801,6.0,3.4288001666666665,147.20069444444445,1.0,1.0,0.3333,1.0,1.0,0.00014315333333333332,1.0
addr_0003386,0.0,1.0,1.213522,1.0,1.213522,0.0,1.0,1.0,0.0,1.0,1.0,0.0003655,2.0
addr_0003389,1.0,0.0,1.380336,1.0,1.380336,0.0,0.0,0.0,0.0,0.0,0.0,0.0,0.0
addr_0003393,1.0,0.0,5.789057,1.0,5.789057,0.0,0.0,0.0,0.0,0.0,0.0,0.0,0.0
addr_0003395,1.0,0.0,0.194066,1.0,0.194066,0.0,0.0,0.0,0.0,0.0,0.0,0.0,0.0
addr_0003397,1.0,2.0,9.243714,3.0,3.0812380000000004,146.91666666666666,1.0,1.0,0.5,1.0,1.0,0.00045963,2.0
addr_0003398,1.0,0.0,3.350458,1.0,3.350458,0.0,0.0,0.0,0.0,0.0,0.0,0.0,0.0
addr_0003400,1.0,0.0,9.023617,1.0,9.023617,0.0,0.0,0.0,0.0,0.0,0.0,0.0,0.0
addr_0003403,0.0,2.0,1.141671,2.0,0.5708355,62.458333333333336,1.0,2.0,0.5,1.0,1.0,0.000172145,3.0
addr_0003404,2.0,0.0,4.327574,2.0,2.163787,13.916666666666666,0.0,0.0,0.0,0.0,0.0,0.0,0.0
addr_0003405,1.0,0.0,3.359154,1.0,3.359154,0.0,0.0,0.0,0.0,0.0,0.0,0.0,0.0
addr_0003406,1.0,0.0,1.046803,1.0,1.046803,0.0,0.0,0.0,0.0,0.0,0.0,0.0,0.0
addr_0003412,0.0,1.0,0.216354,1.0,0.216354,0.0,1.0,1.0,0.0,1.0,1.0,0.00016994,2.0
addr_0003413,0.0,1.0,1.505145,1.0,1.505145,0.0,1.0,1.0,0.0,1.0,1.0,0.00035861,1.0
addr_0003415,2.0,0.0,1.512286,2.0,0.756143,258.5416666666667,0.0,0.0,0.0,0.0,0.0,0.0,0.0
addr_0003416,0.0,1.0,2.326015,1.0,2.326015,0.0,2.0,1.0,0.0,1.0,1.0,0.00028143,2.0
addr_0003417,1.0,1.0,1.6045060000000002,2.0,0.8022530000000001,272.9583333333333,1.0,1.0,0.0,1.0,1.0,0.00135414,2.0
addr_0003419,0.0,1.0,0.443995,1.0,0.443995,0.0,1.0,4.0,0.0,1.0,1.0,0.00057559,2.0
addr_0003420,1.0,0.0,1.912338,1.0,1.912338,0.0,0.0,0.0,0.0,0.0,0.0,0.0,0.0
addr_0003421,1.0,0.0,2.772091,1.0,2.772091,0.0,0.0,0.0,0.0,0.0,0.0,0.0,0.0
addr_0003422,1.0,2.0,11.247558999999999,3.0,3.749186333333333,258.75,1.0,1.0,0.5,1.0,1.0,0.0003935,2.0
addr_0003423,1.0,1.0,2.969946,2.0,1.484973,56.541666666666664,1.0,1.0,0.0,1.0,1.0,0.00069828,2.0
addr_0003424,1.0,1.0,3.720614,2.0,1.860307,14.375,1.0,3.0,0.0,1.0,1.0,7.943e-05,1.0
addr_0003427,0.0,2.0,1.958664,2.0,0.979332,118.875,1.0,4.0,0.5,1.0,1.0,0.00035218500000000003,3.0
addr_0003430,0.0,1.0,6.101851,1.0,6.101851,0.0,1.0,4.0,0.0,1.0,1.0,0.00026956,2.0
addr_0003431,0.0,2.0,1.051218,2.0,0.525609,105.08333333333333,1.0,1.0,0.5,1.0,1.0,0.00083405,1.0
addr_0003434,0.0,1.0,1.483483,1.0,1.483483,0.0,1.0,3.0,0.0,1.0,1.0,0.00079726,2.0
addr_0003435,0.0,1.0,2.050874,1.0,2.050874,0.0,1.0,2.0,0.0,1.0,1.0,0.00016308,3.0
addr_0003436,1.0,0.0,0.556563,1.0,0.556563,0.0,0.0,0.0,0.0,0.0,0.0,0.0,0.0
addr_0003439,0.0,1.0,3.066295,1.0,3.066295,0.0,1.0,4.0,0.0,1.0,1.0,0.00011396,2.0
addr_0003441,3.0,0.0,6.9360479999999995,3.0,2.312016,112.04166666666667,0.0,0.0,0.0,0.0,0.0,0.0,0.0
addr_0003442,1.0,0.0,1.7238,1.0,1.7238,0.0,0.0,0.0,0.0,0.0,0.0,0.0,0.0
addr_0003443,0.0,3.0,11.018959,3.0,3.6729863333333337,161.375,1.0,1.0,0.3333,1.0,1.0,0.0005069466666666666,3.0
addr_0003445,1.0,2.0,10.153931,3.0,3.384643666666667,7.5,1.0,1.0,0.5,1.0,1.0,0.000793915,3.0
addr_0003450,0.0,1.0,0.353751,1.0,0.353751,0.0,1.0,1.0,0.0,1.0,1.0,0.00100506,2.0
addr_0003454,0.0,1.0,2.817258,1.0,2.817258,0.0,1.0,1.0,0.0,1.0,1.0,0.00137573,3.0
addr_0003456,2.0,1.0,12.745540000000002,3.0,4.248513333333334,146.45833333333334,1.0,1.0,0.0,1.0,1.0,0.00042733,3.0
addr_0003459,0.0,1.0,1.257903,1.0,1.257903,0.0,2.0,1.0,0.0,1.0,1.0,0.00016201,3.0
addr_0003460,0.0,2.0,2.569579,2.0,1.2847895,70.45833333333333,1.0,1.0,0.5,1.0,1.0,5.0954999999999996e-05,3.0
addr_0003462,1.0,0.0,0.362468,1.0,0.362468,0.0,0.0,0.0,0.0,0.0,0.0,0.0,0.0
addr_0003463,1.0,0.0,0.488959,1.0,0.488959,0.0,0.0,0.0,0.0,0.0,0.0,0.0,0.0
addr_0003464,1.0,1.0,1.8286470000000001,2.0,0.9143235000000001,224.79166666666666,2.0,1.0,0.0,1.0,1.0,0.00025979,2.0
addr_0003466,1.0,1.0,1.249308,2.0,0.624654,104.375,1.0,1.0,0.0,1.0,1.0,0.00031839,3.0
addr_0003471,0.0,2.0,1.7848849999999998,2.0,0.8924424999999999,90.66666666666667,1.0,4.0,0.5,1.0,1.0,0.000324705,2.0
addr_0003473,1.0,1.0,3.81879,2.0,1.909395,139.70833333333334,2.0,1.0,0.0,1.0,1.0,0.00035877,2.0
addr_0003474,0.0,2.0,1.920215,2.0,0.9601075,188.79166666666666,1.0,4.0,0.5,1.0,1.0,0.00015817,2.0
addr_0003476,0.0,2.0,4.468817,2.0,2.2344085,133.125,2.0,1.0,0.5,1.0,1.0,0.000357805,1.0
addr_0003478,1.0,0.0,0.787682,1.0,0.787682,0.0,0.0,0.0,0.0,0.0,0.0,0.0,0.0
addr_0003479,1.0,1.0,5.584377,2.0,2.7921885,259.0416666666667,1.0,1.0,0.0,1.0,1.0,0.00073349,3.0
addr_0003483,0.0,1.0,0.633404,1.0,0.633404,0.0,1.0,1.0,0.0,1.0,1.0,9.65e-06,2.0
addr_0003484,0.0,1.0,0.042641,1.0,0.042641,0.0,1.0,1.0,0.0,1.0,1.0,0.00021006,3.0
addr_0003488,0.0,1.0,1.20269,1.0,1.20269,0.0,1.0,3.0,0.0,1.0,1.0,0.00036632,3.0
addr_0003489,1.0,0.0,1.80265,1.0,1.80265,0.0,0.0,0.0,0.0,0.0,0.0,0.0,0.0
addr_0003490,1.0,0.0,1.131389,1.0,1.131389,0.0,0.0,0.0,0.0,0.0,0.0,0.0,0.0
addr_0003491,1.0,0.0,1.615964,1.0,1.615964,0.0,0.0,0.0,0.0,0.0,0.0,0.0,0.0
addr_0003492,0.0,1.0,5.383912,1.0,5.383912,0.0,2.0,1.0,0.0,1.0,1.0,1.698e-05,2.0
addr_0003493,2.0,0.0,2.6464290000000004,2.0,1.3232145000000002,41.541666666666664,0.0,0.0,0.0,0.0,0.0,0.0,0.0
addr_0003494,1.0,0.0,0.570657,1.0,0.570657,0.0,0.0,0.0,0.0,0.0,0.0,0.0,0.0
addr_0003495,0.0,1.0,0.724009,1.0,0.724009,0.0,1.0,1.0,0.0,1.0,1.0,0.00033492,3.0
addr_0003497,0.0,1.0,5.317712,1.0,5.317712,0.0,1.0,1.0,0.0,1.0,1.0,0.00042317,3.0
addr_0003499,0.0,1.0,1.186244,1.0,1.186244,0.0,1.0,1.0,0.0,1.0,1.0,0.00248998,2.0
addr_0003500,1.0,1.0,0.446005,2.0,0.2230025,70.29166666666667,1.0,2.0,0.0,1.0,1.0,0.00020938,3.0
addr_0003501,2.0,0.0,7.987386000000001,2.0,3.9936930000000004,84.0,0.0,0.0,0.0,0.0,0.0,0.0,0.0
addr_0003502,2.0,1.0,6.153276,3.0,2.051092,97.58333333333333,1.0,1.0,0.0,1.0,1.0,0.00091917,2.0
addr_0003503,1.0,0.0,0.069045,1.0,0.069045,0.0,0.0,0.0,0.0,0.0,0.0,0.0,0.0
addr_0003505,0.0,3.0,2.149518,3.0,0.716506,125.79166666666667,1.0,1.0,0.3333,1.0,1.0,0.00029386,2.0
addr_0003506,1.0,0.0,0.766345,1.0,0.766345,0.0,0.0,0.0,0.0,0.0,0.0,0.0,0.0
addr_0003507,1.0,1.0,2.511349,2.0,1.2556745,175.125,2.0,1.0,0.0,1.0,1.0,0.0001373,2.0
addr_0003510,0.0,1.0,0.457523,1.0,0.457523,0.0,1.0,4.0,0.0,1.0,1.0,0.00035155,2.0
addr_0003511,1.0,0.0,0.097562,1.0,0.097562,0.0,0.0,0.0,0.0,0.0,0.0,0.0,0.0
addr_0003512,1.0,0.0,1.001857,1.0,1.001857,0.0,0.0,0.0,0.0,0.0,0.0,0.0,0.0
addr_0003513,0.0,1.0,0.800068,1.0,0.800068,0.0,1.0,2.0,0.0,1.0,1.0,0.00013682,2.0
addr_0003514,0.0,1.0,8.142337,1.0,8.142337,0.0,1.0,4.0,0.0,1.0,1.0,0.00032269,2.0
addr_0003515,2.0,0.0,7.452262000000001,2.0,3.7261310000000005,125.75,0.0,0.0,0.0,0.0,0.0,0.0,0.0
addr_0003516,0.0,1.0,0.971603,1.0,0.971603,0.0,1.0,1.0,0.0,1.0,1.0,0.00060189,2.0
addr_0003520,2.0,0.0,5.895487,2.0,2.9477435,133.20833333333334,0.0,0.0,0.0,0.0,0.0,0.0,0.0
addr_0003522,0.0,1.0,6.354311,1.0,6.354311,0.0,2.0,1.0,0.0,1.0,1.0,1.07e-05,1.0
addr_0003524,0.0,1.0,1.051048,1.0,1.051048,0.0,1.0,1.0,0.0,1.0,1.0,0.00020635,3.0
addr_0003525,1.0,0.0,0.9467,1.0,0.9467,0.0,0.0,0.0,0.0,0.0,0.0,0.0,0.0
addr_0003526,0.0,2.0,4.588251,2.0,2.2941255,97.875,1.0,1.0,0.5,1.0,1.0,0.0008074,3.0
addr_0003527,0.0,1.0,0.631096,1.0,0.631096,0.0,2.0,1.0,0.0,1.0,1.0,1.025e-05,2.0
addr_0003528,1.0,0.0,2.05719,1.0,2.05719,0.0,0.0,0.0,0.0,0.0,0.0,0.0,0.0
addr_0003529,1.0,0.0,0.166921,1.0,0.166921,0.0,0.0,0.0,0.0,0.0,0.0,0.0,0.0
addr_0003530,1.0,0.0,0.941722,1.0,0.941722,0.0,0.0,0.0,0.0,0.0,0.0,0.0,0.0
addr_0003532,1.0,1.0,2.2733920000000003,2.0,1.1366960000000002,35.0,1.0,3.0,0.0,1.0,1.0,9.631e-05,2.0
addr_0003533,1.0,1.0,0.224284,2.0,0.112142,77.29166666666667,1.0,1.0,0.0,1.0,1.0,0.00045354,3.0
addr_0003534,1.0,0.0,3.875271,1.0,3.875271,0.0,0.0,0.0,0.0,0.0,0.0,0.0,0.0
addr_0003539,0.0,1.0,1.72159,1.0,1.72159,0.0,1.0,1.0,0.0,1.0,1.0,0.00023764,1.0
addr_0003540,0.0,2.0,5.809365000000001,2.0,2.9046825000000003,41.958333333333336,1.0,1.0,0.5,1.0,1.0,0.000138785,2.0
addr_0003542,0.0,1.0,1.133982,1.0,1.133982,0.0,1.0,1.0,0.0,1.0,1.0,0.00110488,3.0
addr_0003543,1.0,0.0,0.007368,1.0,0.007368,0.0,0.0,0.0,0.0,0.0,0.0,0.0,0.0
addr_0003545,0.0,1.0,6.800393,1.0,6.800393,0.0,1.0,1.0,0.0,1.0,1.0,0.00015815,2.0
addr_0003546,1.0,1.0,5.995112,2.0,2.997556,42.666666666666664,1.0,1.0,0.0,1.0,1.0,0.00037817,3.0
addr_0003549,0.0,1.0,3.07015,1.0,3.07015,0.0,1.0,1.0,0.0,1.0,1.0,1.238e-05,3.0
addr_0003551,1.0,0.0,1.309389,1.0,1.309389,0.0,0.0,0.0,0.0,0.0,0.0,0.0,0.0
addr_0003552,1.0,0.0,0.037446,1.0,0.037446,0.0,0.0,0.0,0.0,0.0,0.0,0.0,0.0
addr_0003553,1.0,2.0,4.256847,3.0,1.4189489999999998,154.33333333333334,1.0,1.0,0.5,1.0,1.0,0.00043596,2.0
addr_0003554,1.0,1.0,4.264328,2.0,2.132164,126.54166666666667,1.0,1.0,0.0,1.0,1.0,0.0002128,2.0
addr_0003555,1.0,0.0,1.066333,1.0,1.066333,0.0,0.0,0.0,0.0,0.0,0.0,0.0,0.0
addr_0003558,1.0,1.0,5.439979,2.0,2.7199895,91.625,1.0,2.0,0.0,1.0,1.0,9.21e-05,2.0
addr_0003561,2.0,0.0,8.692468,2.0,4.346234,69.33333333333333,0.0,0.0,0.0,0.0,0.0,0.0,0.0
addr_0003563,0.0,1.0,6.852004,1.0,6.852004,0.0,3.0,1.0,0.0,1.0,1.0,6.123e-05,2.0
addr_0003564,1.0,0.0,1.357889,1.0,1.357889,0.0,0.0,0.0,0.0,0.0,0.0,0.0,0.0
addr_0003565,1.0,0.0,0.734191,1.0,0.734191,0.0,0.0,0.0,0.0,0.0,0.0,0.0,0.0
addr_0003567,0.0,1.0,2.153685,1.0,2.153685,0.0,1.0,3.0,0.0,1.0,1.0,0.00029252,2.0
addr_0003570,1.0,0.0,1.818285,1.0,1.818285,0.0,0.0,0.0,0.0,0.0,0.0,0.0,0.0
addr_0003574,1.0,0.0,1.501129,1.0,1.501129,0.0,0.0,0.0,0.0,0.0,0.0,0.0,0.0
addr_0003575,1.0,1.0,2.8377499999999998,2.0,1.4188749999999999,63.197916666666664,1.0,1.0,0.0,1.0,1.0,0.00017176,2.0
addr_0003578,0.0,1.0,0.108062,1.0,0.108062,0.0,1.0,1.0,0.0,1.0,1.0,4.122e-05,3.0
addr_0003579,1.0,0.0,1.491859,1.0,1.491859,0.0,0.0,0.0,0.0,0.0,0.0,0.0,0.0
addr_0003580,0.0,1.0,2.655828,1.0,2.655828,0.0,1.0,1.0,0.0,1.0,1.0,0.00056694,2.0
addr_0003581,0.0,2.0,3.335393,2.0,1.6676965,91.25,2.0,1.0,0.5,1.0,1.0,0.000320525,3.0
addr_0003582,2.0,0.0,3.266824,2.0,1.633412,223.45833333333334,0.0,0.0,0.0,0.0,0.0,0.0,0.0
addr_0003583,2.0,0.0,4.669002,2.0,2.334501,63.708333333333336,0.0,0.0,0.0,0.0,0.0,0.0,0.0
addr_0003584,1.0,0.0,4.373152,1.0,4.373152,0.0,0.0,0.0,0.0,0.0,0.0,0.0,0.0
addr_0003585,0.0,1.0,0.570351,1.0,0.570351,0.0,1.0,1.0,0.0,1.0,1.0,0.00019103,1.0
addr_0003587,0.0,2.0,1.423795,2.0,0.7118975,196.41666666666666,1.0,5.0,0.5,1.0,1.0,0.00028196499999999996,2.0
addr_0003588,1.0,0.0,8.142337,1.0,8.142337,0.0,0.0,0.0,0.0,0.0,0.0,0.0,0.0
addr_0003589,1.0,1.0,4.005937,2.0,2.0029685,76.79166666666667,1.0,1.0,0.0,1.0,1.0,0.00060727,2.0
addr_0003592,1.0,1.0,3.826612,2.0,1.913306,188.83333333333334,1.0,1.0,0.0,1.0,1.0,0.00038306,2.0
addr_0003593,0.0,1.0,0.934661,1.0,0.934661,0.0,1.0,1.0,0.0,1.0,1.0,0.00055396,3.0
addr_0003594,1.0,1.0,1.5570240000000002,2.0,0.7785120000000001,111.5,1.0,1.0,0.0,1.0,1.0,5.43e-06,2.0
addr_0003596,2.0,1.0,3.9910440000000005,3.0,1.330348,84.04166666666667,2.0,2.0,0.0,1.0,1.0,0.00097958,2.0
addr_0003597,1.0,0.0,1.167259,1.0,1.167259,0.0,0.0,0.0,0.0,0.0,0.0,0.0,0.0
addr_0003598,0.0,1.0,0.725384,1.0,0.725384,0.0,1.0,1.0,0.0,1.0,1.0,2.08e-05,2.0
addr_0003600,0.0,1.0,3.454547,1.0,3.454547,0.0,2.0,1.0,0.0,1.0,1.0,0.00054745,2.0
addr_0003601,0.0,3.0,3.595062,3.0,1.198354,91.70833333333333,1.0,1.0,0.3333,1.0,1.0,0.00018603333333333332,2.0
addr_0003603,0.0,2.0,1.2759139999999998,2.0,0.6379569999999999,76.66666666666667,1.0,7.0,0.5,1.0,1.0,0.0008086300000000001,2.0
addr_0003604,1.0,1.0,4.13138,2.0,2.06569,147.29166666666666,1.0,1.0,0.0,1.0,1.0,0.00033345,3.0
addr_0003607,1.0,0.0,0.434608,1.0,0.434608,0.0,0.0,0.0,0.0,0.0,0.0,0.0,0.0
addr_0003615,1.0,0.0,5.721791,1.0,5.721791,0.0,0.0,0.0,0.0,0.0,0.0,0.0,0.0
addr_0003616,0.0,2.0,7.178134,2.0,3.589067,105.875,2.0,1.0,0.5,1.0,1.0,0.000166535,2.0
addr_0003618,0.0,1.0,2.230795,1.0,2.230795,0.0,1.0,3.0,0.0,1.0,1.0,0.00167928,2.0
addr_0003619,0.0,1.0,1.507622,1.0,1.507622,0.0,1.0,3.0,0.0,1.0,1.0,0.00105112,2.0
addr_0003621,1.0,0.0,1.273704,1.0,1.273704,0.0,0.0,0.0,0.0,0.0,0.0,0.0,0.0
addr_0003622,1.0,0.0,1.071399,1.0,1.071399,0.0,0.0,0.0,0.0,0.0,0.0,0.0,0.0
addr_0003624,1.0,0.0,0.480603,1.0,0.480603,0.0,0.0,0.0,0.0,0.0,0.0,0.0,0.0
addr_0003626,1.0,0.0,1.093628,1.0,1.093628,0.0,0.0,0.0,0.0,0.0,0.0,0.0,0.0
addr_0003627,2.0,1.0,9.249313,3.0,3.0831043333333334,167.75,1.0,2.0,0.0,1.0,1.0,0.00016475,2.0
addr_0003629,0.0,1.0,1.286133,1.0,1.286133,0.0,2.0,1.0,0.0,1.0,1.0,0.0004565,2.0
addr_0003630,1.0,2.0,3.1098369999999997,3.0,1.0366123333333332,237.58333333333334,1.0,1.0,0.5,1.0,1.0,0.00058486,3.0
addr_0003631,1.0,1.0,1.1683379999999999,2.0,0.5841689999999999,76.79166666666667,1.0,1.0,0.0,1.0,1.0,0.00010621,2.0
addr_0003632,1.0,0.0,3.374239,1.0,3.374239,0.0,0.0,0.0,0.0,0.0,0.0,0.0,0.0
addr_0003633,0.0,1.0,0.840252,1.0,0.840252,0.0,1.0,1.0,0.0,1.0,1.0,0.00028383,2.0
addr_0003634,0.0,2.0,4.000591,2.0,2.0002955,56.166666666666664,1.0,1.0,0.5,1.0,1.0,0.00027855,2.0
addr_0003635,0.0,1.0,1.669013,1.0,1.669013,0.0,1.0,1.0,0.0,1.0,1.0,0.00033633,2.0
addr_0003636,0.0,1.0,0.083852,1.0,0.083852,0.0,1.0,1.0,0.0,1.0,1.0,0.00017924,2.0
addr_0003637,0.0,1.0,2.22342,1.0,2.22342,0.0,2.0,2.0,0.0,1.0,1.0,0.00057588,2.0
addr_0003638,1.0,0.0,0.533873,1.0,0.533873,0.0,0.0,0.0,0.0,0.0,0.0,0.0,0.0
addr_0003639,1.0,0.0,1.377213,1.0,1.377213,0.0,0.0,0.0,0.0,0.0,0.0,0.0,0.0
addr_0003640,0.0,1.0,0.220264,1.0,0.220264,0.0,1.0,1.0,0.0,1.0,1.0,0.00038345,2.0
addr_0003642,2.0,1.0,11.214521,3.0,3.7381736666666665,251.83333333333334,1.0,2.0,0.0,1.0,1.0,0.0001942,2.0
addr_0003647,1.0,0.0,1.581066,1.0,1.581066,0.0,0.0,0.0,0.0,0.0,0.0,0.0,0.0
addr_0003648,0.0,1.0,0.666762,1.0,0.666762,0.0,1.0,1.0,0.0,1.0,1.0,0.00013663,3.0
addr_0003650,1.0,1.0,1.138874,2.0,0.569437,49.791666666666664,1.0,2.0,0.0,1.0,1.0,0.0006952,2.0
addr_0003651,1.0,1.0,7.663962,2.0,3.831981,56.90972222222222,1.0,1.0,0.0,1.0,1.0,0.00025798,2.0
addr_0003652,2.0,0.0,1.4689359999999998,2.0,0.7344679999999999,104.70833333333333,0.0,0.0,0.0,0.0,0.0,0.0,0.0
addr_0003653,1.0,0.0,1.393723,1.0,1.393723,0.0,0.0,0.0,0.0,0.0,0.0,0.0,0.0
addr_0003654,0.0,1.0,1.993663,1.0,1.993663,0.0,1.0,1.0,0.0,1.0,1.0,1.925e-05,3.0
addr_0003656,1.0,0.0,0.223972,1.0,0.223972,0.0,0.0,0.0,0.0,0.0,0.0,0.0,0.0
addr_0003657,1.0,0.0,3.005419,1.0,3.005419,0.0,0.0,0.0,0.0,0.0,0.0,0.0,0.0
addr_0003659,0.0,1.0,1.785008,1.0,1.785008,0.0,1.0,1.0,0.0,1.0,1.0,6.6e-05,2.0
addr_0003660,0.0,1.0,0.595826,1.0,0.595826,0.0,1.0,1.0,0.0,1.0,1.0,4.851e-05,3.0
addr_0003663,1.0,0.0,0.639588,1.0,0.639588,0.0,0.0,0.0,0.0,0.0,0.0,0.0,0.0
addr_0003664,0.0,1.0,6.307795,1.0,6.307795,0.0,2.0,4.0,0.0,1.0,1.0,0.00049415,2.0
addr_0003665,1.0,0.0,0.814531,1.0,0.814531,0.0,0.0,0.0,0.0,0.0,0.0,0.0,0.0
addr_0003666,2.0,0.0,0.942608,2.0,0.471304,112.2388888888889,0.0,0.0,0.0,0.0,0.0,0.0,0.0
addr_0003667,2.0,2.0,3.6660950000000003,4.0,0.9165237500000001,230.33333333333334,1.0,1.0,0.5,1.0,1.0,7.3605e-05,3.0
addr_0003668,2.0,0.0,9.911488,2.0,4.955744,55.958333333333336,0.0,0.0,0.0,0.0,0.0,0.0,0.0
addr_0003669,1.0,1.0,4.813689,2.0,2.4068445,20.25,1.0,4.0,0.0,1.0,1.0,0.00183073,3.0
addr_0003670,1.0,0.0,0.859539,1.0,0.859539,0.0,0.0,0.0,0.0,0.0,0.0,0.0,0.0
addr_0003671,0.0,1.0,3.218782,1.0,3.218782,0.0,1.0,2.0,0.0,1.0,1.0,0.00031886,2.0
addr_0003672,1.0,0.0,1.096961,1.0,1.096961,0.0,0.0,0.0,0.0,0.0,0.0,0.0,0.0
addr_0003677,2.0,0.0,5.9910499999999995,2.0,2.9955249999999998,139.58333333333334,0.0,0.0,0.0,0.0,0.0,0.0,0.0
addr_0003678,1.0,0.0,2.570648,1.0,2.570648,0.0,0.0,0.0,0.0,0.0,0.0,0.0,0.0
addr_0003680,0.0,1.0,4.168987,1.0,4.168987,0.0,1.0,1.0,0.0,1.0,1.0,0.00063254,2.0
addr_0003682,1.0,1.0,0.596416,2.0,0.298208,259.1666666666667,1.0,3.0,0.0,1.0,1.0,1.095e-05,2.0
addr_0003683,0.0,3.0,13.699406999999999,3.0,4.566469,160.99722222222223,1.0,4.0,0.3333,1.0,1.0,0.00031447,2.0
addr_0003684,0.0,2.0,3.764625,2.0,1.8823125,42.333333333333336,2.0,1.0,0.5,1.0,1.0,0.00066148,3.0
addr_0003685,0.0,1.0,0.787089,1.0,0.787089,0.0,1.0,1.0,0.0,1.0,1.0,0.00054036,2.0
addr_0003687,0.0,1.0,0.459308,1.0,0.459308,0.0,1.0,1.0,0.0,1.0,1.0,0.00033115,2.0
addr_0003689,0.0,1.0,3.382058,1.0,3.382058,0.0,1.0,1.0,0.0,1.0,1.0,0.00010052,3.0
addr_0003694,1.0,0.0,0.111386,1.0,0.111386,0.0,0.0,0.0,0.0,0.0,0.0,0.0,0.0
addr_0003695,1.0,0.0,1.253426,1.0,1.253426,0.0,0.0,0.0,0.0,0.0,0.0,0.0,0.0
addr_0003697,0.0,1.0,1.956195,1.0,1.956195,0.0,2.0,2.0,0.0,1.0,1.0,0.00016608,3.0
addr_0003698,0.0,2.0,4.579885,2.0,2.2899425,161.08333333333334,1.0,1.0,0.5,1.0,1.0,0.00048788,3.0
addr_0003700,1.0,0.0,2.58505,1.0,2.58505,0.0,0.0,0.0,0.0,0.0,0.0,0.0,0.0
addr_0003701,1.0,0.0,12.477331,1.0,12.477331,0.0,0.0,0.0,0.0,0.0,0.0,0.0,0.0
addr_0003703,1.0,1.0,3.925907,2.0,1.9629535,203.58333333333334,1.0,1.0,0.0,1.0,1.0,7.862e-05,3.0
addr_0003705,2.0,0.0,4.372306,2.0,2.186153,139.38541666666666,0.0,0.0,0.0,0.0,0.0,0.0,0.0
addr_0003707,1.0,0.0,0.426325,1.0,0.426325,0.0,0.0,0.0,0.0,0.0,0.0,0.0,0.0
addr_0003708,0.0,1.0,2.246228,1.0,2.246228,0.0,1.0,1.0,0.0,1.0,1.0,5.609e-05,2.0
addr_0003711,2.0,1.0,6.531257,3.0,2.1770856666666667,70.25,2.0,1.0,0.0,1.0,1.0,0.00082097,3.0
addr_0003713,0.0,1.0,1.172475,1.0,1.172475,0.0,1.0,1.0,0.0,1.0,1.0,3.292e-05,2.0
addr_0003715,1.0,0.0,0.914189,1.0,0.914189,0.0,0.0,0.0,0.0,0.0,0.0,0.0,0.0
addr_0003720,2.0,0.0,0.42022499999999996,2.0,0.21011249999999998,13.333333333333334,0.0,0.0,0.0,0.0,0.0,0.0,0.0
addr_0003721,1.0,0.0,0.546393,1.0,0.546393,0.0,0.0,0.0,0.0,0.0,0.0,0.0,0.0
addr_0003722,0.0,1.0,2.445336,1.0,2.445336,0.0,1.0,1.0,0.0,1.0,1.0,0.00113034,3.0
addr_0003724,1.0,1.0,2.9324179999999997,2.0,1.4662089999999999,104.62986111111111,1.0,1.0,0.0,1.0,1.0,0.00018895,2.0
addr_0003726,1.0,0.0,0.601241,1.0,0.601241,0.0,0.0,0.0,0.0,0.0,0.0,0.0,0.0
addr_0003729,1.0,0.0,1.36544,1.0,1.36544,0.0,0.0,0.0,0.0,0.0,0.0,0.0,0.0
addr_0003730,1.0,0.0,4.399469,1.0,4.399469,0.0,0.0,0.0,0.0,0.0,0.0,0.0,0.0
addr_0003731,0.0,1.0,0.283046,1.0,0.283046,0.0,1.0,1.0,0.0,1.0,1.0,9.948e-05,2.0
addr_0003733,0.0,2.0,0.979665,2.0,0.4898325,112.25,1.0,1.0,0.5,1.0,1.0,9.316e-05,2.0
addr_0003736,1.0,2.0,7.08418,3.0,2.3613933333333335,237.375,2.0,1.0,0.5,1.0,1.0,2.1135e-05,2.0
addr_0003737,1.0,0.0,3.469803,1.0,3.469803,0.0,0.0,0.0,0.0,0.0,0.0,0.0,0.0
addr_0003738,1.0,2.0,8.806499,3.0,2.935499666666667,132.70833333333334,2.0,1.0,0.5,1.0,1.0,0.00013692,2.0
addr_0003739,1.0,1.0,14.862172000000001,2.0,7.4310860000000005,77.0,1.0,2.0,0.0,1.0,1.0,0.00057905,2.0
addr_0003740,0.0,1.0,0.106199,1.0,0.106199,0.0,1.0,7.0,0.0,1.0,1.0,0.00013849,1.0
addr_0003741,0.0,1.0,3.101619,1.0,3.101619,0.0,1.0,1.0,0.0,1.0,1.0,3.981e-05,2.0
addr_0003742,1.0,0.0,2.424174,1.0,2.424174,0.0,0.0,0.0,0.0,0.0,0.0,0.0,0.0
addr_0003743,1.0,0.0,0.920409,1.0,0.920409,0.0,0.0,0.0,0.0,0.0,0.0,0.0,0.0
addr_0003745,1.0,1.0,3.3506880000000003,2.0,1.6753440000000002,6.791666666666667,1.0,1.0,0.0,1.0,1.0,4.35e-05,2.0
addr_0003746,0.0,1.0,0.90999,1.0,0.90999,0.0,1.0,2.0,0.0,1.0,1.0,0.00036782,2.0
addr_0003747,0.0,1.0,0.010004,1.0,0.010004,0.0,1.0,1.0,0.0,1.0,1.0,0.00020833,3.0
addr_0003749,0.0,2.0,5.980639,2.0,2.9903195,140.5,1.0,1.0,0.5,1.0,1.0,0.000277535,3.0
addr_0003751,2.0,1.0,3.978496,3.0,1.3261653333333332,146.5,1.0,1.0,0.0,1.0,1.0,0.0001788,3.0
addr_0003757,0.0,3.0,3.5106859999999998,3.0,1.1702286666666666,90.41666666666667,1.0,1.0,0.3333,1.0,1.0,0.00016545666666666666,2.0
addr_0003760,1.0,0.0,0.617852,1.0,0.617852,0.0,0.0,0.0,0.0,0.0,0.0,0.0,0.0
addr_0003761,1.0,1.0,3.65683,2.0,1.828415,258.4166666666667,1.0,1.0,0.0,1.0,1.0,0.00023373,2.0
addr_0003763,1.0,0.0,0.103881,1.0,0.103881,0.0,0.0,0.0,0.0,0.0,0.0,0.0,0.0
addr_0003764,1.0,0.0,3.391492,1.0,3.391492,0.0,0.0,0.0,0.0,0.0,0.0,0.0,0.0
addr_0003766,0.0,1.0,1.450575,1.0,1.450575,0.0,1.0,1.0,0.0,1.0,1.0,0.00015796,2.0
addr_0003774,0.0,1.0,3.678183,1.0,3.678183,0.0,1.0,1.0,0.0,1.0,1.0,0.00135669,3.0
addr_0003778,1.0,2.0,1.8242180000000001,3.0,0.6080726666666667,230.95833333333334,1.0,1.0,0.5,1.0,1.0,0.00022955,3.0
addr_0003780,1.0,1.0,3.597438,2.0,1.798719,133.41666666666666,2.0,1.0,0.0,1.0,1.0,0.00056919,3.0
addr_0003781,2.0,1.0,6.394328,3.0,2.1314426666666666,105.625,1.0,1.0,0.0,1.0,1.0,0.00034356,3.0
addr_0003783,0.0,1.0,0.088869,1.0,0.088869,0.0,1.0,1.0,0.0,1.0,1.0,0.00054839,2.0
addr_0003784,0.0,1.0,5.199037,1.0,5.199037,0.0,1.0,4.0,0.0,1.0,1.0,0.00025604,1.0
addr_0003785,0.0,1.0,2.561575,1.0,2.561575,0.0,1.0,1.0,0.0,1.0,1.0,0.0011751,3.0
addr_0003786,0.0,1.0,0.357554,1.0,0.357554,0.0,1.0,1.0,0.0,1.0,1.0,4.78e-05,3.0
addr_0003787,1.0,1.0,3.0946809999999996,2.0,1.5473404999999998,118.66666666666667,1.0,1.0,0.0,1.0,1.0,0.00043911,2.0
addr_0003788,1.0,1.0,1.314054,2.0,0.657027,104.91666666666667,1.0,2.0,0.0,1.0,1.0,0.00030401,2.0
addr_0003789,3.0,0.0,3.107659,3.0,1.0358863333333332,301.6666666666667,0.0,0.0,0.0,0.0,0.0,0.0,0.0
addr_0003791,1.0,0.0,1.151519,1.0,1.151519,0.0,0.0,0.0,0.0,0.0,0.0,0.0,0.0
addr_0003796,0.0,1.0,7.307902,1.0,7.307902,0.0,1.0,1.0,0.0,1.0,1.0,0.00063606,3.0
addr_0003798,1.0,1.0,4.723457,2.0,2.3617285,35.208333333333336,2.0,1.0,0.0,1.0,1.0,8.88e-06,2.0
addr_0003800,1.0,0.0,2.051139,1.0,2.051139,0.0,0.0,0.0,0.0,0.0,0.0,0.0,0.0
addr_0003801,1.0,2.0,1.009524,3.0,0.33650800000000003,62.416666666666664,1.0,4.0,0.5,1.0,1.0,0.000778155,3.0
addr_0003802,0.0,2.0,1.7802069999999999,2.0,0.8901034999999999,0.20833333333333334,1.0,7.0,1.0,1.0,1.0,0.000267745,3.0
addr_0003804,0.0,1.0,4.783808,1.0,4.783808,0.0,1.0,1.0,0.0,1.0,1.0,0.0001142,2.0
addr_0003805,1.0,0.0,0.410896,1.0,0.410896,0.0,0.0,0.0,0.0,0.0,0.0,0.0,0.0
addr_0003808,0.0,1.0,0.154198,1.0,0.154198,0.0,1.0,2.0,0.0,1.0,1.0,5.169e-05,2.0
addr_0003809,1.0,0.0,0.084428,1.0,0.084428,0.0,0.0,0.0,0.0,0.0,0.0,0.0,0.0
addr_0003812,0.0,2.0,0.9325450000000001,2.0,0.46627250000000003,174.875,2.0,1.0,0.5,1.0,1.0,0.0008651799999999999,2.0
addr_0003813,0.0,1.0,0.102864,1.0,0.102864,0.0,1.0,1.0,0.0,1.0,1.0,0.00021566,2.0
addr_0003816,2.0,0.0,4.137209,2.0,2.0686045,195.75,0.0,0.0,0.0,0.0,0.0,0.0,0.0
addr_0003817,1.0,1.0,2.390457,2.0,1.1952285,20.291666666666668,1.0,1.0,0.0,1.0,1.0,0.00034886,1.0
addr_0003820,0.0,1.0,3.366129,1.0,3.366129,0.0,1.0,1.0,0.0,1.0,1.0,0.00024591,2.0
addr_0003823,1.0,0.0,1.775091,1.0,1.775091,0.0,0.0,0.0,0.0,0.0,0.0,0.0,0.0
addr_0003824,2.0,0.0,0.769137,2.0,0.3845685,70.5,0.0,0.0,0.0,0.0,0.0,0.0,0.0
addr_0003825,1.0,0.0,1.976151,1.0,1.976151,0.0,0.0,0.0,0.0,0.0,0.0,0.0,0.0
addr_0003826,1.0,0.0,3.519114,1.0,3.519114,0.0,0.0,0.0,0.0,0.0,0.0,0.0,0.0
addr_0003828,1.0,0.0,0.070313,1.0,0.070313,0.0,0.0,0.0,0.0,0.0,0.0,0.0,0.0
addr_0003829,1.0,0.0,1.471312,1.0,1.471312,0.0,0.0,0.0,0.0,0.0,0.0,0.0,0.0
addr_0003830,0.0,1.0,1.750672,1.0,1.750672,0.0,1.0,1.0,0.0,1.0,1.0,1.335e-05,2.0
addr_0003834,0.0,1.0,0.96594,1.0,0.96594,0.0,1.0,1.0,0.0,1.0,1.0,0.00010486,2.0
addr_0003835,1.0,0.0,0.002762,1.0,0.002762,0.0,0.0,0.0,0.0,0.0,0.0,0.0,0.0
addr_0003836,2.0,0.0,6.7463999999999995,2.0,3.3731999999999998,167.66666666666666,0.0,0.0,0.0,0.0,0.0,0.0,0.0
addr_0003837,0.0,1.0,1.366892,1.0,1.366892,0.0,2.0,1.0,0.0,1.0,1.0,0.00024526,1.0
addr_0003842,1.0,1.0,0.727079,2.0,0.3635395,49.125,1.0,1.0,0.0,1.0,1.0,0.00053914,2.0
addr_0003843,1.0,0.0,0.043667,1.0,0.043667,0.0,0.0,0.0,0.0,0.0,0.0,0.0,0.0
addr_0003844,0.0,2.0,4.597334,2.0,2.298667,70.5,2.0,1.0,0.5,1.0,1.0,0.00070992,2.0
addr_0003845,0.0,2.0,0.061987,2.0,0.0309935,111.375,1.0,4.0,0.5,1.0,1.0,0.001349965,2.0
addr_0003848,0.0,1.0,2.424174,1.0,2.424174,0.0,1.0,3.0,0.0,1.0,1.0,0.00105333,2.0
addr_0003850,1.0,0.0,2.05064,1.0,2.05064,0.0,0.0,0.0,0.0,0.0,0.0,0.0,0.0
addr_0003851,1.0,0.0,2.785724,1.0,2.785724,0.0,0.0,0.0,0.0,0.0,0.0,0.0,0.0
addr_0003852,0.0,1.0,0.755669,1.0,0.755669,0.0,1.0,2.0,0.0,1.0,1.0,0.00068817,2.0
addr_0003853,1.0,0.0,1.484841,1.0,1.484841,0.0,0.0,0.0,0.0,0.0,0.0,0.0,0.0
addr_0003854,1.0,0.0,1.168653,1.0,1.168653,0.0,0.0,0.0,0.0,0.0,0.0,0.0,0.0
addr_0003855,1.0,0.0,0.250558,1.0,0.250558,0.0,0.0,0.0,0.0,0.0,0.0,0.0,0.0
addr_0003856,0.0,2.0,4.687513,2.0,2.3437565,280.4583333333333,1.0,2.0,0.5,1.0,1.0,0.00038147500000000004,3.0
addr_0003858,1.0,1.0,9.580426,2.0,4.790213,210.58055555555555,1.0,3.0,0.0,1.0,1.0,0.00052185,3.0
addr_0003860,1.0,0.0,3.101619,1.0,3.101619,0.0,0.0,0.0,0.0,0.0,0.0,0.0,0.0
addr_0003861,1.0,0.0,0.158811,1.0,0.158811,0.0,0.0,0.0,0.0,0.0,0.0,0.0,0.0
addr_0003862,0.0,1.0,1.472802,1.0,1.472802,0.0,1.0,1.0,0.0,1.0,1.0,0.0006791,2.0
addr_0003864,2.0,0.0,5.889697,2.0,2.9448485,42.541666666666664,0.0,0.0,0.0,0.0,0.0,0.0,0.0
addr_0003867,1.0,0.0,0.057881,1.0,0.057881,0.0,0.0,0.0,0.0,0.0,0.0,0.0,0.0
addr_0003869,2.0,0.0,7.886318,2.0,3.943159,175.66666666666666,0.0,0.0,0.0,0.0,0.0,0.0,0.0
addr_0003871,0.0,3.0,5.326846000000001,3.0,1.7756153333333335,77.04166666666667,1.0,1.0,0.6667,1.0,1.0,0.00019596999999999998,3.0
addr_0003873,1.0,0.0,2.872256,1.0,2.872256,0.0,0.0,0.0,0.0,0.0,0.0,0.0,0.0
addr_0003876,1.0,1.0,2.1637589999999998,2.0,1.0818794999999999,83.75,1.0,1.0,0.0,1.0,1.0,0.00018906,2.0
addr_0003877,1.0,0.0,0.747698,1.0,0.747698,0.0,0.0,0.0,0.0,0.0,0.0,0.0,0.0
addr_0003879,1.0,1.0,1.371542,2.0,0.685771,69.875,1.0,1.0,0.0,1.0,1.0,0.00021727,2.0
addr_0003880,0.0,1.0,0.362468,1.0,0.362468,0.0,1.0,1.0,0.0,1.0,1.0,9.768e-05,2.0
addr_0003881,0.0,3.0,10.353654,3.0,3.4512180000000003,76.875,1.0,1.0,0.3333,1.0,1.0,0.00039580666666666665,2.0
addr_0003882,1.0,0.0,2.281491,1.0,2.281491,0.0,0.0,0.0,0.0,0.0,0.0,0.0,0.0
addr_0003883,1.0,1.0,3.5286779999999998,2.0,1.7643389999999999,83.875,1.0,1.0,0.0,1.0,1.0,1.512e-05,2.0
addr_0003885,1.0,1.0,1.119807,2.0,0.5599035,196.125,1.0,1.0,0.0,1.0,1.0,0.00024906,3.0
addr_0003888,1.0,1.0,3.691422,2.0,1.845711,83.66666666666667,1.0,1.0,0.0,1.0,1.0,8.384e-05,2.0
addr_0003890,2.0,0.0,8.690990000000001,2.0,4.3454950000000006,21.458333333333332,0.0,0.0,0.0,0.0,0.0,0.0,0.0
addr_0003891,0.0,1.0,0.066872,1.0,0.066872,0.0,1.0,1.0,0.0,1.0,1.0,0.00012441,2.0
addr_0003893,1.0,0.0,0.326796,1.0,0.326796,0.0,0.0,0.0,0.0,0.0,0.0,0.0,0.0
addr_0003894,1.0,0.0,0.88286,1.0,0.88286,0.0,0.0,0.0,0.0,0.0,0.0,0.0,0.0
addr_0003895,1.0,2.0,3.854494,3.0,1.2848313333333332,161.04166666666666,2.0,1.0,0.5,1.0,1.0,0.000180045,3.0
addr_0003898,2.0,0.0,2.17275,2.0,1.086375,301.3333333333333,0.0,0.0,0.0,0.0,0.0,0.0,0.0
addr_0003899,1.0,1.0,3.370466,2.0,1.685233,153.34027777777777,1.0,1.0,0.0,1.0,1.0,0.00087739,2.0
addr_0003900,0.0,1.0,0.806512,1.0,0.806512,0.0,1.0,1.0,0.0,1.0,1.0,0.00063027,3.0
addr_0003901,0.0,1.0,2.740725,1.0,2.740725,0.0,1.0,1.0,0.0,1.0,1.0,0.000488,2.0
addr_0003903,0.0,2.0,1.889909,2.0,0.9449545,210.04166666666666,1.0,1.0,0.5,1.0,1.0,7.764499999999999e-05,2.0
addr_0003904,0.0,1.0,0.066872,1.0,0.066872,0.0,1.0,6.0,0.0,1.0,1.0,5.06e-05,3.0
addr_0003906,1.0,1.0,8.306958,2.0,4.153479,69.5,1.0,1.0,0.0,1.0,1.0,0.00129313,2.0
addr_0003907,1.0,0.0,4.706125,1.0,4.706125,0.0,0.0,0.0,0.0,0.0,0.0,0.0,0.0
addr_0003908,1.0,0.0,0.042342,1.0,0.042342,0.0,0.0,0.0,0.0,0.0,0.0,0.0,0.0
addr_0003909,0.0,2.0,2.305737,2.0,1.1528685,168.33333333333334,2.0,4.0,0.5,1.0,1.0,0.000473375,3.0
addr_0003911,0.0,1.0,0.546393,1.0,0.546393,0.0,1.0,1.0,0.0,1.0,1.0,8.112e-05,3.0
addr_0003912,2.0,0.0,6.786638,2.0,3.393319,48.875,0.0,0.0,0.0,0.0,0.0,0.0,0.0
addr_0003913,0.0,1.0,0.278658,1.0,0.278658,0.0,1.0,1.0,0.0,1.0,1.0,0.00010487,2.0
addr_0003915,1.0,1.0,1.5280420000000001,2.0,0.7640210000000001,252.33333333333334,1.0,1.0,0.0,1.0,1.0,2.37e-05,2.0
addr_0003916,0.0,1.0,2.293004,1.0,2.293004,0.0,1.0,1.0,0.0,1.0,1.0,0.00054709,2.0
addr_0003917,2.0,0.0,1.931886,2.0,0.965943,168.16666666666666,0.0,0.0,0.0,0.0,0.0,0.0,0.0
addr_0003918,1.0,0.0,1.669013,1.0,1.669013,0.0,0.0,0.0,0.0,0.0,0.0,0.0,0.0
addr_0003920,1.0,0.0,1.180179,1.0,1.180179,0.0,0.0,0.0,0.0,0.0,0.0,0.0,0.0
addr_0003921,1.0,0.0,0.725384,1.0,0.725384,0.0,0.0,0.0,0.0,0.0,0.0,0.0,0.0
addr_0003922,1.0,0.0,0.93487,1.0,0.93487,0.0,0.0,0.0,0.0,0.0,0.0,0.0,0.0
addr_0003923,0.0,1.0,0.326235,1.0,0.326235,0.0,1.0,1.0,0.0,1.0,1.0,0.0006421,2.0
addr_0003924,0.0,1.0,1.895657,1.0,1.895657,0.0,1.0,1.0,0.0,1.0,1.0,0.000551,1.0
addr_0003927,1.0,0.0,1.281951,1.0,1.281951,0.0,0.0,0.0,0.0,0.0,0.0,0.0,0.0
addr_0003932,0.0,2.0,5.713561,2.0,2.8567805,6.75,1.0,1.0,0.5,1.0,1.0,0.00103353,3.0
addr_0003935,0.0,1.0,0.219752,1.0,0.219752,0.0,1.0,1.0,0.0,1.0,1.0,0.00016465,2.0
addr_0003937,1.0,1.0,7.780619,2.0,3.8903095,41.5,1.0,1.0,0.0,1.0,1.0,0.00030879,3.0
addr_0003940,0.0,1.0,0.617852,1.0,0.617852,0.0,1.0,1.0,0.0,1.0,1.0,0.00031552,2.0
addr_0003943,2.0,1.0,4.343818,3.0,1.4479393333333332,329.0416666666667,1.0,3.0,0.0,1.0,1.0,0.00030252,2.0
addr_0003944,0.0,2.0,5.747139,2.0,2.8735695,49.291666666666664,1.0,1.0,0.5,1.0,1.0,0.0005861250000000001,2.0
addr_0003946,1.0,0.0,0.298023,1.0,0.298023,0.0,0.0,0.0,0.0,0.0,0.0,0.0,0.0
addr_0003948,2.0,0.0,0.254245,2.0,0.1271225,63.166666666666664,0.0,0.0,0.0,0.0,0.0,0.0,0.0
addr_0003949,0.0,1.0,2.520997,1.0,2.520997,0.0,1.0,1.0,0.0,1.0,1.0,0.00144771,2.0
addr_0003950,1.0,1.0,1.803136,2.0,0.901568,42.041666666666664,1.0,1.0,0.0,1.0,1.0,0.00051079,3.0
addr_0003952,1.0,3.0,5.776676999999999,4.0,1.4441692499999998,273.5416666666667,2.0,1.0,0.3333,1.0,1.0,0.0003039466666666666,2.0
addr_0003954,0.0,1.0,1.853462,1.0,1.853462,0.0,1.0,1.0,0.0,1.0,1.0,5.119e-05,3.0
addr_0003955,0.0,1.0,5.892849,1.0,5.892849,0.0,1.0,1.0,0.0,1.0,1.0,0.00059167,2.0
addr_0003958,1.0,0.0,6.017455,1.0,6.017455,0.0,0.0,0.0,0.0,0.0,0.0,0.0,0.0
addr_0003960,0.0,1.0,1.032742,1.0,1.032742,0.0,1.0,1.0,0.0,1.0,1.0,0.00030881,2.0
addr_0003961,1.0,0.0,0.346351,1.0,0.346351,0.0,0.0,0.0,0.0,0.0,0.0,0.0,0.0
addr_0003962,0.0,1.0,0.577219,1.0,0.577219,0.0,1.0,2.0,0.0,1.0,1.0,0.00018049,2.0
addr_0003963,0.0,1.0,0.172392,1.0,0.172392,0.0,1.0,1.0,0.0,1.0,1.0,0.00040952,2.0
addr_0003964,0.0,2.0,2.116123,2.0,1.0580615,188.45833333333334,1.0,1.0,0.5,1.0,1.0,0.000621135,2.0
addr_0003966,1.0,0.0,0.587173,1.0,0.587173,0.0,0.0,0.0,0.0,0.0,0.0,0.0,0.0
addr_0003968,1.0,0.0,0.41776,1.0,0.41776,0.0,0.0,0.0,0.0,0.0,0.0,0.0,0.0
addr_0003970,1.0,0.0,0.248634,1.0,0.248634,0.0,0.0,0.0,0.0,0.0,0.0,0.0,0.0
addr_0003973,2.0,1.0,5.349128,3.0,1.7830426666666668,132.34305555555557,1.0,1.0,0.0,1.0,1.0,4.379e-05,3.0
addr_0003975,1.0,1.0,4.350989,2.0,2.1754945,91.0,2.0,1.0,0.0,1.0,1.0,0.00032055,2.0
addr_0003976,1.0,0.0,2.031165,1.0,2.031165,0.0,0.0,0.0,0.0,0.0,0.0,0.0,0.0
addr_0003979,1.0,0.0,2.151342,1.0,2.151342,0.0,0.0,0.0,0.0,0.0,0.0,0.0,0.0
addr_0003980,0.0,1.0,3.117698,1.0,3.117698,0.0,2.0,2.0,0.0,1.0,1.0,0.00087752,3.0
addr_0003981,0.0,1.0,3.772914,1.0,3.772914,0.0,1.0,1.0,0.0,1.0,1.0,6.801e-05,2.0
addr_0003982,1.0,0.0,1.889584,1.0,1.889584,0.0,0.0,0.0,0.0,0.0,0.0,0.0,0.0
addr_0003983,0.0,1.0,0.674126,1.0,0.674126,0.0,1.0,1.0,0.0,1.0,1.0,0.00107685,3.0
addr_0003984,0.0,1.0,1.006545,1.0,1.006545,0.0,1.0,1.0,0.0,1.0,1.0,0.00043557,1.0
addr_0003987,1.0,0.0,1.948795,1.0,1.948795,0.0,0.0,0.0,0.0,0.0,0.0,0.0,0.0
addr_0003989,1.0,1.0,2.2697719999999997,2.0,1.1348859999999998,237.91666666666666,1.0,1.0,0.0,1.0,1.0,0.00024538,1.0
addr_0003990,3.0,0.0,5.28605,3.0,1.7620166666666668,105.25,0.0,0.0,0.0,0.0,0.0,0.0,0.0
addr_0003991,0.0,1.0,1.329065,1.0,1.329065,0.0,1.0,1.0,0.0,1.0,1.0,0.00011759,2.0
addr_0003997,2.0,1.0,15.076041,3.0,5.025347,41.75,1.0,1.0,0.0,1.0,1.0,0.00011048,3.0
addr_0003998,1.0,0.0,1.859888,1.0,1.859888,0.0,0.0,0.0,0.0,0.0,0.0,0.0,0.0
addr_0003999,0.0,1.0,0.258502,1.0,0.258502,0.0,1.0,1.0,0.0,1.0,1.0,0.00053697,2.0
addr_0004000,0.0,1.0,5.291204,1.0,5.291204,0.0,1.0,1.0,0.0,1.0,1.0,0.00013504,2.0
addr_0004002,1.0,1.0,1.476699,2.0,0.7383495,202.5,1.0,1.0,0.0,1.0,1.0,0.00076848,2.0
addr_0004004,0.0,1.0,0.194031,1.0,0.194031,0.0,2.0,5.0,0.0,1.0,1.0,0.0009209,2.0
addr_0004007,2.0,0.0,1.856225,2.0,0.9281125,28.166666666666668,0.0,0.0,0.0,0.0,0.0,0.0,0.0
addr_0004010,1.0,0.0,1.330919,1.0,1.330919,0.0,0.0,0.0,0.0,0.0,0.0,0.0,0.0
addr_0004011,1.0,0.0,0.498216,1.0,0.498216,0.0,0.0,0.0,0.0,0.0,0.0,0.0,0.0
addr_0004018,1.0,0.0,0.413653,1.0,0.413653,0.0,0.0,0.0,0.0,0.0,0.0,0.0,0.0
addr_0004021,1.0,1.0,1.411363,2.0,0.7056815,28.125,1.0,1.0,0.0,1.0,1.0,0.00077368,3.0
addr_0004022,2.0,2.0,6.262663,4.0,1.56566575,126.95833333333333,1.0,1.0,0.5,1.0,1.0,0.000107205,2.0
addr_0004023,0.0,1.0,1.64673,1.0,1.64673,0.0,1.0,1.0,0.0,1.0,1.0,0.00018453,3.0
addr_0004024,0.0,1.0,1.438915,1.0,1.438915,0.0,1.0,1.0,0.0,1.0,1.0,1.935e-05,2.0
addr_0004026,0.0,1.0,2.62563,1.0,2.62563,0.0,1.0,1.0,0.0,1.0,1.0,3.97e-06,2.0
addr_0004027,2.0,0.0,1.6475879999999998,2.0,0.8237939999999999,202.54166666666666,0.0,0.0,0.0,0.0,0.0,0.0,0.0
addr_0004028,1.0,0.0,0.931931,1.0,0.931931,0.0,0.0,0.0,0.0,0.0,0.0,0.0,0.0
addr_0004029,1.0,1.0,5.265258,2.0,2.632629,6.458333333333333,1.0,2.0,0.0,1.0,1.0,0.00092679,3.0
addr_0004030,1.0,1.0,4.108337,2.0,2.0541685,55.46805555555556,1.0,1.0,0.0,1.0,1.0,0.0003351,2.0
addr_0004035,1.0,0.0,3.381637,1.0,3.381637,0.0,0.0,0.0,0.0,0.0,0.0,0.0,0.0
addr_0004036,1.0,0.0,3.142897,1.0,3.142897,0.0,0.0,0.0,0.0,0.0,0.0,0.0,0.0
addr_0004037,0.0,1.0,2.402553,1.0,2.402553,0.0,1.0,1.0,0.0,1.0,1.0,0.00051183,2.0
addr_0004044,0.0,1.0,0.595424,1.0,0.595424,0.0,1.0,1.0,0.0,1.0,1.0,0.00017967,2.0
addr_0004045,0.0,1.0,0.490661,1.0,0.490661,0.0,1.0,1.0,0.0,1.0,1.0,0.00081651,2.0
addr_0004046,0.0,1.0,3.589102,1.0,3.589102,0.0,1.0,1.0,0.0,1.0,1.0,0.0006455,3.0
addr_0004049,1.0,0.0,2.63325,1.0,2.63325,0.0,0.0,0.0,0.0,0.0,0.0,0.0,0.0
addr_0004054,1.0,0.0,5.181719,1.0,5.181719,0.0,0.0,0.0,0.0,0.0,0.0,0.0,0.0
addr_0004056,1.0,1.0,2.507194,2.0,1.253597,224.5,1.0,1.0,0.0,1.0,1.0,0.0005341,3.0
addr_0004057,0.0,3.0,2.99335,3.0,0.9977833333333334,154.33333333333334,1.0,1.0,0.3333,1.0,1.0,2.1223333333333334e-05,1.0
addr_0004060,1.0,0.0,0.076866,1.0,0.076866,0.0,0.0,0.0,0.0,0.0,0.0,0.0,0.0
addr_0004061,1.0,0.0,2.584797,1.0,2.584797,0.0,0.0,0.0,0.0,0.0,0.0,0.0,0.0
addr_0004065,1.0,0.0,2.561575,1.0,2.561575,0.0,0.0,0.0,0.0,0.0,0.0,0.0,0.0
addr_0004067,1.0,0.0,1.534954,1.0,1.534954,0.0,0.0,0.0,0.0,0.0,0.0,0.0,0.0
addr_0004068,1.0,0.0,0.605004,1.0,0.605004,0.0,0.0,0.0,0.0,0.0,0.0,0.0,0.0
addr_0004069,2.0,0.0,2.756633,2.0,1.3783165,48.791666666666664,0.0,0.0,0.0,0.0,0.0,0.0,0.0
addr_0004071,1.0,0.0,1.507026,1.0,1.507026,0.0,0.0,0.0,0.0,0.0,0.0,0.0,0.0
addr_0004072,1.0,0.0,0.062333,1.0,0.062333,0.0,0.0,0.0,0.0,0.0,0.0,0.0,0.0
addr_0004073,1.0,0.0,2.340667,1.0,2.340667,0.0,0.0,0.0,0.0,0.0,0.0,0.0,0.0
addr_0004074,2.0,1.0,3.187585,3.0,1.0625283333333333,84.58333333333333,1.0,2.0,0.0,1.0,1.0,6.72e-06,3.0
addr_0004075,1.0,1.0,6.110177,2.0,3.0550885,175.125,1.0,2.0,0.0,1.0,1.0,4.445e-05,2.0
addr_0004076,0.0,2.0,5.150853,2.0,2.5754265,265.6666666666667,2.0,1.0,0.5,1.0,1.0,7.387e-05,1.0
addr_0004077,1.0,0.0,4.388238,1.0,4.388238,0.0,0.0,0.0,0.0,0.0,0.0,0.0,0.0
addr_0004080,0.0,1.0,0.123253,1.0,0.123253,0.0,1.0,2.0,0.0,1.0,1.0,0.00087322,2.0
addr_0004083,1.0,1.0,2.5205290000000002,2.0,1.2602645000000001,132.95833333333334,1.0,1.0,0.0,1.0,1.0,0.00072432,2.0
addr_0004085,0.0,1.0,1.722763,1.0,1.722763,0.0,1.0,1.0,0.0,1.0,1.0,0.00164413,2.0
addr_0004086,1.0,3.0,7.159407999999999,4.0,1.7898519999999998,133.5,1.0,1.0,0.3333,1.0,1.0,0.00019105,2.0
addr_0004087,0.0,1.0,0.68909,1.0,0.68909,0.0,1.0,1.0,0.0,1.0,1.0,0.00109793,2.0
addr_0004088,1.0,0.0,1.802467,1.0,1.802467,0.0,0.0,0.0,0.0,0.0,0.0,0.0,0.0
addr_0004090,1.0,1.0,2.19232,2.0,1.09616,154.73541666666668,1.0,1.0,0.0,1.0,1.0,0.00024758,2.0
addr_0004091,3.0,0.0,6.077751,3.0,2.025917,98.25,0.0,0.0,0.0,0.0,0.0,0.0,0.0
addr_0004092,0.0,2.0,8.847685,2.0,4.4238425,14.25,2.0,1.0,0.5,1.0,1.0,8.746e-05,1.0
addr_0004093,0.0,1.0,0.541431,1.0,0.541431,0.0,1.0,1.0,0.0,1.0,1.0,0.00013114,3.0
addr_0004095,1.0,0.0,3.036628,1.0,3.036628,0.0,0.0,0.0,0.0,0.0,0.0,0.0,0.0
addr_0004096,2.0,0.0,9.197138,2.0,4.598569,280.125,0.0,0.0,0.0,0.0,0.0,0.0,0.0
addr_0004097,1.0,0.0,2.289957,1.0,2.289957,0.0,0.0,0.0,0.0,0.0,0.0,0.0,0.0
addr_0004098,0.0,1.0,0.181679,1.0,0.181679,0.0,1.0,1.0,0.0,1.0,1.0,8.49e-05,3.0
addr_0004100,2.0,0.0,4.710229,2.0,2.3551145,112.08333333333333,0.0,0.0,0.0,0.0,0.0,0.0,0.0
addr_0004101,2.0,0.0,3.2634600000000002,2.0,1.6317300000000001,230.58333333333334,0.0,0.0,0.0,0.0,0.0,0.0,0.0
addr_0004104,0.0,1.0,4.462587,1.0,4.462587,0.0,1.0,1.0,0.0,1.0,1.0,0.000299,2.0
addr_0004106,1.0,0.0,0.277042,1.0,0.277042,0.0,0.0,0.0,0.0,0.0,0.0,0.0,0.0
addr_0004108,0.0,1.0,0.346458,1.0,0.346458,0.0,1.0,1.0,0.0,1.0,1.0,0.00021086,3.0
addr_0004111,0.0,3.0,1.758473,3.0,0.5861576666666667,105.41666666666667,1.0,1.0,0.3333,1.0,1.0,0.00036201666666666664,2.0
addr_0004112,1.0,2.0,8.660676,3.0,2.886892,314.7083333333333,2.0,1.0,0.5,1.0,1.0,0.000202125,3.0
addr_0004113,1.0,1.0,1.5126979999999999,2.0,0.7563489999999999,21.166666666666668,1.0,1.0,0.0,1.0,1.0,0.00173728,3.0
addr_0004117,1.0,1.0,10.61259,2.0,5.306295,112.375,1.0,1.0,0.0,1.0,1.0,0.00014265,3.0
addr_0004118,0.0,1.0,4.435833,1.0,4.435833,0.0,1.0,1.0,0.0,1.0,1.0,6.806e-05,2.0
addr_0004122,1.0,1.0,4.176843,2.0,2.0884215,83.70833333333333,1.0,2.0,0.0,1.0,1.0,0.00056119,2.0
addr_0004123,1.0,1.0,1.805262,2.0,0.902631,62.708333333333336,1.0,1.0,0.0,1.0,1.0,0.00049669,2.0
addr_0004126,1.0,0.0,13.208157,1.0,13.208157,0.0,0.0,0.0,0.0,0.0,0.0,0.0,0.0
addr_0004127,1.0,0.0,2.081314,1.0,2.081314,0.0,0.0,0.0,0.0,0.0,0.0,0.0,0.0
addr_0004128,1.0,0.0,1.040432,1.0,1.040432,0.0,0.0,0.0,0.0,0.0,0.0,0.0,0.0
addr_0004129,1.0,2.0,12.875426999999998,3.0,4.291809,91.00972222222222,3.0,1.0,0.5,1.0,1.0,0.00043706500000000004,2.0
addr_0004130,0.0,1.0,0.295357,1.0,0.295357,0.0,1.0,1.0,0.0,1.0,1.0,3.466e-05,2.0
addr_0004132,2.0,0.0,1.4936340000000001,2.0,0.7468170000000001,118.75,0.0,0.0,0.0,0.0,0.0,0.0,0.0
addr_0004133,0.0,1.0,0.16686,1.0,0.16686,0.0,1.0,1.0,0.0,1.0,1.0,0.00023453,2.0
addr_0004134,1.0,0.0,0.344202,1.0,0.344202,0.0,0.0,0.0,0.0,0.0,0.0,0.0,0.0
addr_0004135,1.0,0.0,3.318907,1.0,3.318907,0.0,0.0,0.0,0.0,0.0,0.0,0.0,0.0
addr_0004136,1.0,0.0,0.500274,1.0,0.500274,0.0,0.0,0.0,0.0,0.0,0.0,0.0,0.0
addr_0004143,1.0,0.0,5.254743,1.0,5.254743,0.0,0.0,0.0,0.0,0.0,0.0,0.0,0.0
addr_0004147,0.0,1.0,0.888035,1.0,0.888035,0.0,1.0,1.0,0.0,1.0,1.0,9.935e-05,2.0
addr_0004149,0.0,1.0,0.076866,1.0,0.076866,0.0,1.0,7.0,0.0,1.0,1.0,9.117e-05,2.0
addr_0004151,2.0,0.0,0.772233,2.0,0.3861165,335.9166666666667,0.0,0.0,0.0,0.0,0.0,0.0,0.0
addr_0004153,1.0,0.0,1.362936,1.0,1.362936,0.0,0.0,0.0,0.0,0.0,0.0,0.0,0.0
addr_0004155,1.0,0.0,4.629098,1.0,4.629098,0.0,0.0,0.0,0.0,0.0,0.0,0.0,0.0
addr_0004157,1.0,0.0,0.746227,1.0,0.746227,0.0,0.0,0.0,0.0,0.0,0.0,0.0,0.0
addr_0004158,0.0,1.0,0.709425,1.0,0.709425,0.0,1.0,1.0,0.0,1.0,1.0,2.81e-05,2.0
addr_0004159,1.0,0.0,2.460359,1.0,2.460359,0.0,0.0,0.0,0.0,0.0,0.0,0.0,0.0
addr_0004161,1.0,0.0,1.795161,1.0,1.795161,0.0,0.0,0.0,0.0,0.0,0.0,0.0,0.0
addr_0004162,1.0,0.0,0.044132,1.0,0.044132,0.0,0.0,0.0,0.0,0.0,0.0,0.0,0.0
addr_0004163,0.0,1.0,5.717459,1.0,5.717459,0.0,1.0,3.0,0.0,1.0,1.0,0.00021246,2.0
addr_0004164,0.0,1.0,3.391492,1.0,3.391492,0.0,1.0,1.0,0.0,1.0,1.0,9.5e-07,3.0
addr_0004166,2.0,0.0,2.2947960000000003,2.0,1.1473980000000001,35.458333333333336,0.0,0.0,0.0,0.0,0.0,0.0,0.0
addr_0004167,1.0,3.0,3.461031,4.0,0.86525775,216.625,1.0,1.0,0.3333,1.0,1.0,0.00028378333333333334,2.0
addr_0004168,1.0,0.0,0.535256,1.0,0.535256,0.0,0.0,0.0,0.0,0.0,0.0,0.0,0.0
addr_0004172,0.0,1.0,0.996175,1.0,0.996175,0.0,1.0,1.0,0.0,1.0,1.0,0.00041515,2.0
addr_0004173,1.0,1.0,2.150503,2.0,1.0752515,147.04166666666666,1.0,1.0,0.0,1.0,1.0,0.00024212,3.0
addr_0004174,0.0,2.0,4.5097760000000005,2.0,2.2548880000000002,140.16666666666666,2.0,1.0,0.5,1.0,1.0,0.0007014,2.0
addr_0004175,0.0,1.0,1.782736,1.0,1.782736,0.0,2.0,2.0,0.0,1.0,1.0,3.626e-05,3.0
addr_0004177,1.0,2.0,9.212267,3.0,3.070755666666667,160.54166666666666,1.0,1.0,0.5,1.0,1.0,0.000269145,1.0
addr_0004178,1.0,0.0,0.73044,1.0,0.73044,0.0,0.0,0.0,0.0,0.0,0.0,0.0,0.0
addr_0004179,1.0,0.0,1.882554,1.0,1.882554,0.0,0.0,0.0,0.0,0.0,0.0,0.0,0.0
addr_0004181,0.0,1.0,1.098467,1.0,1.098467,0.0,1.0,1.0,0.0,1.0,1.0,0.00027827,2.0
addr_0004185,2.0,0.0,0.357386,2.0,0.178693,202.58333333333334,0.0,0.0,0.0,0.0,0.0,0.0,0.0
addr_0004190,1.0,0.0,1.723446,1.0,1.723446,0.0,0.0,0.0,0.0,0.0,0.0,0.0,0.0
addr_0004192,0.0,2.0,2.57249,2.0,1.286245,188.83333333333334,1.0,1.0,0.5,1.0,1.0,0.00023066,3.0
addr_0004195,2.0,1.0,7.108638000000001,3.0,2.369546,111.625,1.0,4.0,0.0,1.0,1.0,0.00066718,2.0
addr_0004196,1.0,1.0,2.873282,2.0,1.436641,42.041666666666664,1.0,2.0,0.0,1.0,1.0,0.00010942,3.0
addr_0004197,0.0,1.0,0.797707,1.0,0.797707,0.0,1.0,1.0,0.0,1.0,1.0,0.00020335,2.0
addr_0004200,2.0,0.0,2.195462,2.0,1.097731,27.5,0.0,0.0,0.0,0.0,0.0,0.0,0.0
addr_0004201,1.0,0.0,1.012776,1.0,1.012776,0.0,0.0,0.0,0.0,0.0,0.0,0.0,0.0
addr_0004202,1.0,1.0,3.802853,2.0,1.9014265,41.583333333333336,1.0,1.0,0.0,1.0,1.0,0.00122499,2.0
addr_0004203,1.0,1.0,2.301009,2.0,1.1505045,28.125,1.0,2.0,0.0,1.0,1.0,0.00077044,3.0
addr_0004204,0.0,1.0,0.269004,1.0,0.269004,0.0,1.0,1.0,0.0,1.0,1.0,0.000936,3.0
addr_0004205,0.0,1.0,0.106843,1.0,0.106843,0.0,1.0,1.0,0.0,1.0,1.0,5.335e-05,2.0
addr_0004207,1.0,0.0,6.651098,1.0,6.651098,0.0,0.0,0.0,0.0,0.0,0.0,0.0,0.0
addr_0004208,1.0,2.0,3.8842,3.0,1.2947333333333333,132.66666666666666,1.0,1.0,0.5,1.0,1.0,0.00041388499999999996,2.0
addr_0004209,1.0,0.0,0.641665,1.0,0.641665,0.0,0.0,0.0,0.0,0.0,0.0,0.0,0.0
addr_0004211,0.0,2.0,5.2804850000000005,2.0,2.6402425000000003,27.791666666666668,1.0,1.0,0.5,1.0,1.0,0.001340225,2.0
addr_0004214,0.0,1.0,0.3284,1.0,0.3284,0.0,1.0,1.0,0.0,1.0,1.0,0.00037792,2.0
addr_0004215,0.0,1.0,5.13062,1.0,5.13062,0.0,1.0,1.0,0.0,1.0,1.0,2.351e-05,2.0
addr_0004216,1.0,1.0,7.840327,2.0,3.9201635,55.708333333333336,1.0,1.0,0.0,1.0,1.0,0.00079297,2.0
addr_0004217,0.0,1.0,0.794473,1.0,0.794473,0.0,2.0,2.0,0.0,1.0,1.0,0.00109581,3.0
addr_0004219,0.0,2.0,9.289305,2.0,4.6446525,76.98541666666667,1.0,1.0,0.5,1.0,1.0,0.00029854999999999997,2.0
addr_0004220,1.0,0.0,2.272424,1.0,2.272424,0.0,0.0,0.0,0.0,0.0,0.0,0.0,0.0
addr_0004221,1.0,2.0,7.678818,3.0,2.559606,238.04166666666666,1.0,1.0,0.5,1.0,1.0,9.0485e-05,3.0
addr_0004222,1.0,2.0,9.539733,3.0,3.179911,28.125,1.0,1.0,0.5,1.0,1.0,0.00079232,2.0
addr_0004225,1.0,0.0,0.849917,1.0,0.849917,0.0,0.0,0.0,0.0,0.0,0.0,0.0,0.0
addr_0004228,0.0,1.0,3.135937,1.0,3.135937,0.0,1.0,1.0,0.0,1.0,1.0,0.00132655,2.0
addr_0004229,1.0,2.0,12.355406,3.0,4.118468666666667,62.5,1.0,1.0,0.5,1.0,1.0,0.000493935,2.0
addr_0004236,0.0,1.0,1.305816,1.0,1.305816,0.0,1.0,1.0,0.0,1.0,1.0,0.00038423,3.0
addr_0004237,0.0,1.0,0.760535,1.0,0.760535,0.0,1.0,1.0,0.0,1.0,1.0,0.00026073,2.0
addr_0004238,0.0,1.0,0.605648,1.0,0.605648,0.0,1.0,1.0,0.0,1.0,1.0,0.00025462,3.0
addr_0004239,2.0,0.0,6.1764,2.0,3.0882,181.125,0.0,0.0,0.0,0.0,0.0,0.0,0.0
addr_0004244,0.0,1.0,4.0167,1.0,4.0167,0.0,2.0,2.0,0.0,1.0,1.0,0.00020971,2.0
addr_0004245,0.0,1.0,6.544714,1.0,6.544714,0.0,1.0,1.0,0.0,1.0,1.0,0.00181587,2.0
addr_0004247,0.0,2.0,4.452305,2.0,2.2261525,0.7083333333333334,1.0,1.0,1.0,1.0,1.0,0.00028112,3.0
addr_0004249,1.0,0.0,0.897284,1.0,0.897284,0.0,0.0,0.0,0.0,0.0,0.0,0.0,0.0
addr_0004250,0.0,1.0,0.746227,1.0,0.746227,0.0,1.0,1.0,0.0,1.0,1.0,7.009e-05,2.0
addr_0004251,1.0,0.0,8.903633,1.0,8.903633,0.0,0.0,0.0,0.0,0.0,0.0,0.0,0.0
addr_0004253,0.0,1.0,1.039637,1.0,1.039637,0.0,2.0,1.0,0.0,1.0,1.0,5.9e-06,2.0
addr_0004257,0.0,1.0,3.635292,1.0,3.635292,0.0,1.0,1.0,0.0,1.0,1.0,0.00101055,3.0
addr_0004258,0.0,1.0,3.225356,1.0,3.225356,0.0,1.0,1.0,0.0,1.0,1.0,0.00010465,3.0
addr_0004260,1.0,1.0,1.284594,2.0,0.642297,119.33333333333333,1.0,1.0,0.0,1.0,1.0,0.0006357,2.0
addr_0004261,0.0,1.0,0.698918,1.0,0.698918,0.0,1.0,2.0,0.0,1.0,1.0,0.00021478,2.0
addr_0004264,0.0,1.0,0.720413,1.0,0.720413,0.0,1.0,1.0,0.0,1.0,1.0,0.000143,3.0
addr_0004265,1.0,1.0,4.5395639999999995,2.0,2.2697819999999997,175.54166666666666,1.0,1.0,0.0,1.0,1.0,0.00047053,2.0
addr_0004266,1.0,0.0,1.918149,1.0,1.918149,0.0,0.0,0.0,0.0,0.0,0.0,0.0,0.0
addr_0004268,0.0,1.0,2.200454,1.0,2.200454,0.0,2.0,1.0,0.0,1.0,1.0,4.774e-05,2.0
addr_0004269,1.0,0.0,3.947081,1.0,3.947081,0.0,0.0,0.0,0.0,0.0,0.0,0.0,0.0
addr_0004270,1.0,1.0,4.210249,2.0,2.1051245,83.83333333333333,1.0,1.0,0.0,1.0,1.0,0.0003129,3.0
addr_0004271,0.0,1.0,1.417978,1.0,1.417978,0.0,1.0,1.0,0.0,1.0,1.0,0.0007785,2.0
addr_0004272,3.0,0.0,4.858878,3.0,1.619626,189.375,0.0,0.0,0.0,0.0,0.0,0.0,0.0
addr_0004274,0.0,2.0,4.332116,2.0,2.166058,195.95833333333334,1.0,1.0,0.5,1.0,1.0,8.2e-05,2.0
addr_0004275,1.0,0.0,5.547283,1.0,5.547283,0.0,0.0,0.0,0.0,0.0,0.0,0.0,0.0
addr_0004276,1.0,1.0,11.190352,2.0,5.595176,160.83333333333334,2.0,1.0,0.0,1.0,1.0,0.00081368,2.0
addr_0004277,1.0,1.0,3.255154,2.0,1.627577,132.3763888888889,1.0,1.0,0.0,1.0,1.0,0.00014842,2.0
addr_0004278,1.0,0.0,0.031263,1.0,0.031263,0.0,0.0,0.0,0.0,0.0,0.0,0.0,0.0
addr_0004279,1.0,0.0,3.399817,1.0,3.399817,0.0,0.0,0.0,0.0,0.0,0.0,0.0,0.0
addr_0004281,0.0,1.0,0.782558,1.0,0.782558,0.0,1.0,1.0,0.0,1.0,1.0,3.029e-05,2.0
addr_0004283,1.0,0.0,0.286935,1.0,0.286935,0.0,0.0,0.0,0.0,0.0,0.0,0.0,0.0
addr_0004284,1.0,1.0,8.095774,2.0,4.047887,98.75,1.0,1.0,0.0,1.0,1.0,0.00024451,2.0
addr_0004285,1.0,1.0,2.692286,2.0,1.346143,195.91666666666666,1.0,2.0,0.0,1.0,1.0,0.00013349,3.0
addr_0004286,1.0,1.0,4.360297,2.0,2.1801485,98.375,1.0,1.0,0.0,1.0,1.0,0.0006702,3.0
addr_0004287,0.0,1.0,2.546263,1.0,2.546263,0.0,2.0,1.0,0.0,1.0,1.0,3.761e-05,2.0
addr_0004289,1.0,0.0,2.264717,1.0,2.264717,0.0,0.0,0.0,0.0,0.0,0.0,0.0,0.0
addr_0004290,1.0,0.0,0.091655,1.0,0.091655,0.0,0.0,0.0,0.0,0.0,0.0,0.0,0.0
addr_0004296,0.0,1.0,3.300198,1.0,3.300198,0.0,1.0,6.0,0.0,1.0,1.0,0.00091904,1.0
addr_0004297,0.0,1.0,0.263823,1.0,0.263823,0.0,1.0,1.0,0.0,1.0,1.0,8.874e-05,2.0
addr_0004298,0.0,1.0,0.478282,1.0,0.478282,0.0,2.0,1.0,0.0,1.0,1.0,7.47e-05,1.0
addr_0004300,1.0,0.0,1.742796,1.0,1.742796,0.0,0.0,0.0,0.0,0.0,0.0,0.0,0.0
addr_0004301,0.0,1.0,0.185871,1.0,0.185871,0.0,1.0,2.0,0.0,1.0,1.0,0.00115833,2.0
addr_0004302,1.0,1.0,1.484477,2.0,0.7422385,126.375,1.0,1.0,0.0,1.0,1.0,4.848e-05,3.0
addr_0004304,0.0,1.0,1.770931,1.0,1.770931,0.0,2.0,1.0,0.0,1.0,1.0,0.00011892,2.0
addr_0004306,0.0,1.0,1.236176,1.0,1.236176,0.0,1.0,1.0,0.0,1.0,1.0,0.0008768,2.0
addr_0004308,1.0,1.0,1.138073,2.0,0.5690365,160.54166666666666,1.0,2.0,0.0,1.0,1.0,0.00024517,3.0
addr_0004311,1.0,0.0,0.562377,1.0,0.562377,0.0,0.0,0.0,0.0,0.0,0.0,0.0,0.0
addr_0004312,1.0,0.0,0.067051,1.0,0.067051,0.0,0.0,0.0,0.0,0.0,0.0,0.0,0.0
addr_0004313,1.0,1.0,4.861508000000001,2.0,2.4307540000000003,69.875,1.0,1.0,0.0,1.0,1.0,9.835e-05,2.0
addr_0004314,0.0,1.0,0.111181,1.0,0.111181,0.0,1.0,3.0,0.0,1.0,1.0,0.00079854,3.0
addr_0004317,0.0,1.0,0.880402,1.0,0.880402,0.0,1.0,1.0,0.0,1.0,1.0,6.506e-05,2.0
addr_0004319,2.0,1.0,11.982486999999999,3.0,3.994162333333333,231.1201388888889,1.0,1.0,0.0,1.0,1.0,0.00015489,2.0
addr_0004320,1.0,0.0,1.169282,1.0,1.169282,0.0,0.0,0.0,0.0,0.0,0.0,0.0,0.0
addr_0004321,0.0,1.0,1.561341,1.0,1.561341,0.0,1.0,1.0,0.0,1.0,1.0,0.00013831,2.0
addr_0004323,0.0,1.0,13.208157,1.0,13.208157,0.0,1.0,4.0,0.0,1.0,1.0,3.357e-05,2.0
addr_0004324,1.0,1.0,1.315794,2.0,0.657897,34.875,1.0,2.0,0.0,1.0,1.0,0.00036731,2.0
addr_0004325,0.0,1.0,0.244899,1.0,0.244899,0.0,1.0,5.0,0.0,1.0,1.0,0.00022779,2.0
addr_0004326,1.0,1.0,3.934811,2.0,1.9674055,84.45833333333333,1.0,1.0,0.0,1.0,1.0,1.374e-05,3.0
addr_0004327,1.0,0.0,1.580103,1.0,1.580103,0.0,0.0,0.0,0.0,0.0,0.0,0.0,0.0
addr_0004328,1.0,0.0,1.211444,1.0,1.211444,0.0,0.0,0.0,0.0,0.0,0.0,0.0,0.0
addr_0004330,0.0,2.0,2.7169369999999997,2.0,1.3584684999999999,0.625,2.0,2.0,1.0,1.0,1.0,0.00019590999999999999,2.0
addr_0004331,0.0,2.0,5.816109,2.0,2.9080545,265.8333333333333,2.0,1.0,0.5,1.0,1.0,0.000170685,3.0
addr_0004332,1.0,1.0,4.215535,2.0,2.1077675,76.95833333333333,1.0,4.0,0.0,1.0,1.0,0.0003311,2.0
addr_0004334,1.0,0.0,1.107389,1.0,1.107389,0.0,0.0,0.0,0.0,0.0,0.0,0.0,0.0
addr_0004335,0.0,1.0,9.192873,1.0,9.192873,0.0,2.0,2.0,0.0,1.0,1.0,0.00054721,2.0
addr_0004336,2.0,0.0,1.087594,2.0,0.543797,34.458333333333336,0.0,0.0,0.0,0.0,0.0,0.0,0.0
addr_0004337,0.0,1.0,0.282673,1.0,0.282673,0.0,1.0,1.0,0.0,1.0,1.0,0.00064171,3.0
addr_0004341,1.0,1.0,0.6992780000000001,2.0,0.34963900000000003,153.875,1.0,1.0,0.0,1.0,1.0,0.0008558,3.0
addr_0004343,1.0,1.0,3.738708,2.0,1.869354,83.79166666666667,1.0,1.0,0.0,1.0,1.0,0.00033786,3.0
addr_0004346,1.0,0.0,4.60858,1.0,4.60858,0.0,0.0,0.0,0.0,0.0,0.0,0.0,0.0
addr_0004347,1.0,1.0,3.976965,2.0,1.9884825,154.20833333333334,1.0,1.0,0.0,1.0,1.0,0.00026265,2.0
addr_0004348,0.0,1.0,2.949729,1.0,2.949729,0.0,1.0,5.0,0.0,1.0,1.0,0.00048746,2.0
addr_0004349,1.0,0.0,0.984531,1.0,0.984531,0.0,0.0,0.0,0.0,0.0,0.0,0.0,0.0
addr_0004351,1.0,0.0,0.404951,1.0,0.404951,0.0,0.0,0.0,0.0,0.0,0.0,0.0,0.0
addr_0004354,2.0,0.0,1.3206309999999999,2.0,0.6603154999999999,252.08333333333334,0.0,0.0,0.0,0.0,0.0,0.0,0.0
addr_0004357,0.0,1.0,0.416627,1.0,0.416627,0.0,1.0,2.0,0.0,1.0,1.0,0.00063726,2.0
addr_0004358,0.0,1.0,0.65407,1.0,0.65407,0.0,1.0,1.0,0.0,1.0,1.0,9.336e-05,2.0
addr_0004359,1.0,0.0,0.366038,1.0,0.366038,0.0,0.0,0.0,0.0,0.0,0.0,0.0,0.0
addr_0004360,0.0,1.0,0.992802,1.0,0.992802,0.0,1.0,1.0,0.0,1.0,1.0,0.00047442,2.0
addr_0004363,1.0,0.0,0.352336,1.0,0.352336,0.0,0.0,0.0,0.0,0.0,0.0,0.0,0.0
addr_0004364,0.0,1.0,0.095581,1.0,0.095581,0.0,1.0,4.0,0.0,1.0,1.0,0.00230342,2.0
addr_0004365,2.0,1.0,4.75844,3.0,1.5861466666666668,69.29166666666667,3.0,2.0,0.0,1.0,1.0,0.00014023,2.0
addr_0004367,1.0,0.0,3.853846,1.0,3.853846,0.0,0.0,0.0,0.0,0.0,0.0,0.0,0.0
addr_0004369,2.0,1.0,8.327789,3.0,2.7759296666666664,209.5,1.0,1.0,0.0,1.0,1.0,9.513e-05,3.0
addr_0004371,2.0,0.0,6.682786,2.0,3.341393,196.125,0.0,0.0,0.0,0.0,0.0,0.0,0.0
addr_0004372,1.0,1.0,4.059824,2.0,2.029912,182.08333333333334,2.0,2.0,0.0,1.0,1.0,0.00013659,2.0
addr_0004376,0.0,1.0,0.937138,1.0,0.937138,0.0,1.0,1.0,0.0,1.0,1.0,0.00031186,2.0
addr_0004378,1.0,0.0,2.645998,1.0,2.645998,0.0,0.0,0.0,0.0,0.0,0.0,0.0,0.0
addr_0004379,1.0,1.0,2.150025,2.0,1.0750125,147.125,1.0,4.0,0.0,1.0,1.0,0.00012137,2.0
addr_0004380,1.0,0.0,0.3284,1.0,0.3284,0.0,0.0,0.0,0.0,0.0,0.0,0.0,0.0
addr_0004381,1.0,1.0,3.9111149999999997,2.0,1.9555574999999998,119.16666666666667,1.0,1.0,0.0,1.0,1.0,0.00043409,2.0
addr_0004383,0.0,1.0,0.293084,1.0,0.293084,0.0,1.0,2.0,0.0,1.0,1.0,0.00048646,2.0
addr_0004386,1.0,0.0,0.146707,1.0,0.146707,0.0,0.0,0.0,0.0,0.0,0.0,0.0,0.0
addr_0004388,1.0,1.0,1.928726,2.0,0.964363,118.25,1.0,1.0,0.0,1.0,1.0,0.00063785,2.0
addr_0004392,1.0,1.0,0.8882329999999999,2.0,0.44411649999999997,76.16666666666667,1.0,1.0,0.0,1.0,1.0,0.00065174,2.0
addr_0004393,0.0,1.0,1.341558,1.0,1.341558,0.0,1.0,1.0,0.0,1.0,1.0,0.00018478,2.0
addr_0004396,1.0,1.0,1.6951910000000001,2.0,0.8475955000000001,77.25,1.0,1.0,0.0,1.0,1.0,0.00060916,2.0
addr_0004399,1.0,2.0,6.446582,3.0,2.1488606666666668,132.83333333333334,1.0,1.0,0.5,1.0,1.0,0.00097408,2.0
addr_0004400,1.0,0.0,1.021706,1.0,1.021706,0.0,0.0,0.0,0.0,0.0,0.0,0.0,0.0
addr_0004402,1.0,1.0,3.67375,2.0,1.836875,161.45833333333334,1.0,1.0,0.0,1.0,1.0,0.00034934,2.0
addr_0004403,0.0,1.0,1.383142,1.0,1.383142,0.0,1.0,2.0,0.0,1.0,1.0,0.00066021,2.0
addr_0004404,0.0,1.0,2.455456,1.0,2.455456,0.0,1.0,1.0,0.0,1.0,1.0,0.00040851,2.0
addr_0004405,1.0,1.0,1.838693,2.0,0.9193465,238.125,1.0,1.0,0.0,1.0,1.0,0.00067268,2.0
addr_0004406,0.0,1.0,0.723094,1.0,0.723094,0.0,1.0,1.0,0.0,1.0,1.0,0.00082039,2.0
addr_0004408,2.0,0.0,3.700118,2.0,1.850059,111.91666666666667,0.0,0.0,0.0,0.0,0.0,0.0,0.0
addr_0004409,1.0,0.0,4.723827,1.0,4.723827,0.0,0.0,0.0,0.0,0.0,0.0,0.0,0.0
addr_0004412,0.0,2.0,8.613502,2.0,4.306751,98.83333333333333,2.0,1.0,0.5,1.0,1.0,0.000733355,2.0
addr_0004415,2.0,1.0,3.35778,3.0,1.11926,195.41666666666666,1.0,1.0,0.0,1.0,1.0,0.00048594,3.0
addr_0004417,1.0,0.0,2.34691,1.0,2.34691,0.0,0.0,0.0,0.0,0.0,0.0,0.0,0.0
addr_0004421,1.0,0.0,1.445335,1.0,1.445335,0.0,0.0,0.0,0.0,0.0,0.0,0.0,0.0
addr_0004422,1.0,0.0,0.327828,1.0,0.327828,0.0,0.0,0.0,0.0,0.0,0.0,0.0,0.0
addr_0004424,1.0,0.0,0.041455,1.0,0.041455,0.0,0.0,0.0,0.0,0.0,0.0,0.0,0.0
addr_0004427,0.0,1.0,0.312477,1.0,0.312477,0.0,1.0,1.0,0.0,1.0,1.0,0.00098963,2.0
addr_0004428,1.0,0.0,0.996175,1.0,0.996175,0.0,0.0,0.0,0.0,0.0,0.0,0.0,0.0
addr_0004430,1.0,1.0,2.322808,2.0,1.161404,139.875,1.0,1.0,0.0,1.0,1.0,0.00030651,3.0
addr_0004432,0.0,1.0,3.233855,1.0,3.233855,0.0,1.0,1.0,0.0,1.0,1.0,0.00046289,2.0
addr_0004433,0.0,1.0,2.000355,1.0,2.000355,0.0,1.0,1.0,0.0,1.0,1.0,0.0005468,3.0
addr_0004435,0.0,2.0,0.294966,2.0,0.147483,91.125,1.0,1.0,0.5,1.0,1.0,0.000352975,2.0
addr_0004436,1.0,2.0,9.179490000000001,3.0,3.0598300000000003,174.83333333333334,1.0,3.0,0.5,1.0,1.0,0.0003124,2.0
addr_0004439,1.0,0.0,1.876911,1.0,1.876911,0.0,0.0,0.0,0.0,0.0,0.0,0.0,0.0
addr_0004440,2.0,0.0,3.749135,2.0,1.8745675,55.5,0.0,0.0,0.0,0.0,0.0,0.0,0.0
addr_0004442,0.0,2.0,3.260824,2.0,1.630412,273.375,1.0,1.0,0.5,1.0,1.0,0.000633635,2.0
addr_0004443,1.0,2.0,2.230339,3.0,0.7434463333333333,97.95833333333333,1.0,1.0,0.5,1.0,1.0,0.00096288,2.0
addr_0004446,2.0,0.0,7.641972000000001,2.0,3.8209860000000004,49.791666666666664,0.0,0.0,0.0,0.0,0.0,0.0,0.0
addr_0004447,2.0,1.0,7.146877,3.0,2.3822923333333335,98.20833333333333,1.0,1.0,0.0,1.0,1.0,0.00016739,2.0
addr_0004448,0.0,1.0,2.28729,1.0,2.28729,0.0,1.0,1.0,0.0,1.0,1.0,0.00023326,3.0
addr_0004450,1.0,0.0,1.736716,1.0,1.736716,0.0,0.0,0.0,0.0,0.0,0.0,0.0,0.0
addr_0004455,1.0,0.0,2.295715,1.0,2.295715,0.0,0.0,0.0,0.0,0.0,0.0,0.0,0.0
addr_0004456,1.0,1.0,2.012066,2.0,1.006033,35.5,1.0,5.0,0.0,1.0,1.0,3.73e-06,2.0
addr_0004457,1.0,0.0,4.594723,1.0,4.594723,0.0,0.0,0.0,0.0,0.0,0.0,0.0,0.0
addr_0004459,1.0,1.0,3.9693270000000003,2.0,1.9846635000000001,308.0416666666667,1.0,4.0,0.0,1.0,1.0,0.00097376,2.0
addr_0004460,2.0,1.0,3.76397,3.0,1.2546566666666668,125.79166666666667,1.0,1.0,0.0,1.0,1.0,0.00039104,2.0
addr_0004461,0.0,1.0,0.311747,1.0,0.311747,0.0,1.0,1.0,0.0,1.0,1.0,0.000496,2.0
addr_0004463,0.0,3.0,6.699821,3.0,2.233273666666667,111.70833333333333,1.0,1.0,0.6667,1.0,1.0,0.00020772,3.0
addr_0004467,1.0,0.0,2.749701,1.0,2.749701,0.0,0.0,0.0,0.0,0.0,0.0,0.0,0.0
addr_0004470,0.0,1.0,2.988153,1.0,2.988153,0.0,1.0,1.0,0.0,1.0,1.0,0.00027182,2.0
addr_0004472,3.0,0.0,1.880256,3.0,0.626752,84.45833333333333,0.0,0.0,0.0,0.0,0.0,0.0,0.0
addr_0004473,2.0,0.0,1.653771,2.0,0.8268855,84.125,0.0,0.0,0.0,0.0,0.0,0.0,0.0
addr_0004474,1.0,0.0,1.202859,1.0,1.202859,0.0,0.0,0.0,0.0,0.0,0.0,0.0,0.0
addr_0004475,0.0,1.0,3.845552,1.0,3.845552,0.0,1.0,1.0,0.0,1.0,1.0,0.00012162,3.0
addr_0004476,0.0,1.0,4.935844,1.0,4.935844,0.0,2.0,1.0,0.0,1.0,1.0,9.464e-05,3.0
addr_0004477,1.0,1.0,2.113558,2.0,1.056779,83.54166666666667,1.0,1.0,0.0,1.0,1.0,0.0011038,2.0
addr_0004478,0.0,1.0,8.35397,1.0,8.35397,0.0,1.0,1.0,0.0,1.0,1.0,7.043e-05,3.0
addr_0004479,1.0,0.0,0.241328,1.0,0.241328,0.0,0.0,0.0,0.0,0.0,0.0,0.0,0.0
addr_0004481,0.0,1.0,1.045876,1.0,1.045876,0.0,1.0,2.0,0.0,1.0,1.0,9.777e-05,3.0
addr_0004482,0.0,1.0,2.291046,1.0,2.291046,0.0,2.0,1.0,0.0,1.0,1.0,4.145e-05,2.0
addr_0004485,2.0,0.0,0.699936,2.0,0.349968,42.125,0.0,0.0,0.0,0.0,0.0,0.0,0.0
addr_0004486,1.0,0.0,1.791179,1.0,1.791179,0.0,0.0,0.0,0.0,0.0,0.0,0.0,0.0
addr_0004487,0.0,1.0,1.558891,1.0,1.558891,0.0,1.0,1.0,0.0,1.0,1.0,0.00028269,2.0
addr_0004488,0.0,1.0,2.139279,1.0,2.139279,0.0,1.0,4.0,0.0,1.0,1.0,0.00013157,1.0
addr_0004492,1.0,3.0,7.179043,4.0,1.79476075,202.75416666666666,1.0,1.0,0.3333,1.0,1.0,0.00023822,3.0
addr_0004493,2.0,2.0,7.924445,4.0,1.98111125,174.41666666666666,1.0,1.0,0.5,1.0,1.0,0.00026387000000000003,1.0
addr_0004495,0.0,2.0,5.064437,2.0,2.5322185,111.20833333333333,1.0,1.0,0.5,1.0,1.0,0.0009057449999999999,2.0
addr_0004498,1.0,0.0,0.389535,1.0,0.389535,0.0,0.0,0.0,0.0,0.0,0.0,0.0,0.0
addr_0004500,2.0,1.0,3.918373,3.0,1.3061243333333332,216.35347222222222,1.0,1.0,0.0,1.0,1.0,6.091e-05,2.0
addr_0004501,1.0,0.0,4.691821,1.0,4.691821,0.0,0.0,0.0,0.0,0.0,0.0,0.0,0.0
addr_0004503,0.0,1.0,2.390777,1.0,2.390777,0.0,1.0,1.0,0.0,1.0,1.0,0.00036445,3.0
addr_0004504,1.0,2.0,6.20259,3.0,2.06753,231.25,1.0,3.0,0.5,1.0,1.0,0.00029049,3.0
addr_0004508,1.0,0.0,4.964607,1.0,4.964607,0.0,0.0,0.0,0.0,0.0,0.0,0.0,0.0
addr_0004510,2.0,2.0,13.081697000000002,4.0,3.2704242500000005,174.95833333333334,1.0,1.0,0.5,1.0,1.0,9.141999999999999e-05,2.0
addr_0004511,0.0,1.0,0.429633,1.0,0.429633,0.0,1.0,1.0,0.0,1.0,1.0,0.00074619,3.0
addr_0004512,0.0,1.0,0.982583,1.0,0.982583,0.0,1.0,1.0,0.0,1.0,1.0,0.00117665,3.0
addr_0004513,1.0,0.0,2.086496,1.0,2.086496,0.0,0.0,0.0,0.0,0.0,0.0,0.0,0.0
addr_0004515,1.0,0.0,3.530844,1.0,3.530844,0.0,0.0,0.0,0.0,0.0,0.0,0.0,0.0
addr_0004516,1.0,0.0,1.554072,1.0,1.554072,0.0,0.0,0.0,0.0,0.0,0.0,0.0,0.0
addr_0004517,1.0,0.0,3.086735,1.0,3.086735,0.0,0.0,0.0,0.0,0.0,0.0,0.0,0.0
addr_0004520,1.0,0.0,8.665634,1.0,8.665634,0.0,0.0,0.0,0.0,0.0,0.0,0.0,0.0
addr_0004524,1.0,0.0,0.037954,1.0,0.037954,0.0,0.0,0.0,0.0,0.0,0.0,0.0,0.0
addr_0004525,1.0,0.0,2.325305,1.0,2.325305,0.0,0.0,0.0,0.0,0.0,0.0,0.0,0.0
addr_0004526,0.0,3.0,0.815727,3.0,0.271909,147.0,1.0,1.0,0.3333,1.0,1.0,0.00033084,3.0
addr_0004527,1.0,0.0,4.816227,1.0,4.816227,0.0,0.0,0.0,0.0,0.0,0.0,0.0,0.0
addr_0004529,0.0,2.0,4.391641,2.0,2.1958205,259.25,2.0,2.0,0.5,1.0,1.0,0.00010037,2.0
addr_0004530,1.0,2.0,5.371611000000001,3.0,1.7905370000000003,139.45833333333334,1.0,1.0,0.5,1.0,1.0,0.000205535,3.0
addr_0004531,1.0,0.0,3.747461,1.0,3.747461,0.0,0.0,0.0,0.0,0.0,0.0,0.0,0.0
addr_0004532,1.0,1.0,0.39619699999999997,2.0,0.19809849999999998,42.541666666666664,1.0,1.0,0.0,1.0,1.0,6.96e-05,3.0
addr_0004533,1.0,0.0,0.924273,1.0,0.924273,0.0,0.0,0.0,0.0,0.0,0.0,0.0,0.0
addr_0004536,1.0,0.0,0.119015,1.0,0.119015,0.0,0.0,0.0,0.0,0.0,0.0,0.0,0.0
addr_0004537,1.0,1.0,1.619065,2.0,0.8095325,41.625,1.0,1.0,0.0,1.0,1.0,0.00096563,3.0
addr_0004538,0.0,1.0,0.453522,1.0,0.453522,0.0,1.0,1.0,0.0,1.0,1.0,0.00039478,2.0
addr_0004539,1.0,1.0,5.373371000000001,2.0,2.6866855000000003,300.0493055555556,1.0,1.0,0.0,1.0,1.0,0.00093729,2.0
addr_0004540,0.0,2.0,9.382889,2.0,4.6914445,90.25,1.0,3.0,0.5,1.0,1.0,0.00035035000000000003,2.0
addr_0004541,0.0,2.0,3.086062,2.0,1.543031,55.75,1.0,1.0,0.5,1.0,1.0,7.0145e-05,1.0
addr_0004547,0.0,1.0,6.018637,1.0,6.018637,0.0,1.0,3.0,0.0,1.0,1.0,0.00017596,2.0
addr_0004548,1.0,0.0,2.190452,1.0,2.190452,0.0,0.0,0.0,0.0,0.0,0.0,0.0,0.0
addr_0004552,0.0,1.0,0.558402,1.0,0.558402,0.0,2.0,1.0,0.0,1.0,1.0,0.00019722,3.0
addr_0004553,0.0,1.0,0.201379,1.0,0.201379,0.0,1.0,1.0,0.0,1.0,1.0,0.00050296,2.0
addr_0004557,0.0,2.0,5.668125,2.0,2.8340625,217.41666666666666,1.0,1.0,0.5,1.0,1.0,0.00038718000000000004,3.0
addr_0004561,2.0,0.0,4.48026,2.0,2.24013,62.666666666666664,0.0,0.0,0.0,0.0,0.0,0.0,0.0
addr_0004563,0.0,1.0,3.499226,1.0,3.499226,0.0,1.0,1.0,0.0,1.0,1.0,0.00053878,2.0
addr_0004564,0.0,1.0,1.662807,1.0,1.662807,0.0,1.0,1.0,0.0,1.0,1.0,0.00029385,3.0
addr_0004569,1.0,2.0,11.977313,3.0,3.992437666666667,105.41666666666667,1.0,1.0,0.5,1.0,1.0,0.00011870500000000001,1.0
addr_0004570,1.0,0.0,2.697328,1.0,2.697328,0.0,0.0,0.0,0.0,0.0,0.0,0.0,0.0
addr_0004571,2.0,1.0,2.797971,3.0,0.932657,168.5,1.0,1.0,0.0,1.0,1.0,5.911e-05,2.0
addr_0004572,0.0,2.0,5.552728999999999,2.0,2.7763644999999997,77.58333333333333,2.0,1.0,0.5,1.0,1.0,0.00045915,1.0
addr_0004573,1.0,1.0,3.866177,2.0,1.9330885,160.29166666666666,2.0,1.0,0.0,1.0,1.0,0.0020499,3.0
addr_0004574,2.0,0.0,2.018873,2.0,1.0094365,42.208333333333336,0.0,0.0,0.0,0.0,0.0,0.0,0.0
addr_0004575,0.0,1.0,1.576351,1.0,1.576351,0.0,2.0,1.0,0.0,1.0,1.0,7.636e-05,2.0
addr_0004577,1.0,1.0,5.8110029999999995,2.0,2.9055014999999997,182.90625,2.0,3.0,0.0,1.0,1.0,6.85e-06,2.0
addr_0004578,1.0,0.0,2.646608,1.0,2.646608,0.0,0.0,0.0,0.0,0.0,0.0,0.0,0.0
addr_0004580,1.0,2.0,4.619116,3.0,1.5397053333333333,216.66666666666666,1.0,1.0,0.5,1.0,1.0,0.00045869,2.0
addr_0004582,1.0,0.0,2.173324,1.0,2.173324,0.0,0.0,0.0,0.0,0.0,0.0,0.0,0.0
addr_0004583,1.0,0.0,2.041615,1.0,2.041615,0.0,0.0,0.0,0.0,0.0,0.0,0.0,0.0
addr_0004584,2.0,0.0,8.602885,2.0,4.3014425,35.125,0.0,0.0,0.0,0.0,0.0,0.0,0.0
addr_0004586,0.0,1.0,0.16212,1.0,0.16212,0.0,1.0,1.0,0.0,1.0,1.0,0.00099263,2.0
addr_0004588,0.0,1.0,2.443058,1.0,2.443058,0.0,1.0,1.0,0.0,1.0,1.0,0.0001408,2.0
addr_0004590,0.0,1.0,0.732521,1.0,0.732521,0.0,1.0,1.0,0.0,1.0,1.0,7.084e-05,2.0
addr_0004591,1.0,0.0,0.369978,1.0,0.369978,0.0,0.0,0.0,0.0,0.0,0.0,0.0,0.0
addr_0004592,0.0,1.0,0.713746,1.0,0.713746,0.0,1.0,1.0,0.0,1.0,1.0,0.00040214,2.0
addr_0004594,0.0,1.0,0.578485,1.0,0.578485,0.0,1.0,1.0,0.0,1.0,1.0,0.00117295,2.0
addr_0004595,1.0,1.0,4.967406,2.0,2.483703,203.41666666666666,1.0,4.0,0.0,1.0,1.0,0.00014269,2.0
addr_0004596,1.0,0.0,3.635292,1.0,3.635292,0.0,0.0,0.0,0.0,0.0,0.0,0.0,0.0
addr_0004597,1.0,0.0,3.436136,1.0,3.436136,0.0,0.0,0.0,0.0,0.0,0.0,0.0,0.0
addr_0004598,0.0,1.0,2.883222,1.0,2.883222,0.0,1.0,1.0,0.0,1.0,1.0,4.666e-05,3.0
addr_0004599,1.0,0.0,0.067452,1.0,0.067452,0.0,0.0,0.0,0.0,0.0,0.0,0.0,0.0
addr_0004600,2.0,3.0,7.242525,5.0,1.448505,83.70833333333333,1.0,1.0,0.6667,1.0,1.0,0.00013287333333333333,2.0
addr_0004602,0.0,1.0,0.499243,1.0,0.499243,0.0,1.0,2.0,0.0,1.0,1.0,0.00021488,2.0
addr_0004603,1.0,1.0,2.4004190000000003,2.0,1.2002095000000002,182.58333333333334,1.0,1.0,0.0,1.0,1.0,0.0003065,2.0
addr_0004604,1.0,1.0,2.090447,2.0,1.0452235,0.125,1.0,1.0,0.0,1.0,1.0,0.00073541,2.0
addr_0004606,1.0,1.0,0.54629,2.0,0.273145,98.41666666666667,1.0,1.0,0.0,1.0,1.0,0.00162327,3.0
addr_0004607,1.0,1.0,2.822683,2.0,1.4113415,118.91666666666667,1.0,1.0,0.0,1.0,1.0,0.00015298,2.0
addr_0004608,1.0,1.0,3.0923249999999998,2.0,1.5461624999999999,140.33333333333334,1.0,4.0,0.0,1.0,1.0,0.00017971,1.0
addr_0004609,2.0,0.0,6.056942,2.0,3.028471,55.21388888888889,0.0,0.0,0.0,0.0,0.0,0.0,0.0
addr_0004611,1.0,0.0,7.519932,1.0,7.519932,0.0,0.0,0.0,0.0,0.0,0.0,0.0,0.0
addr_0004612,1.0,0.0,2.136936,1.0,2.136936,0.0,0.0,0.0,0.0,0.0,0.0,0.0,0.0
addr_0004613,1.0,0.0,2.748608,1.0,2.748608,0.0,0.0,0.0,0.0,0.0,0.0,0.0,0.0
addr_0004620,0.0,1.0,0.367771,1.0,0.367771,0.0,1.0,1.0,0.0,1.0,1.0,0.00010374,2.0
addr_0004623,1.0,0.0,0.197143,1.0,0.197143,0.0,0.0,0.0,0.0,0.0,0.0,0.0,0.0
addr_0004624,1.0,1.0,2.507557,2.0,1.2537785,90.58333333333333,2.0,3.0,0.0,1.0,1.0,0.00013044,2.0
addr_0004627,1.0,2.0,7.8496060000000005,3.0,2.6165353333333337,223.625,1.0,1.0,0.5,1.0,1.0,0.0004158,1.0
addr_0004629,1.0,0.0,2.291903,1.0,2.291903,0.0,0.0,0.0,0.0,0.0,0.0,0.0,0.0
addr_0004630,1.0,0.0,0.559237,1.0,0.559237,0.0,0.0,0.0,0.0,0.0,0.0,0.0,0.0
addr_0004632,1.0,0.0,0.666076,1.0,0.666076,0.0,0.0,0.0,0.0,0.0,0.0,0.0,0.0
addr_0004634,0.0,2.0,1.086494,2.0,0.543247,49.5,1.0,1.0,0.5,1.0,1.0,0.000350235,2.0
addr_0004635,1.0,0.0,1.895657,1.0,1.895657,0.0,0.0,0.0,0.0,0.0,0.0,0.0,0.0
addr_0004636,1.0,0.0,1.472802,1.0,1.472802,0.0,0.0,0.0,0.0,0.0,0.0,0.0,0.0
addr_0004637,1.0,0.0,0.96594,1.0,0.96594,0.0,0.0,0.0,0.0,0.0,0.0,0.0,0.0
addr_0004643,0.0,2.0,4.930629,2.0,2.4653145,28.166666666666668,1.0,1.0,0.5,1.0,1.0,0.0006802749999999999,3.0
addr_0004644,2.0,0.0,3.530726,2.0,1.765363,76.95833333333333,0.0,0.0,0.0,0.0,0.0,0.0,0.0
addr_0004648,1.0,1.0,4.109876,2.0,2.054938,90.25,1.0,1.0,0.0,1.0,1.0,0.00032936,3.0
addr_0004649,0.0,1.0,1.193096,1.0,1.193096,0.0,1.0,3.0,0.0,1.0,1.0,0.00020062,1.0
addr_0004650,2.0,0.0,2.5185210000000002,2.0,1.2592605000000001,195.12847222222223,0.0,0.0,0.0,0.0,0.0,0.0,0.0
addr_0004651,1.0,1.0,2.5834010000000003,2.0,1.2917005000000001,203.41666666666666,1.0,1.0,0.0,1.0,1.0,0.00083635,2.0
addr_0004652,1.0,0.0,1.85144,1.0,1.85144,0.0,0.0,0.0,0.0,0.0,0.0,0.0,0.0
addr_0004653,1.0,0.0,0.75037,1.0,0.75037,0.0,0.0,0.0,0.0,0.0,0.0,0.0,0.0
addr_0004654,1.0,0.0,1.163513,1.0,1.163513,0.0,0.0,0.0,0.0,0.0,0.0,0.0,0.0
addr_0004655,1.0,2.0,5.633172,3.0,1.877724,154.33333333333334,1.0,2.0,0.5,1.0,1.0,0.00043823500000000004,2.0
addr_0004656,1.0,1.0,3.468598,2.0,1.734299,125.375,1.0,1.0,0.0,1.0,1.0,0.0001392,2.0
addr_0004657,1.0,0.0,0.200538,1.0,0.200538,0.0,0.0,0.0,0.0,0.0,0.0,0.0,0.0
addr_0004658,0.0,1.0,2.05719,1.0,2.05719,0.0,1.0,1.0,0.0,1.0,1.0,2.905e-05,3.0
addr_0004662,2.0,0.0,7.873913,2.0,3.9369565,244.91666666666666,0.0,0.0,0.0,0.0,0.0,0.0,0.0
addr_0004665,1.0,0.0,2.390777,1.0,2.390777,0.0,0.0,0.0,0.0,0.0,0.0,0.0,0.0
addr_0004666,0.0,3.0,10.246884000000001,3.0,3.4156280000000003,147.01388888888889,2.0,1.0,0.3333,1.0,1.0,0.00015100666666666667,2.0
addr_0004667,0.0,1.0,2.306634,1.0,2.306634,0.0,1.0,1.0,0.0,1.0,1.0,0.00030544,2.0
addr_0004668,1.0,0.0,3.049645,1.0,3.049645,0.0,0.0,0.0,0.0,0.0,0.0,0.0,0.0
addr_0004671,1.0,0.0,0.463943,1.0,0.463943,0.0,0.0,0.0,0.0,0.0,0.0,0.0,0.0
addr_0004672,0.0,1.0,0.484931,1.0,0.484931,0.0,1.0,1.0,0.0,1.0,1.0,0.00025556,2.0
addr_0004673,1.0,1.0,0.607912,2.0,0.303956,244.875,1.0,5.0,0.0,1.0,1.0,8.909e-05,2.0
addr_0004674,0.0,1.0,1.599251,1.0,1.599251,0.0,1.0,1.0,0.0,1.0,1.0,5.479e-05,2.0
addr_0004675,1.0,0.0,2.468085,1.0,2.468085,0.0,0.0,0.0,0.0,0.0,0.0,0.0,0.0
addr_0004678,0.0,2.0,1.978477,2.0,0.9892385,287.4583333333333,1.0,1.0,0.5,1.0,1.0,0.000109635,2.0
addr_0004679,0.0,1.0,1.422275,1.0,1.422275,0.0,1.0,1.0,0.0,1.0,1.0,0.00066383,2.0
addr_0004680,2.0,1.0,10.378572,3.0,3.459524,294.4583333333333,2.0,1.0,0.0,1.0,1.0,0.00106092,3.0
addr_0004682,1.0,0.0,0.157679,1.0,0.157679,0.0,0.0,0.0,0.0,0.0,0.0,0.0,0.0
addr_0004684,0.0,1.0,2.84114,1.0,2.84114,0.0,1.0,1.0,0.0,1.0,1.0,0.00095456,2.0
addr_0004687,0.0,1.0,0.295062,1.0,0.295062,0.0,1.0,1.0,0.0,1.0,1.0,0.00080904,2.0
addr_0004688,0.0,1.0,3.032083,1.0,3.032083,0.0,1.0,1.0,0.0,1.0,1.0,0.00012727,2.0
addr_0004689,1.0,0.0,1.952974,1.0,1.952974,0.0,0.0,0.0,0.0,0.0,0.0,0.0,0.0
addr_0004691,0.0,1.0,0.8212,1.0,0.8212,0.0,1.0,1.0,0.0,1.0,1.0,0.00047992,2.0
addr_0004692,0.0,1.0,4.732627,1.0,4.732627,0.0,1.0,1.0,0.0,1.0,1.0,7.427e-05,3.0
addr_0004693,1.0,0.0,0.858311,1.0,0.858311,0.0,0.0,0.0,0.0,0.0,0.0,0.0,0.0
addr_0004696,0.0,1.0,0.442525,1.0,0.442525,0.0,1.0,1.0,0.0,1.0,1.0,0.00185218,2.0
addr_0004698,2.0,1.0,4.973181,3.0,1.6577270000000002,112.125,1.0,1.0,0.0,1.0,1.0,8.219e-05,2.0
addr_0004703,1.0,1.0,7.122415999999999,2.0,3.5612079999999997,146.625,1.0,1.0,0.0,1.0,1.0,0.00021103,2.0
addr_0004705,2.0,1.0,2.722968,3.0,0.9076559999999999,160.83333333333334,1.0,1.0,0.0,1.0,1.0,0.0001798,3.0
addr_0004708,1.0,1.0,8.169999,2.0,4.0849995,55.916666666666664,1.0,1.0,0.0,1.0,1.0,0.00024931,3.0
addr_0004710,1.0,1.0,2.298099,2.0,1.1490495,132.33333333333334,1.0,1.0,0.0,1.0,1.0,0.00092492,2.0
addr_0004711,0.0,1.0,8.661765,1.0,8.661765,0.0,1.0,1.0,0.0,1.0,1.0,0.00053282,3.0
addr_0004712,1.0,0.0,1.805294,1.0,1.805294,0.0,0.0,0.0,0.0,0.0,0.0,0.0,0.0
addr_0004713,1.0,1.0,4.684338,2.0,2.342169,105.45833333333333,1.0,1.0,0.0,1.0,1.0,0.00080107,1.0
addr_0004714,0.0,1.0,3.355333,1.0,3.355333,0.0,1.0,1.0,0.0,1.0,1.0,0.00103504,2.0
addr_0004716,1.0,0.0,0.463331,1.0,0.463331,0.0,0.0,0.0,0.0,0.0,0.0,0.0,0.0
addr_0004717,1.0,2.0,3.844727,3.0,1.2815756666666667,175.375,2.0,1.0,0.5,1.0,1.0,0.00011096999999999999,3.0
addr_0004718,0.0,2.0,4.04654,2.0,2.02327,182.25,1.0,1.0,0.5,1.0,1.0,0.00028819999999999996,3.0
addr_0004721,1.0,0.0,5.599781,1.0,5.599781,0.0,0.0,0.0,0.0,0.0,0.0,0.0,0.0
addr_0004724,1.0,0.0,0.072541,1.0,0.072541,0.0,0.0,0.0,0.0,0.0,0.0,0.0,0.0
addr_0004726,1.0,0.0,0.212817,1.0,0.212817,0.0,0.0,0.0,0.0,0.0,0.0,0.0,0.0
addr_0004727,1.0,2.0,12.440384,3.0,4.146794666666667,160.5,1.0,4.0,0.5,1.0,1.0,0.0002232,3.0
addr_0004730,1.0,0.0,3.544547,1.0,3.544547,0.0,0.0,0.0,0.0,0.0,0.0,0.0,0.0
addr_0004731,0.0,1.0,1.444481,1.0,1.444481,0.0,2.0,2.0,0.0,1.0,1.0,0.00077462,2.0
addr_0004733,1.0,0.0,0.148561,1.0,0.148561,0.0,0.0,0.0,0.0,0.0,0.0,0.0,0.0
addr_0004734,1.0,1.0,8.523517,2.0,4.2617585,20.550694444444446,1.0,1.0,0.0,1.0,1.0,0.00047748,1.0
addr_0004737,0.0,1.0,3.196974,1.0,3.196974,0.0,1.0,1.0,0.0,1.0,1.0,0.0003405,1.0
addr_0004738,0.0,1.0,2.274256,1.0,2.274256,0.0,1.0,1.0,0.0,1.0,1.0,0.00058869,1.0
addr_0004739,2.0,0.0,1.5084199999999999,2.0,0.7542099999999999,0.4583333333333333,0.0,0.0,0.0,0.0,0.0,0.0,0.0
addr_0004740,1.0,0.0,1.77389,1.0,1.77389,0.0,0.0,0.0,0.0,0.0,0.0,0.0,0.0
addr_0004741,1.0,1.0,9.469915,2.0,4.7349575,13.75,1.0,1.0,0.0,1.0,1.0,9.264e-05,2.0
addr_0004742,1.0,1.0,1.831719,2.0,0.9158595,7.125,1.0,1.0,0.0,1.0,1.0,0.00045454,2.0
addr_0004743,1.0,1.0,2.660301,2.0,1.3301505,21.0,1.0,1.0,0.0,1.0,1.0,0.00118579,3.0
addr_0004745,1.0,0.0,1.073431,1.0,1.073431,0.0,0.0,0.0,0.0,0.0,0.0,0.0,0.0
addr_0004746,1.0,0.0,1.080171,1.0,1.080171,0.0,0.0,0.0,0.0,0.0,0.0,0.0,0.0
addr_0004747,0.0,2.0,1.256771,2.0,0.6283855,251.45833333333334,1.0,1.0,0.5,1.0,1.0,0.00124178,3.0
addr_0004748,0.0,1.0,1.890079,1.0,1.890079,0.0,1.0,1.0,0.0,1.0,1.0,0.00161888,2.0
addr_0004752,1.0,1.0,5.438657,2.0,2.7193285,34.84027777777778,1.0,1.0,0.0,1.0,1.0,0.00020848,2.0
addr_0004755,1.0,0.0,1.300361,1.0,1.300361,0.0,0.0,0.0,0.0,0.0,0.0,0.0,0.0
addr_0004757,2.0,0.0,0.283476,2.0,0.141738,27.75,0.0,0.0,0.0,0.0,0.0,0.0,0.0
addr_0004758,1.0,0.0,2.375105,1.0,2.375105,0.0,0.0,0.0,0.0,0.0,0.0,0.0,0.0
addr_0004761,1.0,0.0,0.062651,1.0,0.062651,0.0,0.0,0.0,0.0,0.0,0.0,0.0,0.0
addr_0004762,0.0,1.0,4.373152,1.0,4.373152,0.0,1.0,1.0,0.0,1.0,1.0,0.00074249,2.0
addr_0004763,1.0,0.0,0.743903,1.0,0.743903,0.0,0.0,0.0,0.0,0.0,0.0,0.0,0.0
addr_0004764,1.0,1.0,2.002238,2.0,1.001119,125.45833333333333,1.0,1.0,0.0,1.0,1.0,4.986e-05,1.0
addr_0004765,1.0,0.0,0.519521,1.0,0.519521,0.0,0.0,0.0,0.0,0.0,0.0,0.0,0.0
addr_0004767,0.0,1.0,1.808615,1.0,1.808615,0.0,1.0,1.0,0.0,1.0,1.0,0.00018721,2.0
addr_0004770,1.0,0.0,0.843728,1.0,0.843728,0.0,0.0,0.0,0.0,0.0,0.0,0.0,0.0
addr_0004773,1.0,0.0,3.148231,1.0,3.148231,0.0,0.0,0.0,0.0,0.0,0.0,0.0,0.0
addr_0004774,1.0,0.0,1.422016,1.0,1.422016,0.0,0.0,0.0,0.0,0.0,0.0,0.0,0.0
addr_0004775,1.0,1.0,3.10195,2.0,1.550975,77.875,2.0,1.0,0.0,1.0,1.0,5.878e-05,2.0
addr_0004776,1.0,0.0,3.985952,1.0,3.985952,0.0,0.0,0.0,0.0,0.0,0.0,0.0,0.0
addr_0004778,4.0,0.0,3.554984,4.0,0.888746,321.875,0.0,0.0,0.0,0.0,0.0,0.0,0.0
addr_0004782,0.0,1.0,0.037833,1.0,0.037833,0.0,1.0,1.0,0.0,1.0,1.0,7.896e-05,2.0
addr_0004786,1.0,0.0,1.348148,1.0,1.348148,0.0,0.0,0.0,0.0,0.0,0.0,0.0,0.0
addr_0004787,1.0,1.0,0.637447,2.0,0.3187235,42.208333333333336,1.0,1.0,0.0,1.0,1.0,3.215e-05,2.0
addr_0004788,1.0,1.0,1.031287,2.0,0.5156435,77.45833333333333,1.0,1.0,0.0,1.0,1.0,0.00038108,3.0
addr_0004789,1.0,1.0,4.284973,2.0,2.1424865,307.9583333333333,1.0,1.0,0.0,1.0,1.0,0.00120293,2.0
addr_0004790,0.0,1.0,0.780044,1.0,0.780044,0.0,1.0,1.0,0.0,1.0,1.0,0.00034922,2.0
addr_0004792,0.0,2.0,2.14318,2.0,1.07159,252.08333333333334,1.0,1.0,0.5,1.0,1.0,0.00028869,2.0
addr_0004793,0.0,1.0,0.920364,1.0,0.920364,0.0,1.0,5.0,0.0,1.0,1.0,0.00145362,2.0
addr_0004795,1.0,1.0,1.447422,2.0,0.723711,111.125,1.0,1.0,0.0,1.0,1.0,0.00055213,2.0
addr_0004796,0.0,1.0,0.217818,1.0,0.217818,0.0,1.0,1.0,0.0,1.0,1.0,2.564e-05,1.0
addr_0004799,0.0,1.0,2.051139,1.0,2.051139,0.0,1.0,1.0,0.0,1.0,1.0,0.00017562,3.0
addr_0004802,0.0,1.0,2.111033,1.0,2.111033,0.0,1.0,1.0,0.0,1.0,1.0,0.00017671,3.0
addr_0004803,2.0,0.0,1.378177,2.0,0.6890885,216.75,0.0,0.0,0.0,0.0,0.0,0.0,0.0
addr_0004804,0.0,2.0,3.76158,2.0,1.88079,77.125,2.0,1.0,0.5,1.0,1.0,0.00017966,2.0
addr_0004805,1.0,1.0,1.970431,2.0,0.9852155,119.625,1.0,1.0,0.0,1.0,1.0,0.0009785,2.0
addr_0004806,0.0,1.0,1.011159,1.0,1.011159,0.0,1.0,1.0,0.0,1.0,1.0,0.00102428,2.0
addr_0004809,1.0,0.0,0.437025,1.0,0.437025,0.0,0.0,0.0,0.0,0.0,0.0,0.0,0.0
addr_0004810,1.0,3.0,7.1228359999999995,4.0,1.7807089999999999,237.70833333333334,1.0,1.0,0.6667,1.0,1.0,0.00018205333333333332,2.0
addr_0004813,1.0,0.0,0.196502,1.0,0.196502,0.0,0.0,0.0,0.0,0.0,0.0,0.0,0.0
addr_0004814,0.0,1.0,4.177617,1.0,4.177617,0.0,1.0,2.0,0.0,1.0,1.0,2.917e-05,3.0
addr_0004816,0.0,1.0,2.772091,1.0,2.772091,0.0,1.0,1.0,0.0,1.0,1.0,0.00027988,2.0
addr_0004819,2.0,0.0,4.9591959999999995,2.0,2.4795979999999997,161.41666666666666,0.0,0.0,0.0,0.0,0.0,0.0,0.0
addr_0004820,0.0,1.0,5.065807,1.0,5.065807,0.0,1.0,1.0,0.0,1.0,1.0,0.00032662,2.0
addr_0004821,0.0,1.0,0.066065,1.0,0.066065,0.0,1.0,1.0,0.0,1.0,1.0,0.00013908,2.0
addr_0004822,0.0,1.0,3.09884,1.0,3.09884,0.0,1.0,1.0,0.0,1.0,1.0,0.00020447,2.0
addr_0004823,0.0,2.0,5.588936,2.0,2.794468,97.58333333333333,1.0,1.0,0.5,1.0,1.0,0.000151805,2.0
addr_0004825,1.0,2.0,7.886469,3.0,2.628823,140.32916666666668,2.0,1.0,0.5,1.0,1.0,0.00037105,2.0
addr_0004826,0.0,1.0,3.005419,1.0,3.005419,0.0,1.0,1.0,0.0,1.0,1.0,0.00188453,2.0
addr_0004827,2.0,1.0,3.046496,3.0,1.0154986666666665,140.33333333333334,1.0,1.0,0.0,1.0,1.0,0.00028956,3.0
addr_0004829,0.0,1.0,0.175872,1.0,0.175872,0.0,1.0,1.0,0.0,1.0,1.0,4.646e-05,3.0
addr_0004830,2.0,1.0,7.064289,3.0,2.3547629999999997,147.16666666666666,1.0,1.0,0.0,1.0,1.0,0.00017317,2.0
addr_0004832,0.0,2.0,6.590019,2.0,3.2950095,146.45833333333334,1.0,1.0,0.5,1.0,1.0,0.000167615,2.0
addr_0004833,1.0,0.0,4.432037,1.0,4.432037,0.0,0.0,0.0,0.0,0.0,0.0,0.0,0.0
addr_0004834,1.0,1.0,2.538527,2.0,1.2692635,55.958333333333336,1.0,1.0,0.0,1.0,1.0,0.00017007,2.0
addr_0004835,0.0,1.0,3.042889,1.0,3.042889,0.0,1.0,1.0,0.0,1.0,1.0,0.00036329,2.0
addr_0004838,1.0,1.0,0.667755,2.0,0.3338775,181.54166666666666,1.0,1.0,0.0,1.0,1.0,0.00013624,3.0
addr_0004839,1.0,0.0,1.827604,1.0,1.827604,0.0,0.0,0.0,0.0,0.0,0.0,0.0,0.0
addr_0004840,1.0,0.0,1.578,1.0,1.578,0.0,0.0,0.0,0.0,0.0,0.0,0.0,0.0
addr_0004842,1.0,1.0,3.5370030000000003,2.0,1.7685015000000002,230.875,1.0,1.0,0.0,1.0,1.0,5.798e-05,2.0
addr_0004843,1.0,1.0,3.3766420000000004,2.0,1.6883210000000002,6.375,1.0,2.0,0.0,1.0,1.0,7.133e-05,2.0
addr_0004844,0.0,1.0,0.066248,1.0,0.066248,0.0,1.0,3.0,0.0,1.0,1.0,0.000837,2.0
addr_0004846,1.0,0.0,0.2948,1.0,0.2948,0.0,0.0,0.0,0.0,0.0,0.0,0.0,0.0
addr_0004847,3.0,0.0,4.222225,3.0,1.4074083333333334,139.95833333333334,0.0,0.0,0.0,0.0,0.0,0.0,0.0
addr_0004848,2.0,0.0,5.694274,2.0,2.847137,91.90833333333333,0.0,0.0,0.0,0.0,0.0,0.0,0.0
addr_0004851,1.0,0.0,5.360955,1.0,5.360955,0.0,0.0,0.0,0.0,0.0,0.0,0.0,0.0
addr_0004852,1.0,1.0,5.241446,2.0,2.620723,266.1666666666667,1.0,1.0,0.0,1.0,1.0,4.673e-05,2.0
addr_0004853,0.0,1.0,0.324501,1.0,0.324501,0.0,1.0,3.0,0.0,1.0,1.0,0.00067971,2.0
addr_0004855,0.0,1.0,1.964762,1.0,1.964762,0.0,1.0,1.0,0.0,1.0,1.0,0.00021255,2.0
addr_0004860,3.0,0.0,1.988156,3.0,0.6627186666666667,112.04166666666667,0.0,0.0,0.0,0.0,0.0,0.0,0.0
addr_0004862,1.0,1.0,1.100734,2.0,0.550367,34.958333333333336,1.0,1.0,0.0,1.0,1.0,0.00078118,3.0
addr_0004863,0.0,1.0,3.107943,1.0,3.107943,0.0,1.0,1.0,0.0,1.0,1.0,0.00042235,2.0
addr_0004865,1.0,0.0,1.098467,1.0,1.098467,0.0,0.0,0.0,0.0,0.0,0.0,0.0,0.0
addr_0004869,1.0,1.0,10.24953,2.0,5.124765,216.45833333333334,1.0,1.0,0.0,1.0,1.0,0.00099941,2.0
addr_0004870,0.0,1.0,0.726914,1.0,0.726914,0.0,1.0,1.0,0.0,1.0,1.0,0.0004772,3.0
addr_0004872,2.0,0.0,6.706115,2.0,3.3530575,35.375,0.0,0.0,0.0,0.0,0.0,0.0,0.0
addr_0004873,1.0,0.0,1.10792,1.0,1.10792,0.0,0.0,0.0,0.0,0.0,0.0,0.0,0.0
addr_0004878,1.0,0.0,1.162221,1.0,1.162221,0.0,0.0,0.0,0.0,0.0,0.0,0.0,0.0
addr_0004880,4.0,0.0,5.036848,4.0,1.259212,62.958333333333336,0.0,0.0,0.0,0.0,0.0,0.0,0.0
addr_0004881,1.0,1.0,8.064781,2.0,4.0323905,182.375,1.0,2.0,0.0,1.0,1.0,0.00010803,2.0
addr_0004882,1.0,0.0,0.541589,1.0,0.541589,0.0,0.0,0.0,0.0,0.0,0.0,0.0,0.0
addr_0004883,1.0,0.0,2.514208,1.0,2.514208,0.0,0.0,0.0,0.0,0.0,0.0,0.0,0.0
addr_0004886,1.0,0.0,0.219752,1.0,0.219752,0.0,0.0,0.0,0.0,0.0,0.0,0.0,0.0
addr_0004887,0.0,2.0,7.996180000000001,2.0,3.9980900000000004,153.29166666666666,2.0,1.0,0.5,1.0,1.0,0.00052212,2.0
addr_0004888,0.0,1.0,2.56047,1.0,2.56047,0.0,2.0,1.0,0.0,1.0,1.0,0.00097492,3.0
addr_0004889,1.0,1.0,2.462696,2.0,1.231348,112.16666666666667,1.0,1.0,0.0,1.0,1.0,0.00080563,3.0
addr_0004892,0.0,2.0,2.121692,2.0,1.060846,28.75,1.0,1.0,0.5,1.0,1.0,0.00076538,2.0
addr_0004896,0.0,1.0,0.312121,1.0,0.312121,0.0,1.0,2.0,0.0,1.0,1.0,0.00026732,2.0
addr_0004897,1.0,1.0,1.300261,2.0,0.6501305,56.416666666666664,1.0,2.0,0.0,1.0,1.0,0.00063948,2.0
addr_0004901,1.0,2.0,0.598266,3.0,0.199422,307.9166666666667,1.0,2.0,0.5,1.0,1.0,0.0006790850000000001,2.0
addr_0004902,1.0,0.0,0.417489,1.0,0.417489,0.0,0.0,0.0,0.0,0.0,0.0,0.0,0.0
addr_0004905,3.0,2.0,5.7041,5.0,1.1408200000000002,266.3333333333333,1.0,1.0,0.5,1.0,1.0,0.00021598,2.0
addr_0004906,0.0,2.0,0.655616,2.0,0.327808,210.83333333333334,1.0,1.0,0.5,1.0,1.0,0.00088472,2.0
addr_0004909,0.0,1.0,3.853846,1.0,3.853846,0.0,1.0,1.0,0.0,1.0,1.0,0.00013499,2.0
addr_0004910,0.0,1.0,3.155353,1.0,3.155353,0.0,1.0,1.0,0.0,1.0,1.0,0.00030866,2.0
addr_0004911,0.0,1.0,0.231947,1.0,0.231947,0.0,2.0,1.0,0.0,1.0,1.0,0.00027728,3.0
addr_0004912,1.0,0.0,0.316226,1.0,0.316226,0.0,0.0,0.0,0.0,0.0,0.0,0.0,0.0
addr_0004913,1.0,0.0,0.267362,1.0,0.267362,0.0,0.0,0.0,0.0,0.0,0.0,0.0,0.0
addr_0004915,0.0,1.0,0.245736,1.0,0.245736,0.0,1.0,1.0,0.0,1.0,1.0,0.00041049,3.0
addr_0004916,1.0,1.0,5.052847,2.0,2.5264235,41.625,1.0,1.0,0.0,1.0,1.0,0.00011107,3.0
addr_0004917,1.0,0.0,6.921701,1.0,6.921701,0.0,0.0,0.0,0.0,0.0,0.0,0.0,0.0
addr_0004918,0.0,1.0,3.387998,1.0,3.387998,0.0,1.0,1.0,0.0,1.0,1.0,0.00045522,2.0
addr_0004919,1.0,2.0,6.562064,3.0,2.187354666666667,252.08333333333334,2.0,1.0,0.5,1.0,1.0,0.000411385,2.0
addr_0004920,0.0,1.0,3.481194,1.0,3.481194,0.0,3.0,1.0,0.0,1.0,1.0,0.00034595,3.0
addr_0004921,2.0,0.0,3.19198,2.0,1.59599,84.29166666666667,0.0,0.0,0.0,0.0,0.0,0.0,0.0
addr_0004922,1.0,0.0,0.057767,1.0,0.057767,0.0,0.0,0.0,0.0,0.0,0.0,0.0,0.0
addr_0004923,0.0,1.0,1.529992,1.0,1.529992,0.0,1.0,1.0,0.0,1.0,1.0,0.00031498,2.0
addr_0004924,1.0,0.0,1.516211,1.0,1.516211,0.0,0.0,0.0,0.0,0.0,0.0,0.0,0.0
addr_0004926,1.0,0.0,0.349784,1.0,0.349784,0.0,0.0,0.0,0.0,0.0,0.0,0.0,0.0
addr_0004927,1.0,0.0,1.488159,1.0,1.488159,0.0,0.0,0.0,0.0,0.0,0.0,0.0,0.0
addr_0004928,0.0,1.0,0.107944,1.0,0.107944,0.0,1.0,1.0,0.0,1.0,1.0,0.00019976,1.0
addr_0004929,0.0,1.0,0.392391,1.0,0.392391,0.0,1.0,4.0,0.0,1.0,1.0,0.0005497,2.0
addr_0004930,0.0,1.0,0.806986,1.0,0.806986,0.0,1.0,1.0,0.0,1.0,1.0,0.0002115,3.0
addr_0004933,0.0,1.0,7.321846,1.0,7.321846,0.0,2.0,1.0,0.0,1.0,1.0,0.00024234,2.0
addr_0004934,1.0,2.0,5.851554,3.0,1.950518,126.41666666666667,2.0,1.0,0.5,1.0,1.0,0.000304275,3.0
addr_0004936,1.0,0.0,2.949729,1.0,2.949729,0.0,0.0,0.0,0.0,0.0,0.0,0.0,0.0
addr_0004938,0.0,1.0,1.563383,1.0,1.563383,0.0,1.0,1.0,0.0,1.0,1.0,0.00272835,2.0
addr_0004940,0.0,1.0,0.250558,1.0,0.250558,0.0,1.0,1.0,0.0,1.0,1.0,0.00098658,3.0
addr_0004941,0.0,1.0,2.145129,1.0,2.145129,0.0,1.0,1.0,0.0,1.0,1.0,0.00038302,2.0
addr_0004942,1.0,1.0,2.8783399999999997,2.0,1.4391699999999998,42.416666666666664,2.0,1.0,0.0,1.0,1.0,0.00038641,2.0
addr_0004943,1.0,0.0,1.658405,1.0,1.658405,0.0,0.0,0.0,0.0,0.0,0.0,0.0,0.0
addr_0004944,0.0,1.0,0.766345,1.0,0.766345,0.0,1.0,1.0,0.0,1.0,1.0,0.00028076,3.0
addr_0004945,1.0,1.0,6.723716,2.0,3.361858,91.16666666666667,1.0,1.0,0.0,1.0,1.0,0.00022442,2.0
addr_0004946,4.0,2.0,8.187322,6.0,1.3645536666666667,307.3333333333333,2.0,3.0,0.5,1.0,1.0,0.00052232,2.0
addr_0004948,0.0,2.0,1.2605979999999999,2.0,0.6302989999999999,42.041666666666664,1.0,1.0,0.5,1.0,1.0,0.000683665,1.0
addr_0004949,1.0,0.0,3.157996,1.0,3.157996,0.0,0.0,0.0,0.0,0.0,0.0,0.0,0.0
addr_0004951,1.0,0.0,0.015713,1.0,0.015713,0.0,0.0,0.0,0.0,0.0,0.0,0.0,0.0
addr_0004954,1.0,0.0,1.276606,1.0,1.276606,0.0,0.0,0.0,0.0,0.0,0.0,0.0,0.0
addr_0004955,0.0,2.0,9.903425,2.0,4.9517125,105.70833333333333,2.0,1.0,0.5,1.0,1.0,0.000269265,3.0
addr_0004956,1.0,2.0,0.8897220000000001,3.0,0.29657400000000006,286.7083333333333,1.0,1.0,0.5,1.0,1.0,0.00117145,3.0
addr_0004957,1.0,1.0,1.776826,2.0,0.888413,42.458333333333336,1.0,2.0,0.0,1.0,1.0,0.00106866,3.0
addr_0004958,0.0,2.0,3.099424,2.0,1.549712,167.33333333333334,1.0,1.0,0.5,1.0,1.0,0.00072155,2.0
addr_0004964,1.0,0.0,1.860953,1.0,1.860953,0.0,0.0,0.0,0.0,0.0,0.0,0.0,0.0
addr_0004966,0.0,1.0,1.37119,1.0,1.37119,0.0,1.0,1.0,0.0,1.0,1.0,0.00045233,3.0
addr_0004969,1.0,0.0,0.366107,1.0,0.366107,0.0,0.0,0.0,0.0,0.0,0.0,0.0,0.0
addr_0004970,0.0,1.0,0.39146,1.0,0.39146,0.0,1.0,1.0,0.0,1.0,1.0,3.63e-06,2.0
addr_0004971,0.0,1.0,0.627705,1.0,0.627705,0.0,1.0,1.0,0.0,1.0,1.0,8.84e-05,2.0
addr_0004972,1.0,1.0,0.9458169999999999,2.0,0.47290849999999995,210.33333333333334,1.0,1.0,0.0,1.0,1.0,0.00110085,1.0
addr_0004974,1.0,0.0,1.006545,1.0,1.006545,0.0,0.0,0.0,0.0,0.0,0.0,0.0,0.0
addr_0004975,2.0,0.0,1.730865,2.0,0.8654325,132.83333333333334,0.0,0.0,0.0,0.0,0.0,0.0,0.0
addr_0004977,1.0,1.0,0.615407,2.0,0.3077035,266.0,1.0,1.0,0.0,1.0,1.0,0.00060185,3.0
addr_0004979,0.0,1.0,0.353765,1.0,0.353765,0.0,1.0,1.0,0.0,1.0,1.0,8.676e-05,2.0
addr_0004980,0.0,1.0,0.334531,1.0,0.334531,0.0,1.0,1.0,0.0,1.0,1.0,0.00040547,3.0
addr_0004987,1.0,0.0,0.650571,1.0,0.650571,0.0,0.0,0.0,0.0,0.0,0.0,0.0,0.0
addr_0004988,1.0,0.0,2.528021,1.0,2.528021,0.0,0.0,0.0,0.0,0.0,0.0,0.0,0.0
addr_0004990,0.0,1.0,2.105212,1.0,2.105212,0.0,1.0,1.0,0.0,1.0,1.0,0.00020094,2.0
addr_0004991,0.0,1.0,2.689931,1.0,2.689931,0.0,1.0,3.0,0.0,1.0,1.0,0.00065032,2.0
addr_0004994,1.0,0.0,2.13648,1.0,2.13648,0.0,0.0,0.0,0.0,0.0,0.0,0.0,0.0
addr_0004995,1.0,1.0,5.885216,2.0,2.942608,119.375,1.0,2.0,0.0,1.0,1.0,0.00083195,3.0
addr_0004996,1.0,1.0,3.926289,2.0,1.9631445,118.75,1.0,1.0,0.0,1.0,1.0,0.00066812,2.0
addr_0004999,1.0,0.0,2.606561,1.0,2.606561,0.0,0.0,0.0,0.0,0.0,0.0,0.0,0.0
