tree
version=v4
num_class=1
num_tree_per_iteration=1
label_index=0
max_feature_idx=11
objective=binary sigmoid:1
feature_names=fan_in fan_out total_btc_volume num_tx_total avg_tx_value active_lifespan_days peel_chain_depth ip_reuse_score burst_ratio geo_country_diversity geo_asn_diversity fee_btc
feature_infos=[0:4] [1:4] [0.0073680000000000004:20.572800999999998] [1:6] [0.0073680000000000004:19.036238999999998] [0:329.29166666666669] [1:3] [1:7] [0:1] none none [2e-08:0.00272835]
tree_sizes=1459 1174 1475 1775 1784 1185 1279 1279 2005 1917 1298 1082 1491 1077 1475 783 1372 1397 1907 1095 1495 1094 1382 1808 1512 779 1074 886 1178 777 1387 883 1910 1201 1191 1175 1614 886 870 1719 1816 1098 1191 783 762 1924 1403 1200 1106 1823 893 875 878 1824 873 1107 1942 1212 1937 2040 1197 892 1112 1835 1198 1197 999 2149 1186 1518 1073 1076 1949 1947 1192 1203 1933 895 779 2243 1407 1204 1836 1201 874 1200 1515 1113 1289 1311 1303 1415 1414 1413 1307 1288 1738 1947 2063 1834 1622 1204 1186 1096 1829 1107 887 889 1309 1948 1424 1100 1295 1211 780 1277 1200 1218 784 2363 888 887 886 1835 903 1202 1938 881 781 2138 1734 784 879 1629 1417 1305 1738 785 1185 1845 895 1193 1285 1315 1287 1198 1325 797 1379 1414 1377 1094 1829 1512 1220 788 1199 1326 1609 891 1197 998 1199 1201 996 1207 1296 1944 1210 1621 1396 795 1738 1197 781 1636 795 1198 1618 1422 1410 798 1101 1091 1207 1410 994 1211 888 1219 784 1519 1324 1204 894 1943 782 784 782 787 791 1640 788 791 1510 784 789 888 1213 1430 1319 1207 888 897 1422 887 1290 1633 1311 1402 1314 1417 1425 1623 1512 1002 1009 1209 998 1289 1007 1203 1002 1203 1519 1726 1303 1516 1410 1206 1731 1708 1008 1002 902 1300 989 1203 1409 1010 989 1220 898 1205 1000 1303 1304 1418 799 1193 1198 1209 1318 1407 986 1209 1302 1414 1598 987 1329 895 1297 1634 894 1843 893 1308 1844 1203 1850 1412 1851 1623 1420 1104 1324 1414 1190 2057 1522 1317 1411 1311 1294 1394 908 1414 1292 1504

Tree=0
num_leaves=13
num_cat=0
split_feature=5 11 11 2 4 4 2 4 2 4 1 2
split_gain=100.056 47.246 107.732 36.6167 51.3209 37.4038 111.005 35.6885 33.5459 24.5798 8.88178e-16 8.88178e-16
threshold=174.64583333333337 0.00024068500000000003 0.00042544500000000004 9.8443390000000015 3.5361361666666666 0.99102025000000016 0.59592000000000012 2.2854660000000009 8.4197765000000029 4.7826915000000012 1.5000000000000002 4.9870265000000016
decision_type=2 2 2 2 2 2 2 2 2 2 2 2
left_child=3 11 -3 4 5 6 -1 -7 9 -6 -4 -2
right_child=1 2 10 -5 8 7 -8 -9 -10 -11 -12 -13
leaf_value=-1.841744654553338 -2.1318816790393633 -1.8066840270845559 -2.1318816790393633 -1.747666676021884 -2.1318816790393633 -1.8246893206650854 -2.0168526169298171 -1.9005183250379307 -1.8217285760861714 -1.952860518642068 -2.1318816790393633 -2.1318816790393633
leaf_weight=26.094286203384399 2.6746264100074759 6.1265724897384626 1.9812047481536863 6.222600281238555 3.3680480718612653 62.262392163276672 13.856303453445433 20.667200267314911 2.5695012807846069 4.4516457915306091 2.3774456977844238 2.0802649855613708
leaf_count=131 27 27 20 21 34 294 112 125 12 31 24 21
internal_value=-1.87951 -2.00115 -1.94187 -1.86622 -1.87176 -1.86273 -1.90248 -1.84359 -1.97846 -2.02997 -2.13188 -2.13188
internal_weight=154.732 15.2401 10.4852 139.492 133.269 122.88 39.9506 82.9296 10.3892 7.81969 4.35865 4.75489
internal_count=879 119 71 760 739 662 243 419 77 65 44 48
is_linear=0
shrinkage=1


Tree=1
num_leaves=10
num_cat=0
split_feature=5 11 11 5 11 2 4 11 11
split_gain=62.4924 37.5512 74.4871 29.7129 23.2353 30.6572 61.199 18.8423 19.3558
threshold=174.64583333333337 0.00024068500000000003 0.00042544500000000004 167.47916666666671 0.0007511550000000002 9.8443390000000015 2.2854660000000009 0.00077732000000000007 0.0011941075000000002
decision_type=2 2 2 2 2 2 2 2 2
left_child=3 -2 -3 4 5 6 -1 -6 -9
right_child=1 2 -4 -5 7 -7 -8 8 -10
leaf_value=0.16798810759521701 -0.055930695028825222 0.20769917661093512 -0.05593069502882525 0.27878718691184246 0.29982733784823851 0.25246070375941043 0.081287439782867343 0.21075725329365561 0.10061806035925631
leaf_weight=95.275596134364605 4.5500521659851101 7.4925875812768918 4.1708811521530151 5.9194040969014159 4.4556945934891727 7.6833196431398383 25.882787264883518 19.292535871267322 5.0288110896944991
leaf_count=438 48 27 44 16 10 19 172 76 29
internal_value=0.159528 0.0658979 0.113425 0.168811 0.164681 0.155608 0.149466 0.205302 0.187984
internal_weight=179.752 16.2135 11.6635 163.538 157.619 128.842 121.158 28.777 24.3213
internal_count=879 119 71 760 744 629 610 115 105
is_linear=0
shrinkage=0.05


Tree=2
num_leaves=13
num_cat=0
split_feature=5 11 11 5 4 4 2 4 2 2 5 2
split_gain=42.2521 30.9333 55.7037 17.3234 20.7252 42.6305 43.4651 32.9227 25.0939 17.2676 14.222 8.88178e-16
threshold=174.64583333333337 0.00024068500000000003 0.00042544500000000004 154.31250000000003 2.2854660000000009 1.3699818333333336 2.5176025000000002 2.7177885833333337 1.4262435000000002 9.8443390000000015 56.247569444444444 5.2115585000000006
decision_type=2 2 2 2 2 2 2 2 2 2 2 2
left_child=3 11 -3 4 5 6 -1 10 -7 -9 -6 -2
right_child=1 2 -4 -5 7 8 -8 9 -10 -11 -12 -13
leaf_value=0.13004403387226512 -0.055608091597609224 0.17022963328580157 -0.055608091597609301 0.19906922305788274 -0.058117543434319074 -0.059591789992136213 -0.05932041011382258 0.10674834768544179 0.18365393701441479 0.19093019585584547 0.092732194478535604 -0.055608091597609266
leaf_weight=69.492640227079391 2.539026319980624 8.6497903764247877 3.9898985028266898 12.30219706892967 3.8452348560094824 1.0802500247955311 3.1684490889310828 26.589758537709713 57.335138261318207 7.9020032435655585 2.6319320499897003 1.8135902285575864
leaf_count=303 28 27 44 33 32 8 24 147 181 18 14 20
internal_value=0.134796 0.0593527 0.0989407 0.14175 0.137652 0.147354 0.121787 0.106611 0.179156 0.126034 0.00317874 -0.0556081
internal_weight=201.34 16.9923 12.6397 184.348 172.045 131.076 72.6611 40.9689 58.4154 34.4918 6.47717 4.35262
internal_count=879 119 71 760 727 516 327 211 189 165 46 48
is_linear=0
shrinkage=0.05


Tree=3
num_leaves=16
num_cat=0
split_feature=5 5 3 4 2 4 4 4 11 2 4 11 5 2 2
split_gain=30.5043 19.7543 20.7447 13.6636 57.5596 30.5124 29.6776 41.2617 26.2744 21.5333 37.6789 19.4124 13.0484 6.80129 3.5722e-06
threshold=181.97916666666669 259.08333333333343 2.5000000000000004 0.99102025000000016 0.59592000000000012 0.32702150000000002 1.0396532500000002 1.1745093333333336 0.00093075000000000005 0.82393800000000017 0.86786050000000003 9.7820000000000022e-05 224.1875 0.39768850000000006 0.7083695000000001
decision_type=2 2 2 2 2 2 2 2 2 2 2 2 2 2 2
left_child=3 2 12 4 5 8 -5 -8 -1 14 -11 -9 -2 -7 -6
right_child=1 -3 -4 6 9 13 7 11 -10 10 -12 -13 -14 -15 -16
leaf_value=0.063812068683381254 -0.056631386220969172 -0.056805548356519187 0.14617600599947933 0.22048569904684812 -0.058900561216660097 0.21513759041620242 0.00071610011116200669 0.086814117304756674 0.19956399245700596 0.12088705314221651 -0.058932221172432568 0.13859279052327655 0.095472222792626182 0.15355415300553474 -0.05898401192708963
leaf_weight=15.994454845786096 3.1385491043329221 3.4679160565137854 5.7734293788671494 8.4962774366140348 2.5476379245519665 8.6593646705150622 6.4487511813640586 21.597495287656784 4.5864399671554557 8.8615438640117628 4.3398667871952048 111.83120676130056 2.560139536857605 9.2967015206813794 2.5821055769920349
leaf_count=75 33 36 21 16 20 17 37 96 10 41 34 381 13 29 20
internal_value=0.116745 0.0477657 0.0793767 0.121766 0.100928 0.135621 0.129753 0.124241 0.0940643 0.0279921 0.0617728 0.130212 0.0117013 0.183253 -0.0589426
internal_weight=220.182 14.94 11.4721 205.242 56.8681 38.537 148.374 139.877 20.5809 18.3312 13.2014 133.429 5.69869 17.9561 5.12974
internal_count=879 103 67 776 246 131 530 514 85 115 75 477 46 46 40
is_linear=0
shrinkage=0.05


Tree=4
num_leaves=16
num_cat=0
split_feature=5 5 5 8 4 2 4 2 4 4 2 2 4 2 2
split_gain=22.8158 17.0562 16.3268 10.9337 9.95427 43.9489 21.0935 24.1333 19.7384 31.6148 19.0014 32.1776 14.2983 4.33798 2.93222e-06
threshold=181.97916666666669 259.08333333333343 217.45833333333334 0.41665000000000002 0.99102025000000016 0.59592000000000012 0.32702150000000002 0.22256650000000003 1.0396532500000002 1.1745093333333336 0.82393800000000017 1.6437020000000004 2.2854660000000009 0.39768850000000006 0.7083695000000001
decision_type=2 2 2 2 2 2 2 2 2 2 2 2 2 2 2
left_child=4 2 3 -2 5 6 7 -1 -6 -10 14 -12 -11 -8 -7
right_child=1 -3 -4 -5 8 10 13 -9 9 12 11 -13 -14 -15 -16
leaf_value=0.11743661896969869 -0.059310555592710305 -0.056441684568272955 0.12680157516590967 0.079018421332555738 0.18249929539120044 -0.058392246666827852 0.17868621702888376 0.0012858226323911057 0.00067997475012772401 0.12634724323678667 0.10673752512543611 -0.059052395718215703 0.09411102607604252 0.13222018005736311 -0.058469438756818197
leaf_weight=15.557918891310694 2.8402633592486364 3.3195115625858298 6.3395028635859489 2.8739433512091637 9.7148182392120344 2.4439487233757999 9.8682802468538302 6.2762051969766608 6.4516984000802031 88.394209779798985 9.5671356022357923 4.2165958359837523 56.311415761709213 10.229902073740957 2.4772421419620514
leaf_count=52 25 36 24 18 16 20 17 33 37 250 42 33 227 29 20
internal_value=0.102819 0.0439164 0.0715544 0.0102616 0.106907 0.0896427 0.118073 0.0840491 0.113414 0.108974 0.0259088 0.0560206 0.113803 0.155035 -0.0584311
internal_weight=236.883 15.3732 12.0537 5.71421 221.509 60.6372 41.9323 21.8341 160.872 151.157 18.7049 13.7837 144.706 20.0982 4.92119
internal_count=879 103 67 43 776 246 131 85 530 514 115 75 477 46 40
is_linear=0
shrinkage=0.05


Tree=5
num_leaves=10
num_cat=0
split_feature=5 11 11 2 5 11 11 4 5
split_gain=17.9323 22.5096 13.8571 16.5625 13.1074 17.2835 15.4773 11.8873 0.000208017
threshold=174.64583333333337 0.00024068500000000003 0.00041484249999995004 6.1347245000000017 167.47916666666671 2.1920000000000004e-05 3.2410000000000003e-05 0.32702150000000002 241.39583333333334
decision_type=2 2 2 2 2 2 2 2 2
left_child=4 8 -3 -4 5 -1 -7 -8 -2
right_child=1 2 3 -5 -6 6 7 -9 -10
leaf_value=0.0072142888424517153 -0.055940119095048084 0.11308677537007497 -0.055960182341638756 0.12050974952715905 0.15458150917035085 0.16936335967353866 0.056415034895257676 0.096914948554244151 -0.055227256337587294
leaf_weight=5.691416159272193 2.6131717711687115 8.973310321569441 3.4122960194945327 2.178444504737854 9.0583756417036039 6.8643289431929579 20.017176225781441 190.98650585860014 1.6820848509669302
leaf_count=29 28 24 38 9 16 15 81 619 20
internal_value=0.0918169 0.0449251 0.0745901 0.0128017 0.0956186 0.0932295 0.0954765 0.0930729 -0.055661
internal_weight=251.477 18.8593 14.5641 5.59074 232.618 223.559 217.868 211.004 4.29526
internal_count=879 119 71 47 760 744 715 700 48
is_linear=0
shrinkage=0.05


Tree=6
num_leaves=11
num_cat=0
split_feature=5 11 4 4 8 11 4 11 2 3
split_gain=14.1823 15.2345 14.918 28.5001 26.7015 10.5539 10.7418 29.3809 22.2072 0.00588951
threshold=181.97916666666669 2.1920000000000004e-05 1.0986210000000003 1.1396375000000003 0.41665000000000002 3.2410000000000003e-05 0.32702150000000002 0.00069891250000000016 0.35375400000000007 2.5000000000000004
decision_type=2 2 2 2 2 2 2 2 2 2
left_child=1 -1 -2 -4 9 -3 7 -7 -8 -5
right_child=2 5 3 4 -6 6 8 -9 -10 -11
leaf_value=0.0057584053758514024 -0.0583033618940502 0.14583463896714516 0.19548502285284244 -0.057181862781883308 0.10634686703397994 0.0019383547243941081 0.18082932175241928 0.12292790274525665 0.086291039362951946 -0.060587075570818827
leaf_weight=5.8140860125422469 3.2541837394237545 7.5531994998455039 3.0338772535324088 2.8120661303400976 4.6918500959873199 12.26307073235512 6.4031540751457205 8.4928216785192472 207.8853847309947 2.3152270093560219
leaf_count=30 33 15 2 30 19 61 5 21 644 19
internal_value=0.0827938 0.0857419 0.0373274 0.0615396 0.0201536 0.0876588 0.0857893 0.0514444 0.0891159 -0.0587195
internal_weight=264.519 248.412 16.1072 12.853 9.81914 242.598 235.044 20.7559 214.289 5.12729
internal_count=879 776 103 70 68 746 731 82 649 49
is_linear=0
shrinkage=0.05


Tree=7
num_leaves=11
num_cat=0
split_feature=5 11 11 4 5 2 4 4 11 5
split_gain=11.4055 18.0583 19.1415 22.0782 9.78722 9.30626 19.3439 27.1974 9.74923 0.000342312
threshold=174.64583333333337 0.00024068500000000003 0.00025307000000000004 1.5840565833333335 167.47916666666671 11.365189000000001 3.5752850000000005 4.7826915000000012 0.0007511550000000002 241.39583333333334
decision_type=2 2 2 2 2 2 2 2 2 2
left_child=4 9 -3 -4 5 6 8 -8 -1 -2
right_child=1 2 3 -5 -6 -7 7 -9 -10 -11
leaf_value=0.073016133958308138 -0.055732119890801048 0.16965806840316017 -0.059592475552704118 0.082234483807833492 0.12610842643007492 0.12917156834142174 -0.061685517769133169 0.068264613904649898 0.098998001684238668 -0.054787810329492773
leaf_weight=174.70147317647934 2.5054186880588558 3.3127881288528434 4.1497520431876174 8.1003642007708532 10.184117034077643 7.9889168292284003 6.069719314575198 11.960304036736487 45.510828256607056 1.5555438250303266
leaf_count=543 28 2 37 32 16 11 40 41 109 20
internal_value=0.075264 0.0385255 0.0630266 0.0341903 0.0780757 0.076089 0.074309 0.0245175 0.0783858 -0.0553704
internal_weight=276.039 19.6239 15.5629 12.2501 256.415 246.231 238.242 18.03 220.212 4.06096
internal_count=879 119 71 69 760 744 733 81 652 48
is_linear=0
shrinkage=0.05


Tree=8
num_leaves=18
num_cat=0
split_feature=5 4 4 8 2 2 2 11 4 2 2 4 2 11 11 3 2
split_gain=9.4054 11.7398 18.684 21.6321 7.49747 19.0022 23.6617 19.9964 14.9388 20.7467 18.853 10.9159 16.5876 6.51463 2.96976 0.00587831 2.54299e-05
threshold=181.97916666666669 1.0986210000000003 1.1396375000000003 0.41665000000000002 1.6016060000000001 0.59592000000000012 0.82393800000000017 0.00043576500000000001 0.99102025000000016 2.1412295000000006 2.8481295000000006 0.32702150000000002 0.22256650000000003 9.7820000000000022e-05 0.00020245500000000001 2.5000000000000004 0.7083695000000001
decision_type=2 2 2 2 2 2 2 2 2 2 2 2 2 2 2 2 2
left_child=4 -2 -3 15 5 11 16 -8 -6 13 -11 12 -1 -10 -13 -4 -7
right_child=1 2 3 -5 8 6 7 -9 9 10 -12 14 -14 -15 -16 -17 -18
leaf_value=0.082089203383408541 -0.057450827810301613 0.15099056144529743 -0.056700895101483476 0.088711491805451792 0.0014162441154911699 -0.060209501827930917 0.069131821906141866 -0.018844968380382437 0.063679849177098999 0.022663328468140648 0.077992439521163207 0.12457450984366734 -0.0081047703660205046 0.12028186429874173 0.089606936010675584 -0.060190356877547035 -0.06042217237937525
leaf_weight=18.740416452288631 2.9859675243496921 3.530006766319274 2.6721961200237256 5.1464947611093521 6.2637026980519286 2.7751893848180762 29.196412056684494 8.2935625910758954 5.9892228692769995 17.853155680000782 111.87216686457396 10.2586055546999 7.0023530423641196 33.617061525583267 14.878406718373297 2.2010090798139572 2.8482658863067627
leaf_count=52 33 2 30 19 34 20 85 38 16 70 306 16 33 56 30 19 20
internal_value=0.0688977 0.0322944 0.0520716 0.0172219 0.0711429 0.059746 0.0353235 0.0496695 0.0772434 0.0800483 0.0703779 0.0804406 0.0575553 0.111723 0.103877 -0.0582769 -0.0603172
internal_weight=286.124 16.5357 13.5497 10.0197 269.589 93.9932 43.1134 37.49 175.595 169.332 129.725 50.8798 25.7428 39.6063 25.137 4.87321 5.62346
internal_count=879 103 70 68 776 294 163 123 482 448 376 131 85 72 46 49 40
is_linear=0
shrinkage=0.05


Tree=9
num_leaves=17
num_cat=0
split_feature=5 11 11 8 5 5 11 4 5 11 7 11 0 11 4 4
split_gain=7.66761 10.5926 9.9292 15.4338 6.71988 22.3515 32.5938 20.1427 15.2826 38.7304 18.382 12.3222 9.52933 8.28196 8.10812 6.32637e-05
threshold=181.97916666666669 0.00024068500000000003 0.00026743750000000004 0.41665000000000002 76.875000000000014 83.625000000000014 0.0006558025000000001 0.99102025000000016 34.791666666666679 0.0007511550000000002 2.5000000000000004 0.00058444000000000009 1.0000000180025095e-35 0.00024068500000000003 2.2404220000000006 1.9860157500000002
decision_type=2 2 2 2 2 2 2 2 2 2 2 2 2 2 2 2
left_child=4 15 -3 -4 8 -6 7 -7 10 12 11 -1 -10 -12 -8 -2
right_child=1 2 3 -5 5 6 14 -9 9 -11 13 -13 -14 -15 -16 -17
leaf_value=0.048325762821102708 -0.054436575741335383 0.11320523995674939 -0.059336777425792311 0.071850487604973881 0.15153588532835016 -0.0023183724278967905 -0.067804262045094696 0.090283016933247445 0.025703554841902773 0.11869750032839521 0.12017838072591942 0.081011864801683486 -0.066767106572822685 0.069802947629453646 0.028791557986925544 -0.054896360951681857
leaf_weight=105.79070220887661 1.4467755258083372 4.1904708892107001 3.6748446971178037 5.7498696222901344 9.0616302490234357 6.550366833806037 4.6222528368234617 56.747724570333958 4.2829132974147814 6.2255454063415518 18.905508607625961 39.63721376657486 7.9719086214900017 14.353419810533522 4.0988402813673019 1.5493040159344671
leaf_count=338 20 5 33 25 12 34 26 118 16 8 32 95 44 39 14 20
internal_value=0.0634398 0.0304403 0.0491702 0.0206985 0.0654099 0.0775268 0.0682148 0.0807002 0.060427 0.0171415 0.0649037 0.0572345 -0.0344497 0.0984381 -0.022405 -0.0546743
internal_weight=294.859 16.6113 13.6152 9.42471 278.248 81.0808 72.0192 63.2981 197.167 18.4804 178.687 145.428 12.2548 33.2589 8.72109 2.99608
internal_count=879 103 63 58 776 204 192 152 572 68 504 433 60 71 40 40
is_linear=0
shrinkage=0.05


Tree=10
num_leaves=11
num_cat=0
split_feature=5 11 11 2 5 11 11 11 7 5
split_gain=6.42279 13.8633 7.49515 11.2307 7.25452 9.89396 8.75456 45.8641 16.1209 0.000817962
threshold=174.64583333333337 0.00024068500000000003 0.00041484249999995004 7.6608965000000007 167.47916666666671 2.1920000000000004e-05 0.00027147000000000006 0.00033770000000000008 2.5000000000000004 216.54166666666669
decision_type=2 2 2 2 2 2 2 2 2 2
left_child=4 9 -3 -4 5 -1 8 -8 -7 -2
right_child=1 2 3 -5 -6 6 7 -9 -10 -11
leaf_value=-0.0027949348521024348 -0.055939911737475125 0.076319845211990506 -0.05563664902040022 0.083590874330530474 0.099789296423594465 0.061145242877414199 -0.038001724664191806 0.06097136047374524 0.10625278171879921 -0.054461709091423706
leaf_weight=6.3341047912836066 1.7452633529901533 10.601461037993433 3.2767964564263812 2.5958762988448143 11.334831669926642 100.28143936395645 12.894580230116842 126.9017117395997 24.682978346943855 2.0178743526339531
leaf_count=29 20 24 39 8 16 276 60 336 43 28
internal_value=0.0586499 0.0314398 0.0512187 0.00590559 0.0605996 0.058961 0.0604384 0.0518422 0.0700549 -0.0551473
internal_weight=302.667 20.2373 16.4741 5.87267 282.43 271.095 264.761 139.796 124.964 3.76314
internal_count=879 119 71 47 760 744 715 396 319 48
is_linear=0
shrinkage=0.05


Tree=11
num_leaves=9
num_cat=0
split_feature=11 11 4 2 11 4 11 2
split_gain=5.95006 17.8081 7.40029 40.7777 18.6654 11.6724 10.9667 0.0122524
threshold=0.0011941075000000002 0.0010923950000000001 0.99102025000000016 0.9862335000000001 8.5560000000000001e-05 1.0396532500000002 9.7820000000000022e-05 1.6860610000000003
decision_type=2 2 2 2 2 2 2 2
left_child=1 2 3 4 -1 -4 -7 -5
right_child=-2 -3 5 7 -6 6 -8 -9
leaf_value=0.099429436428978779 0.01493943208311811 0.12052571323408406 0.10326291185266015 -0.06463646478070946 0.037584789472447366 0.028387658184845579 0.060063000506160806 -0.060685216458670255
leaf_weight=16.362173583358526 9.2606222964823228 10.212139368057249 13.354161597788332 2.9900687634944898 47.965484783053398 32.512270849198103 171.29784452915192 5.7060376442968845
leaf_count=33 33 12 20 19 155 121 441 45
internal_value=0.054414 0.0556309 0.0533472 0.0395777 0.0533154 0.0579773 0.0550101 -0.0620438
internal_weight=309.661 300.4 290.188 73.0238 64.3277 217.164 203.81 8.69611
internal_count=879 846 834 252 188 582 562 64
is_linear=0
shrinkage=0.05


Tree=12
num_leaves=13
num_cat=0
split_feature=2 4 4 11 4 5 4 11 4 11 4 5
split_gain=5.86724 9.88521 14.5896 8.27787 6.87883 30.6569 17.522 9.45292 40.8838 8.7366 6.79257 0.0192657
threshold=12.978562000000002 3.5752850000000005 4.7826915000000012 0.00051317750000000014 0.99102025000000016 104.41666666666667 0.59523700000000013 0.00016342000000000003 2.2278320000000007 0.00018543000000000002 5.4640347500000006 174.39895833333335
decision_type=2 2 2 2 2 2 2 2 2 2 2 2
left_child=1 4 3 -3 5 6 -1 8 -6 -9 -4 -7
right_child=-2 2 10 -5 7 11 -8 9 -10 -11 -12 -13
leaf_value=0.062375012694982961 0.096570410501510245 -0.064181160252247224 0.083180990673657779 0.029928639174576513 0.058048085721275247 -0.063147187085058218 0.0048680818212042823 0.10216082459388609 -0.065830427469222505 0.05986387666202312 0.018849873861288054 -0.057637843048215703
leaf_weight=58.547732770442963 6.8004868850111952 6.0457299202680606 7.7465220540761974 3.8086298927664757 42.431281220167875 4.3449937403202048 17.119049966335297 13.407168909907339 7.9005230963230124 136.5598668307066 8.7247284203767759 2.4997190348803997
leaf_count=135 9 37 18 12 110 27 80 18 49 326 28 30
internal_value=0.0506303 0.0496197 0.0203144 -0.0278085 0.0523476 0.040198 0.0493645 0.0573526 0.038603 0.0636453 0.0491052 -0.0611352
internal_weight=315.936 309.136 26.3256 9.85436 282.81 82.5115 75.6668 200.299 50.3318 149.967 16.4713 6.84471
internal_count=879 870 95 49 775 272 215 503 159 344 46 57
is_linear=0
shrinkage=0.05


Tree=13
num_leaves=9
num_cat=0
split_feature=11 11 4 2 11 4 2 2
split_gain=5.14556 14.8745 5.56576 33.662 15.5368 9.5313 8.40655 0.00974535
threshold=0.0011941075000000002 0.0010923950000000001 0.99102025000000016 0.9862335000000001 8.5560000000000001e-05 1.0396532500000002 1.4982915000000003 1.6992135000000002
decision_type=2 2 2 2 2 2 2 2
left_child=1 2 3 4 -1 -4 -7 -5
right_child=-2 -3 5 7 -6 6 -8 -9
leaf_value=0.087103438297737437 0.011054787101534421 0.10619636225759221 0.09018260159648385 -0.063305058536344799 0.032038814670241472 0.014883136277297961 0.050638339160138671 -0.059741054303629283
leaf_weight=17.269609156996012 9.5095096454024297 10.745155856013296 14.014363266527651 3.059046342968939 49.608890883624554 17.962613746523857 193.82759391888976 5.1423921771347523
leaf_count=33 33 12 20 21 155 55 507 43
internal_value=0.0472858 0.0483914 0.046327 0.0345337 0.0462578 0.0502483 0.0476058 -0.0610704
internal_weight=321.139 311.63 300.885 75.0799 66.8785 225.805 211.79 8.20144
internal_count=879 846 834 252 188 582 562 64
is_linear=0
shrinkage=0.05


Tree=14
num_leaves=13
num_cat=0
split_feature=2 4 4 11 2 2 2 4 2 2 4 4
split_gain=5.03774 8.62085 12.7162 8.0111 6.3256 13.1527 18.46 9.26673 6.97489 14.4893 10.7138 5.66401
threshold=12.978562000000002 3.5752850000000005 4.7826915000000012 0.00054733000000000006 1.6016060000000001 0.59592000000000012 0.82393800000000017 0.32702150000000002 2.1412295000000006 2.8481295000000006 0.99102025000000016 5.4640347500000006
decision_type=2 2 2 2 2 2 2 2 2 2 2 2
left_child=1 4 3 -3 5 7 -7 -1 10 -10 -6 -4
right_child=-2 2 11 -5 8 6 -8 -9 9 -11 -12 -13
leaf_value=0.032751321264954059 0.086069141326464399 -0.063931762337388884 0.072537280452548647 0.028696316548001838 0.0034048712852850537 -0.061758194074972898 0.029010773191415214 0.072493368307797526 0.01018721555442343 0.053130943970437751 0.074953362014751154 0.0149369645760868
leaf_weight=30.031609803438187 7.0380575507879248 6.1506184451282042 8.1549506857991236 3.7619653940200806 5.8970976769924155 6.4475535675883284 42.682143375277519 28.671276018023491 24.018506601452827 107.79858196526766 46.403262801468372 8.9539691805839521
leaf_count=86 9 38 18 11 35 44 128 46 88 271 77 28
internal_value=0.0442262 0.0433029 0.016284 -0.0287781 0.0458037 0.0361867 0.0170987 0.0521619 0.0514361 0.0453061 0.066886 0.0423921
internal_weight=326.01 318.972 27.0215 9.91258 291.95 107.833 49.1297 58.7029 184.117 131.817 52.3004 17.1089
internal_count=879 870 95 49 775 304 172 132 471 359 112 46
is_linear=0
shrinkage=0.05


Tree=15
num_leaves=6
num_cat=0
split_feature=11 11 11 11 4
split_gain=4.60592 12.8744 7.86483 6.69799 8.86735
threshold=0.0011941075000000002 0.0010923950000000001 2.1920000000000004e-05 3.2410000000000003e-05 0.29836125000000008
decision_type=2 2 2 2 2
left_child=1 2 -1 -4 -5
right_child=-2 -3 3 4 -6
leaf_value=-0.011652914638988199 0.0075727285694501233 0.095423944846790398 0.082375513597539252 0.0081665574146513459 0.042813388385159454
leaf_weight=7.0332817360758773 9.7171541117131692 11.099154725670813 9.8547130078077299 19.81007481366396 272.48328076675534
leaf_count=32 33 12 16 67 719
internal_value=0.0414859 0.0425148 0.0406155 0.0418321 0.0404652
internal_weight=329.998 320.281 309.181 302.148 292.293
internal_count=879 846 834 802 786
is_linear=0
shrinkage=0.05


Tree=16
num_leaves=12
num_cat=0
split_feature=2 4 2 2 2 2 2 4 2 2 4
split_gain=4.57268 9.78516 8.2879 11.3886 5.28741 11.7683 16.621 7.61248 6.08905 12.4802 9.64306
threshold=11.365189000000001 3.5752850000000005 8.4197765000000029 5.2115585000000006 1.6016060000000001 0.59592000000000012 0.82393800000000017 0.32702150000000002 2.1412295000000006 2.8481295000000006 0.99102025000000016
decision_type=2 2 2 2 2 2 2 2 2 2 2
left_child=1 4 3 -3 5 7 -7 -1 10 -10 -6
right_child=-2 2 -4 -5 8 6 -8 -9 9 -11 -12
leaf_value=0.029168649148967798 0.072173331854973793 0.020501549350578081 0.043622477634024763 -0.068060902275363405 0.00037712545464073849 -0.061628250027870236 0.024793338149462225 0.064788241401691801 0.0075001639477794233 0.046950024344950533 0.0672718618456149
leaf_weight=30.610289961099625 10.030134804546831 8.9105708003044146 9.743064843118189 6.12543174996972 6.0739262625575057 6.374009456485509 43.755565915256739 29.413145080208778 24.474886618554592 110.84093971922994 47.656026713550091
leaf_count=86 15 33 24 33 35 44 128 46 88 270 77
internal_value=0.0389241 0.0378947 0.00769983 -0.0155774 0.0403954 0.0316879 0.0138048 0.0466232 0.0454691 0.0398146 0.0597097
internal_weight=334.008 323.978 24.7791 15.036 299.199 110.153 50.1296 60.0234 189.046 135.316 53.73
internal_count=879 864 90 66 774 304 172 132 470 358 112
is_linear=0
shrinkage=0.05


Tree=17
num_leaves=12
num_cat=0
split_feature=5 11 11 4 5 2 4 4 11 11 2
split_gain=4.52007 11.425 8.5458 15.7426 6.33253 5.8574 11.9147 21.5663 8.91737 0.0794167 0.00898926
threshold=174.64583333333337 0.00042544500000000004 0.00033131000000000008 1.1541642500000002 167.47916666666671 10.255145500000003 2.3582457500000005 2.7177885833333337 0.00025546000000000005 0.00015185250000000004 4.1511240000000011
decision_type=2 2 2 2 2 2 2 2 2 2 2
left_child=4 2 3 -2 5 6 8 -8 -1 -5 -3
right_child=1 10 -4 9 -6 -7 7 -9 -10 -11 -12
leaf_value=0.050487561835683925 0.06151700546229192 -0.055335036528486717 0.071935678120784427 -0.056582338001783944 0.073349797288651167 0.070321989448292363 -0.068896374371705912 0.026116889743433475 0.030842899058342768 -0.069391760357607343 -0.059872009994041055
leaf_weight=112.61834517866373 5.3952530436217838 2.1718760877847663 7.8073571622371665 2.7356136962771416 12.301815047860144 12.459339961409567 6.7512316554784766 51.769642949104309 118.60901468992233 2.1697460934519768 2.1953313127160072
leaf_count=238 18 27 14 29 16 16 35 154 301 14 17
internal_value=0.0366369 0.0149746 0.0324817 0.00257751 0.0381849 0.0367534 0.03531 0.0151557 0.0404108 -0.0622482 -0.0576157
internal_weight=336.985 22.4752 18.108 10.3006 314.509 302.208 289.748 58.5209 231.227 4.90536 4.36721
internal_count=879 119 75 61 760 744 728 189 539 43 44
is_linear=0
shrinkage=0.05


Tree=18
num_leaves=17
num_cat=0
split_feature=5 4 4 8 5 5 11 11 5 11 7 11 0 4 4 3
split_gain=3.97943 6.93504 12.4815 13.961 4.72669 13.8108 23.6887 11.6634 11.0296 26.7479 11.4518 9.68269 7.75909 6.85214 5.21718 0.0137873
threshold=181.97916666666669 1.0986210000000003 1.1396375000000003 0.41665000000000002 76.875000000000014 83.625000000000014 0.0006558025000000001 0.00026215000000000006 34.791666666666679 0.0007511550000000002 2.5000000000000004 0.00058444000000000009 1.0000000180025095e-35 2.3099690000000006 1.1745093333333336 2.5000000000000004
decision_type=2 2 2 2 2 2 2 2 2 2 2 2 2 2 2 2
left_child=4 -2 -3 15 8 -6 7 -7 10 12 11 -1 -10 -8 -12 -4
right_child=1 2 3 -5 5 6 13 -9 9 -11 14 -13 -14 -15 -16 -17
leaf_value=0.022404174301649267 -0.058828315142455373 0.1015615755284538 -0.058364613511668099 0.04974506337471761 0.097938051665593426 0.021929143098892753 -0.074223538552874044 0.063494414512002134 0.0067268940330175849 0.075835585624522042 0.034778682964123085 0.049358060383689895 -0.072013927229644975 0.0098321922043366899 0.073072955654485752 -0.063478869108293756
leaf_weight=122.36747775971889 2.915773086249831 3.9794739484786978 2.8649419099092466 6.2070084810256958 10.993879213929175 26.791370250284672 5.1882503852248174 45.608443960547447 4.8698207139968881 7.1007225215435019 13.638759285211561 45.786086320877075 8.7500653713941574 4.5515746772289276 25.56761622428894 2.4403217323124409
leaf_count=338 33 2 30 19 12 73 27 79 16 8 31 95 44 13 40 19
internal_value=0.0345216 0.0119125 0.025227 -0.00115981 0.0358172 0.0453089 0.0382648 0.0481133 0.0319414 -0.00284163 0.0354171 0.0297434 -0.04386 -0.034943 0.0597515 -0.0607171
internal_weight=339.622 18.4075 15.4917 11.5123 321.214 93.1335 82.1396 72.3998 228.081 20.7206 207.36 168.154 13.6199 9.73983 39.2064 5.30526
internal_count=879 103 70 68 776 204 192 152 572 68 504 433 60 40 71 49
is_linear=0
shrinkage=0.05


Tree=19
num_leaves=9
num_cat=0
split_feature=11 11 11 11 11 11 4 4
split_gain=4.1087 10.6766 4.49902 20.4555 16.9758 15.6597 15.4543 10.668
threshold=0.0011941075000000002 0.0010923950000000001 0.00035958000000000002 0.00033770000000000008 0.00040891500000000009 0.00027147000000000006 1.1541642500000002 1.6709035000000003
decision_type=2 2 2 2 2 2 2 2
left_child=1 2 3 5 6 -1 -4 -6
right_child=-2 -3 4 -5 7 -7 -8 -9
leaf_value=0.037105487868821389 0.0011007672528326583 0.080996099295796486 0.025347238927377187 0.090522739416040998 0.013508242272722574 -0.0078824145602664885 -0.077023589966812134 0.045416418498369165
leaf_weight=161.32350276783109 10.058856990188358 11.441804200410841 7.3448331058025342 16.082369983196259 47.200944274663925 21.978690952062607 7.4021802395582199 58.861251443624496
leaf_count=408 33 12 20 21 152 72 34 127
internal_value=0.0325825 0.0335374 0.0318415 0.036455 0.0242274 0.0317113 -0.0260372 0.0312163
internal_weight=341.694 331.636 320.194 199.385 120.809 183.302 14.747 106.062
internal_count=879 846 834 501 333 480 54 279
is_linear=0
shrinkage=0.05


Tree=20
num_leaves=13
num_cat=0
split_feature=4 4 11 2 4 2 2 11 4 4 11 5
split_gain=3.99901 16.1556 6.30925 6.12199 5.81396 3.76643 10.1489 14.7508 6.84667 6.84422 26.412 8.30777
threshold=3.5752850000000005 4.7826915000000012 0.00051317750000000014 8.525443000000001 3.3836710000000001 1.6016060000000001 0.59592000000000012 0.00043576500000000001 0.32702150000000002 2.2854660000000009 0.00026743750000000004 146.54166666666671
decision_type=2 2 2 2 2 2 2 2 2 2 2 2
left_child=4 2 -2 -3 5 6 8 -8 -1 11 -11 -7
right_child=1 3 -4 -5 -6 9 7 -9 -10 10 -12 -13
leaf_value=0.021565801804486359 -0.066521865325202226 0.0080466500519718546 0.012325145306656904 0.060421604184134864 0.069644708615224524 0.047054649282574711 0.022647167457634062 -0.039992080120634148 0.054810193194036516 -0.041215068685657892 0.043001157999057779 0.016530840195688366
leaf_weight=31.852634355425835 6.6127222143113595 9.7161301821470278 4.1166058629751205 13.104430899024008 10.190267562866209 113.33187687397003 39.534622304141521 12.329708665609358 30.144620567560196 13.080057766288517 32.300628714263439 27.750245597213507
leaf_count=86 39 31 12 20 15 216 113 59 46 63 75 104
internal_value=0.0307307 0.0143315 -0.03627 0.0381223 0.0325025 0.0312423 0.0240767 0.00775594 0.0377301 0.0356178 0.0187275 0.0410507
internal_weight=344.065 33.5499 10.7293 22.8206 310.515 300.324 113.862 51.8643 61.9973 186.463 45.3807 141.082
internal_count=879 102 51 51 777 762 304 172 132 458 138 320
is_linear=0
shrinkage=0.05


Tree=21
num_leaves=9
num_cat=0
split_feature=11 11 11 11 11 5 11 4
split_gain=3.67355 9.43141 3.9787 17.2831 15.1495 14.9282 14.0505 8.65187
threshold=0.0011941075000000002 0.0010923950000000001 0.00035958000000000002 0.00033770000000000008 0.00040891500000000009 118.77083333333336 0.00027147000000000006 1.6709035000000003
decision_type=2 2 2 2 2 2 2 2
left_child=1 2 3 6 5 -4 -1 -6
right_child=-2 -3 4 -5 7 -7 -8 -9
leaf_value=0.033385127623003136 -0.0006020176512185635 0.074448135926283424 -0.074397912237683272 0.081773174491790168 0.011835368216370698 0.02646700699958664 -0.009097039690121881 0.040422279935209131
leaf_weight=163.36591055616736 10.132490660995243 11.502303436398504 7.6999924927949888 16.467295497655869 47.484471123665571 7.0060733109712601 22.095811352133751 59.79991339892149
leaf_count=408 33 12 37 21 152 17 72 127
internal_value=0.0290594 0.0299554 0.0283755 0.0326826 0.021246 -0.0263452 0.0283238 0.0277696
internal_weight=345.554 335.422 323.919 201.929 121.99 14.7061 185.462 107.284
internal_count=879 846 834 501 333 54 480 279
is_linear=0
shrinkage=0.05


Tree=22
num_leaves=12
num_cat=0
split_feature=4 4 5 2 4 11 11 4 11 11 4
split_gain=3.71101 14.334 6.44184 5.26117 5.00776 3.30717 7.26357 22.9506 17.9183 6.51862 4.36588
threshold=3.5752850000000005 4.7826915000000012 119.35416666666667 8.525443000000001 3.3836710000000001 0.0007511550000000002 0.00034772250000000008 1.0016717500000003 0.00033770000000000008 0.0011941075000000002 1.9616487500000004
decision_type=2 2 2 2 2 2 2 2 2 2 2
left_child=4 2 -2 -3 5 6 8 -8 -1 10 -7
right_child=1 3 -4 -5 -6 9 7 -9 -10 -11 -12
leaf_value=0.027517318826288176 -0.066341942181692912 0.0061533770723796342 0.014199674879404239 0.054460129040251472 0.063370427715152375 0.036259720385279741 -0.043615705156720537 0.026085276718647493 0.10213528594327406 0.0018640165382381797 0.069182101852860153
leaf_weight=163.00834886729717 6.6688628047704679 9.832911744713785 3.954903107136488 13.207070663571356 10.34332564473152 31.474584817886353 14.641709640622137 61.070161245763302 8.4631469398736936 9.7789403684437257 14.807512819766997
leaf_count=411 38 31 13 20 15 68 74 150 8 31 20
internal_value=0.0274649 0.0116891 -0.0363588 0.033844 0.0291584 0.0279915 0.0255048 0.012606 0.0312002 0.0389558 0.0467929
internal_weight=347.251 33.6637 10.6238 23.04 313.588 303.244 247.183 75.7119 171.471 56.061 46.2821
internal_count=879 102 51 51 777 762 643 224 419 119 88
is_linear=0
shrinkage=0.05


Tree=23
num_leaves=16
num_cat=0
split_feature=6 8 11 2 2 11 2 2 2 4 11 11 4 2 4
split_gain=3.31003 4.91412 5.19474 4.22577 9.77452 10.3943 8.23844 19.7109 8.7954 8.7313 7.38333 7.14258 5.05235 9.37616 0.567707
threshold=1.5000000000000002 0.41665000000000002 0.00025772000000000007 1.6016060000000001 1.3269460000000002 0.00018057000000000004 2.2924535000000001 2.8481295000000006 3.5746760000000006 0.99102025000000016 0.00016963000000000001 3.0335000000000003e-05 1.1745093333333336 1.0088520000000003 2.2219772500000006
decision_type=2 2 2 2 2 2 2 2 2 2 2 2 2 2 2
left_child=3 2 -2 4 12 -6 9 10 -9 -5 -8 -11 13 -1 -4
right_child=1 -3 14 6 5 -7 7 8 -10 11 -12 -13 -14 -15 -16
leaf_value=0.027080534789988044 0.020555323697382024 0.037737771189856884 -0.032336570694483042 -0.0077912241252937296 0.014639730091864093 -0.076334994652207652 0.0097274832886771485 0.051298238198446124 0.022493658858142654 -0.074551595386942698 -0.07265763067398133 0.056487443431337207 0.063094968330746279 -0.030014012133698836 -0.010681324925883922
leaf_weight=78.98144543543458 14.651283305138351 13.02143447473645 7.2961776554584485 6.4050058908760539 8.1462783366441709 5.1087778210639945 4.6656932868063432 37.456986803561449 90.610407240688801 1.0605993419885624 6.519787710160017 53.294922336935997 8.1326285749673826 7.9110299013555041 5.1717351451516151
leaf_count=200 39 30 26 34 21 24 17 70 240 5 34 80 13 30 16
internal_value=0.0259964 0.0124908 0.000368282 0.0277549 0.0197989 -0.0204238 0.032062 0.025359 0.0309184 0.0474242 -0.0382931 0.0539306 0.0254096 0.0218824 -0.0233539
internal_weight=348.434 40.1406 27.1192 308.294 108.28 13.2551 200.013 139.253 128.067 60.7605 11.1855 54.3555 95.0251 86.8925 12.4679
internal_count=879 111 81 768 288 45 480 361 310 119 51 85 243 230 42
is_linear=0
shrinkage=0.05


Tree=24
num_leaves=13
num_cat=0
split_feature=5 11 11 4 5 4 4 11 11 11 2 11
split_gain=3.20435 7.93779 9.72203 10.5792 4.16026 4.88635 13.0164 8.24724 7.97791 23.0457 12.5879 6.46095
threshold=181.97916666666669 0.00042544500000000004 0.00039008500000000003 1.1541642500000002 167.47916666666671 2.2854660000000009 2.7177885833333337 0.00020878000000000002 0.00025546000000000005 0.00033770000000000008 0.090794500000000014 0.00060821500000000017
decision_type=2 2 2 2 2 2 2 2 2 2 2 2
left_child=4 2 3 -2 5 8 11 -8 10 -10 -1 -7
right_child=1 -3 -4 -5 -6 6 7 -9 9 -11 -12 -13
leaf_value=-0.078331623926054306 0.039200545144123466 -0.058426768783142971 0.082706776069170151 -0.062280996186409393 0.050189511010992074 -0.068818206575884472 -0.0046254088726766463 0.033476544298325507 -0.046128686497911811 0.026381184237084371 0.039685535331054074 0.0091363655917798756
leaf_weight=2.3049890398979178 5.8655117899179476 3.9526757188141337 4.4977721720933905 4.5683604627847672 16.548232693225145 6.4771568626165372 20.411773055791855 46.684229537844658 12.206018850207327 107.18369652330875 114.34886026382446 4.5078454315662384
leaf_count=10 20 39 5 39 32 34 65 105 49 246 222 13
internal_value=0.0246108 0.00457858 0.0212572 -0.00523207 0.0257548 0.0244676 0.013625 0.0218853 0.0280543 0.018968 0.0373536 -0.0368285
internal_weight=349.557 18.8843 14.9316 10.4339 330.673 314.125 78.081 67.096 236.044 119.39 116.654 10.985
internal_count=879 103 64 59 776 744 217 170 527 295 232 47
is_linear=0
shrinkage=0.05


Tree=25
num_leaves=6
num_cat=0
split_feature=2 4 11 11 11
split_gain=3.29786 6.82201 5.26578 4.92445 7.57495
threshold=11.365189000000001 5.2451595000000006 2.1920000000000004e-05 3.2410000000000003e-05 6.6065000000000012e-05
decision_type=2 2 2 2 2
left_child=1 2 -1 -4 -5
right_child=-2 -3 3 4 -6
leaf_value=-0.018712060360131622 0.051434984958448039 -0.024254262852980654 0.058185197855682963 -0.0096128638338394221 0.025203631790105596
leaf_weight=7.2050255462527266 10.136917881667612 7.6289515495300284 10.501684851944445 16.486102439463139 298.21870004013181
leaf_count=30 15 28 16 59 731
internal_value=0.0233319 0.0224941 0.023567 0.0245037 0.0233797
internal_weight=350.177 340.04 332.412 325.206 314.705
internal_count=879 864 836 806 790
is_linear=0
shrinkage=0.05


Tree=26
num_leaves=9
num_cat=0
split_feature=4 4 4 5 4 11 2 11
split_gain=3.24452 8.17831 7.44706 5.84599 4.38344 3.22635 29.4033 10.3963
threshold=7.2708355000000013 3.5752850000000005 4.7826915000000012 119.35416666666667 3.3836710000000001 0.00016342000000000003 3.7855075000000005 0.00027147000000000006
decision_type=2 2 2 2 2 2 2 2
left_child=1 4 3 -3 5 6 -1 -7
right_child=-2 2 -4 -5 -6 7 -8 -9
leaf_value=0.02404402867092667 0.053880612826621502 -0.066429316844716244 0.01671468143643209 0.010215982545322775 0.055364697276677394 0.043771643993827762 -0.073197352879289551 0.019183032193576057
leaf_weight=77.344897709786892 7.8494632989168158 6.656229496002199 15.281765200197695 3.9727324284613132 10.484924897551535 58.443028654903173 8.6424600780010206 162.56106215342879
leaf_count=185 12 38 39 13 15 108 54 415
internal_value=0.022096 0.0213694 -0.00564066 -0.037782 0.0235738 0.0224881 0.0142704 0.0256853
internal_weight=351.237 343.387 25.9107 10.629 317.476 306.991 85.9874 221.004
internal_count=879 867 90 51 777 762 239 523
is_linear=0
shrinkage=0.05


Tree=27
num_leaves=7
num_cat=0
split_feature=11 11 11 11 11 3
split_gain=3.00382 8.64148 3.53171 6.51569 7.3759 3.06831
threshold=0.0011941075000000002 0.0010923950000000001 0.00093925500000000006 0.0007511550000000002 0.00036653166666665002 1.5000000000000002
decision_type=2 2 2 2 2 2
left_child=1 2 3 4 -1 -5
right_child=-2 -3 -4 5 -6 -7
leaf_value=0.023933991362055811 -0.0055912873981474251 0.064507966440697201 -0.0084075416871722663 0.058947330685464663 0.0062048919328118622 0.02599546755204183
leaf_weight=209.70727759227157 10.346024386584757 11.424094453454016 10.393962010741232 15.594988733530046 81.451240878552198 12.914806339889763
leaf_count=510 33 12 33 22 240 29
internal_value=0.020951 0.0217552 0.0202754 0.021208 0.0189743 0.0440203
internal_weight=351.832 341.486 330.062 319.668 291.159 28.5098
internal_count=879 846 834 801 750 51
is_linear=0
shrinkage=0.05


Tree=28
num_leaves=10
num_cat=0
split_feature=4 4 4 11 4 4 4 4 2
split_gain=2.94424 7.27204 6.71488 5.57718 3.89814 3.04431 18.0568 7.82245 0.0295784
threshold=7.2708355000000013 3.5752850000000005 4.7826915000000012 0.00054733000000000006 3.3836710000000001 0.99102025000000016 0.86786050000000003 1.0396532500000002 7.5628340000000014
decision_type=2 2 2 2 2 2 2 2 2
left_child=1 4 3 8 5 6 -1 -7 -3
right_child=-2 2 -4 -5 -6 7 -8 -9 -10
leaf_value=0.018842837213215911 0.05008542445244657 -0.06242231767875555 0.014704145802332447 0.0094417417262180493 0.051178275291439236 0.058515271633069979 -0.065803857095400292 0.020887045182467714 -0.069167740074790859
leaf_weight=86.116245675832033 7.8761143982410422 3.3300692737102526 15.376121215522287 3.9782443791627884 10.511536583304403 14.833200752735136 6.7976197116076937 200.6144409738481 3.1743074990808964
leaf_count=228 12 21 39 11 15 20 44 470 19
internal_value=0.0198584 0.0191678 -0.00633349 -0.0371919 0.0212358 0.0202152 0.01265 0.0234777 -0.0657143
internal_weight=352.608 344.732 25.8587 10.4826 318.873 308.362 92.9139 215.448 6.50438
internal_count=879 867 90 51 777 762 272 490 40
is_linear=0
shrinkage=0.05


Tree=29
num_leaves=6
num_cat=0
split_feature=2 4 11 11 11
split_gain=2.84246 6.38483 4.58128 4.38673 6.68469
threshold=11.365189000000001 5.2451595000000006 2.1920000000000004e-05 3.2410000000000003e-05 6.6065000000000012e-05
decision_type=2 2 2 2 2
left_child=1 2 -1 -4 -5
right_child=-2 -3 3 4 -6
leaf_value=-0.020184326977364463 0.0451528740301693 -0.026781594766327462 0.051677348320563081 -0.011975725962893879 0.020636485010035403
leaf_weight=7.2539220452308646 9.9783426150679571 7.7515554279088965 10.568893134593962 16.579206477850676 300.7691548243165
leaf_count=30 15 28 16 59 731
internal_value=0.0188466 0.0180811 0.0191187 0.0199881 0.0189327
internal_weight=352.901 342.923 335.171 327.917 317.348
internal_count=879 864 836 806 790
is_linear=0
shrinkage=0.05


Tree=30
num_leaves=12
num_cat=0
split_feature=4 4 4 5 2 2 2 4 2 2 4
split_gain=2.73937 6.40361 6.25741 5.38938 3.76689 8.15762 13.0115 6.13761 4.08464 8.33465 7.17582
threshold=7.2708355000000013 3.5752850000000005 4.7826915000000012 119.35416666666667 1.6016060000000001 0.59592000000000012 0.82393800000000017 0.32702150000000002 2.1412295000000006 2.8481295000000006 0.99102025000000016
decision_type=2 2 2 2 2 2 2 2 2 2 2
left_child=1 4 3 -3 5 7 -7 -1 10 -10 -6
right_child=-2 2 -4 -5 8 6 -8 -9 9 -11 -12
leaf_value=0.0093792354438541753 0.04713106877884865 -0.065374292866736836 0.013426406956405602 0.0088761233953982173 -0.013562151272351731 -0.064901174825139782 0.0073591776723986426 0.040440000512635646 -0.0067687460274854548 0.024452234439205914 0.041336113791082804
leaf_weight=33.386152520775795 7.8244824409484854 6.3686481565237063 15.379731334745882 3.9656551666557789 6.7661576792597762 7.1791929826140395 47.103409379720688 30.373466119170189 26.029895909130573 119.57074809074402 49.494626276195049
leaf_count=86 12 38 39 13 35 44 128 46 88 273 77
internal_value=0.0178756 0.0172133 -0.00679208 -0.0368817 0.0191429 0.0120478 -0.00219768 0.0241758 0.0232919 0.0188707 0.0347338
internal_weight=353.442 345.618 25.714 10.3343 319.904 118.042 54.2826 63.7596 201.861 145.601 56.2608
internal_count=879 867 90 51 777 304 172 132 473 361 112
is_linear=0
shrinkage=0.05


Tree=31
num_leaves=7
num_cat=0
split_feature=11 11 4 4 2 11
split_gain=2.81712 8.06676 3.14771 8.10622 9.44853 2.23462
threshold=0.0011941075000000002 0.0010923950000000001 0.10891950000000002 0.29836125000000008 0.35375400000000007 0.00022197500000000002
decision_type=2 2 2 2 2 2
left_child=1 2 -1 5 -5 -4
right_child=-2 -3 3 4 -6 -7
leaf_value=0.044825532733170137 -0.0085792969699619616 0.059419910949756988 0.00015109482537285773 0.059932460054084848 0.01559309375363048 -0.035796223218344199
leaf_weight=9.4356336295604688 10.450422357767819 11.245946779847143 8.6697698086500186 12.530302494764326 292.18708635494113 8.6233949214220029
leaf_count=19 33 12 23 17 744 31
internal_value=0.0169938 0.0177736 0.0163606 0.0155265 0.0174164 -0.0177744
internal_weight=353.143 342.692 331.446 322.011 304.717 17.2932
internal_count=879 846 834 815 761 54
is_linear=0
shrinkage=0.05


Tree=32
num_leaves=17
num_cat=0
split_feature=6 11 8 2 2 11 2 2 4 2 2 11 4 2 4 4
split_gain=2.69311 4.89026 6.25695 4.09771 8.37452 8.92678 6.68203 16.1125 7.04163 6.88174 6.30732 5.98205 4.52098 8.16181 3.87954 0.492828
threshold=1.5000000000000002 0.00021760500000000003 0.41665000000000002 1.6016060000000001 1.3269460000000002 0.00018057000000000004 2.2924535000000001 2.8481295000000006 0.99102025000000016 2.5176025000000002 3.5746760000000006 3.0335000000000003e-05 1.1745093333333336 1.0088520000000003 1.9860157500000002 2.4566905000000001
decision_type=2 2 2 2 2 2 2 2 2 2 2 2 2 2 2 2
left_child=3 15 14 4 12 -6 8 9 -5 -8 -9 -10 13 -1 -3 -2
right_child=1 2 -4 6 5 -7 7 10 11 -11 -12 -13 -14 -15 -16 -17
leaf_value=0.016598510437094271 -0.032625916292476513 0.014722081312734107 0.043048851515765284 -0.013002505807857449 0.0051284204448997376 -0.078224734399382614 0.002883209533561784 0.037974132282482559 -0.075821531089031224 -0.075604057961829396 0.013798995510280547 0.043988724331094103 0.050223076668977878 -0.0360058114305963 -0.033773125714541212 -0.011713041450550373
leaf_weight=80.914741534739733 6.5383599624037725 10.574723437428476 11.768063612282278 6.6074516661465159 8.3900925442576391 5.2047163695096961 4.9730189591646177 38.316706590354443 1.0625558793544758 6.3703070655465126 91.192802950739861 53.444938071072102 8.3782976418733579 8.1129977554082853 6.7606013789772978 4.9498383104801178
leaf_count=200 23 25 22 34 21 24 17 70 5 34 240 80 13 30 23 18
internal_value=0.0161243 0.00400722 0.0149109 0.0176959 0.00997851 -0.026783 0.0219373 0.0159466 0.0357441 -0.0411945 0.0209515 0.0416532 0.0151093 0.0118047 -0.00419056 -0.0236153
internal_weight=353.56 40.5916 29.1034 312.969 111.001 13.5948 201.968 140.853 61.1149 11.3433 129.51 54.5075 97.406 89.0277 17.3353 11.4882
internal_count=879 111 70 768 288 45 480 361 119 51 310 85 243 230 48 41
is_linear=0
shrinkage=0.05


Tree=33
num_leaves=10
num_cat=0
split_feature=2 4 11 2 11 11 11 2 11
split_gain=2.64297 5.72904 3.57703 20.7841 10.0825 13.1737 9.65084 8.85841 0.0281007
threshold=11.365189000000001 5.2451595000000006 0.00016342000000000003 4.9074305000000011 0.00027147000000000006 0.00032566250000000006 8.1595000000000021e-05 0.10891950000000002 7.2362500000000017e-05
decision_type=2 2 2 2 2 2 2 2 2
left_child=1 2 3 6 7 -6 -1 -4 -5
right_child=-2 -3 4 8 5 -7 -8 -9 -10
leaf_value=0.028610885876364307 0.040871484306361401 -0.027792787290841722 0.10644235623427674 -0.069184649996247058 -0.032108427358928923 0.016721585753421524 -0.0055790993363203957 0.030767328619551844 -0.075421563799514868
leaf_weight=49.061168994754553 9.8396613374352437 7.7927030324935904 4.1278960257768622 3.0708546228706828 15.089565366506575 163.21140476316214 35.628806985914707 61.220146000385284 4.3846587985754013
leaf_count=113 15 28 3 20 54 398 102 121 25
internal_value=0.0153213 0.0145896 0.0155731 0.00718161 0.0187467 0.0125891 0.0142273 0.0355476 -0.0728526
internal_weight=353.427 343.587 335.795 92.1455 243.649 178.301 84.69 65.348 7.45551
internal_count=879 864 836 260 576 452 215 124 45
is_linear=0
shrinkage=0.05


Tree=34
num_leaves=10
num_cat=0
split_feature=4 4 4 11 4 11 11 11 2
split_gain=2.65723 5.31119 5.76552 4.99145 3.42649 2.73092 5.71721 5.1703 0.0306522
threshold=7.2708355000000013 3.5752850000000005 4.7826915000000012 0.00054733000000000006 3.3836710000000001 0.0007511550000000002 0.00034772250000000008 0.0011941075000000002 7.5628340000000014
decision_type=2 2 2 2 2 2 2 2 2
left_child=1 4 3 8 5 6 -1 -7 -3
right_child=-2 2 -4 -5 -6 7 -8 -9 -10
leaf_value=0.017491925944775926 0.043495657562528982 -0.061600781532732164 0.011325826542466041 0.0066057656699317685 0.043784322554843505 0.031670562963203808 0.0012043610613711236 -0.0077962076820135787 -0.068611598705634755
leaf_weight=175.17952727898955 7.7555475533008567 3.1874069720506686 15.394938200712202 3.984672486782074 10.472246706485747 46.519534230232239 77.808916542679071 10.100054282695053 3.0518050082027912
leaf_count=419 12 21 39 11 15 88 224 31 19
internal_value=0.0145515 0.0139022 -0.00800403 -0.0371106 0.0156555 0.0147041 0.0124825 0.0246303 -0.06503
internal_weight=353.455 345.699 25.6188 10.2239 320.08 309.608 252.988 56.6196 6.23921
internal_count=879 867 90 51 777 762 643 119 40
is_linear=0
shrinkage=0.05


Tree=35
num_leaves=10
num_cat=0
split_feature=5 11 11 4 5 2 2 7 4
split_gain=2.45494 6.63695 7.55194 8.20545 4.10958 3.95229 21.0002 6.82675 4.01976
threshold=181.97916666666669 0.00042544500000000004 0.00038899000000000003 1.1541642500000002 167.47916666666671 8.525443000000001 6.1347245000000017 2.5000000000000004 2.7177885833333337
decision_type=2 2 2 2 2 2 2 2 2
left_child=4 2 3 -2 5 6 7 -1 -8
right_child=1 -3 -4 -5 -6 -7 8 -9 -10
leaf_value=0.011459422479566895 0.026796984479815728 -0.05920622304922734 0.06438273992272063 -0.06338450585153467 0.039112553670187261 0.034025647395217594 -0.018562374603560926 0.032803253236172697 -0.076632932701153511
leaf_weight=239.07005185633898 5.8568633161485213 4.1895848102867594 4.7136450856924048 4.4303883165121078 16.551621526479721 21.954685255885124 5.1537468135356885 44.425274327397346 7.0657582134008408
leaf_count=577 20 39 6 38 32 37 15 80 35
internal_value=0.0138244 -0.00356655 0.011973 -0.0120413 0.014823 0.0135574 0.0120378 0.0148041 -0.0521409
internal_weight=353.412 19.1905 15.0009 10.2873 334.221 317.67 295.715 283.495 12.2195
internal_count=879 103 64 58 776 744 707 657 50
is_linear=0
shrinkage=0.05


Tree=36
num_leaves=14
num_cat=0
split_feature=4 5 11 11 4 4 11 4 2 11 11 4 5
split_gain=2.49676 16.5516 9.93894 15.8166 15.1714 7.52561 6.32579 11.6779 10.1933 5.96849 6.93594 4.38555 0.0299729
threshold=0.99102025000000016 104.41666666666667 8.5560000000000001e-05 0.00018543000000000002 0.59523700000000013 1.0396532500000002 9.7820000000000022e-05 2.2278320000000007 2.2154710000000004 0.00012618250000000003 0.00017055500000000002 4.3919775000000003 168.02465277777779
decision_type=2 2 2 2 2 2 2 2 2 2 2 2 2
left_child=1 2 -1 -4 -5 -2 7 8 -7 -8 -11 -9 -3
right_child=5 12 3 4 -6 6 9 11 -10 10 -12 -13 -14
leaf_value=0.043681887622337046 0.050495755790056454 -0.067261664149658978 -0.05286351798241861 0.027004586641313388 -0.037356288122138634 -0.023577846711465095 0.048700490666157933 -0.069743158228984012 0.04029515067111835 -0.014832503427639554 0.017756951313427263 -0.0053426135293753903 -0.060845715320674204
leaf_weight=19.596429497003555 14.639067180454729 4.5401830524206153 10.590468719601629 44.509831503033638 11.527751252055166 10.778595358133318 13.852201126515864 7.5031206645071489 14.854614488780497 18.000565409660339 175.54431203007698 4.0815719813108444 3.0385970734059811
leaf_count=34 20 25 39 87 55 30 23 46 33 54 389 12 32
internal_value=0.0131438 0.00615362 0.0123804 0.00317413 0.0137646 0.015673 0.013589 -0.00539162 0.013437 0.0169952 0.014726 -0.0470533 -0.0646893
internal_weight=353.057 93.8033 86.2245 66.6281 56.0376 259.254 244.615 37.2179 25.6332 207.397 193.545 11.5847 7.57878
internal_count=879 272 215 181 142 607 587 121 63 466 443 58 57
is_linear=0
shrinkage=0.05


Tree=37
num_leaves=7
num_cat=0
split_feature=11 11 11 11 11 4
split_gain=2.39469 7.49139 3.072 4.86159 6.27074 3.25147
threshold=0.0011941075000000002 0.0010923950000000001 0.00093925500000000006 0.0007511550000000002 0.00035958000000000002 1.9616487500000004
decision_type=2 2 2 2 2 2
left_child=1 2 3 4 -1 -5
right_child=-2 -3 -4 5 -6 -7
leaf_value=0.015553461541993663 -0.011028882439898221 0.053930720661967441 -0.014721008111075577 0.014190157336497533 -0.00053594638542921169 0.048155084702839981
leaf_weight=206.45729137584567 10.488420110195873 10.941851273179052 10.508375581353901 13.059229314327242 85.695573970675468 15.303391098976133
leaf_count=501 33 12 33 30 249 21
internal_value=0.0125043 0.013226 0.0118806 0.0127527 0.010834 0.0325163
internal_weight=352.454 341.966 331.024 320.515 292.153 28.3626
internal_count=879 846 834 801 750 51
is_linear=0
shrinkage=0.05


Tree=38
num_leaves=7
num_cat=0
split_feature=2 4 4 4 5 11
split_gain=2.37331 5.09906 3.40068 7.53488 4.66731 3.51825
threshold=11.365189000000001 5.2451595000000006 4.7826915000000012 3.5752850000000005 84.578125000000014 0.00016342000000000003
decision_type=2 2 2 2 2 2
left_child=1 2 3 5 -5 -1
right_child=-2 -3 -4 4 -6 -7
leaf_value=0.0040437517634452011 0.036428101838396731 -0.028858765305767226 0.043151177219982767 -0.063096422993650508 0.0090633829735202696 0.015841014130340069
leaf_weight=87.125518091022968 9.5785777047276479 7.7661302238702765 8.6037821471691114 5.4110644310712797 3.8248366042971611 230.11891029402614
leaf_count=241 15 28 15 35 12 533
internal_value=0.0118803 0.0111945 0.0121228 0.0113051 -0.0332131 0.0126011
internal_weight=352.429 342.85 335.084 326.48 9.2359 317.244
internal_count=879 864 836 821 47 774
is_linear=0
shrinkage=0.05


Tree=39
num_leaves=15
num_cat=0
split_feature=2 7 2 4 11 2 2 11 11 11 11 11 2 4
split_gain=2.29899 6.80096 15.9671 7.80793 6.54344 7.90836 4.9633 8.88357 7.80754 9.992 6.28158 6.80092 6.64511 1.05045
threshold=1.6016060000000001 2.5000000000000004 1.0199995000000002 1.2188640833333335 8.5560000000000001e-05 0.96120900000000009 2.1412295000000006 0.00088190000000000002 0.0007511550000000002 0.00064194000000000013 0.00050510000000000008 0.00016963000000000001 1.9039975000000002 1.4220365000000001
decision_type=2 2 2 2 2 2 2 2 2 2 2 2 2 2
left_child=1 2 4 -4 -1 -6 10 8 9 -8 11 -2 -13 -5
right_child=6 -3 3 13 5 -7 7 -9 -10 -11 -12 12 -14 -15
leaf_value=0.041881913189807454 0.034191488021567386 0.031608338339232038 -0.077513212997632558 -0.030875875146211054 -0.0029181307679929116 0.050468339423918401 0.012691928399392356 -0.034303903726540644 0.047232372548526073 -0.041950652662636104 0.051839996348881347 -0.043659448390469535 0.020337703801704788 -0.0049937137557204215
leaf_weight=14.309610858559607 21.561513286083937 20.754166498780251 7.5794509761035469 6.7953501194715527 51.741208996623755 8.0108841657638532 143.69251517951488 10.596325781196354 15.072303034365175 8.8834558315575105 17.659608088433743 7.3928987495601204 8.987108610570429 9.2656091302633268
leaf_count=25 38 38 37 21 147 12 374 35 21 33 28 28 18 24
internal_value=0.0112892 0.0056142 9.24495e-05 -0.0356842 0.0115123 0.00423932 0.0141639 0.0100955 0.0129018 0.00951046 0.0272063 0.0157407 -0.00854656 -0.0159444
internal_weight=352.302 118.456 97.7021 23.6404 74.0617 59.7521 233.846 178.245 167.648 152.576 55.6011 37.9415 16.38 16.061
internal_count=879 304 266 82 184 159 575 463 428 407 112 84 46 45
is_linear=0
shrinkage=0.05


Tree=40
num_leaves=16
num_cat=0
split_feature=6 8 11 2 2 11 2 2 11 4 11 11 4 2 4
split_gain=2.28373 4.46507 4.16242 3.71845 6.58708 8.1107 5.83094 14.0603 6.35102 5.9332 5.35815 5.05281 4.26013 6.78744 0.604478
threshold=1.5000000000000002 0.41665000000000002 0.00025772000000000007 1.6016060000000001 1.3269460000000002 0.00018057000000000004 2.2924535000000001 2.8481295000000006 0.00016963000000000001 0.99102025000000016 3.0335000000000003e-05 0.00035958000000000002 1.1745093333333336 1.0088520000000003 2.2219772500000006
decision_type=2 2 2 2 2 2 2 2 2 2 2 2 2 2 2
left_child=3 2 -2 4 12 -6 9 8 -8 -5 -11 -9 13 -1 -4
right_child=1 -3 14 6 5 -7 7 11 -10 10 -12 -13 -14 -15 -16
leaf_value=0.010491499520375256 0.0060541516763455228 0.023187918999435331 -0.042552118886840518 -0.015376629921718227 0.0022844055518603103 -0.077661115899923014 0.0010561123331161192 0.023531427327069827 -0.074562339346278664 -0.07663489559884841 0.036959016352892018 0.0033319805472949177 0.043407382698255191 -0.037813271343146798 -0.020189614072078213
leaf_weight=81.344822090119123 14.4946007989347 13.348876722157 7.3372946381568891 6.637782495468854 8.4079110100865346 5.0950992219150057 4.807261146605013 76.546005763113499 6.5736720338463783 1.0589427649974812 52.778736539185047 51.985262639820576 8.4048139750957471 7.9861650504171839 5.138001948595047
leaf_count=200 39 30 26 34 21 24 17 177 34 5 80 133 13 30 16
internal_value=0.0107344 -0.000462974 -0.0121691 0.0121832 0.00485256 -0.0278815 0.0162526 0.0106451 -0.0426214 0.0292256 0.0347247 0.0153616 0.00937504 0.00617307 -0.033342
internal_weight=351.945 40.3188 26.9699 311.626 111.239 13.503 200.388 139.912 11.3809 60.4755 53.8377 128.531 97.7358 89.331 12.4753
internal_count=879 111 81 768 288 45 480 361 51 119 85 310 243 230 42
is_linear=0
shrinkage=0.05


Tree=41
num_leaves=9
num_cat=0
split_feature=11 11 4 2 11 4 11 2
split_gain=2.24482 7.15146 2.48776 16.9399 9.06594 6.75101 5.50938 0.00890241
threshold=0.0011941075000000002 0.0010923950000000001 0.99102025000000016 0.9862335000000001 8.5560000000000001e-05 1.0396532500000002 9.7820000000000022e-05 1.6992135000000002
decision_type=2 2 2 2 2 2 2 2
left_child=1 2 3 4 -1 -4 -7 -5
right_child=-2 -3 5 7 -6 6 -8 -9
leaf_value=0.039355158265368777 -0.012624115799335528 0.050964652684772016 0.045381203708836547 -0.065147464397442359 -0.00029992847550876586 -0.0075655025660517922 0.013452268582122251 -0.061855051914700455
leaf_weight=19.395021498203278 10.442548163235186 10.791290804743765 14.384345173835753 3.2127873264253122 56.110187735408545 37.140939049422741 194.25465492159128 5.6882203035056591
leaf_count=33 33 12 20 21 155 121 441 43
internal_value=0.0102112 0.0109105 0.00960146 0.00219551 0.00988627 0.0121448 0.0100787 -0.0630434
internal_weight=351.42 340.977 330.186 84.4062 75.5052 245.78 231.396 8.90101
internal_count=879 846 834 252 188 582 562 64
is_linear=0
shrinkage=0.05


Tree=42
num_leaves=10
num_cat=0
split_feature=11 11 11 4 4 4 5 2 4
split_gain=2.18178 11.1046 14.4016 12.1074 7.19244 9.47498 7.05821 4.83978 5.38195
threshold=6.6065000000000012e-05 8.1595000000000021e-05 0.00010849750000000001 1.7863220000000002 0.10891950000000002 0.29836125000000008 119.4791666666667 0.89253150000000014 2.2219772500000006
decision_type=2 2 2 2 2 2 2 2 2
left_child=6 -2 3 -3 -4 -6 7 -1 -9
right_child=1 2 4 -5 5 -7 -8 8 -10
leaf_value=0.013815513650592246 0.048931719560476414 -0.090811693361185761 0.057796222932940261 0.0020165665002302739 -0.031229446184415921 0.011960072621557575 0.038129093240399203 -0.054251718000459706 -0.00033435245387081062
leaf_weight=10.414045035839083 18.2496203109622 6.4776776134967786 8.051338315010069 7.6738838329911232 13.35234325006604 259.43346639350057 8.5933192744851095 9.792746916413309 8.7761479541659337
leaf_count=23 32 29 12 23 44 627 26 34 29
internal_value=0.00971661 0.0110823 0.00874074 -0.0404743 0.0112207 0.00984603 -0.00166799 -0.0134677 -0.028769
internal_weight=350.815 313.238 294.989 14.1516 280.837 272.786 37.5763 28.9829 18.5689
internal_count=879 767 735 52 683 671 112 86 63
is_linear=0
shrinkage=0.05


Tree=43
num_leaves=6
num_cat=0
split_feature=2 4 11 11 11
split_gain=2.18959 4.69391 3.52085 3.68428 5.77532
threshold=11.365189000000001 5.2451595000000006 2.1920000000000004e-05 3.2410000000000003e-05 6.6065000000000012e-05
decision_type=2 2 2 2 2
left_child=1 2 -1 -4 -5
right_child=-2 -3 3 4 -6
leaf_value=-0.024787889760180978 0.033016597153737365 -0.029761266352508527 0.039545072669078807 -0.019359597084806821 0.010874839564034218
leaf_weight=7.3344044014811507 9.4158947691321355 7.8021292313933364 10.385244958102701 16.675197433680296 299.14114063233137
leaf_count=30 15 28 16 59 731
internal_value=0.00923111 0.00857498 0.00947174 0.010242 0.00927845
internal_weight=350.754 341.338 333.536 326.202 315.816
internal_count=879 864 836 806 790
is_linear=0
shrinkage=0.05


Tree=44
num_leaves=6
num_cat=0
split_feature=4 4 4 4 2
split_gain=2.71241 3.08919 3.78456 7.3441 8.61474
threshold=0.041898500000000005 0.15433350000000004 0.196744 0.29836125000000008 0.35375400000000007
decision_type=2 2 2 2 2
left_child=-1 -2 -3 -4 -5
right_child=1 2 3 4 -6
leaf_value=0.058774996607420728 -0.017582765756934914 0.043642430621494026 -0.039448688462042025 0.050267063025414595 0.0079425277474242974
leaf_weight=2.6914799362421027 11.086037114262579 7.8097887933254233 7.8203990012407294 12.509861841797827 308.65303880348802
leaf_count=4 32 12 28 17 786
internal_value=0.00877404 0.00838719 0.00924203 0.0084254 0.00959114
internal_weight=350.571 347.879 336.793 328.983 321.163
internal_count=879 875 843 831 803
is_linear=0
shrinkage=0.05


Tree=45
num_leaves=17
num_cat=0
split_feature=6 11 8 2 2 11 2 2 11 4 2 11 4 2 4 4
split_gain=2.14327 4.56954 5.32822 3.4064 5.72967 7.57438 5.63947 12.6082 6.81661 5.02077 4.85568 4.57276 3.94205 6.0369 3.32714 0.588389
threshold=1.5000000000000002 0.00021760500000000003 0.41665000000000002 1.6016060000000001 1.3269460000000002 0.00018057000000000004 2.2924535000000001 2.8481295000000006 0.00016253500000000003 0.99102025000000016 3.5746760000000006 3.0335000000000003e-05 1.1745093333333336 1.0088520000000003 1.9860157500000002 2.4566905000000001
decision_type=2 2 2 2 2 2 2 2 2 2 2 2 2 2 2 2
left_child=3 15 14 4 12 -6 9 8 -8 -5 -9 -11 13 -1 -3 -2
right_child=1 2 -4 6 5 -7 7 10 -10 11 -12 -13 -14 -15 -16 -17
leaf_value=0.007907469178693196 -0.039289772997680314 0.007861217242048666 0.033767252301523012 -0.014992603466302554 0.0010755290822003756 -0.076686121573052768 0.0045868595467553263 0.027587449619895246 -0.074557424517862916 -0.07352668254936455 0.0062948935736691584 0.033615654105088398 0.039685703574198539 -0.037855162896201944 -0.037313782728805527 -0.016257055210421666
leaf_weight=81.156760413199663 6.4824264459311944 10.40053002536297 11.862195469439031 6.4950428791344157 8.3876669630408269 4.9972394481301299 4.5724026262760145 38.058621220290661 6.7177943885326385 1.0152146667242039 90.313210528343916 52.222443610429764 8.3945439606904966 7.9089298509061328 6.7023929804563513 4.8452760241925716
leaf_count=200 23 25 22 34 21 24 16 70 35 5 240 80 13 30 23 18
internal_value=0.00833614 -0.00251261 0.00801733 0.00974513 0.00271817 -0.0279567 0.0136515 0.00815228 -0.0425049 0.0265092 0.0126075 0.0315725 0.00693097 0.0038438 -0.00984222 -0.0294378
internal_weight=350.533 40.2928 28.9651 310.24 110.845 13.3849 199.395 139.662 11.2902 59.7327 128.372 53.2377 97.4602 89.0657 17.1029 11.3277
internal_count=879 111 70 768 288 45 480 361 51 119 310 85 243 230 48 41
is_linear=0
shrinkage=0.05


Tree=46
num_leaves=12
num_cat=0
split_feature=5 11 5 11 4 2 2 11 4 11 2
split_gain=2.14868 6.88548 6.04892 6.00997 9.38951 3.6094 18.0393 5.50266 4.04364 0.159789 0.0154406
threshold=174.64583333333337 0.00042544500000000004 167.47916666666671 0.00033131000000000008 1.1541642500000002 8.525443000000001 6.1347245000000017 0.00062196083333330011 2.6240730000000005 0.00015372000000000001 4.1511240000000011
decision_type=2 2 2 2 2 2 2 2 2 2 2
left_child=2 3 5 4 -2 6 7 -1 -8 -6 -3
right_child=1 10 -4 -5 9 -7 8 -9 -10 -11 -12
leaf_value=0.0045734883518728257 0.029592294492893235 -0.056973794513480662 0.043816129714191014 0.039565411625719554 -0.057946132727532663 0.027408120974532137 -0.017327319862096936 0.020438446709577691 -0.076717092818552379 -0.075694162367144754 -0.062641057289882937
leaf_weight=206.57133331894875 5.2001910470426136 2.285623110830783 12.00393797457218 8.0599310547113401 3.0318279452621937 21.535440742969513 4.6848424226045591 74.319448195397854 7.3826004639267921 2.1801393404603004 2.5347375646233559
leaf_count=506 18 27 16 14 30 37 13 151 37 13 17
internal_value=0.00793466 -0.00673719 0.00898135 0.0071499 -0.0179426 0.00765174 0.00619944 0.00877112 -0.0536607 -0.06537 -0.0599539
internal_weight=349.79 23.2925 326.498 18.4721 10.4122 314.494 292.958 280.891 12.0674 5.21197 4.82036
internal_count=879 119 760 75 61 744 707 657 50 43 44
is_linear=0
shrinkage=0.05


Tree=47
num_leaves=10
num_cat=0
split_feature=4 4 11 11 4 4 11 4 2
split_gain=2.37659 2.92874 13.2052 17.9011 12.2217 4.76084 17.5675 6.18338 0.0501358
threshold=0.041898500000000005 0.32702150000000002 0.00093075000000000005 0.00020058000000000003 0.35376100000000005 0.99102025000000016 8.2725000000000019e-05 1.0396532500000002 0.20064900000000005
decision_type=2 2 2 2 2 2 2 2 2
left_child=-1 2 3 -2 -3 6 -6 -7 -5
right_child=1 4 -4 8 5 7 -8 -9 -10
leaf_value=0.054156831396035089 0.0079266635740238792 0.068473255337751907 0.050094827638255117 -0.084755756970492285 0.041718253083494111 0.04195179703184574 -0.025020547243391134 0.0079065478216874523 -0.077310017429658109
leaf_weight=2.7142295241355887 15.096592523157602 8.3114234581589681 7.6213783323764792 4.5168066024780256 13.489672243595122 14.114781931042669 36.649982867762446 241.97765156626701 4.5266114436089993
leaf_count=4 36 8 12 19 26 20 146 587 21
internal_value=0.00755229 0.00718702 -0.00728307 -0.0253982 0.00864816 0.00702445 -0.00706501 0.00978298 -0.0810289
internal_weight=349.019 346.305 31.7614 24.14 314.544 306.232 50.1397 256.092 9.04342
internal_count=879 875 88 76 787 779 172 607 40
is_linear=0
shrinkage=0.05


Tree=48
num_leaves=9
num_cat=0
split_feature=11 11 11 11 11 4 11 11
split_gain=2.17087 6.66706 2.71643 13.5019 12.2416 11.7593 9.83537 7.05996
threshold=0.0011941075000000002 0.0010923950000000001 0.00035958000000000002 0.00033770000000000008 0.00040891500000000009 1.1541642500000002 0.00027147000000000006 0.00043576500000000001
decision_type=2 2 2 2 2 2 2 2
left_child=1 2 3 6 5 -4 -1 -6
right_child=-2 -3 4 -5 7 -7 -8 -9
leaf_value=0.01056219956733475 -0.015261713556398444 0.047129220915974421 0.0042015765033504449 0.053532821077791851 0.041569288437177804 -0.085295447555365597 -0.024715582755555465 0.0019106045169821645
leaf_weight=165.47772841900587 10.447322718799112 10.483991086483 7.0998716652393323 16.493281051516533 12.712819986045359 7.5983036607503891 22.436097778379917 95.686075434088707
leaf_count=408 33 12 20 21 21 34 72 258
internal_value=0.00718609 0.00787996 0.00662352 0.0101573 0.000755591 -0.0420644 0.00635018 0.0065617
internal_weight=348.435 337.988 327.504 204.407 123.097 14.6982 187.914 108.399
internal_count=879 846 834 501 333 54 480 279
is_linear=0
shrinkage=0.05


Tree=49
num_leaves=16
num_cat=0
split_feature=11 11 4 4 4 5 11 11 4 11 2 2 5 2 5
split_gain=1.99781 10.407 8.45687 8.51786 11.6621 8.18124 8.98303 7.94867 5.76971 5.36029 4.57407 4.19368 22.789 10.8625 0.893541
threshold=0.00016342000000000003 0.00014229500000000005 0.10891950000000002 1.0016717500000003 0.59523700000000013 126.29166666666667 3.2410000000000003e-05 0.00097667000000000023 0.29836125000000008 0.00018543000000000002 4.9870265000000016 3.0991410000000004 14.573958333333335 1.7725810000000002 168.45833333333334
decision_type=2 2 2 2 2 2 2 2 2 2 2 2 2 2 2
left_child=1 5 -2 4 8 11 -7 -6 -4 -5 -11 13 -13 -1 -8
right_child=2 -3 3 9 7 6 14 -9 -10 10 -12 12 -14 -15 -16
leaf_value=-0.0004664474748966032 0.061082325469946734 -0.054251193155262535 -0.025168267693657154 0.041423016182695352 -0.066784207440009111 0.035106668159644687 -0.09707046560905154 0.017435678829750084 0.016843523669652513 0.0046290872488909188 0.022253195322230388 0.030507646679539986 -0.082827378123314033 0.041345602915155724 -0.057901274984835209
leaf_weight=38.358216464519501 7.6258724629878989 7.8866692297160617 11.510067224502562 14.967031821608542 11.700749561190603 2.6682088151574117 2.6434258073568344 3.6835790276527396 28.183272879570723 116.21876506134868 53.884704135358334 12.376825027167799 6.9127616658806792 26.104744672775269 3.2413879297673702
leaf_count=93 10 32 37 21 73 7 11 12 60 275 111 27 33 43 34
internal_value=0.00683593 0.00087809 0.0092451 0.00759902 -0.0096624 0.00558838 -0.0409922 -0.0466188 0.00466116 0.0127361 0.010212 0.0103453 -0.0101079 0.0164656 -0.0754959
internal_weight=347.966 100.192 247.774 240.148 55.0777 92.3056 8.55302 15.3843 39.6933 185.071 170.103 83.7525 19.2896 64.463 5.88481
internal_count=879 280 599 589 182 248 52 85 97 407 386 196 60 136 45
is_linear=0
shrinkage=0.05


Tree=50
num_leaves=7
num_cat=0
split_feature=11 11 11 11 11 3
split_gain=1.97493 6.15427 2.44817 4.02097 5.1135 2.89497
threshold=0.0011941075000000002 0.0010923950000000001 0.00093925500000000006 0.0007511550000000002 0.00035958000000000002 1.5000000000000002
decision_type=2 2 2 2 2 2
left_child=1 2 3 4 -1 -5
right_child=-2 -3 -4 5 -6 -7
leaf_value=0.0093047678992044872 -0.014907493987869658 0.045155013734653776 -0.017833474440358845 0.039639083161489876 -0.0053215293959325638 0.0070972976384812321
leaf_weight=203.56979596614838 10.440847754478453 10.337522119283674 10.456064749509094 15.177362799644472 84.587335197255015 12.433052748441694
leaf_count=501 33 12 33 22 249 29
internal_value=0.00650881 0.00717319 0.0059696 0.0067578 0.00501128 0.0249854
internal_weight=347.002 336.561 326.224 315.768 288.157 27.6104
internal_count=879 846 834 801 750 51
is_linear=0
shrinkage=0.05


Tree=51
num_leaves=7
num_cat=0
split_feature=2 2 2 4 2 11
split_gain=1.95045 3.50336 7.0474 7.53857 7.80043 2.93806
threshold=11.365189000000001 9.2279905000000024 8.4197765000000029 3.5361361666666666 5.2115585000000006 0.0007511550000000002
decision_type=2 2 2 2 2 2
left_child=1 2 3 5 -5 -1
right_child=-2 -3 -4 4 -6 -7
leaf_value=0.0047338827757485158 0.029025258984655123 -0.024359323992164551 0.054067142583774819 -5.8771424364843908e-05 -0.071340434365370228 0.017378483479970664
leaf_weight=248.03718177974224 9.1048878654837591 9.5003041923046094 7.5875113420188418 9.7789891511201876 6.317371003329753 56.382725929841399
leaf_count=635 15 30 12 34 34 119
internal_value=0.0061892 0.00557333 0.00644004 0.00531257 -0.0280348 0.00707584
internal_weight=346.709 337.604 328.104 320.516 16.0964 304.42
internal_count=879 864 834 822 68 754
is_linear=0
shrinkage=0.05


Tree=52
num_leaves=7
num_cat=0
split_feature=11 11 11 4 4 2
split_gain=1.87538 5.52372 2.31963 3.45244 14.7706 7.80132
threshold=0.0011941075000000002 0.0010923950000000001 0.00093925500000000006 0.32702150000000002 0.35376100000000005 0.10891950000000002
decision_type=2 2 2 2 2 2
left_child=1 2 3 5 -5 -1
right_child=-2 -3 -4 4 -6 -7
leaf_value=0.025793504963101829 -0.014985952863149583 0.042874033579678034 -0.017772256672865454 0.076367795696710178 0.005945003759767086 -0.029192382690795788
leaf_weight=9.8062055259943026 10.439318258315323 10.140711948275564 10.4516754001379 7.6499296203255644 279.04080289788544 18.85149135440588
leaf_count=19 33 12 33 6 714 62
internal_value=0.00588459 0.00653314 0.005402 0.00617007 0.00782413 -0.0103771
internal_weight=346.38 335.941 325.8 315.348 286.691 28.6577
internal_count=879 846 834 801 720 81
is_linear=0
shrinkage=0.05


Tree=53
num_leaves=16
num_cat=0
split_feature=11 11 5 11 4 4 4 11 11 4 2 2 5 2 5
split_gain=1.82902 9.46764 7.43976 8.27836 7.34005 8.26555 10.6788 6.9971 4.84682 4.81759 4.28853 3.79727 20.8229 9.81421 0.743372
threshold=0.00016342000000000003 0.00014229500000000005 126.29166666666667 3.2410000000000003e-05 0.10891950000000002 1.0016717500000003 0.59523700000000013 0.00097667000000000023 0.00018543000000000002 0.29836125000000008 4.9870265000000016 3.0991410000000004 14.573958333333335 1.7725810000000002 168.45833333333334
decision_type=2 2 2 2 2 2 2 2 2 2 2 2 2 2 2
left_child=1 2 11 -4 -2 6 9 -8 -7 -6 -10 13 -13 -1 -5
right_child=4 -3 3 14 5 8 7 -9 10 -11 -12 12 -14 -15 -16
leaf_value=-0.0013623832112639352 0.056136205858226811 -0.052883621085976218 0.032550212485711265 -0.093685521233457622 -0.024485265839164785 0.038823894527055751 -0.066008694082800023 0.013412908064356931 0.0036081134653537942 0.014127887125685329 0.020711516686126988 0.027977152891630691 -0.081054274590170228 0.038428093573126793 -0.05764567058908944
leaf_weight=38.344572201371193 7.6453300565481177 7.8325654976069918 2.6631489358842355 2.6221348494291306 11.373134922236202 14.832572802901266 11.360971411690114 3.6687294710427514 115.88004676997662 27.880088072270155 53.605167604982853 12.361350394785406 6.7813376709818831 26.00718928873539 3.1492234468460083
leaf_count=93 10 32 7 11 37 21 73 12 275 60 111 27 33 43 34
internal_value=0.00559731 -0.00011405 0.00438204 -0.040371 0.00791115 0.0063659 -0.0107824 -0.046622 0.0114162 0.0029402 0.00901762 0.00890294 -0.0106475 0.0147186 -0.0740199
internal_weight=346.008 99.7615 91.929 8.43451 246.246 238.601 54.2829 15.0297 184.318 39.2532 169.485 83.4944 19.1427 64.3518 5.77136
internal_count=879 280 248 52 599 589 182 85 407 97 386 196 60 136 45
is_linear=0
shrinkage=0.05


Tree=54
num_leaves=7
num_cat=0
split_feature=2 2 2 4 2 11
split_gain=1.83852 3.18465 6.21192 7.07667 7.29631 2.74013
threshold=11.365189000000001 9.2279905000000024 8.4197765000000029 3.5361361666666666 5.2115585000000006 0.0007511550000000002
decision_type=2 2 2 2 2 2
left_child=1 2 3 5 -5 -1
right_child=-2 -3 -4 4 -6 -7
leaf_value=0.00394586500021777 0.027625838482513845 -0.023876992729759704 0.050341996995669269 -0.0011438058364547936 -0.07052107913132738 0.016196629402397404
leaf_weight=246.94233077391982 9.0051907524466497 9.453097961843012 7.5648745819926253 9.8200457096099836 6.171388551592826 55.993897300213575
leaf_count=635 15 30 12 34 34 119
internal_value=0.00533051 0.00473287 0.00556123 0.00449904 -0.0279178 0.00621026
internal_weight=344.951 335.946 326.493 318.928 15.9914 302.936
internal_count=879 864 834 822 68 754
is_linear=0
shrinkage=0.05


Tree=55
num_leaves=9
num_cat=0
split_feature=11 11 11 11 11 4 7 11
split_gain=1.79111 4.98531 2.25255 12.3405 10.6404 11.1872 9.13862 6.40887
threshold=0.0011941075000000002 0.0010923950000000001 0.00035958000000000002 0.00033770000000000008 0.00040891500000000009 1.1541642500000002 2.5000000000000004 0.00042951000000000008
decision_type=2 2 2 2 2 2 2 2
left_child=1 2 3 6 5 -4 -1 -6
right_child=-2 -3 4 -5 7 -7 -8 -9
leaf_value=-0.00090080826462397032 -0.015318178345772693 0.040590147134577363 0.0044689426206854432 0.049739441332719313 0.043995813874378321 -0.083434909654438769 0.028158348118133777 0.0008989115746399802
leaf_weight=153.24764155223966 10.447129439562557 9.9371631294488889 7.0058783888816816 16.191716253757477 9.4593904539942724 7.4880875796079636 32.856086600571871 97.960514286532998
leaf_count=418 33 12 20 21 15 34 62 264
internal_value=0.00506854 0.00570593 0.00463671 0.00787212 -0.000731891 -0.0409452 0.0042295 0.00469402
internal_weight=344.594 334.146 324.209 202.295 121.914 14.494 186.104 107.42
internal_count=879 846 834 501 333 54 480 279
is_linear=0
shrinkage=0.05


Tree=56
num_leaves=17
num_cat=0
split_feature=2 2 11 2 2 7 4 2 2 11 11 11 11 4 11 11
split_gain=1.75831 5.77657 7.17281 6.9499 15.8572 6.34212 4.76209 6.44082 5.53082 8.6006 6.42939 4.07323 3.40911 5.02498 2.60878 0.00156227
threshold=1.4982915000000003 1.0199995000000002 8.5560000000000001e-05 0.96120900000000009 0.59592000000000012 1.5000000000000002 0.99102025000000016 1.6684035000000004 2.1412295000000006 0.00088190000000000002 0.0007511550000000002 3.0335000000000003e-05 0.00045371000000000007 1.3384640000000003 3.8160000000000007e-05 0.00028988250000000005
decision_type=2 2 2 2 2 2 2 2 2 2 2 2 2 2 2 2
left_child=1 2 -1 4 -4 12 7 -2 11 10 -10 -8 13 -3 -13 -9
right_child=6 5 3 -5 -6 -7 8 15 9 -11 -12 14 -14 -15 -16 -17
leaf_value=0.032399821743188416 0.029258549392512857 -0.086233130614350811 0.0030511596041088128 0.041686161818037568 -0.068159850464087096 0.018936968852057579 -0.08083931849458792 -0.061706858954598834 0.0039038394629721911 -0.041238122141840222 0.038662265256088769 0.082035226283735926 -0.005409092346386906 -0.018811099116984413 0.022317697063380004 -0.060031245536050694
leaf_weight=19.196743786334991 3.0674437731504423 5.9923490472137981 49.359297037124634 7.9152552336454383 9.2887154296040517 6.4509579688310614 0.93465025722980399 2.4983647428452969 148.71534139849246 9.7887185961008054 14.611380524933336 1.8968019485473622 4.9935989305376998 5.1289650946855545 51.035297363996506 3.1386203709989786
leaf_count=33 9 27 113 12 54 15 4 20 395 32 21 1 16 14 87 26
internal_value=0.00482352 -0.000449167 0.00547357 -0.00229192 -0.00822729 -0.0229581 0.00724694 -0.0290464 0.00863874 0.00428501 0.00701336 0.0226306 -0.0397291 -0.0551392 0.0244577 -0.0607739
internal_weight=344.013 108.326 85.76 66.5633 58.648 22.5659 235.687 8.70443 226.982 173.115 163.327 53.8667 16.1149 11.1213 52.9321 5.63699
internal_count=879 284 212 179 167 72 595 55 540 448 416 92 57 41 88 46
is_linear=0
shrinkage=0.05


Tree=57
num_leaves=10
num_cat=0
split_feature=11 11 11 4 11 0 11 4 11
split_gain=1.70353 9.53084 12.7998 9.80041 6.14413 4.93129 4.48846 2.80593 2.10945
threshold=6.6065000000000012e-05 8.1595000000000021e-05 0.00010849750000000001 1.7863220000000002 4.9035000000000007e-05 1.5000000000000002 2.1920000000000004e-05 1.5840565833333335 3.2410000000000003e-05
decision_type=2 2 2 2 2 2 2 2 2
left_child=4 -2 3 -3 6 7 -1 -4 -8
right_child=1 2 5 -5 -6 -7 8 -9 -10
leaf_value=-0.028172663167236347 0.041125463016399716 -0.088792492682898363 -0.0012044046223880544 -0.0043176271179122174 -0.046162301430038778 0.031935149612377041 0.032897396554812469 0.0092526614312216041 0.0017366897646950851
leaf_weight=7.6852078214287785 17.990217790007591 6.3824493624269945 123.0596826877445 7.4308804217725992 7.4373398870229712 17.153804147616029 10.172040402889253 134.00700848549604 11.653251644223927
leaf_count=32 32 29 342 23 32 37 16 304 32
internal_value=0.00459399 0.00581842 0.00361319 -0.0433492 -0.00554744 0.00597883 0.00468847 0.00424679 0.0162597
internal_weight=342.972 306.024 288.034 13.8133 36.9478 274.22 29.5105 257.067 21.8253
internal_count=879 767 735 52 112 683 80 646 48
is_linear=0
shrinkage=0.05


Tree=58
num_leaves=17
num_cat=0
split_feature=6 11 8 4 2 2 2 11 11 2 11 11 4 11 4 4
split_gain=1.69167 4.282 4.73156 3.06952 2.59999 5.0594 10.9003 6.84652 5.09147 4.92649 4.42397 8.97936 3.77339 5.15011 0.375153 0.343261
threshold=1.5000000000000002 0.00021760500000000003 0.41665000000000002 1.9860157500000002 1.6016060000000001 2.2924535000000001 2.8481295000000006 0.00015185250000000004 0.00035958000000000002 1.3269460000000002 0.00050510000000000008 0.00016963000000000001 1.1745093333333336 0.00021256000000000001 2.2854660000000009 1.4729800000000004
decision_type=2 2 2 2 2 2 2 2 2 2 2 2 2 2 2 2
left_child=4 14 3 -3 9 10 7 -7 -8 12 11 -6 13 -1 -2 -11
right_child=1 2 -4 -5 5 6 8 -9 -10 15 -12 -13 -14 -15 -16 -17
leaf_value=0.01359242193709879 -0.040183366582355287 0.0051047189993200228 0.029206963171767481 -0.038661487150378496 0.032051816283189684 0.0052621612539691604 0.016367443938317412 -0.074818412465719089 -0.0041643407569632767 -0.035989185733807341 0.040598954325662406 -0.017296929945273924 0.035609891383765399 -0.010830473688918988 -0.021664882247207702 -0.019679603421777676
leaf_weight=39.76952451467514 6.0394838377833349 10.150235600769522 11.751526825129988 6.6184250861406317 22.11535731330514 4.390986103564499 74.74961881712079 6.8061089627444744 50.657366137951612 7.6780373565852624 19.888306405395269 15.806071948260067 8.3059348016977292 47.208802524954081 4.9982433822005987 5.563904657959938
leaf_count=88 21 25 22 23 39 15 177 36 133 29 33 47 13 142 20 16
internal_value=0.00436991 -0.00535445 0.00487943 -0.0121694 0.00563972 0.00910056 0.00385339 -0.0434145 0.00807376 -0.000560029 0.0214996 0.0114827 0.00341131 0.000336526 -0.0317976 -0.0291363
internal_weight=342.498 39.5579 28.5202 16.7687 302.94 194.414 136.604 11.1971 125.407 108.526 57.8097 37.9214 95.2843 86.9783 11.0377 13.2419
internal_count=879 111 70 48 768 480 361 51 310 288 119 86 243 230 41 45
is_linear=0
shrinkage=0.05


Tree=59
num_leaves=18
num_cat=0
split_feature=11 11 11 11 11 7 2 4 4 11 2 11 7 5 4 4 2
split_gain=1.77788 8.50902 6.93109 11.1037 10.1307 6.73548 6.38932 5.04691 18.6942 6.3366 15.9721 8.24688 3.8042 10.0968 1.71514 5.47948 0.0750671
threshold=0.00016342000000000003 0.00014229500000000005 0.00027147000000000006 0.00032566250000000006 0.00034772250000000008 2.5000000000000004 0.10891950000000002 2.2278320000000007 4.7826915000000012 8.1595000000000021e-05 1.7725810000000002 6.6065000000000012e-05 2.5000000000000004 157.54166666666669 2.4479523750000003 0.88812933333333344 3.7410970000000003
decision_type=2 2 2 2 2 2 2 2 2 2 2 2 2 2 2 2 2
left_child=1 7 6 14 -5 -6 -2 9 16 11 -11 -1 13 -8 15 -4 -9
right_child=2 -3 3 4 5 -7 12 8 -10 10 -12 -13 -14 -15 -16 -17 -18
leaf_value=0.003995186190978277 0.080261711353591253 -0.051837825493605875 -0.01528942205065901 0.041704207374690931 0.0046885489174164343 -0.029720405113265833 -0.0036905485355500979 -0.076016215725678279 0.030979995821122 -0.057943606892632837 0.020509081966082286 0.048272537359706026 0.038449382539820692 0.052452530570143152 -0.014518139808083997 -0.087777582817086572 -0.066830037622084323
leaf_weight=28.918197013437748 4.1875878274440756 7.7386197298765174 5.310397803783415 17.018301576375961 131.09776305779815 15.952807534486054 34.878531023859978 3.7089724242687243 8.894209720194338 10.711702041327955 16.45192763581872 16.526365369558334 14.734425649046896 10.39477678388357 4.7075931876897803 5.1211307570338249 5.5543422121554613
leaf_count=75 3 32 19 25 337 53 89 18 18 41 34 23 22 14 14 23 39
internal_value=0.00415799 -0.00150965 0.00645166 0.00140178 0.00518239 0.000955687 0.0205489 0.00278129 -0.0207956 0.00867729 -0.0104279 0.0200971 0.0163819 0.00919993 -0.0395703 -0.0508759 -0.0705081
internal_weight=341.908 98.5043 243.403 179.208 164.069 147.051 64.1953 90.7657 18.1575 72.6082 27.1636 45.4446 60.0077 45.2733 15.1391 10.4315 9.26331
internal_count=879 280 599 471 415 390 128 248 75 173 75 98 125 103 56 42 57
is_linear=0
shrinkage=0.05


Tree=60
num_leaves=10
num_cat=0
split_feature=5 11 11 4 5 2 2 11 11
split_gain=1.70076 5.00969 5.74901 6.394 3.61981 3.22593 6.97851 13.7775 4.83188
threshold=181.97916666666669 0.00042544500000000004 0.00038899000000000003 1.1541642500000002 167.47916666666671 10.255145500000003 6.1347245000000017 0.00037080500000000004 0.00062196083333330011
decision_type=2 2 2 2 2 2 2 2 2
left_child=4 2 3 -2 5 6 8 -8 -1
right_child=1 -3 -4 -5 -6 -7 7 -9 -10
leaf_value=0.00078092576588207122 0.017512409135650855 -0.05960647769784936 0.049689856218444822 -0.064509180776719827 0.028237557039385682 0.030150809820388137 -5.140658205599142e-05 -0.089848190986059118 0.015826479326761827
leaf_weight=202.05070720613003 5.3924383558332938 4.0931881852447978 4.5246578752994528 4.2477034647017717 15.675689473748205 11.032937228679655 15.411154210567476 5.9095890074968329 72.514475293457508
leaf_count=506 20 39 6 38 32 16 45 26 151
internal_value=0.00396136 -0.0108847 0.00319442 -0.0186285 0.00480161 0.00360463 0.00261478 -0.0249409 0.00475456
internal_weight=340.853 18.258 14.1648 9.64014 322.595 306.919 295.886 21.3207 274.565
internal_count=879 103 64 58 776 744 728 71 657
is_linear=0
shrinkage=0.05


Tree=61
num_leaves=7
num_cat=0
split_feature=11 11 11 11 11 4
split_gain=1.72081 4.63103 1.89532 3.20764 4.59967 2.85914
threshold=0.0011941075000000002 0.0010923950000000001 0.00093925500000000006 0.0007511550000000002 0.00068832999999995004 1.9616487500000004
decision_type=2 2 2 2 2 2
left_child=1 2 3 4 -1 -5
right_child=-2 -3 -4 5 -6 -7
leaf_value=0.0035702804411027154 -0.016293076675247025 0.038386229546900713 -0.017639050606173073 0.002860637447799754 -0.035472889048753842 0.035513620262389044
leaf_weight=274.92098860442638 10.362524893134831 9.7275804132223112 10.389732452109454 12.383994106203319 7.7563923597335807 14.616311468183993
leaf_count=720 33 12 33 30 30 21
internal_value=0.00376946 0.00439985 0.00336692 0.00407168 0.00249897 0.020537
internal_weight=340.158 329.795 320.067 309.678 282.677 27.0003
internal_count=879 846 834 801 750 51
is_linear=0
shrinkage=0.05


Tree=62
num_leaves=9
num_cat=0
split_feature=11 11 11 11 11 4 11 11
split_gain=1.55565 4.25729 1.78372 10.6697 9.24912 10.4319 8.23436 5.71523
threshold=0.0011941075000000002 0.0010923950000000001 0.00035958000000000002 0.00033770000000000008 0.00040891500000000009 1.1541642500000002 0.00027147000000000006 0.00043576500000000001
decision_type=2 2 2 2 2 2 2 2
left_child=1 2 3 6 5 -4 -1 -6
right_child=-2 -3 4 -5 7 -7 -8 -9
leaf_value=0.0066102967494062921 -0.015508841157156512 0.03701528434529304 0.0045609272380457717 0.04552534009361791 0.03544792112977934 -0.081131830298360241 -0.026027237407920636 -0.00074087208428471739
leaf_weight=161.69521282613277 10.342715125530956 9.5870973169803602 6.9106982126831991 15.802795067429541 12.344772845506666 7.3063835427165031 21.949041776359081 93.870521731674671
leaf_count=408 33 12 20 21 21 34 72 258
internal_value=0.00358514 0.00418454 0.00320057 0.00610191 -0.00160431 -0.0394779 0.00270948 0.00346514
internal_weight=339.809 329.467 319.879 199.447 120.432 14.2171 183.644 106.215
internal_count=879 846 834 501 333 54 480 279
is_linear=0
shrinkage=0.05


Tree=63
num_leaves=16
num_cat=0
split_feature=11 11 4 4 4 11 2 5 2 11 11 5 4 11 11
split_gain=1.62762 7.82766 6.41956 6.72071 9.59964 5.84676 4.74592 15.5543 7.00109 15.5632 5.71337 5.09022 4.43016 4.28335 4.02332
threshold=0.00016342000000000003 0.00014229500000000005 0.10891950000000002 1.0016717500000003 0.59523700000000013 0.00098565500000000021 3.0991410000000004 14.573958333333335 1.7725810000000002 8.5560000000000001e-05 9.7820000000000022e-05 140.02083333333334 0.29836125000000008 0.00018543000000000002 0.00021256000000000001
decision_type=2 2 2 2 2 2 2 2 2 2 2 2 2 2 2
left_child=1 6 -2 4 12 -6 8 -8 9 -1 -10 -9 -4 -5 -15
right_child=2 -3 3 13 5 -7 7 11 10 -11 -12 -13 -14 14 -16
leaf_value=0.015147091337432706 0.050897392795037938 -0.050557191980038864 -0.025069670131820446 0.03482264235572545 -0.064669347626844662 0.01034907388538063 0.023633657725426659 -0.080760502751279314 0.0070312818955791572 -0.055929484194514691 0.053187211231438769 -0.015392732228358637 0.01216234171566731 -0.024916791153013103 0.0083974611658839404
leaf_weight=27.822253257036209 7.5816708952188483 7.6588835492730132 11.248649708926676 14.481153979897497 10.805742729455231 3.4191085528582326 12.222583398222925 7.7295379340648633 14.270609546452762 10.649727582931517 12.646096911281345 4.8448832370340824 27.576568868011236 9.6194452941417676 156.62961694225669
leaf_count=58 10 32 37 21 74 11 27 38 39 41 16 29 60 28 358
internal_value=0.00341186 -0.00202792 0.00561706 0.00414859 -0.0114989 -0.0466378 0.00209336 -0.0165324 0.00915669 -0.00452817 0.0287164 -0.0555745 0.00137528 0.00874163 0.00646984
internal_weight=339.207 97.8446 241.362 233.78 53.0501 14.2249 90.1857 24.797 65.3887 38.472 26.9167 12.5744 38.8252 180.73 166.249
internal_count=879 280 599 589 182 85 248 94 154 99 55 67 97 407 386
is_linear=0
shrinkage=0.05


Tree=64
num_leaves=10
num_cat=0
split_feature=5 11 11 4 5 2 2 11 11
split_gain=1.56062 4.66148 5.0265 5.90362 3.4573 2.94279 6.35796 12.6079 4.36639
threshold=181.97916666666669 0.00042544500000000004 0.00038899000000000003 1.1541642500000002 167.47916666666671 10.255145500000003 6.1347245000000017 0.00037080500000000004 0.00062196083333330011
decision_type=2 2 2 2 2 2 2 2 2
left_child=4 2 3 -2 5 6 8 -8 -1
right_child=1 -3 -4 -5 -6 -7 7 -9 -10
leaf_value=0.00019242299899997303 0.016222052263241648 -0.059213082352257911 0.04639304176502991 -0.063812810044285531 0.027006150707058925 0.028453655728040872 -0.00069938873117726501 -0.087280902169872582 0.014555384842591709
leaf_weight=200.91462570428848 5.3554644882679003 3.9322235323488703 4.4296833723783484 4.0439162757247686 15.602329690009354 10.84389968216419 15.279375202953817 5.8010681122541419 71.832947693765163
leaf_count=506 20 39 6 38 32 16 45 26 151
internal_value=0.00324997 -0.0111765 0.00248241 -0.0182115 0.00405002 0.00287443 0.00193041 -0.0245255 0.00397517
internal_weight=338.036 17.7613 13.8291 9.39938 320.274 304.672 293.828 21.0804 272.748
internal_count=879 103 64 58 776 744 728 71 657
is_linear=0
shrinkage=0.05


Tree=65
num_leaves=10
num_cat=0
split_feature=11 11 11 11 5 0 4 2 4
split_gain=1.52548 7.96809 11.1875 8.1252 6.60104 4.31089 4.7482 3.88743 1.75138
threshold=6.6065000000000012e-05 8.1595000000000021e-05 0.00010849750000000001 9.7820000000000022e-05 119.4791666666667 1.5000000000000002 0.10891950000000002 2.2271065000000001 1.3699818333333336
decision_type=2 2 2 2 2 2 2 2 2
left_child=4 -2 3 -3 7 6 -4 8 -1
right_child=1 2 5 -5 -6 -7 -8 -9 -10
leaf_value=-0.016321537338973072 0.036842167301372082 -0.084639875735907408 0.040667593280520942 -0.0065054152921279994 0.03283581592877375 0.029201196477668358 0.0015930848521755086 -0.047008423863256626 0.015382888040325005
leaf_weight=13.594560965895658 17.665582522749901 6.1492594201117736 8.0291818082332593 7.2503212690353394 8.2292368039488775 16.509041212499142 245.27689547650516 8.2184439748525602 6.4097192883491507
leaf_count=37 32 32 12 20 26 37 634 36 13
internal_value=0.00309236 0.00426268 0.00223053 -0.0423624 -0.00656773 0.00444511 0.00283165 -0.0180571 -0.00616289
internal_weight=337.332 300.88 283.215 13.3996 36.452 269.815 253.306 28.2227 20.0043
internal_count=879 767 735 52 112 683 646 86 50
is_linear=0
shrinkage=0.05


Tree=66
num_leaves=8
num_cat=0
split_feature=11 11 4 2 11 11 11
split_gain=1.51078 3.77066 1.80212 9.09662 9.41599 7.60683 10.3908
threshold=0.0011941075000000002 0.0010923950000000001 0.32702150000000002 0.39768850000000006 0.00088190000000000002 0.00069891250000000016 0.00020058000000000003
decision_type=2 2 2 2 2 2 2
left_child=1 2 5 -4 -5 6 -1
right_child=-2 -3 3 4 -6 -7 -8
leaf_value=-0.0023060693716070511 -0.015881858424849744 0.034825207105456106 0.044297329052263315 0.0035872467326443359 -0.049134928568696536 0.029139723108952589 -0.077185800572117921
leaf_weight=15.460003860294824 10.333768758922814 9.3530923128128034 13.26398618519306 263.83423560485244 8.7496005389839393 9.3121319562196714 6.6154832635074845
leaf_count=39 33 12 16 696 35 17 31
internal_value=0.00294065 0.00353622 0.00261373 0.0038625 0.00189493 -0.00875888 -0.0247457
internal_weight=336.922 326.589 317.235 285.848 272.584 31.3876 22.0755
internal_count=879 846 834 747 731 87 70
is_linear=0
shrinkage=0.05


Tree=67
num_leaves=19
num_cat=0
split_feature=6 11 8 4 2 2 11 4 11 11 2 2 11 11 2 11 5 4
split_gain=1.49359 3.92038 4.42464 2.82871 2.18236 4.52244 11.1616 7.86517 9.08511 5.90781 4.42523 9.7228 6.17251 4.80949 4.37793 4.26418 8.39451 0.459824
threshold=1.5000000000000002 0.00021760500000000003 0.41665000000000002 1.9860157500000002 1.6016060000000001 0.39768850000000006 0.00043576500000000001 0.32702150000000002 0.00093075000000000005 0.00099374000000000012 2.2924535000000001 2.8481295000000006 0.00015185250000000004 0.00088190000000000002 1.0199995000000002 0.00050510000000000008 118.77083333333336 2.2854660000000009
decision_type=2 2 2 2 2 2 2 2 2 2 2 2 2 2 2 2 2 2
left_child=4 17 3 -3 5 7 14 8 -1 -8 15 12 -12 -13 -7 16 -6 -2
right_child=1 2 -4 -5 10 6 9 -9 -10 -11 11 13 -14 -15 -16 -17 -18 -19
leaf_value=-0.017508486047631871 -0.041279147954265495 0.0034486024792238397 0.027039969319861124 -0.038974383438828003 -0.005769037729925942 0.015203065045396239 -0.077094395508795932 0.042910411020981892 0.046025585778143335 -0.015791458525753907 0.0032003305473567337 0.008808113482566781 -0.073548618132178986 -0.03229790303589495 -0.015933690019764104 0.037834159705317491 0.047200486886331765 -0.020545356470078723
leaf_weight=24.718246698379517 5.9722890369594079 9.9855536371469515 11.631012782454492 6.478885978460311 26.854928180575371 26.436007931828499 7.9720688760280591 13.129802599549292 7.285076990723609 7.751435149461031 4.3568629920482618 115.22078140079975 6.5704887993633747 7.584270514547824 19.703198958188295 19.527358170598745 10.367165669798849 4.8421319555491209
leaf_count=72 21 25 22 23 66 63 45 16 10 23 15 287 36 23 59 33 20 20
internal_value=0.00279772 -0.00641448 0.00343215 -0.0132452 0.00400267 -0.00171145 -0.0104917 0.0103234 -0.00304591 -0.046873 0.00721236 0.00224788 -0.0429479 0.00626946 0.00190648 0.0189114 0.00898413 -0.0319956
internal_weight=336.388 38.9099 28.0955 16.4644 297.478 106.996 61.8627 45.1331 32.0033 15.7235 190.482 133.732 10.9274 122.805 46.1392 56.7495 37.2221 10.8144
internal_count=879 111 70 48 768 288 190 98 82 68 480 361 51 310 122 119 86 41
is_linear=0
shrinkage=0.05


Tree=68
num_leaves=10
num_cat=0
split_feature=5 11 11 4 5 2 5 11 5
split_gain=1.5559 4.26386 4.70448 5.30824 3.02207 2.78736 5.85588 19.884 7.42344
threshold=181.97916666666669 0.00042544500000000004 0.00038899000000000003 1.1541642500000002 167.47916666666671 10.255145500000003 126.29166666666667 0.00035787250000000008 118.77083333333336
decision_type=2 2 2 2 2 2 2 2 2
left_child=4 2 3 -2 5 6 8 -8 -1
right_child=1 -3 -4 -5 -6 -7 7 -9 -10
leaf_value=0.0014690623815653879 0.013431264624307472 -0.05891437908592341 0.043834670546988669 -0.063252414317866504 0.025024765722353039 0.027379726432195092 0.008483896967627828 -0.094864641646867059 0.038144294796014638
leaf_weight=255.52412805706263 5.3212130554020423 3.7754216510802499 4.3775057047605506 3.9186940621584654 15.457221169024704 10.735929131507872 15.037075489759447 6.7402363121509543 14.585015408694742
leaf_count=643 20 39 6 38 32 16 32 29 24
internal_value=0.00266401 -0.0118978 0.00113753 -0.0190907 0.00346026 0.0023588 0.0014385 -0.0235032 0.00344941
internal_weight=335.472 17.3928 13.6174 9.23991 318.08 302.622 291.886 21.7773 270.109
internal_count=879 103 64 58 776 744 728 61 667
is_linear=0
shrinkage=0.05


Tree=69
num_leaves=13
num_cat=0
split_feature=5 11 5 11 4 4 2 4 11 11 11 2
split_gain=1.48136 5.08433 4.51879 4.14235 7.14479 2.62876 12.0532 6.08648 6.253 4.96873 0.144782 0.00916207
threshold=174.64583333333337 0.00042544500000000004 167.47916666666671 0.00033131000000000008 1.1541642500000002 2.2854660000000009 2.8481295000000006 2.2219772500000006 0.00025546000000000005 0.00020878000000000002 0.00015372000000000001 4.1511240000000011
decision_type=2 2 2 2 2 2 2 2 2 2 2 2
left_child=2 3 5 4 -2 7 -7 8 -1 -8 -6 -3
right_child=1 11 -4 -5 10 6 9 -9 -10 -11 -12 -13
leaf_value=0.011595626012983114 0.022013566731295245 -0.056639658554998099 0.034540447134057142 0.029774087308068423 -0.056957982821464005 -0.069973091445848457 -0.020670193393665021 0.043784623092136953 -0.0053822614137988825 0.0089241575334474531 -0.0748632289742098 -0.06129246608100121
leaf_weight=109.79642315208912 4.8894888721406513 1.975915478542446 11.23207765817642 7.4944593161344519 2.5286398306488991 6.6765551567077628 19.939709708094597 9.6537273973226529 107.16626109182835 49.126063890755177 2.0397050715982914 2.2776638120412827
leaf_count=228 18 27 16 14 30 35 68 13 286 114 13 17
internal_value=0.00253471 -0.0102551 0.00339959 0.00200862 -0.019993 0.00224276 -0.00582142 0.00493806 0.00320959 0.000380088 -0.0649524 -0.0591311
internal_weight=334.797 21.2059 313.591 16.9523 9.45783 302.359 75.7423 226.616 216.963 69.0658 4.56834 4.25358
internal_count=879 119 760 75 61 744 217 527 514 182 43 44
is_linear=0
shrinkage=0.05


Tree=70
num_leaves=9
num_cat=0
split_feature=4 4 4 4 5 4 5 4
split_gain=1.78665 4.06059 3.84158 3.54034 3.38544 2.39945 11.7996 2.93923
threshold=7.2708355000000013 3.5752850000000005 4.7826915000000012 3.3836710000000001 98.645833333333329 2.903587583333334 77.020833333333357 2.7177885833333337
decision_type=2 2 2 2 2 2 2 2
left_child=1 3 4 5 -3 7 -7 -1
right_child=-2 2 -4 -5 -6 6 -8 -9
leaf_value=0.0025097354728533254 0.027203436575651836 -0.06639342352416909 -0.0017067991162975271 0.032808455840402512 -0.0053885950601217751 -0.054754439174353853 0.02649920088252071 0.028024089831096638
leaf_weight=263.04237750172615 7.1128863692283621 5.8122840300202387 14.546959489583967 9.9290002733468992 3.7359762452542782 9.2004779279232043 8.6865939795970899 11.793748058378695
leaf_count=684 12 37 39 15 14 32 22 24
internal_value=0.00241265 0.00187299 -0.0178815 0.00344571 -0.0425239 0.00244974 -0.0152948 0.00360461
internal_weight=333.86 326.747 24.0952 302.652 9.54826 292.723 17.8871 274.836
internal_count=879 867 90 777 51 762 54 708
is_linear=0
shrinkage=0.05


Tree=71
num_leaves=9
num_cat=0
split_feature=4 4 4 5 4 4 5 5
split_gain=1.62322 3.6944 3.58875 3.8024 3.21882 2.16943 10.6861 2.78883
threshold=7.2708355000000013 3.5752850000000005 4.7826915000000012 119.35416666666667 3.3836710000000001 2.903587583333334 77.020833333333357 126.29166666666667
decision_type=2 2 2 2 2 2 2 2
left_child=1 4 3 -3 5 7 -7 -1
right_child=-2 2 -4 -5 -6 6 -8 -9
leaf_value=0.0056029442145719395 0.025989733055612044 -0.066043509731892269 -0.0016214943752469034 -0.00013890812441665892 0.031358365279462612 -0.052218306689893294 0.025189392886700076 -0.0082229933006879967
leaf_weight=231.51211511343718 7.0738156139850608 5.838368125259878 14.546647414565085 3.5010048840194941 9.8702534884214383 9.1658161282539385 8.6814940460026246 43.293692830950022
leaf_count=547 12 38 39 13 15 32 22 161
internal_value=0.00229369 0.00178015 -0.0171506 -0.0413382 0.00327485 0.00232768 -0.0145648 0.00342477
internal_weight=333.483 326.409 23.886 9.33937 302.523 292.653 17.8473 274.806
internal_count=879 867 90 51 777 762 54 708
is_linear=0
shrinkage=0.05


Tree=72
num_leaves=17
num_cat=0
split_feature=11 11 5 11 11 11 11 11 7 5 5 4 2 4 4 5
split_gain=1.46749 7.42508 5.93645 5.91663 9.23014 8.54855 5.61014 5.45276 4.88265 5.99687 10.1795 2.75275 11.7182 1.44724 5.11323 0.466517
threshold=0.00016342000000000003 0.00014229500000000005 126.29166666666667 0.00027147000000000006 0.00032566250000000006 0.00034772250000000008 0.00040891500000000009 4.1150000000000004e-05 2.5000000000000004 153.97916666666671 21.020833333333339 4.7826915000000012 3.0991410000000004 2.3993413750000006 0.88812933333333344 174.64583333333337
decision_type=2 2 2 2 2 2 2 2 2 2 2 2 2 2 2 2
left_child=1 2 11 8 13 -6 -7 -4 9 10 -2 12 -1 14 -5 -9
right_child=3 -3 7 4 5 6 -8 15 -10 -11 -12 -13 -14 -15 -16 -17
leaf_value=0.0098898920692256486 0.013470120236801643 -0.051024012324648142 0.013032618908680125 -0.014608784228659794 0.037156200853261587 -0.025789253129997587 0.0030550569609228734 -0.087314277879822058 0.040962561640008381 0.043382317412075044 -0.051184392914502747 0.032018159633471585 -0.048893146328398085 -0.015621034662756238 -0.086303017230202894 -0.056742942147722346
leaf_weight=62.402017444372177 28.685513198375702 7.4353029094636431 3.0139214396476728 5.1571573019027692 16.470144703984261 19.523919336497784 123.43319299444556 2.5135764330625534 16.338148608803749 10.047115512192248 7.7280162721872321 8.4794750660657865 9.811016481369732 4.741343989968299 4.8032216131687164 2.4782631061971188
leaf_count=136 60 32 10 19 25 66 324 11 23 15 30 16 44 15 22 31
internal_value=0.00218081 -0.00302953 0.000993697 0.0042949 -0.000450131 0.00304563 -0.000884264 -0.0400731 0.017452 0.00918435 -0.000251459 0.00506807 0.0019035 -0.0383586 -0.0491821 -0.0721367
internal_weight=333.061 96.1336 88.6983 236.928 174.129 159.427 142.957 8.00576 62.7988 46.4606 36.4135 80.6925 72.213 14.7017 9.96038 4.99184
internal_count=879 280 248 599 471 415 390 52 128 105 90 196 180 56 41 42
is_linear=0
shrinkage=0.05


Tree=73
num_leaves=17
num_cat=0
split_feature=4 4 4 1 5 11 4 11 11 11 0 11 11 11 2 11
split_gain=1.47495 10.4173 9.42318 9.56191 4.85878 4.1661 3.57218 7.00172 9.52273 6.33599 5.88609 3.9553 8.49114 2.61514 1.51389 1.36435
threshold=1.3699818333333336 1.2551655833333337 1.1745093333333336 1.5000000000000002 118.77083333333336 0.00036804000000000003 1.5495705000000002 9.7820000000000022e-05 4.9035000000000007e-05 7.669500000000001e-05 1.0000000180025095e-35 0.00013190749999995001 0.00020878000000000002 0.00049110750000000002 3.4134195000000003 0.00056978500000000006
decision_type=2 2 2 2 2 2 2 2 2 2 2 2 2 2 2 2
left_child=1 2 3 4 -1 -3 9 8 14 -2 -10 -9 -13 -5 -8 -11
right_child=6 5 -4 13 -6 -7 7 11 10 15 -12 12 -14 -15 -16 -17
leaf_value=-0.001844395479574895 0.062849535894735908 -0.083852624583422186 0.049789392387790218 -0.072067755647828233 0.030186356070165943 -0.019231494854053517 0.02353933043611451 0.032817431380805631 -0.092730809893289662 -0.0039021434557562958 -0.018253929555129212 -0.029504124156070434 0.0084940615687493538 -0.017564594570733821 -0.01004972880514305 0.022772096572141427
leaf_weight=91.811858184635639 6.9619708657264736 4.9243740588426572 9.5160746127367002 5.6280230619013292 13.592273542657493 5.0538681782782078 6.1009534597396868 12.81126047298312 5.7035311907529813 11.371081754565241 4.9599829707294703 16.804182466119528 117.53139710426331 3.6141934543848038 7.4520818144083023 8.2877448648214322
leaf_count=244 8 24 12 35 39 16 14 22 28 29 24 55 269 18 27 15
internal_value=0.00207672 -0.00197131 0.00197872 -0.00198975 0.00228609 -0.0511227 0.00481938 0.00217227 -0.0227411 0.0218594 -0.0580889 0.00627237 0.00374083 -0.0507541 0.00507052 0.00734315
internal_weight=332.125 134.141 124.162 114.646 105.404 9.97824 197.984 171.363 24.2165 26.6208 10.6635 147.147 134.336 9.24222 13.553 19.6588
internal_count=879 388 348 336 283 40 491 439 93 52 52 346 324 53 41 44
is_linear=0
shrinkage=0.05


Tree=74
num_leaves=10
num_cat=0
split_feature=11 11 11 4 5 2 4 0 4
split_gain=1.48619 7.4665 9.94691 8.25842 5.64939 3.82309 4.83819 3.7612 4.48646
threshold=6.6065000000000012e-05 8.1595000000000021e-05 0.00010849750000000001 1.7863220000000002 119.4791666666667 0.89253150000000014 2.2219772500000006 1.5000000000000002 0.10891950000000002
decision_type=2 2 2 2 2 2 2 2 2
left_child=4 -2 3 -3 5 -1 -7 8 -4
right_child=1 2 7 -5 -6 6 -8 -9 -10
leaf_value=0.0058900292282994121 0.035031206214128599 -0.083671193875767574 0.03867441228131225 -0.0039166389464053769 0.029408084961982828 -0.056505503157946883 -0.0038994177702145506 0.026823531558208904 0.00053444867882260704
leaf_weight=10.34858423471451 17.283503983169794 6.1376799121499044 7.965029075741767 6.8889783211052418 8.0066651664674264 9.5399069339036959 8.066231891512869 15.915628168731926 241.30712197348475
leaf_count=23 32 29 12 23 26 34 29 37 634
internal_value=0.00197538 0.00314336 0.00116239 -0.041494 -0.00762197 -0.018228 -0.0324041 0.00325778 0.00175314
internal_weight=331.459 295.498 278.214 13.0267 35.9614 27.9547 17.6061 265.188 249.272
internal_count=879 767 735 52 112 86 63 683 646
is_linear=0
shrinkage=0.05


Tree=75
num_leaves=10
num_cat=0
split_feature=11 4 11 2 2 11 11 2 4
split_gain=1.44571 1.94733 10.4045 13.3307 6.58831 3.27835 2.63498 11.3407 10.8863
threshold=2.3605000000000005e-05 0.32702150000000002 0.00093075000000000005 0.10891950000000002 0.36073150000000004 0.00016342000000000003 8.1595000000000021e-05 0.89253150000000014 0.99102025000000016
decision_type=2 2 2 2 2 2 2 2 2
left_child=-1 2 3 -2 -3 -5 7 -6 -8
right_child=1 4 -4 5 6 -7 8 -9 -10
leaf_value=-0.016909171282537144 0.021439317693574156 0.047852551501321422 0.042360607025711448 -0.027925917647087767 0.059224243704409908 -0.076632728971315581 -0.025923542747659407 -0.0018068110587724281 0.0047378282504404821
leaf_weight=9.9323752894997579 9.0639264881610924 8.2184428423643094 7.3393481224775305 5.9534346908330908 10.395304143428801 8.2313679661601764 33.580117873847485 28.425249628722668 209.92200526408851
leaf_count=36 17 9 12 19 11 39 146 86 504
internal_value=0.00187837 0.00245946 -0.00954044 -0.025925 0.0037228 -0.0561902 0.00243818 0.014536 0.000509477
internal_weight=331.062 321.129 30.5881 23.2487 290.541 14.1848 282.323 38.8206 243.502
internal_count=879 843 87 75 756 58 747 97 650
is_linear=0
shrinkage=0.05


Tree=76
num_leaves=17
num_cat=0
split_feature=6 11 8 4 2 2 2 2 2 2 11 11 11 11 4 4
split_gain=1.37367 3.38941 4.06943 2.75352 2.02 4.12802 3.89155 4.4797 3.79451 8.36117 6.11379 4.51529 4.05476 7.81688 0.463974 0.120028
threshold=1.5000000000000002 0.00021760500000000003 0.41665000000000002 1.9860157500000002 1.6016060000000001 1.3269460000000002 1.1866545000000002 0.39768850000000006 2.2924535000000001 2.8481295000000006 0.00014019000000000002 0.00035958000000000002 0.00050510000000000008 0.00016963000000000001 2.2854660000000009 1.4363325000000002
decision_type=2 2 2 2 2 2 2 2 2 2 2 2 2 2 2 2
left_child=4 14 3 -3 5 6 7 -1 12 10 -10 -11 13 -6 -2 -7
right_child=1 2 -4 -5 8 15 -8 -9 9 11 -12 -13 -14 -15 -16 -17
leaf_value=0.0088374863611467101 -0.040670072112886667 0.0024049396989512511 0.024802871786513424 -0.039833640075868017 0.026799561462005385 -0.024005475982945296 0.033696162908102525 -0.01427371455555365 0.0067298142203947274 0.013171239764709484 -0.071593968191388385 -0.0065557850676615324 0.035509562187483912 -0.020123366220666128 -0.019539343962507463 -0.03362070672825089
leaf_weight=44.308228328824043 5.8479328416287881 9.882475610822441 11.497588232159616 6.3297592699527732 21.233653768897057 6.2944955416023713 8.3464101999998075 39.802633872255683 4.0593145713210088 71.429628241807222 6.4509793687611818 48.84083291888237 19.330563556402922 15.250432046130298 4.6741818618029356 6.7008975446224213
leaf_count=98 21 25 22 23 39 24 17 128 14 177 37 133 33 47 20 21
internal_value=0.0017882 -0.00712398 0.00204991 -0.0140863 0.00295489 -0.00257658 0.00113224 -0.00209911 0.00608095 0.00142295 -0.0413435 0.00516026 0.0169952 0.00718567 -0.0312833 -0.0289634
internal_weight=330.28 38.2319 27.7098 16.2122 292.048 105.453 92.4573 84.1109 186.595 130.781 10.5103 120.27 55.8146 36.4841 10.5221 12.9954
internal_count=879 111 70 48 768 288 243 226 480 361 51 310 119 86 41 45
is_linear=0
shrinkage=0.05


Tree=77
num_leaves=7
num_cat=0
split_feature=11 11 11 11 11 4
split_gain=1.46274 3.53743 1.56487 2.74125 4.17728 2.80195
threshold=0.0011941075000000002 0.0010923950000000001 0.00093925500000000006 0.0007511550000000002 0.00068832999999995004 1.9616487500000004
decision_type=2 2 2 2 2 2
left_child=1 2 3 4 -1 -5
right_child=-2 -3 -4 5 -6 -7
leaf_value=0.0016101121785142476 -0.016943762872012411 0.032952752655086792 -0.017806883256937297 -0.00034263303957776501 -0.036166802168729521 0.032489874585629137
leaf_weight=266.31983238458633 10.193493738770483 9.14077080786228 10.261099359020589 11.954947745427491 7.5245617460459462 14.236610405147074
leaf_count=720 33 12 33 30 30 21
internal_value=0.00170158 0.00229657 0.00139349 0.00205014 0.000572097 0.0175037
internal_weight=329.631 319.438 310.297 300.036 273.844 26.1916
internal_count=879 846 834 801 750 51
is_linear=0
shrinkage=0.05


Tree=78
num_leaves=6
num_cat=0
split_feature=4 4 2 11 11
split_gain=1.36468 3.68764 2.73138 2.21741 3.72405
threshold=7.2708355000000013 4.9447035000000001 9.8443390000000015 2.1920000000000004e-05 3.2410000000000003e-05
decision_type=2 2 2 2 2
left_child=1 2 3 -1 -5
right_child=-2 -3 -4 4 -6
leaf_value=-0.026557438717232734 0.023415187903409195 -0.029092387071855672 0.032512853488434836 0.03245454450254788 0.00099588304216064144
leaf_weight=6.9453431628644458 7.0278830379247657 9.7784196287393552 7.2072527483105651 9.7244838178157789 288.61045707389712
leaf_count=29 12 33 14 15 776
internal_value=0.00161857 0.00114324 0.00208938 0.00137112 0.00202131
internal_weight=329.294 322.266 312.488 305.28 298.335
internal_count=879 867 834 820 791
is_linear=0
shrinkage=0.05


Tree=79
num_leaves=20
num_cat=0
split_feature=11 11 11 11 11 7 4 7 0 2 5 2 4 2 4 4 4 4 4
split_gain=1.37862 6.53195 5.70993 8.26144 7.82721 5.41091 4.64796 6.75278 4.02288 11.7976 10.4274 3.74406 12.7171 3.60769 2.20266 1.57519 1.381 4.74616 0.09864
threshold=0.00016342000000000003 0.00014229500000000005 0.00027147000000000006 0.00032566250000000006 0.00034772250000000008 2.5000000000000004 2.0964828333333334 2.5000000000000004 1.0000000180025095e-35 3.8389330000000004 118.97916666666667 2.1215790000000001 2.2278320000000007 0.89253150000000014 1.1979775000000001 3.4715655000000005 2.4479523750000003 0.88812933333333344 2.2404220000000006
decision_type=2 2 2 2 2 2 2 2 2 2 2 2 2 2 2 2 2 2 2
left_child=1 8 6 16 -5 -6 7 14 11 10 -10 13 -13 -1 -2 -8 17 -4 -11
right_child=2 -3 3 4 5 -7 15 -9 9 18 -12 12 -14 -15 -16 -17 -18 -19 -20
leaf_value=0.011223826020299803 0.023415021026889624 -0.048914242262807106 -0.013836249840531065 0.035090857077230059 0.0018631497914547109 -0.029573245754241785 -0.020209743825389998 0.057441795049339328 -0.040947046252208241 -0.079508146955122191 0.042405199743278776 0.07502312183876661 -0.0059345637088063733 -0.017429327851717937 -0.002805266134761402 0.011209077471936946 -0.014583089830060285 -0.083197406433463239 -0.0673947541579073
leaf_weight=24.351677522063255 21.125873949378729 7.3225777745246878 5.0367793142795545 16.254245698451996 126.38890379108489 15.350670911371706 9.08124738186598 11.747739955782889 6.6172149926424053 2.9239798635244361 8.6660528443753702 7.6968172788620022 13.118576798588036 20.014709256589413 12.900832056999205 7.1146641820669165 4.5817140042781821 4.8327313885092735 3.9521026890724897
leaf_count=53 43 32 19 25 337 53 25 12 23 18 20 6 44 53 29 19 14 23 31
internal_value=0.00153883 -0.00355381 0.00359539 -0.0010826 0.00222722 -0.00154147 0.0166128 0.024758 0.000249154 -0.0181549 0.00631608 0.00650584 0.0240008 -0.00170228 0.0134739 -0.00640784 -0.0372686 -0.0477998 -0.0725458
internal_weight=329.079 94.6637 234.415 172.445 157.994 141.74 61.9704 45.7744 87.3411 22.1594 15.2833 65.1818 20.8154 44.3664 34.0267 16.1959 14.4512 9.86951 6.87608
internal_count=879 280 599 471 415 390 128 84 248 92 43 156 50 106 72 44 56 42 49
is_linear=0
shrinkage=0.05


Tree=80
num_leaves=12
num_cat=0
split_feature=4 4 4 1 5 11 4 11 11 11 2
split_gain=1.36411 9.18038 7.84828 8.60804 4.31351 3.78995 3.48694 3.71221 4.35901 4.96734 2.56034
threshold=1.3699818333333336 1.2551655833333337 1.1745093333333336 1.5000000000000002 76.875000000000014 0.00036804000000000003 1.4582362500000003 0.00088190000000000002 0.0007511550000000002 0.00061271500000000011 2.0615650000000003
decision_type=2 2 2 2 2 2 2 2 2 2 2
left_child=1 2 3 4 -1 -3 -2 8 9 -8 -5
right_child=6 5 -4 10 -6 -7 7 -9 -10 -11 -12
leaf_value=-0.003319794327962896 0.027836273619034332 -0.080766150863139374 0.04535859302627885 -0.026503007654934237 0.022412977179819382 -0.018663557464583966 0.0043292644587057767 -0.023522478477723749 0.030937670952640158 -0.02998027633749354 -0.080672087750572288
leaf_weight=83.777296364307404 14.354962363839148 4.7938476726412755 9.3269802331924421 5.1458840575069171 20.214909542351961 5.0391159281134605 143.2809697072953 12.985152944922445 14.000512123107908 11.388035602867602 3.7865660078823566
leaf_count=223 28 24 12 30 60 16 366 39 20 38 23
internal_value=0.00146636 -0.00246106 0.00127737 -0.00236351 0.00168237 -0.0489403 0.00411293 0.00223823 0.00422144 0.00180311 -0.0494659
internal_weight=328.094 132.085 122.252 112.925 103.992 9.83296 196.01 181.655 168.67 154.669 8.93245
internal_count=879 388 348 336 283 40 491 463 424 404 53
is_linear=0
shrinkage=0.05


Tree=81
num_leaves=10
num_cat=0
split_feature=11 11 11 4 11 11 4 4 4
split_gain=1.39361 6.73099 8.98078 7.62596 5.52867 3.60511 3.44602 5.2386 1.80929
threshold=6.6065000000000012e-05 8.1595000000000021e-05 0.00010849750000000001 1.7863220000000002 4.9035000000000007e-05 2.1920000000000004e-05 0.10891950000000002 0.29836125000000008 1.6330870000000002
decision_type=2 2 2 2 2 2 2 2 2
left_child=4 -2 3 -3 5 -1 -4 -8 -7
right_child=1 2 6 -5 -6 8 7 -9 -10
leaf_value=-0.028480964851929802 0.033060794004719091 -0.081543523630820305 0.035200667317887471 -0.0042230189939236008 -0.048020473181754418 -0.0017777937924299534 -0.030279034953302898 0.0032458863351384603 0.027446566383782778
leaf_weight=7.3255114033818272 17.003217335790396 5.9673752635717374 7.8823221027851096 6.8489893544465303 6.9309949167072764 11.072702169418337 12.241681655868886 242.1197133185342 10.151750940829514
leaf_count=32 32 29 12 23 32 27 44 627 21
internal_value=0.00139457 0.00253132 0.000644098 -0.0402239 -0.00796262 0.00176211 0.0026414 0.00163243 0.0122003
internal_weight=327.544 292.063 275.06 12.8164 35.481 28.55 262.244 254.361 21.2245
internal_count=879 767 735 52 112 80 683 671 48
is_linear=0
shrinkage=0.05


Tree=82
num_leaves=16
num_cat=0
split_feature=6 11 8 4 4 11 11 11 2 2 2 11 2 4 11
split_gain=1.33485 2.92839 3.86291 1.89902 14.2489 2.80517 9.13817 5.9463 2.74885 3.29771 3.89611 2.1887 1.54418 0.396531 0.0708686
threshold=1.5000000000000002 0.00021760500000000003 0.41665000000000002 0.81485025000000022 0.59523700000000013 0.00018543000000000002 0.00022532500000000004 8.5560000000000001e-05 1.0199995000000002 1.6016060000000001 2.2924535000000001 0.00042544500000000004 1.9878135000000003 2.2854660000000009 0.00021256000000000001
decision_type=2 2 2 2 2 2 2 2 2 2 2 2 2 2 2
left_child=3 13 12 4 5 7 -7 -1 -5 11 -11 -10 -3 -2 -6
right_child=1 2 -4 8 14 6 -8 -9 9 10 -12 -13 -14 -15 -16
leaf_value=0.012028284286811516 -0.038853634735572337 0.0041326927599961922 0.023242765616815975 0.028324394051136244 -0.072511152303833232 0.054887943788213989 -0.0013964739542526574 -0.045150384527206398 -0.024779738996793359 0.016920463462830087 0.00097785266680983844 0.007452470867795458 -0.027520157322885031 -0.019178647459986049 -0.063011845219840212
leaf_weight=10.467505984008314 5.7774644028395397 6.443507649004462 11.437394641339781 11.726630285382269 3.3051956482231599 9.131376847624777 34.298526972532272 8.038942873477934 15.876772955060007 54.495492806658149 129.12706212792546 7.8812200725078574 9.5844610109925252 4.5997084062546492 4.8363962918519974
leaf_count=21 21 16 22 24 19 11 89 30 47 112 359 20 32 20 36
internal_value=0.00132607 -0.00750457 0.00104495 0.00248164 -0.00468284 0.00349149 0.0104376 -0.0128093 0.00477309 0.00344135 0.0057093 -0.0140874 -0.0147952 -0.0301326 -0.0668682
internal_weight=327.028 37.8425 27.4654 289.185 70.0779 61.9364 43.4299 18.5064 219.107 207.381 183.623 23.758 16.028 10.3772 8.14159
internal_count=879 111 70 768 206 151 100 51 562 538 471 67 48 41 55
is_linear=0
shrinkage=0.05


Tree=83
num_leaves=10
num_cat=0
split_feature=5 11 11 11 11 5 2 5 2
split_gain=1.26534 3.67657 6.24422 5.71929 8.12129 2.56902 2.44651 5.81301 6.93342
threshold=181.97916666666669 0.00042544500000000004 0.00040891500000000009 0.00025307000000000004 0.00024068500000000003 167.47916666666671 10.255145500000003 146.54166666666671 6.1347245000000017
decision_type=2 2 2 2 2 2 2 2 2
left_child=5 2 3 4 -2 6 7 8 -1
right_child=1 -3 -4 -5 -6 -7 -8 -9 -10
leaf_value=0.0035073061610604974 -0.054994081463444026 -0.058187774883485394 0.053260539323611369 -0.074040542131401876 0.066032871400886581 0.022256930278047982 0.024796637215088489 -0.036641546494613743 -0.029571525098717241
leaf_weight=257.59360131621361 2.6489051692187804 3.4454735470935693 3.8484160006046286 3.3939822539687157 2.9076180458068848 14.863077841699122 10.379805162549017 10.382039092481135 16.879185508936644
leaf_count=633 40 39 4 18 2 32 16 32 63
internal_value=0.00126128 -0.0123417 5.37156e-08 -0.0229002 0.00833692 0.00197387 0.000952756 8.39108e-05 0.00147307
internal_weight=326.342 16.2444 12.7989 8.95051 5.55652 310.098 295.235 284.855 274.473
internal_count=879 103 64 60 42 776 744 728 696
is_linear=0
shrinkage=0.05


Tree=84
num_leaves=7
num_cat=0
split_feature=4 4 2 6 11 7
split_gain=1.27482 3.357 2.73812 2.03756 5.30602 2.47872
threshold=7.2708355000000013 4.9447035000000001 9.8443390000000015 1.5000000000000002 0.00021760500000000003 3.5000000000000004
decision_type=2 2 2 2 2 2
left_child=1 2 3 5 -5 -1
right_child=-2 -3 -4 4 -6 -7
leaf_value=0.0034749796190149994 0.022411052076581298 -0.028304371719398216 0.032242572145499908 -0.046230371537224778 0.00073665953962864035 -0.017883683364994438
leaf_weight=255.3879866655916 6.9330895990133277 9.648294769227503 7.142983976751565 8.0134088508784753 24.09444310888648 14.346822921186684
leaf_count=680 12 33 14 36 61 43
internal_value=0.0012003 0.000738778 0.00164567 0.000921608 -0.0109853 0.00233894
internal_weight=325.567 318.634 308.986 301.843 32.1079 269.735
internal_count=879 867 834 820 97 723
is_linear=0
shrinkage=0.05


Tree=85
num_leaves=10
num_cat=0
split_feature=11 11 11 4 5 2 4 0 2
split_gain=1.2506 6.48053 8.08817 6.91726 5.01389 3.38786 3.96488 3.19068 2.08014
threshold=6.6065000000000012e-05 8.1595000000000021e-05 0.00010849750000000001 1.7863220000000002 119.4791666666667 0.89253150000000014 2.2219772500000006 1.5000000000000002 4.6737245000000014
decision_type=2 2 2 2 2 2 2 2 2
left_child=4 -2 3 -3 5 -1 -7 8 -4
right_child=1 2 7 -5 -6 6 -8 -9 -10
leaf_value=0.0048959985029769469 0.032282195726213991 -0.078937142627334034 -0.0016189163711014518 -0.0045757105090799746 0.027730779126485885 -0.053489741278584503 -0.0051898402907911943 0.024343965700484433 0.009389358093301145
leaf_weight=10.265856072306635 16.883608900010586 5.7909986581653339 189.96802371460944 6.7991922693327069 7.7527541406452647 9.3033392280340212 7.8206644542515269 15.380501145496963 55.436586827039719
leaf_count=23 32 29 514 23 26 34 29 37 132
internal_value=0.00114083 0.00221939 0.000362717 -0.0387791 -0.00776748 -0.0178153 -0.0314308 0.00225241 0.000867839
internal_weight=325.402 290.259 273.375 12.5902 35.1426 27.3899 17.124 260.785 245.405
internal_count=879 767 735 52 112 86 63 683 646
is_linear=0
shrinkage=0.05


Tree=86
num_leaves=13
num_cat=0
split_feature=5 11 5 11 4 4 2 4 5 8 11 2
split_gain=1.28819 4.42327 3.65671 3.62705 5.76472 2.20933 10.3912 4.88885 6.26716 4.14259 0.104691 0.00867072
threshold=174.64583333333337 0.00042544500000000004 167.47916666666671 0.00033131000000000008 1.1541642500000002 2.2854660000000009 2.8481295000000006 2.2219772500000006 126.29166666666667 0.41665000000000002 0.00015185250000000004 4.1511240000000011
decision_type=2 2 2 2 2 2 2 2 2 2 2 2
left_child=2 3 5 4 -2 7 -7 8 -1 -8 -6 -3
right_child=1 11 -4 -5 10 6 9 -9 -10 -11 -12 -13
leaf_value=0.0040053050775540767 0.018151831167598033 -0.056049778213263547 0.030469986731467693 0.026698211649639488 -0.056107882098861764 -0.068088111085769315 0.0044873068035213891 0.038592768983717426 -0.031303767937060183 -0.029433599788528272 -0.072031652722665096 -0.060755477614042243
leaf_weight=198.14473953098059 4.4330179113894719 1.7919426085427397 10.792160913348196 7.2033324390649787 2.0956912115216255 6.297229900956153 56.489795409142971 9.4128401726484281 13.418236926198004 10.706650733947752 2.0339693613350391 2.1575823500752449
leaf_count=473 18 27 16 14 29 35 148 13 41 34 14 17
internal_value=0.00108452 -0.0113025 0.00188454 0.000551092 -0.0214451 0.0008369 -0.00667288 0.00333456 0.00176585 -0.000917433 -0.0639508 -0.0586205
internal_weight=324.977 19.7155 305.262 15.766 8.56268 294.469 73.4937 220.976 211.563 67.1964 4.12966 3.94952
internal_count=879 119 760 75 61 744 217 527 514 182 43 44
is_linear=0
shrinkage=0.05


Tree=87
num_leaves=9
num_cat=0
split_feature=11 11 11 11 11 4 11 11
split_gain=1.2349 3.23387 1.56876 8.96475 7.72676 8.8252 7.17617 4.54291
threshold=0.0011941075000000002 0.0010923950000000001 0.00035958000000000002 0.00033770000000000008 0.00040891500000000009 1.1541642500000002 0.00027147000000000006 0.00043576500000000001
decision_type=2 2 2 2 2 2 2 2
left_child=1 2 3 6 5 -4 -1 -6
right_child=-2 -3 4 -5 7 -7 -8 -9
leaf_value=0.0040604982808753378 -0.016143774680666235 0.031239784137428984 0.0026641250865928677 0.040643864520684109 0.030158401944922888 -0.078399878582275845 -0.027247843749379486 -0.0029698886746977382
leaf_weight=153.6885824939236 10.139078184962271 8.9320469796657544 6.4557586461305601 14.975356340408323 11.684015542268751 6.9956752732396126 20.776884347200394 90.532992561347783
leaf_count=408 33 12 20 21 21 34 72 258
internal_value=0.00103082 0.00158532 0.000717187 0.00351869 -0.00387109 -0.0394948 0.000332025 0.000816873
internal_weight=324.18 314.041 305.109 189.441 115.668 13.4514 174.465 102.217
internal_count=879 846 834 501 333 54 480 279
is_linear=0
shrinkage=0.05


Tree=88
num_leaves=11
num_cat=0
split_feature=4 4 4 4 5 4 4 2 11 5
split_gain=1.26437 5.65099 3.65686 8.1148 3.51041 2.76826 1.91118 2.09978 4.48347 3.42892
threshold=3.5752850000000005 7.5440917500000007 5.2451595000000006 4.7826915000000012 119.35416666666667 3.3836710000000001 3.0821711666666674 5.8999710000000016 0.00025546000000000005 111.48506944444445
decision_type=2 2 2 2 2 2 2 2 2 2
left_child=5 2 3 4 -2 6 7 8 -1 -9
right_child=1 -3 -4 -5 -6 -7 -8 9 -10 -11
leaf_value=0.0076261552109647569 -0.065589950846663594 0.033738378354004221 -0.051849880084780357 0.027453303515887907 -0.0010037179041566321 0.028379717203052515 -0.021950476058784512 0.040216549362651843 -0.0056117521158514615 -0.0027401401305544547
leaf_weight=121.22978547029197 5.5340846367180436 6.1967838108539572 6.4971814304590216 8.3877436816692335 3.3942292463034391 9.605262562632559 8.7258418314158899 8.9980666935443896 135.39634014107287 9.6038039885461313
leaf_count=298 38 9 27 15 13 15 27 14 392 31
internal_value=0.00098092 -0.00879455 -0.0198626 -0.00786068 -0.0410365 0.00198025 0.00108724 0.00181763 0.000641815 0.0180388
internal_weight=323.569 30.01 23.8132 17.3161 8.92831 293.559 283.954 275.228 256.626 18.6019
internal_count=879 102 93 66 51 777 762 735 690 45
is_linear=0
shrinkage=0.05


Tree=89
num_leaves=11
num_cat=0
split_feature=11 11 11 11 11 4 4 4 4 11
split_gain=1.25591 5.71891 8.27075 5.05477 3.20516 2.84849 11.3389 2.90877 2.41721 1.84598
threshold=6.6065000000000012e-05 8.1595000000000021e-05 0.00010298000000000001 4.9035000000000007e-05 2.1920000000000004e-05 0.99102025000000016 0.59523700000000013 1.2551655833333337 1.7863220000000002 3.2410000000000003e-05
decision_type=2 2 2 2 2 2 2 2 2 2
left_child=3 -2 8 4 -1 6 -4 -7 -3 -6
right_child=1 2 5 -5 9 7 -8 -9 -10 -11
leaf_value=-0.02751199535481217 0.030416553679135913 -0.075296862076002502 0.0039048449671199824 -0.046805122356670045 0.027010316238577189 0.019084262609241162 -0.046902360159523093 0.0022409631318935142 -0.022360096078418604 -0.0027109195924258189
leaf_weight=7.1879974417388466 16.701061077415943 4.1625241339206678 49.564209694042802 6.7721762955188742 9.8044469803571719 30.219784080982208 14.10699337441474 168.87093514949083 4.4745416147634387 11.183591548353432
leaf_count=32 32 22 123 32 16 61 93 418 18 32
internal_value=0.000932778 0.0020186 0.000271073 -0.0080183 0.0013042 0.00185356 -0.007352 0.00479759 -0.0478723 0.0111732
internal_weight=323.048 288.1 271.399 34.9482 28.176 262.762 63.6712 199.091 8.63707 20.988
internal_count=879 767 735 112 80 695 216 479 40 48
is_linear=0
shrinkage=0.05


Tree=90
num_leaves=11
num_cat=0
split_feature=5 11 11 11 11 5 2 2 11 4
split_gain=1.24767 3.17641 5.45654 5.12473 7.34856 2.31384 1.9623 13.2448 3.90514 3.25944
threshold=181.97916666666669 0.00042544500000000004 0.00040891500000000009 0.00025307000000000004 0.00024068500000000003 167.47916666666671 8.525443000000001 6.1347245000000017 0.00062196083333330011 2.4993550000000004
decision_type=2 2 2 2 2 2 2 2 2 2
left_child=5 2 3 4 -2 6 7 8 -1 -9
right_child=1 -3 -4 -5 -6 -7 -8 9 -10 -11
leaf_value=-0.0019288128986102296 -0.054837766084260879 -0.057519107329735614 0.049291568280037994 -0.072930895909273916 0.064137304586111804 0.021006430055335687 0.015981476129561117 -0.016946448833163371 0.011887736229652234 -0.0751715525290199
leaf_weight=192.63466227799654 2.4897337611764652 3.1804659320041528 3.6947482824325553 3.2395944222807884 2.711162805557251 14.601588241755961 19.388895243406296 3.664271801710127 69.62707681953907 6.9863146841526031
leaf_count=506 40 39 4 18 2 32 37 10 151 40
internal_value=0.000886805 -0.0130408 -0.00138369 -0.0235663 0.00718246 0.00158185 0.000611516 -0.000480434 0.0017393 -0.0551395
internal_weight=322.219 15.3157 12.1352 8.44049 5.2009 306.903 292.301 272.912 262.262 10.6506
internal_count=879 103 64 60 42 776 744 707 657 50
is_linear=0
shrinkage=0.05


Tree=91
num_leaves=12
num_cat=0
split_feature=4 4 4 8 5 11 4 11 11 11 2
split_gain=1.19906 8.24632 7.13007 7.45845 3.70898 3.39666 3.31241 3.37883 3.96394 4.34387 2.49749
threshold=1.3699818333333336 1.2551655833333337 1.1745093333333336 1.0000000180025095e-35 76.875000000000014 0.00036804000000000003 1.4582362500000003 0.00088190000000000002 0.0007511550000000002 0.00061271500000000011 2.0615650000000003
decision_type=2 2 2 2 2 2 2 2 2 2 2
left_child=1 2 3 4 -1 -3 -2 8 9 -8 -5
right_child=6 5 -4 10 -6 -7 7 -9 -10 -11 -12
leaf_value=-0.0037220493533623232 0.026598423864545546 -0.078579484609191105 0.042948266959785784 -0.024819562773115252 0.020541957458376909 -0.0189587128072005 0.0034741490456314233 -0.023199691739039012 0.029124231162440548 -0.028907377207380139 -0.079817980554978005
leaf_weight=82.453460939228535 14.18713968247175 4.5883540511131269 9.2136956602334958 4.9178887195885164 19.468280645087361 4.9835529178380966 140.15167910885066 12.852233216166495 13.746020331978796 11.183122690767048 3.5572207001969218
leaf_count=223 28 24 12 30 60 16 366 39 20 38 23
internal_value=0.000843049 -0.00288189 0.00069177 -0.00283495 0.000912668 -0.0475383 0.00334771 0.00149386 0.00341636 0.00108127 -0.0479038
internal_weight=321.303 129.182 119.611 110.397 101.922 9.57191 192.12 177.933 165.081 151.335 8.47511
internal_count=879 388 348 336 283 40 491 463 424 404 53
is_linear=0
shrinkage=0.05


Tree=92
num_leaves=12
num_cat=0
split_feature=5 11 11 11 11 5 4 2 4 5 11
split_gain=1.14506 2.97175 5.04534 4.69699 6.8156 2.08173 1.96959 9.70107 4.35729 5.75597 4.10033
threshold=181.97916666666669 0.00042544500000000004 0.00040891500000000009 0.00025307000000000004 0.00024068500000000003 167.47916666666671 2.2854660000000009 2.8481295000000006 2.2219772500000006 126.29166666666667 0.00020878000000000002
decision_type=2 2 2 2 2 2 2 2 2 2 2
left_child=5 2 3 4 -2 6 8 -8 9 -1 -9
right_child=1 -3 -4 -5 -6 -7 7 10 -10 -11 -12
leaf_value=0.0035699214014788001 -0.054513542085374414 -0.057088493221131145 0.047588523391911754 -0.071545239505909658 0.062995466476860842 0.019944197382759585 -0.067110458880980176 -0.020799642797170285 0.036466128686760475 -0.030398292094474973 0.0067741026674479933
leaf_weight=196.6884022206068 2.3631591564044339 3.0149032287299624 3.6240825206041327 3.1140471547842026 2.5824121236801147 14.504296261817215 6.0715479329228392 18.846987050026655 9.257970064878462 13.315628983080385 47.366873934864998
leaf_count=473 40 39 4 18 2 32 35 68 13 41 114
internal_value=0.000801468 -0.0128305 -0.00141004 -0.0234427 0.00684574 0.00145616 0.000536397 -0.00662107 0.00289604 0.00141611 -0.00107444
internal_weight=320.75 14.6986 11.6837 8.05962 4.94557 306.052 291.547 72.2854 219.262 210.004 66.2139
internal_count=879 103 64 60 42 776 744 217 527 514 182
is_linear=0
shrinkage=0.05


Tree=93
num_leaves=12
num_cat=0
split_feature=4 4 4 8 2 5 11 4 11 11 11
split_gain=1.13494 7.48954 6.57897 6.73354 3.74551 3.36197 2.99814 2.98041 3.07127 3.55518 3.9374
threshold=1.3699818333333336 1.2551655833333337 1.1745093333333336 1.0000000180025095e-35 1.3417045000000003 118.77083333333336 0.00055760500000000008 1.4582362500000003 0.00088190000000000002 0.0007511550000000002 0.00061271500000000011
decision_type=2 2 2 2 2 2 2 2 2 2 2
left_child=1 2 3 5 -3 -1 -5 -2 9 10 -9
right_child=7 4 -4 6 -6 -7 -8 8 -10 -11 -12
leaf_value=-0.002735086294669919 0.025284416032723019 -0.014528816616354277 0.041253881368434109 -0.068530123265644186 -0.077591576782283164 0.024971915893564341 -0.0056975472731397511 0.003349205311646836 -0.022130013628766172 0.027754664144259929 -0.027578500213364516
leaf_weight=89.230476006865501 14.152028672397135 4.7493723183870298 9.1521435081958753 5.3429933749139291 4.6694528087973595 12.47976805642247 2.9450156856328249 139.55766954552382 12.820772767066954 13.607705935835837 11.110169168561695
leaf_count=244 28 13 12 38 27 39 15 366 39 20 38
internal_value=0.000761961 -0.0028708 0.00052217 -0.00286682 -0.0457927 0.000664541 -0.0462035 0.00320413 0.00143966 0.00327914 0.00106861
internal_weight=319.818 128.569 119.15 109.998 9.41883 101.71 8.28801 191.248 177.096 164.276 150.668
internal_count=879 388 348 336 40 283 53 491 463 424 404
is_linear=0
shrinkage=0.05


Tree=94
num_leaves=11
num_cat=0
split_feature=11 11 11 11 5 2 4 4 4 4
split_gain=1.11366 5.45026 6.81648 6.68743 4.82029 3.08999 3.66693 2.94947 8.7051 7.98245
threshold=6.6065000000000012e-05 8.1595000000000021e-05 0.00010849750000000001 9.7820000000000022e-05 119.4791666666667 0.89253150000000014 2.2219772500000006 1.9616487500000004 2.1422040000000004 1.7473772500000002
decision_type=2 2 2 2 2 2 2 2 2 2
left_child=4 -2 3 -3 5 -1 -7 9 -9 -4
right_child=1 2 7 -5 -6 6 -8 8 -10 -11
leaf_value=0.0040252163249138318 0.029621217935342965 -0.078047700477664919 0.00090939779056974351 -0.003528683582034025 0.027395002117952441 -0.052052737067671162 -0.0050720611356225827 0.037411835934550303 0.0010613108676988659 -0.039503453418751708
leaf_weight=10.212786033749582 16.52671804651618 5.3955996986478549 139.24763625115156 6.8113158605992794 7.6115871537476769 9.2070991396904009 7.5668805465102187 20.569748669862747 82.634285967797041 13.394407887011765
leaf_count=23 32 32 389 20 26 34 29 31 221 42
internal_value=0.000724188 0.00175399 3.58501e-05 -0.036467 -0.00774621 -0.0176578 -0.0308594 0.00177747 0.00830639 -0.00263685
internal_weight=319.178 284.58 268.053 12.2069 34.5984 26.9868 16.774 255.846 103.204 152.642
internal_count=879 767 735 52 112 86 63 683 252 431
is_linear=0
shrinkage=0.05


Tree=95
num_leaves=11
num_cat=0
split_feature=4 11 11 4 2 4 4 5 4 4
split_gain=1.06177 5.63877 5.03728 4.37223 8.33675 2.52781 1.76473 9.81761 2.77823 3.45629
threshold=3.5752850000000005 0.00043576500000000001 0.00025546000000000005 6.8342880000000008 4.9074305000000011 3.3836710000000001 2.903587583333334 77.020833333333357 2.7177885833333337 2.3582457500000005
decision_type=2 2 2 2 2 2 2 2 2 2
left_child=5 2 3 4 -2 6 8 -8 9 -1
right_child=1 -3 -4 -5 -6 -7 7 -9 -10 -11
leaf_value=0.0019092417560908619 0.016567777893959742 -0.047147380206092833 0.033990250442725058 0.021670893824494913 -0.082637320081826407 0.027077826711008779 -0.051137343019522823 0.024297800947570836 0.025949348315277079 -0.027185117857550657
leaf_weight=240.62074357643723 3.9354255720973068 7.1058827787637702 8.5973394736647588 5.1128427386283866 4.5849750256165862 9.4243612885475141 8.9368358105421084 8.3367635793983919 11.364687468856571 10.660043794661759
leaf_count=636 14 30 20 10 28 15 32 22 24 48
internal_value=0.000689024 -0.0083748 0.00401864 -0.0148819 -0.0368162 0.001608 0.000750481 -0.0147301 0.0017686 0.000674976
internal_weight=318.68 29.3365 22.2306 13.6332 8.5204 289.343 279.919 17.2736 262.645 251.281
internal_count=879 102 72 52 42 777 762 54 708 684
is_linear=0
shrinkage=0.05


Tree=96
num_leaves=15
num_cat=0
split_feature=4 4 11 4 8 4 11 11 0 11 11 5 11 2
split_gain=1.08857 4.01685 15.322 6.03773 6.19582 3.69261 5.37763 8.18796 5.22569 4.09299 6.3829 3.10478 2.8757 1.41189
threshold=1.4220365000000001 1.2551655833333337 0.00042544500000000004 1.1745093333333336 1.0000000180025095e-35 1.5495705000000002 9.7820000000000022e-05 4.9035000000000007e-05 1.0000000180025095e-35 0.00012618250000000003 0.00020878000000000002 76.875000000000014 0.00055760500000000008 3.4134195000000003
decision_type=2 2 2 2 2 2 2 2 2 2 2 2 2 2
left_child=1 3 -3 4 11 -2 7 13 -9 -8 -11 -1 -6 -7
right_child=5 2 -4 -5 12 6 9 8 -10 10 -12 -13 -14 -15
leaf_value=-0.0037340105867683503 0.02371440383578613 -0.077641508890304523 0.021408152036110257 0.039595224260739838 -0.067490547243342303 0.022690934966933106 0.035040848133184074 -0.088893616546103893 -0.016402830754402482 -0.025185710288299371 0.0064538794699094265 0.018613166357175904 -0.0055530170328461697 -0.01059878449842707
leaf_weight=82.313466392457485 19.518445819616318 7.5756381563842288 8.0565383210778219 9.0613229721784574 5.1522774882614595 5.8760472387075442 10.085510712116955 5.4261878505349141 4.5883087264373899 18.558670982718468 112.98242187872529 19.160623433068395 2.9453218029811978 6.955029834061861
leaf_count=223 36 39 17 12 38 14 17 28 24 60 269 60 15 27
internal_value=0.000654536 -0.00276861 -0.0265931 0.000370725 -0.00287305 0.00315254 0.0007124 -0.0217984 -0.0556808 0.00434358 0.00198996 0.000485646 -0.0449621 0.00464639
internal_weight=318.256 134.265 15.6322 118.633 109.572 183.991 164.472 22.8456 10.0145 141.627 131.541 101.474 8.0976 12.8311
internal_count=879 404 56 348 336 475 439 93 52 346 329 283 53 41
is_linear=0
shrinkage=0.05


Tree=97
num_leaves=17
num_cat=0
split_feature=11 11 11 4 11 5 2 11 11 5 2 11 5 2 7 4
split_gain=1.14868 7.8646 7.42341 7.83862 6.31237 15.0897 6.05515 4.9928 5.56979 4.97807 12.5114 13.3169 10.3242 13.6305 3.00411 0.802546
threshold=0.00035958000000000002 0.00033770000000000008 0.00040891500000000009 1.1541642500000002 0.00027147000000000006 167.47916666666671 0.93244450000000001 0.00017055500000000002 0.00014595000000000002 83.625000000000014 3.3717150000000005 0.0006558025000000001 63.312500000000007 3.4807465000000004 2.5000000000000004 1.2892457500000003
decision_type=2 2 2 2 2 2 2 2 2 2 2 2 2 2 2 2
left_child=1 4 3 -2 7 6 -6 8 -1 12 15 -12 13 -4 -9 -11
right_child=2 -3 9 -5 5 -7 -8 14 -10 10 11 -13 -14 -15 -16 -17
leaf_value=0.0010371039695910779 0.0015244426644213114 0.038441430948681798 0.0078127042236619589 -0.076455922999802223 -0.010796924266826425 0.034630964333932861 -0.080961752216632071 0.0089763345362394477 -0.037755091201138402 -0.063272074711717627 0.026152200894074037 -0.052925926356390818 0.050584407243647336 -0.058715648596555606 0.036050315318309954 -0.09893310411927525
leaf_weight=85.788785238750279 6.2079179435968381 14.555654272437094 68.111945793032646 6.7014282122254372 4.7187631949782398 6.8302888348698607 8.8263044804334623 40.474294502288103 10.371870961040257 3.9397716522216824 16.256111824885014 7.9165871031582347 11.768693834543226 8.6802747771143896 13.71880593895912 2.6314712166786194
leaf_count=252 20 21 158 34 16 12 44 95 40 37 36 31 14 35 21 13
internal_value=0.000621115 0.00316161 -0.00293913 -0.0389563 0.000153795 -0.0259628 -0.0565181 0.00369302 -0.00314702 0.000958102 -0.0163765 0.000254022 0.0069758 0.000292615 0.01583 -0.0775526
internal_weight=317.499 185.285 132.214 12.9093 170.729 20.3754 13.5451 150.354 96.1607 119.305 30.7439 24.1727 88.5609 76.7922 54.1931 6.57124
internal_count=879 501 378 54 480 72 60 408 292 324 117 67 207 193 116 50
is_linear=0
shrinkage=0.05


Tree=98
num_leaves=18
num_cat=0
split_feature=6 0 11 8 11 2 2 11 4 11 11 11 2 11 11 11 11
split_gain=1.10379 2.54696 8.39876 4.99088 3.2684 1.68598 3.96265 10.1464 7.3568 8.21106 6.31901 4.89965 3.58561 6.61195 4.05711 6.22967 3.50158
threshold=1.5000000000000002 1.0000000180025095e-35 0.0005228050000000001 0.41665000000000002 0.00023814500000000002 1.6016060000000001 0.39768850000000006 0.00043576500000000001 0.32702150000000002 0.00069891250000000016 6.6065000000000012e-05 0.00099374000000000012 2.1412295000000006 0.00088190000000000002 0.00050510000000000008 0.00016963000000000001 0.0007632400000000001
decision_type=2 2 2 2 2 2 2 2 2 2 2 2 2 2 2 2 2
left_child=5 3 -3 4 -2 6 8 10 9 -1 -8 -9 14 16 15 -7 -14
right_child=1 2 -4 -5 -6 12 7 11 -10 -11 -12 -13 13 -15 -16 -17 -18
leaf_value=-0.023870814669366851 0.0024892753848937536 -0.079243298076986088 0.01424543432126372 0.027183815009804126 -0.042851291845478763 0.024455673399271498 -0.040230408394026272 -0.075892802404439907 0.04038441179044041 0.030208274098422746 0.0090859430544120035 -0.018941882823791761 0.00078056891668712414 -0.041804169553155454 0.037103737798256119 -0.02300622744869299 0.03019282526087292
leaf_weight=20.172504484653476 9.2204018086195045 4.5266492795199138 5.1191513687372208 10.50919636338949 6.9862629026174536 17.468323662877086 7.9132026284933081 7.5011637154966575 12.510369166731833 10.764691233634947 36.253588236868382 7.6060397699475288 112.53016432374716 8.6451662015169841 15.917661190032957 11.442624768242238 11.11910876072943
leaf_count=64 24 28 13 20 26 33 28 45 16 18 94 23 332 33 27 38 17
internal_value=0.000590581 -0.00760472 -0.0296276 0.000346677 -0.0170558 0.00165544 -0.00344074 -0.0118485 0.00802974 -0.00505383 0.000250112 -0.0472197 0.00461094 0.000469792 0.0168319 0.00567079 0.00342545
internal_weight=316.206 36.3617 9.6458 26.7159 16.2067 279.845 102.722 59.274 43.4476 30.9372 44.1668 15.1072 177.123 132.294 44.8286 28.9109 123.649
internal_count=879 111 41 70 50 768 288 190 98 82 122 68 480 382 98 71 349
is_linear=0
shrinkage=0.05


Tree=99
num_leaves=16
num_cat=0
split_feature=11 11 11 5 7 11 5 4 5 2 11 5 4 11 4
split_gain=1.09464 7.15042 6.53329 7.69758 5.96741 6.09291 21.0307 4.65722 4.54034 11.5201 12.1533 9.51637 12.622 3.58195 0.642514
threshold=0.00035958000000000002 0.00033770000000000008 0.00040891500000000009 118.77083333333336 2.5000000000000004 0.00027147000000000006 167.47916666666671 0.32702150000000002 83.625000000000014 3.3717150000000005 0.0006558025000000001 63.312500000000007 2.9126460000000005 0.00013056500000000002 1.2892457500000003
decision_type=2 2 2 2 2 2 2 2 2 2 2 2 2 2 2
left_child=1 4 3 -2 5 7 -7 -1 11 14 -11 12 -4 -6 -10
right_child=2 -3 8 -5 13 6 -8 -9 9 10 -12 -13 -14 -15 -16
leaf_value=-0.030237359948223165 -0.07347935974967594 0.036901373026516623 0.0073039491585557255 0.0044434739655448202 -0.0051727967915902416 -0.07633844905581659 0.038684983243943455 0.0028632262453256439 -0.062457706325036534 0.024752947664657528 -0.051025188352519985 0.048646958214508318 -0.057210830234525389 0.032190688154550152 -0.09473920166713154
leaf_weight=11.745572924613951 6.7645693719387037 14.378564700484274 67.594951190054417 5.9631360843777657 9.3392897024750727 10.394516505301 6.4335653036832801 111.54763838276267 3.76511690206826 16.155377091839913 7.8680178709328166 11.619920715689657 8.5391413867473585 20.48274739086628 2.6098410077393055
leaf_count=38 37 21 158 17 28 54 10 316 37 36 31 14 35 34 13
internal_value=0.000562017 0.00304491 -0.00293471 -0.0369713 0.000180387 -0.00414204 -0.0323637 -0.000290113 0.000731799 -0.0159215 -6.55149e-05 0.00650059 6.8021e-05 0.0204897 -0.0756734
internal_weight=315.202 184.322 130.88 12.7277 169.943 140.121 16.8281 123.293 118.152 30.3984 24.0234 87.754 76.1341 29.822 6.37496
internal_count=879 501 378 54 480 418 64 354 324 117 67 207 193 62 50
is_linear=0
shrinkage=0.05


Tree=100
num_leaves=14
num_cat=0
split_feature=5 11 11 4 5 2 11 2 2 4 4 11 11
split_gain=1.12165 3.49863 3.2509 4.804 2.98347 1.82393 15.0217 9.91712 3.46603 4.74919 3.24066 0.106531 0.0080169
threshold=174.64583333333337 0.00042544500000000004 0.00033131000000000008 1.1541642500000002 167.83333333333334 6.1347245000000017 0.00054221749999995019 8.525443000000001 4.6737245000000014 2.1422040000000004 2.8378640000000002 0.00015372000000000001 0.00058444000000000009
decision_type=2 2 2 2 2 2 2 2 2 2 2 2 2
left_child=4 2 3 -2 5 8 7 -7 9 -1 -10 -5 -3
right_child=1 12 -4 11 -6 6 -8 -9 10 -11 -12 -13 -14
leaf_value=0.0028029584754594179 0.015662380149087368 -0.060284759090703161 0.024588599294171846 -0.055629671356812939 0.031528752269074339 -0.044257793932459544 -0.089419441879757589 0.025674933284429793 0.034985609669206795 -0.017288418780704844 -3.1790428280135103e-05 -0.072565505651024972 -0.05538558213127686
leaf_weight=197.66628024354577 3.8745229160413164 1.6300026979297393 6.651206236332655 1.899278683587909 7.9243309199810019 7.1997163183987203 5.0964998155832282 17.133854866027832 14.355349287390711 34.554838687181473 12.240864798426626 1.8167414180934427 1.7121188323944805
leaf_count=488 18 16 14 30 12 36 23 30 24 115 32 13 28
internal_value=0.00053394 -0.0117353 -0.000931129 -0.0232928 0.00126237 0.000430305 -0.0113645 0.00498353 0.00177149 -0.000186668 0.0188689 -0.0639095 -0.057775
internal_weight=313.756 17.5839 14.2417 7.59054 296.172 288.247 29.4301 24.3336 258.817 232.221 26.5962 3.71602 3.34212
internal_count=879 119 75 61 760 748 89 66 659 603 56 43 44
is_linear=0
shrinkage=0.05


Tree=101
num_leaves=10
num_cat=0
split_feature=6 0 11 8 11 2 2 2 11
split_gain=1.04892 2.34253 7.61939 4.37405 2.81155 1.63116 6.39716 3.79598 3.16119
threshold=1.5000000000000002 1.0000000180025095e-35 0.0005228050000000001 0.41665000000000002 0.00023814500000000002 9.2279905000000024 7.6608965000000007 6.1043555000000014 0.00021425500000000003
decision_type=2 2 2 2 2 2 2 2 2
left_child=5 3 -3 4 -2 6 7 8 -1
right_child=1 2 -4 -5 -6 -7 -8 -9 -10
leaf_value=0.0084916627308024139 0.0017910863771863055 -0.077393359717472868 0.013061826289224738 0.025364169079502893 -0.040573132445205225 -0.017336432577813889 0.040619497873096877 -0.029902615403704293 -0.002956608063381647
leaf_weight=105.80388106405735 9.1593386530876213 4.3560149846598488 5.0006121397018433 10.370442330837248 6.8419237434864035 10.983438659459351 10.476826284080742 9.712311025708912 140.20265511795878
leaf_count=268 24 28 13 20 26 33 22 39 406
internal_value=0.00050714 -0.00755605 -0.0290499 6.99439e-05 -0.0163233 0.00154648 0.00232561 0.000756702 0.00196713
internal_weight=312.907 35.7283 9.35663 26.3717 16.0013 277.179 266.196 255.719 246.007
internal_count=879 111 41 70 50 768 735 713 674
is_linear=0
shrinkage=0.05


Tree=102
num_leaves=10
num_cat=0
split_feature=5 4 2 8 5 2 5 2 3
split_gain=1.01956 3.43409 5.0625 5.09817 2.57144 1.62848 4.92966 5.21954 0.0412307
threshold=174.64583333333337 1.0986210000000003 3.5329350000000006 0.41665000000000002 167.47916666666671 10.255145500000003 146.54166666666671 6.1347245000000017 2.5000000000000004
decision_type=2 2 2 2 2 2 2 2 2
left_child=4 -2 -3 8 5 6 7 -1 -4
right_child=1 2 3 -5 -6 -7 -8 -9 -10
leaf_value=0.0026295168910613845 -0.063602608319813805 0.038240365966559976 -0.058386000942407562 0.0099138003011658635 0.0258297548124596 0.020418482789378026 -0.034799514715879401 -0.027232373244957083 -0.068285755894406733
leaf_weight=249.85858972743154 2.6585035258904126 5.1172755043953648 1.8749614963307957 5.1607080586254597 10.207110956311224 9.7050041258335096 10.047095090150831 15.543472994118927 2.3954802937805653
leaf_count=633 36 15 26 21 16 16 32 63 21
internal_value=0.000481842 -0.0113494 -0.00180088 -0.023527 0.0011711 0.000288437 -0.000420812 0.000880633 -0.0639392
internal_weight=312.568 17.2069 14.5484 9.43115 295.361 285.154 275.449 265.402 4.27044
internal_count=879 119 83 68 760 744 728 696 47
is_linear=0
shrinkage=0.05


Tree=103
num_leaves=9
num_cat=0
split_feature=2 2 4 2 4 11 4 4
split_gain=1.38648 2.18962 5.81328 3.97712 3.89952 4.78523 3.48254 5.89087
threshold=0.090794500000000014 0.35375400000000007 0.46944225000000006 0.39768850000000006 0.29836125000000008 0.00020058000000000003 0.59523700000000013 0.99102025000000016
decision_type=2 2 2 2 2 2 2 2
left_child=-1 4 3 -3 5 -2 -4 -8
right_child=1 2 6 -5 -6 -7 7 -9
leaf_value=-0.024740546183402327 0.023174430724116332 -0.0029782856044694344 0.026517757411208633 -0.059918230126763686 0.036825459378463231 -0.024378004027261469 -0.025940436249531275 0.0020259676537421716
leaf_weight=5.3651517927646628 11.096902579069139 5.6196536570787412 12.745025008916853 6.7506332974880934 11.341062992811201 10.110952526330946 20.52153870742768 228.41811827383935
leaf_count=16 22 12 24 32 17 33 116 607
internal_value=0.000457607 0.000898541 -0.000557638 -0.0340512 0.0131593 0.000503566 0.00102566 -0.000279465
internal_weight=311.969 306.604 274.055 12.3703 32.5489 21.2079 261.685 248.94
internal_count=879 863 791 44 72 55 747 723
is_linear=0
shrinkage=0.05


Tree=104
num_leaves=16
num_cat=0
split_feature=6 11 8 2 2 2 2 2 2 11 11 4 2 4 4
split_gain=0.983945 2.2917 2.82809 1.73495 1.56401 3.49961 3.07533 3.82041 3.06871 5.87793 4.91984 4.21836 3.77492 0.340867 0.166398
threshold=1.5000000000000002 0.00021760500000000003 0.41665000000000002 1.9878135000000003 1.6016060000000001 1.3269460000000002 1.1866545000000002 0.39768850000000006 2.1215790000000001 0.00088190000000000002 0.00036467000000000004 1.4363325000000002 1.8377080000000003 2.2854660000000009 1.4363325000000002
decision_type=2 2 2 2 2 2 2 2 2 2 2 2 2 2 2
left_child=4 13 3 -3 5 6 7 -1 10 11 12 -10 -6 -2 -7
right_child=1 2 -4 -5 8 14 -8 -9 9 -11 -12 -13 -14 -15 -16
leaf_value=0.0073211801875589389 -0.03626742839170341 0.0066441872577104617 0.019949176929885445 -0.027994624968195797 0.016868336592608332 -0.022235279923144672 0.029757984611332063 -0.014416973637379142 -0.021590339922567342 -0.039747842904144307 0.033980162304195434 0.0067360796192017167 -0.025363451697567936 -0.017353128699236321 -0.033789315019588387
leaf_weight=42.913008287549019 5.5200959118083102 6.1591063886880884 10.75871853530407 8.7513128593564016 13.033870760351421 5.9582187887281162 7.9024776052683583 38.207120598293841 14.941176302265374 8.4593313224613649 20.065881094895303 109.21790394932032 8.9076307639479619 4.190122895874083 6.532882422208786
leaf_count=98 21 16 22 32 28 24 17 128 61 33 38 292 28 20 21
internal_value=0.000435215 -0.00741538 0.000411393 -0.0136862 0.00144104 -0.0034943 -1.67977e-05 -0.00291737 0.00431007 0.000579673 0.016087 0.00332731 -0.000276578 -0.0281056 -0.0282781
internal_weight=311.519 35.3794 25.6691 14.9104 276.14 101.514 89.0226 81.1201 174.626 132.618 42.0074 124.159 21.9415 9.71022 12.4911
internal_count=879 111 70 48 768 288 243 226 480 386 94 353 56 41 45
is_linear=0
shrinkage=0.05


Tree=105
num_leaves=9
num_cat=0
split_feature=11 11 11 11 11 4 7 5
split_gain=0.981117 2.62977 1.32142 6.81111 5.80351 7.0442 5.49126 3.69928
threshold=0.0011941075000000002 0.0010923950000000001 0.00035958000000000002 0.00033770000000000008 0.00040891500000000009 1.1541642500000002 2.5000000000000004 83.840625000000017
decision_type=2 2 2 2 2 2 2 2
left_child=1 2 3 6 5 -4 -1 -6
right_child=-2 -3 4 -5 7 -7 -8 -9
leaf_value=-0.0042413428705585189 -0.015120518755968832 0.028255490722947557 0.0021882259595770621 0.035987945726405034 0.006186575691359112 -0.073391147700383061 0.01951452448779149 -0.015056196593544414
leaf_weight=138.566725644283 9.8418192043900472 8.5499631315469724 6.0210246071219427 14.202486902475355 68.951107911765575 6.3178737051784992 29.505831124261022 29.16234797751531
leaf_count=418 33 12 20 21 167 34 62 112
internal_value=0.00041453 0.000922013 0.000123658 0.00273873 -0.00419188 -0.0365106 -7.09023e-05 -0.000127432
internal_weight=311.119 301.277 292.727 182.275 110.452 12.3389 168.073 98.1135
internal_count=879 846 834 501 333 54 480 279
is_linear=0
shrinkage=0.05


Tree=106
num_leaves=7
num_cat=0
split_feature=2 2 4 2 4 11
split_gain=1.30186 1.91392 4.74611 11.2808 4.10059 0.580385
threshold=0.090794500000000014 0.20064900000000005 0.32702150000000002 0.35375400000000007 0.46944225000000006 0.00049344000000000005
decision_type=2 2 2 2 2 2
left_child=-1 -2 5 -4 -5 -3
right_child=1 2 3 4 -6 -7
leaf_value=-0.024035069586871984 0.019006768647613984 -0.03831879806382902 0.064895761706763283 -0.029730509226788215 0.0010120154761155775 -0.016329076819247466
leaf_weight=5.35940958559513 13.816356509923933 7.8548320680856687 6.8078350424766532 11.318210614845155 260.5107705402188 4.8555501932278275
leaf_count=16 28 31 5 35 747 17
internal_value=0.000394369 0.000823409 -3.88882e-05 0.00132411 -0.000268019 -0.0299184
internal_weight=310.523 305.164 291.347 278.637 271.829 12.7104
internal_count=879 863 835 787 782 48
is_linear=0
shrinkage=0.05


Tree=107
num_leaves=7
num_cat=0
split_feature=2 2 4 2 4 11
split_gain=1.17707 1.73067 4.30878 10.4702 3.68719 0.536086
threshold=0.090794500000000014 0.20064900000000005 0.32702150000000002 0.35375400000000007 0.46944225000000006 0.00049344000000000005
decision_type=2 2 2 2 2 2
left_child=-1 -2 5 -4 -5 -3
right_child=1 2 3 4 -6 -7
leaf_value=-0.022873283509588765 0.018091551991255863 -0.036714340112475354 0.063334041972862617 -0.02814026175697364 0.00096147468486240868 -0.01553689505779376
leaf_weight=5.3502792268991461 13.790213495492933 7.7898725569248182 6.6314108520746222 11.358842588961123 260.49494350887835 4.8481563208624721
leaf_count=16 28 31 5 35 747 17
internal_value=0.000375794 0.000783742 -3.61111e-05 0.00125972 -0.000254481 -0.0285903
internal_weight=310.264 304.913 291.123 278.485 271.854 12.638
internal_count=879 863 835 787 782 48
is_linear=0
shrinkage=0.05


Tree=108
num_leaves=11
num_cat=0
split_feature=11 11 11 4 2 4 4 4 2 4
split_gain=0.980662 1.57711 6.32048 5.9824 5.13088 2.80583 7.26852 7.21625 2.03654 4.13739
threshold=2.3605000000000005e-05 8.1595000000000021e-05 0.00010849750000000001 1.7863220000000002 0.89253150000000014 1.9616487500000004 1.7473772500000002 2.1422040000000004 1.9878135000000003 1.9616487500000004
decision_type=2 2 2 2 2 2 2 2 2 2
left_child=-1 4 3 -3 -2 6 -4 -7 -6 -10
right_child=1 2 5 -5 8 7 -8 -9 9 -11
leaf_value=-0.015612964312813841 0.034100380140615102 -0.075392168189367087 0.00020899175868470708 -0.003861116840302636 -0.021808205634070987 0.034690811274953597 -0.038717030470909589 0.00091953482970126435 0.031754626089185709 -0.017004479561293646
leaf_weight=9.3224419578909856 14.329003036022185 5.3559078704565746 134.96768854744732 6.4347269721329212 9.3427803479135054 19.719187956303358 13.161870386451481 79.959151964634657 8.6150955930352229 8.7892820127308351
leaf_count=36 22 29 389 23 29 31 42 221 18 39
internal_value=0.000358119 0.000853304 -0.000587138 -0.0363542 0.0099568 0.00111465 -0.00324973 0.00760045 -0.00297741 0.00713108
internal_weight=309.997 300.675 259.599 11.7906 41.0762 247.808 148.13 99.6783 26.7472 17.4044
internal_count=879 843 735 52 108 683 431 252 86 57
is_linear=0
shrinkage=0.05


Tree=109
num_leaves=17
num_cat=0
split_feature=11 11 7 11 4 11 4 7 4 2 11 2 11 2 4 11
split_gain=0.937276 5.68849 6.04853 5.19694 4.54059 7.40115 12.6265 5.2098 5.4205 6.13088 4.08295 1.90926 1.42091 1.31424 3.99462 0.603294
threshold=0.00027147000000000006 0.00032566250000000006 2.5000000000000004 0.00034772250000000008 2.2278320000000007 0.00020878000000000002 3.4245269166666672 2.5000000000000004 0.32702150000000002 3.6100290000000004 0.00060821500000000017 8.525443000000001 0.00080834749999995003 1.0088520000000003 2.4566905000000001 0.00014892000000000003
decision_type=2 2 2 2 2 2 2 2 2 2 2 2 2 2 2 2
left_child=4 13 3 -3 7 6 15 8 -1 -10 -5 -8 -4 -2 -15 -6
right_child=1 2 12 10 5 -7 11 -9 9 -11 -12 -13 -14 14 -16 -17
leaf_value=-0.029007453863950428 -0.011664012410966757 0.031847157352113145 -0.017347510848725097 -0.0099682793042358674 -0.066245865501271858 0.018440161159272276 -0.019764339685835394 0.030584606194726346 0.012324719810034914 -0.032354666821845367 0.008656803249674867 0.017814668665033211 -0.049162870109634924 -0.076485952378421748 -0.0083374741165366719 -0.093302409081803053
leaf_weight=11.592379420995711 4.3944459706544867 14.727856799960135 8.8113409020006639 53.044936221092939 5.5385727752000111 12.389946155250071 6.2683359673246724 20.947154585272074 71.989689650945365 8.5946623850613815 66.08233096729964 7.3352959454059601 5.832298442721366 4.6892382912337762 3.9715269133448601 3.2806091867387295
leaf_count=38 16 24 33 170 41 28 29 37 167 36 167 16 21 27 13 16
internal_value=0.000341047 -0.002292 0.00048989 0.00382754 0.00321646 -0.012574 -0.0297113 0.00807584 0.00296072 0.00755947 0.000363435 0.000498863 -0.030019 -0.0339351 -0.0452354 -0.0763105
internal_weight=309.491 161.554 148.499 133.855 147.937 34.8128 22.4228 113.124 92.1767 80.5844 119.127 13.6036 14.6436 13.0552 8.66077 8.81918
internal_count=879 471 415 361 408 130 102 278 241 203 337 45 54 56 40 57
is_linear=0
shrinkage=0.05


Tree=110
num_leaves=12
num_cat=0
split_feature=4 4 4 11 4 1 11 11 11 11 11
split_gain=0.967548 5.26888 3.63392 13.605 5.19798 5.31527 3.14901 2.59672 3.24923 3.60803 2.43383
threshold=1.4220365000000001 1.4582362500000003 1.2551655833333337 0.00042544500000000004 1.1745093333333336 1.5000000000000002 0.00045371000000000007 0.00088190000000000002 0.0007511550000000002 0.00061271500000000011 0.00055760500000000008
decision_type=2 2 2 2 2 2 2 2 2 2 2
left_child=2 -2 4 -4 5 6 -1 8 9 -3 -7
right_child=1 7 3 -5 -6 10 -8 -9 -10 -11 -12
leaf_value=0.0060759434343774926 0.043298025304374738 0.002681055941521444 -0.075641093516287436 0.019403007759062993 0.036946376941166439 -0.065543712573807769 -0.013219687481691465 -0.021175017259821981 0.026361373301717835 -0.027480436645948094 -0.0062122539136950277
leaf_weight=68.019563622772694 7.6543300151824942 134.53252459596843 7.2126492708921415 7.877400629222393 8.8233765512704831 4.7062714407220474 30.682214705273509 12.362932875752447 13.207198724150656 10.704175539314745 2.7317392216064036
leaf_count=179 12 366 39 17 12 38 104 39 20 38 15
internal_value=0.000323574 0.0027139 -0.00295647 -0.0260256 7.15774e-05 -0.00299382 7.77466e-05 0.000895212 0.00261729 0.000458106 -0.0437532
internal_weight=308.514 178.461 130.053 15.09 114.963 106.14 98.7018 170.807 158.444 145.237 7.43801
internal_count=879 475 404 56 348 336 283 463 424 404 53
is_linear=0
shrinkage=0.05


Tree=111
num_leaves=9
num_cat=0
split_feature=11 11 4 11 2 2 4 4
split_gain=0.978151 1.37152 2.1622 11.3378 9.63685 8.33229 2.20187 1.50598
threshold=2.3605000000000005e-05 4.9990000000000008e-05 0.32702150000000002 0.00069891250000000016 0.35375400000000007 0.10891950000000002 0.99102025000000016 1.6330870000000002
decision_type=2 2 2 2 2 2 2 2
left_child=-1 7 3 5 -4 -3 -6 -2
right_child=1 2 4 -5 6 -7 -8 -9
leaf_value=-0.015731009991183525 0.00031287811518430089 0.0020939745410333316 0.06172978258076392 0.024628589791397728 -0.011111513816230394 -0.072787047169210417 0.0018043290073361719 0.027818185741584869
leaf_weight=9.2227086313068849 10.404768835753204 6.3577840328216579 6.4337130635976783 11.154344737529753 39.274271541275084 8.937327806837855 206.48443294130266 9.5388985499739629
leaf_count=36 26 15 5 22 161 46 546 22
internal_value=0.000306541 0.000801909 -0.000104693 -0.0137051 0.00132169 -0.0416609 -0.000259729 0.0134684
internal_weight=307.808 298.586 278.642 26.4495 252.192 15.2951 245.759 19.9437
internal_count=879 843 795 83 712 61 707 48
is_linear=0
shrinkage=0.05


Tree=112
num_leaves=11
num_cat=0
split_feature=4 4 5 4 4 4 2 11 5 4
split_gain=0.984244 4.5505 3.43416 2.44351 2.3394 1.45672 1.85928 3.80951 2.65139 0.0494878
threshold=3.5752850000000005 4.7826915000000012 147.06250000000003 3.3836710000000001 5.2451595000000006 3.0821711666666674 5.8999710000000016 0.00025546000000000005 111.48506944444445 4.2871340000000009
decision_type=2 2 2 2 2 2 2 2 2 2
left_child=3 2 9 5 -3 6 7 -1 -8 -2
right_child=1 4 -4 -5 -6 -7 8 -9 -10 -11
leaf_value=0.0064376916218881726 -0.05927998618219972 0.024969472679114549 0.0040110738653478415 0.026553356756490343 -0.0099561593459752545 -0.020387136139389774 0.037068240402249063 -0.0060581938914634629 -0.002283537778869239 -0.068958497379413147
leaf_weight=115.89065205212682 2.7147293016314524 8.087460186332466 2.8617465244606137 9.1820429265499097 11.776090666651724 8.2303224168717843 8.351697541773321 128.75519067468122 8.7806739285588247 2.5721221640706062
leaf_count=298 24 15 11 15 36 27 14 392 31 16
internal_value=0.000291248 -0.00864358 -0.0401075 0.00118771 0.00426384 0.000325113 0.000976308 -0.000138795 0.0168997 -0.0639887
internal_weight=307.203 28.0121 8.1486 279.191 19.8636 270.009 261.778 244.646 17.1324 5.28685
internal_count=879 102 51 777 51 762 735 690 45 40
is_linear=0
shrinkage=0.05


Tree=113
num_leaves=10
num_cat=0
split_feature=11 11 11 11 2 2 4 2 4
split_gain=0.907476 1.22656 5.87938 5.6535 4.86832 2.96643 4.01968 1.92422 3.66062
threshold=2.3605000000000005e-05 8.1595000000000021e-05 0.00010849750000000001 9.7820000000000022e-05 0.89253150000000014 0.10891950000000002 0.99102025000000016 1.9878135000000003 1.9616487500000004
decision_type=2 2 2 2 2 2 2 2 2
left_child=-1 4 3 -3 -2 -4 -7 -6 -9
right_child=1 2 5 -5 7 6 -8 8 -10
leaf_value=-0.01519252447623585 0.032452019990338823 -0.075426043981451793 0.031896637043569487 -0.0047820184633479909 -0.022150606612111722 -0.012202973662002001 0.0035596832393403124 0.029527898408399617 -0.016760107916328964
leaf_weight=9.1967453956603986 14.188894167542456 5.0000680740922672 7.5864970088005057 6.5317136943340302 9.311050374060871 51.666361419949681 186.23594935424626 8.4395269993692654 8.6481503527611476
leaf_count=36 22 32 12 20 29 200 471 18 39
internal_value=0.000276462 0.000754488 -0.000521081 -0.0354126 0.00883201 0.00111794 0.000136433 -0.00386336 0.00610133
internal_weight=306.805 297.608 257.021 11.5318 40.5876 245.489 237.902 26.3987 17.0877
internal_count=879 843 735 52 108 683 671 86 57
is_linear=0
shrinkage=0.05


Tree=114
num_leaves=6
num_cat=0
split_feature=4 4 4 2 4
split_gain=0.932057 3.86092 5.68055 9.15599 3.22578
threshold=0.15433350000000004 0.21820300000000004 0.32702150000000002 0.35375400000000007 0.46944225000000006
decision_type=2 2 2 2 2
left_child=-1 -2 -3 -4 -5
right_child=1 2 3 4 -6
leaf_value=-0.013124863680525617 0.031246781385555467 -0.040228574511625155 0.06063394860969086 -0.026645141657627765 0.00075008812564376296
leaf_weight=12.471961744129656 10.075650972314177 8.6152633652091009 6.290026754140853 11.213137550279496 257.63434815360233
leaf_count=36 20 36 5 35 747
internal_value=0.000262556 0.000830804 -0.000249223 0.00100263 -0.000392517
internal_weight=306.3 293.828 283.753 275.138 268.847
internal_count=879 843 823 787 782
is_linear=0
shrinkage=0.05


Tree=115
num_leaves=11
num_cat=0
split_feature=4 4 4 4 5 4 4 5 4 4
split_gain=0.896849 4.57557 3.09869 6.33441 3.28247 2.21215 1.35028 7.952 2.35465 3.0196
threshold=3.5752850000000005 7.5440917500000007 5.2451595000000006 4.7826915000000012 147.06250000000003 3.3836710000000001 2.903587583333334 77.020833333333357 2.7177885833333337 2.3582457500000005
decision_type=2 2 2 2 2 2 2 2 2 2
left_child=5 2 3 4 -2 6 8 -8 9 -1
right_child=1 -3 -4 -5 -6 -7 7 -9 -10 -11
leaf_value=0.0013287075162201805 -0.063268930368254192 0.030667116358698971 -0.04995567688765145 0.023778915897017687 0.0036977212527990301 0.025343943500524553 -0.046921374405477771 0.022435250034794241 0.023829616176264879 -0.026638862160362733
leaf_weight=231.5178070962429 5.0823260992765489 5.9227062612771979 5.8676472380757323 8.0508821941912156 2.8594051734544337 9.1055137217044813 8.5887196958065051 7.9657718855887643 10.987650591880081 10.070989226922391
leaf_count=636 40 9 27 15 11 15 32 22 24 48
internal_value=0.000250414 -0.00831548 -0.0188772 -0.00747463 -0.0391577 0.00110575 0.0002857 -0.013548 0.0011924 0.000162838
internal_weight=306.019 27.783 21.8603 15.9926 7.94173 278.236 269.131 16.5545 252.576 241.589
internal_count=879 102 93 66 51 777 762 54 708 684
is_linear=0
shrinkage=0.05


Tree=116
num_leaves=10
num_cat=0
split_feature=6 0 11 8 11 2 2 2 11
split_gain=0.881178 2.07085 6.73823 3.82052 2.574 1.65052 5.88437 3.26147 2.75374
threshold=1.5000000000000002 1.0000000180025095e-35 0.0005228050000000001 0.41665000000000002 0.00023814500000000002 9.2279905000000024 7.6608965000000007 6.1043555000000014 0.00021425500000000003
decision_type=2 2 2 2 2 2 2 2 2
left_child=5 3 -3 4 -2 6 7 8 -1
right_child=1 2 -4 -5 -6 -7 -8 -9 -10
leaf_value=0.0077573280301831016 0.0019334366507031528 -0.075207705386061738 0.01165769566233436 0.023827055605989949 -0.039152532906122334 -0.018017310383159981 0.039151174809335207 -0.028536184868500777 -0.0030515938160672897
leaf_weight=103.35843278467655 8.9387368783354777 4.0994452391751093 4.9021560400724411 10.153008680790661 6.6466302946209899 10.731139296665786 10.234673678874968 9.3293247260153276 137.06661860272288
leaf_count=268 24 28 13 20 26 33 22 39 406
internal_value=0.000237176 -0.00725952 -0.0279019 -4.0159e-05 -0.0155883 0.00119918 0.00199235 0.000469623 0.00159515
internal_weight=305.46 34.74 9.0016 25.7384 15.5854 270.72 259.989 249.754 240.425
internal_count=879 111 41 70 50 768 735 713 674
is_linear=0
shrinkage=0.05


Tree=117
num_leaves=10
num_cat=0
split_feature=11 11 11 4 11 2 4 11 11
split_gain=0.938547 4.99118 5.44994 5.59466 4.59235 2.77118 3.82236 2.61586 1.64258
threshold=6.6065000000000012e-05 8.1595000000000021e-05 0.00010849750000000001 1.7863220000000002 4.9035000000000007e-05 0.10891950000000002 0.29836125000000008 2.1920000000000004e-05 3.2410000000000003e-05
decision_type=2 2 2 2 2 2 2 2 2
left_child=4 -2 3 -3 7 -4 -7 -1 -9
right_child=1 2 5 -5 -6 6 -8 8 -10
leaf_value=-0.025683832580206442 0.028379897086823126 -0.07324683494371205 0.030893472993776046 -0.0027007578802638425 -0.046031935986709627 -0.028078765835912095 0.0015628776998561408 0.025374501259380979 -0.0030421848766327628
leaf_weight=6.7688464894890812 15.901286691427229 5.0960056418552977 7.5550575405359259 6.2660762020386755 6.3281212784349909 11.427504632622002 225.33667999738827 9.5093922242522257 10.930788164958356
leaf_count=32 32 29 12 23 32 44 627 16 32
internal_value=0.000225124 0.00119961 -0.000490783 -0.0343414 -0.00766621 0.00108344 0.000132214 0.00125667 0.0101781
internal_weight=305.12 271.583 255.681 11.3621 33.5371 244.319 236.764 27.209 20.4402
internal_count=879 767 735 52 112 683 671 80 48
is_linear=0
shrinkage=0.05


Tree=118
num_leaves=6
num_cat=0
split_feature=4 4 4 2 4
split_gain=0.914415 3.59309 5.05949 4.74493 3.47509
threshold=0.15433350000000004 0.21820300000000004 0.32702150000000002 0.39768850000000006 0.81485025000000022
decision_type=2 2 2 2 2
left_child=-1 -2 -3 -4 -5
right_child=1 2 3 4 -6
leaf_value=-0.013109315559529156 0.03022600475492869 -0.038264611033638693 0.032076407195866602 -0.018025150885678434 0.0014113205609097366
leaf_weight=12.357030116021631 10.003051962703465 8.4968792553991062 11.692427381873129 25.473347874358296 236.56141685275361
leaf_count=36 20 36 17 103 667
internal_value=0.000213355 0.000776713 -0.000267077 0.00091242 -0.000478169
internal_weight=304.584 292.227 282.224 273.727 262.035
internal_count=879 843 823 787 770
is_linear=0
shrinkage=0.05


Tree=119
num_leaves=21
num_cat=0
split_feature=11 11 11 11 7 11 4 7 0 2 5 2 11 11 2 2 4 2 7 4
split_gain=0.892964 5.87393 3.41235 5.28539 5.5898 4.91728 3.88911 5.52511 3.07531 8.80535 9.11936 2.93217 10.9786 10.4224 2.02164 1.46613 1.22545 3.85709 0.821109 0.0535581
threshold=0.00016342000000000003 0.00014229500000000005 0.00027147000000000006 0.00032566250000000006 2.5000000000000004 0.00034772250000000008 2.0964828333333334 2.5000000000000004 1.0000000180025095e-35 3.8389330000000004 118.97916666666667 1.7725810000000002 8.5560000000000001e-05 9.7820000000000022e-05 1.1599285000000001 2.9277615000000003 2.4479523750000003 0.93244450000000001 1.5000000000000002 2.2404220000000006
decision_type=2 2 2 2 2 2 2 2 2 2 2 2 2 2 2 2 2 2 2 2
left_child=1 8 6 16 5 -5 7 14 11 10 -10 12 -1 -13 -2 -6 17 -4 -8 -11
right_child=2 -3 3 4 15 -7 18 -9 9 19 -12 13 -14 -15 -16 -17 -18 -19 -20 -21
leaf_value=0.012352881447913317 0.02489539204936124 -0.049080872776907626 -0.0065433712931300785 0.031391060366893937 -0.01464309817546746 0.00064891159554611162 -0.019301983653409006 0.051663214286334719 -0.042170482072890841 -0.075001165119040814 0.039530366625479228 -0.01728587178890852 -0.052446830333747502 0.04539941701563413 -0.00081888952993178698 -0.046766982141509039 -0.010706716345468673 -0.074353149892891754 0.0038124959057881103 -0.065281397150861592
leaf_weight=25.067592695355415 13.014708504080774 6.6925059836357823 3.8179176375269872 14.621045693755148 8.0969556681811792 117.87309448188171 8.6281158253550512 10.503373615443705 6.0432541444897669 2.5350967943668357 7.8547661053016782 11.92480266839266 8.8419546037912351 14.93681079149246 18.520950369536877 6.3275403492152682 4.1807443648576728 4.6526757404208183 6.9265522062778464 3.2142044575884938
leaf_count=51 25 32 14 24 26 337 28 12 23 18 20 44 38 23 47 28 14 28 16 31
internal_value=0.000203005 -0.00407372 0.00191853 -0.0018469 0.000823414 0.00404138 0.0123511 0.0202545 -0.00032818 -0.0175244 0.00400452 0.00523137 -0.00454372 0.0175712 0.00979335 -0.0287348 -0.032857 -0.0437895 -0.00900902 -0.0695672
internal_weight=304.275 87.111 217.164 159.57 146.919 132.494 57.5937 42.039 80.4185 19.6473 13.898 60.7712 33.9095 26.8616 31.5357 14.4245 12.6513 8.47059 15.5547 5.7493
internal_count=879 280 599 471 415 361 128 84 248 92 43 156 89 67 72 54 56 42 44 49
is_linear=0
shrinkage=0.05


Tree=120
num_leaves=7
num_cat=0
split_feature=2 2 2 4 2 11
split_gain=0.900188 2.56523 3.99972 3.6116 5.11389 1.57858
threshold=11.365189000000001 9.2279905000000024 8.2481630000000017 3.5361361666666666 5.2115585000000006 0.0007511550000000002
decision_type=2 2 2 2 2 2
left_child=1 2 3 5 -5 -1
right_child=-2 -3 -4 4 -6 -7
leaf_value=-0.00096165860240201824 0.017284125194169244 -0.028130489737723519 0.038497595541681966 -0.0032545295204831851 -0.068132226398241014 0.0088571923115481743
leaf_weight=216.90744334133342 7.5132656767964354 8.0214317534118873 6.7754312772303811 8.7865021750330907 4.6421126723289481 50.456039246171713
leaf_count=635 15 30 15 34 31 119
internal_value=0.000192957 -0.000241465 0.000536473 -0.000379517 -0.025682 0.000891326
internal_weight=303.102 295.589 287.568 280.792 13.4286 267.363
internal_count=879 864 834 819 65 754
is_linear=0
shrinkage=0.05


Tree=121
num_leaves=7
num_cat=0
split_feature=4 4 11 4 4 2
split_gain=0.855966 3.17034 3.08973 10.1211 3.57527 7.99385
threshold=0.15433350000000004 0.21820300000000004 3.7305000000000003e-05 1.4435546666666668 0.32702150000000002 0.35375400000000007
decision_type=2 2 2 2 2 2
left_child=-1 -2 3 -3 -4 -6
right_child=1 2 4 -5 5 -7
leaf_value=-0.012756818736764888 0.028470942134492652 -0.083898065295286997 -0.032770141697351533 0.0064366901038528657 0.058866502689877614 0.00059075561524724572
leaf_weight=12.26287444680929 9.9459565952420217 4.6044439338147631 7.6345010362565509 9.4942866042256338 6.0248772948980323 252.82335974182934
leaf_count=36 20 23 32 32 5 731
internal_value=0.000182899 0.000729071 -0.000254313 -0.0230654 0.000952544 0.00194717
internal_weight=302.79 290.527 280.581 14.0987 266.483 258.848
internal_count=879 843 823 55 768 736
is_linear=0
shrinkage=0.05


Tree=122
num_leaves=7
num_cat=0
split_feature=2 2 2 4 2 11
split_gain=0.816345 2.3181 3.63048 3.31401 4.85574 1.39816
threshold=11.365189000000001 9.2279905000000024 8.2481630000000017 3.5361361666666666 5.2115585000000006 0.0007511550000000002
decision_type=2 2 2 2 2 2
left_child=1 2 3 5 -5 -1
right_child=-2 -3 -4 4 -6 -7
leaf_value=-0.00090063904882783084 0.016507067437851377 -0.026733352087957015 0.036792965788286697 -0.0031394483352428179 -0.067076538513734019 0.0083530586121554479
leaf_weight=216.60461495444179 7.4615540504455558 8.0312156639993173 6.7299093552865079 8.7823862954974157 4.4865676797926417 50.298105505295098
leaf_count=635 15 30 15 34 31 119
internal_value=0.00017403 -0.000239183 0.000502467 -0.000369255 -0.0247582 0.00084323
internal_weight=302.394 294.933 286.902 280.172 13.269 266.903
internal_count=879 864 834 819 65 754
is_linear=0
shrinkage=0.05


Tree=123
num_leaves=16
num_cat=0
split_feature=4 4 11 4 4 5 4 4 11 11 4 11 2 11 2
split_gain=0.82754 3.34648 12.4962 4.35238 4.96128 14.3422 5.63876 3.09082 4.34836 8.3995 7.46917 7.20179 2.64649 10.6425 8.74812
threshold=1.4220365000000001 1.2551655833333337 0.00042544500000000004 1.1745093333333336 1.0396532500000002 104.41666666666667 0.99102025000000016 1.5495705000000002 0.00020878000000000002 0.00014595000000000002 2.0964828333333334 9.7820000000000022e-05 4.9870265000000016 0.00053957000000000018 3.4807465000000004
decision_type=2 2 2 2 2 2 2 2 2 2 2 2 2 2 2
left_child=1 3 -3 4 6 -6 -1 -2 9 11 -11 -9 14 -14 -10
right_child=7 2 -4 -5 5 -7 -8 8 12 10 -12 -13 13 -15 -16
leaf_value=-0.0037058862706005995 0.021484317930468511 -0.073946111489752539 0.018066913892390998 0.034188577616766427 -0.082473112038488339 0.029027494289796986 0.033036769169920488 -0.020765981222672158 0.010471837320851031 -0.010381313105560043 -0.095170007974372861 0.022844158207565676 0.030834015774897663 -0.023242191760681347 -0.031292779116399223
leaf_weight=79.650405639316887 18.908771596848965 6.97203730791807 7.838465491309762 8.6141106188297254 6.5602320283651334 5.1466122046113014 12.0174168869853 21.436082918196917 46.291794560849667 5.2689160555601102 5.1226793266832829 16.954469272866845 31.278177618980408 12.830960750579832 17.195810370147228
leaf_count=272 36 39 17 12 31 13 20 93 103 13 28 36 60 44 62
internal_value=0.000164896 -0.00291202 -0.0252482 4.19326e-05 -0.00280347 -0.0334547 0.00111098 0.00239067 8.19369e-05 -0.0123007 -0.0521791 -0.00150638 0.00569597 0.0151037 -0.000840236
internal_weight=302.087 126.799 14.8105 111.989 103.375 11.7068 91.6678 175.288 156.379 48.7821 10.3916 38.3906 107.597 44.1091 63.4876
internal_count=879 404 56 348 336 44 292 475 439 170 41 129 269 104 165
is_linear=0
shrinkage=0.05


Tree=124
num_leaves=7
num_cat=0
split_feature=11 11 11 11 11 4
split_gain=0.805592 2.37036 1.42912 1.86042 2.44884 2.11366
threshold=0.0011941075000000002 0.0010923950000000001 0.00093925500000000006 0.0007511550000000002 0.00068832999999995004 1.9616487500000004
decision_type=2 2 2 2 2 2
left_child=1 2 3 4 -1 -5
right_child=-2 -3 -4 5 -6 -7
leaf_value=7.7710053361356959e-05 -0.014016504763845925 0.026881478825354289 -0.01893012064576962 -0.0021514707548697157 -0.029972932997609631 0.027411884444718315
leaf_weight=241.81517784576863 9.7037097811698896 8.3511656522750837 9.7768172016367298 11.258022148162128 6.9749761447310439 13.059381555765865
leaf_count=720 33 12 33 30 30 21
internal_value=0.000155829 0.000628039 -0.000147001 0.000525404 -0.000764777 0.0137252
internal_weight=300.939 291.236 282.884 273.108 248.79 24.3174
internal_count=879 846 834 801 750 51
is_linear=0
shrinkage=0.05


Tree=125
num_leaves=10
num_cat=0
split_feature=6 0 8 11 2 2 2 11 5
split_gain=0.763885 1.84393 3.50251 2.52775 1.32456 4.80795 2.78321 2.73098 0.0143188
threshold=1.5000000000000002 1.0000000180025095e-35 0.41665000000000002 0.00023814500000000002 9.2279905000000024 7.6608965000000007 6.1043555000000014 0.00021425500000000003 97.820486111111109
decision_type=2 2 2 2 2 2 2 2 2
left_child=4 2 3 -2 5 6 7 -1 -3
right_child=1 8 -4 -5 -6 -7 -8 -9 -10
leaf_value=0.0076370623834277592 0.0024072750990767498 -0.024462161624697287 0.022830055263835965 -0.03867411560508062 -0.016270616878063516 0.036009220910361954 -0.026926585793751952 -0.003210075869448604 -0.028505132661087691
leaf_weight=101.43453615531325 8.7739291936159152 4.1126332767307741 10.082094274461268 6.5320980735123149 10.597402444109319 9.8572713211178762 8.979875482618807 135.59597157267854 4.6846022638492286
leaf_count=268 24 14 20 26 33 22 39 406 27
internal_value=0.000148516 -0.00688793 -5.22719e-05 -0.0151249 0.00105124 0.00176866 0.000396695 0.00143183 -0.0266151
internal_weight=300.65 34.1854 25.3881 15.306 266.465 255.868 246.01 237.031 8.79724
internal_count=879 111 70 50 768 735 713 674 41
is_linear=0
shrinkage=0.05


Tree=126
num_leaves=17
num_cat=0
split_feature=11 11 2 4 4 4 11 11 5 2 4 11 2 5 2 2
split_gain=0.792157 5.12804 3.86448 3.7631 6.68763 6.23328 4.00701 2.90369 2.70479 9.74894 7.83787 2.59938 2.87073 2.47258 1.7254 0.0827813
threshold=0.00016342000000000003 0.00014229500000000005 0.10891950000000002 1.0016717500000003 0.59523700000000013 1.0396532500000002 0.0010026750000000002 0.00090362749999995013 28.458333333333339 3.5517490000000005 1.4435546666666668 6.6065000000000012e-05 1.7725810000000002 77.020833333333357 0.89253150000000014 4.7231775000000011
decision_type=2 2 2 2 2 2 2 2 2 2 2 2 2 2 2 2
left_child=1 8 -2 4 7 -5 -6 -4 11 10 -10 14 -13 -7 -1 -11
right_child=2 -3 3 5 6 13 -8 -9 9 15 -12 12 -14 -15 -16 -17
leaf_value=0.0077571121175341916 0.038236330937717888 -0.046520778562571682 -0.011953793278134891 0.048413305019078125 -0.061998780191419446 -0.0033669094081631816 0.0057071288392968149 0.017973265082675584 -0.027249933690286051 -0.077028650543668489 0.050559129739166181 -0.0011777273841630934 0.02655294127137894 0.0095171579532116017 -0.02021962386720981 -0.064887767994398479
leaf_weight=9.4561044871807116 7.0248565673828116 6.5270040873438111 22.336077878251672 7.5797111093997946 8.6606091307476145 89.977651245892048 2.922766374424099 12.721467759460209 7.2583080530166644 2.2222426999360314 5.8410804197192192 18.362081214785576 18.979229778051376 63.53025240264833 13.209909368306397 3.8131927833892405
leaf_count=21 10 32 72 10 75 241 10 25 36 16 8 48 38 156 44 37
internal_value=0.000141431 -0.00392363 0.00176306 0.000529627 -0.0119771 0.00415078 -0.0449149 -0.00109405 -0.000410564 -0.0167796 0.0074455 0.0048091 0.0129168 0.00196525 -0.00854792 -0.069358
internal_weight=300.423 85.6692 214.753 207.729 46.6409 161.088 11.5834 35.0575 79.1421 19.1348 13.0994 60.0073 37.3413 153.508 22.666 6.03544
internal_count=879 280 599 589 182 407 85 97 248 97 44 151 86 397 65 53
is_linear=0
shrinkage=0.05


Tree=127
num_leaves=7
num_cat=0
split_feature=2 2 2 2 5 5
split_gain=0.873178 1.92119 2.36967 2.81229 2.59237 0.198687
threshold=11.365189000000001 9.2279905000000024 7.6608965000000007 6.1043555000000014 146.54166666666671 98.645833333333329
decision_type=2 2 2 2 2 2
left_child=1 2 3 4 -1 -5
right_child=-2 -3 -4 5 -6 -7
leaf_value=0.001981952852715354 0.017040647829300225 -0.024481893903942745 0.023279108607491637 -0.019472656061640281 -0.015383411431232437 -0.034098574010816583
leaf_weight=240.04604307189584 7.4462542086839667 7.9876376483589402 10.867260033264754 4.255452508106826 23.604960911907256 5.1106350813060999
leaf_count=633 15 30 30 22 126 23
internal_value=0.00013304 -0.000298307 0.000382145 -0.000529253 0.000427213 -0.0274533
internal_weight=299.318 291.872 283.884 273.017 263.651 9.36609
internal_count=879 864 834 804 759 45
is_linear=0
shrinkage=0.05


Tree=128
num_leaves=6
num_cat=0
split_feature=4 4 11 2 2
split_gain=0.864935 2.806 3.35262 2.46676 5.95319
threshold=0.15433350000000004 0.21820300000000004 2.6455000000000003e-05 0.31852100000000005 0.35375400000000007
decision_type=2 2 2 2 2
left_child=-1 -2 -3 -4 -5
right_child=1 2 3 4 -6
leaf_value=-0.012918765110778462 0.026918819713930717 -0.03375837180326758 -0.028890293637125621 0.049485403214889645 0.00024754200906403865
leaf_weight=12.1884738355875 9.8402679301798326 7.2694277428090563 6.8859592527151099 6.2893355637788764 256.67243319191039
leaf_count=36 20 36 26 7 754
internal_value=0.000126542 0.000680639 -0.000251063 0.00065159 0.00142518
internal_weight=299.146 286.957 277.117 269.848 262.962
internal_count=879 843 823 787 761
is_linear=0
shrinkage=0.05


Tree=129
num_leaves=19
num_cat=0
split_feature=5 5 11 5 11 11 2 2 5 11 7 4 11 11 2 2 4 2
split_gain=0.832687 8.46334 12.3516 5.96416 11.8322 5.21307 11.8466 5.27424 4.74842 4.7462 3.30509 4.49097 4.3276 12.103 6.56027 1.25738 0.210009 0.163572
threshold=76.875000000000014 83.625000000000014 0.0006558025000000001 34.791666666666679 0.0007511550000000002 0.00024068500000000003 3.6825860000000006 4.2734660000000018 108.29166666666667 7.2362500000000017e-05 2.5000000000000004 1.1745093333333336 0.00058444000000000009 0.00021425500000000003 0.39768850000000006 2.0615650000000003 1.4729800000000004 4.4400905000000011
decision_type=2 2 2 2 2 2 2 2 2 2 2 2 2 2 2 2 2 2
left_child=3 -2 5 10 9 6 -3 -7 -4 -5 12 -12 13 -1 -14 -13 -11 -10
right_child=1 2 8 4 -6 7 -8 -9 17 16 11 15 14 -15 -16 -17 -18 -19
leaf_value=0.0049571105607621666 0.047847657623989279 0.01624695192811609 -0.011117627517942369 -0.0063921222803631625 0.033239100637468648 -0.0035422019833272513 -0.055684992322939213 0.030006883375265209 -0.071832497400432876 -0.068255521216733797 -0.00939497952701061 0.044787851291093507 0.040833412425004455 -0.028926539679578311 -0.0017101348009253209 0.019678394562506585 -0.084367785002771159 -0.088290512220313436
leaf_weight=73.265580356121063 9.8609800338745099 14.065437632612886 4.0974999740719777 3.207350384444001 5.0967587083578101 20.485773207619786 9.6515562399290484 27.362034633755684 2.7854406461119652 3.3854390606284124 12.052081868052481 7.7696430236101177 13.13063685595989 41.16016086935997 29.239163435995579 13.914984524250029 5.023047961294651 3.2963278889656067
leaf_count=186 12 46 13 13 8 73 65 53 27 23 31 9 19 152 76 31 24 18
internal_value=0.000120703 0.00409048 -0.00118805 -0.00163399 -0.0302735 0.0061421 -0.0130255 0.015643 -0.0527223 -0.0581413 0.000878127 0.015075 -0.00217653 -0.0072312 0.0114743 0.0286752 -0.0778806 -0.0807528
internal_weight=298.85 91.6051 81.7441 207.245 16.7126 71.5648 23.717 47.8478 10.1793 11.6158 190.532 33.7367 156.796 114.426 42.3698 21.6846 8.40849 6.08177
internal_count=879 307 295 572 68 237 111 126 58 60 504 71 433 338 95 40 47 45
is_linear=0
shrinkage=0.05


Tree=130
num_leaves=15
num_cat=0
split_feature=2 2 11 2 2 11 11 11 4 2 11 11 5 2
split_gain=0.823235 4.02571 4.11516 6.38958 14.009 5.61488 8.35524 4.26499 4.00554 1.70394 3.25674 3.16129 3.2933 0.707344
threshold=1.4982915000000003 1.0199995000000002 0.00021425500000000003 0.39768850000000006 0.96120900000000009 0.00016537500000000002 8.5560000000000001e-05 0.00090362749999995013 1.2188640833333335 1.6860610000000003 0.00088190000000000002 0.0007511550000000002 118.77083333333336 4.0237660000000011
decision_type=2 2 2 2 2 2 2 2 2 2 2 2 2 2
left_child=1 2 5 7 -5 6 -1 -4 -3 -2 11 12 -11 -12
right_child=9 8 3 4 -6 -7 -8 -9 -10 10 13 -13 -14 -15
leaf_value=0.019686304507274956 0.017391019114830562 -0.052054136571567114 -0.010562837619289679 -0.063308256713783248 0.03689363660863261 0.043138213764745782 -0.043009966060975083 0.033544610396821953 -0.0061307044513831711 -0.0052227944765609411 -0.036957951798899123 0.024605615543541959 0.0096920024357249838 -0.011694977923860223
leaf_weight=17.434016749262813 16.364685449749231 7.6503754872828749 13.26679550111294 11.607974014244975 4.986629754304885 11.213914066553114 7.643766723573207 9.3385457992553693 12.516926817595957 101.57253332808614 6.1535423733293992 14.485485196113585 58.229461723007262 5.0402895733714104
leaf_count=33 36 38 40 66 8 16 35 14 34 306 25 24 188 16
internal_value=0.000114181 -0.00370642 0.00159513 -0.00963733 -0.0331979 0.0137277 0.000576335 0.00765849 -0.0235516 0.00192484 0.000560291 0.00223936 0.000211935 -0.0255827
internal_weight=297.505 95.6589 75.4916 39.1999 16.5946 36.2917 25.0778 22.6053 20.1673 201.846 185.481 174.287 159.802 11.1938
internal_count=879 284 212 128 74 84 68 54 72 595 559 518 494 41
is_linear=0
shrinkage=0.05


Tree=131
num_leaves=6
num_cat=0
split_feature=4 4 11 4 2
split_gain=0.837766 2.23014 3.12053 3.93111 7.27488
threshold=0.15433350000000004 0.21820300000000004 2.6455000000000003e-05 0.32702150000000002 0.35375400000000007
decision_type=2 2 2 2 2
left_child=-1 -2 -3 -4 -5
right_child=1 2 3 4 -6
leaf_value=-0.012794518156619009 0.024229999226290152 -0.032704844891776635 -0.034110192983871558 0.057260887118918337 0.00049048867319033775
leaf_weight=12.068820804357527 9.6902777981013042 7.1800736114382735 7.8733483944088212 5.7713447511196128 254.0683394158259
leaf_count=36 20 36 34 5 748
internal_value=0.00010816 0.000655347 -0.000175685 0.000696748 0.00175143
internal_weight=296.652 284.583 274.893 267.713 259.84
internal_count=879 843 823 787 753
is_linear=0
shrinkage=0.05


Tree=132
num_leaves=7
num_cat=0
split_feature=2 2 2 2 5 4
split_gain=0.812662 1.67828 2.0733 2.4892 2.3876 0.180751
threshold=11.365189000000001 9.2279905000000024 7.6608965000000007 6.1043555000000014 146.54166666666671 2.5293709166666667
decision_type=2 2 2 2 2 2
left_child=1 2 3 4 -1 -5
right_child=-2 -3 -4 5 -6 -7
leaf_value=0.0018742767758643552 0.016486318625986752 -0.022946328360102491 0.021948088016147269 -0.017671465439621746 -0.014860132045830582 -0.031934306794906608
leaf_weight=237.67489645257592 7.3809450790286055 7.9661050904542199 10.666441482491789 3.7579684481024724 23.414565802086145 5.4323271252214909
leaf_count=633 15 30 30 15 126 30
internal_value=0.000103405 -0.000315135 0.000326563 -0.000526719 0.000373531 -0.0261021
internal_weight=296.293 288.912 280.946 270.28 261.089 9.1903
internal_count=879 864 834 804 759 45
is_linear=0
shrinkage=0.05


Tree=133
num_leaves=14
num_cat=0
split_feature=2 2 11 2 2 11 11 11 4 11 11 11 2
split_gain=0.803762 3.6197 3.80026 5.7734 12.8385 5.18292 7.71508 3.95597 3.6734 1.55883 8.38485 3.46474 2.61506
threshold=1.4982915000000003 1.0199995000000002 0.00021425500000000003 0.39768850000000006 0.96120900000000009 0.00016537500000000002 8.5560000000000001e-05 0.00090362749999995013 1.2188640833333335 0.0010923950000000001 0.00085534750000000007 0.0007511550000000002 1.5674670000000004
decision_type=2 2 2 2 2 2 2 2 2 2 2 2 2
left_child=1 2 5 7 -5 6 -1 -4 -3 10 11 12 -2
right_child=9 8 3 4 -6 -7 -8 -9 -10 -11 -12 -13 -14
leaf_value=0.018704094392453876 0.036977857677881622 -0.050055224535395217 -0.010638396554073884 -0.061215907852498225 0.03513036237660673 0.041436569771255254 -0.042038853375962873 0.032071379348194005 -0.0059178228019046014 0.019588416336633635 -0.053557275674279974 0.029049149331073876 -4.4130018169923268e-05
leaf_weight=17.311287418007854 4.9108120948076239 7.5638692779466536 13.106993019580843 11.42069215886295 4.9590482711791983 11.125276535749434 7.4888040348887435 9.246619448065756 12.511841163039206 11.711249485611914 6.8406427409499875 11.783815074712036 166.1384380008094
leaf_count=33 10 38 40 66 8 16 35 14 34 26 30 19 510
internal_value=9.83324e-05 -0.00369971 0.00136841 -0.0094957 -0.0320466 0.0130817 0.000361741 0.00702859 -0.0225473 0.00188499 0.000791903 0.00282536 0.00101877
internal_weight=296.119 94.7344 74.6587 38.7334 16.3797 35.9254 24.8001 22.3536 20.0757 201.385 189.674 182.833 171.049
internal_count=879 284 212 128 74 84 68 54 72 595 569 539 520
is_linear=0
shrinkage=0.05


Tree=134
num_leaves=12
num_cat=0
split_feature=7 11 4 2 2 11 11 7 11 5 4
split_gain=0.799442 1.79435 4.56699 3.32456 9.3321 2.94063 5.10313 4.40922 4.39331 2.58558 1.16288
threshold=4.5000000000000009 0.00016342000000000003 0.32702150000000002 0.89253150000000014 1.6437020000000004 0.00027147000000000006 0.00032566250000000006 2.5000000000000004 0.00034772250000000008 147.06250000000003 2.4479523750000003
decision_type=2 2 2 2 2 2 2 2 2 2 2
left_child=1 2 -1 -4 -5 7 10 9 -8 -3 -7
right_child=-2 5 3 4 -6 6 8 -9 -10 -11 -12
leaf_value=-0.042940610858028645 -0.017060454455859641 -0.0013438935291373347 0.021420987357036472 -0.0513604788919549 0.0017913189231651837 -0.0428735088190123 0.028098949094213416 0.037765581101015883 -0.00094848498784620098 0.029883113675680886 -0.010107846847327467
leaf_weight=7.5240654125809661 6.6395945008844128 33.554730284959078 12.522830322384833 9.8688716012984496 50.597967650275677 8.0076709873974306 14.512770548462866 13.418762154877184 126.31334727443755 8.2607606686651689 4.0915570631623259
leaf_count=31 23 89 27 40 175 42 25 19 378 16 14
internal_value=9.31221e-05 0.000487661 -0.0058508 -0.00202743 -0.00688366 0.0029393 -0.000632246 0.0128277 0.00204498 0.00482508 -0.0317933
internal_weight=295.313 288.673 80.5137 72.9897 60.4668 208.16 152.925 55.2343 140.826 41.8155 12.0992
internal_count=879 856 273 242 215 583 459 124 403 105 56
is_linear=0
shrinkage=0.05


Tree=135
num_leaves=11
num_cat=0
split_feature=4 11 11 11 4 4 5 5 11 5
split_gain=0.834283 4.30771 4.27377 4.43381 2.43141 1.08378 6.88513 2.04977 14.9745 4.98127
threshold=3.5752850000000005 0.00043576500000000001 0.00025546000000000005 0.00011201500000000002 3.3836710000000001 2.903587583333334 77.020833333333357 126.29166666666667 0.00043377500000000001 118.77083333333336
decision_type=2 2 2 2 2 2 2 2 2 2
left_child=4 2 3 -2 5 7 -7 9 -9 -1
right_child=1 -3 -4 -5 -6 6 -8 8 -10 -11
leaf_value=0.00080010207000445061 0.016532741555903365 -0.044706934086614386 0.032131869549233784 -0.043290016919297541 0.026515755850096551 -0.04376498277103965 0.022102282969771302 0.005401697448249157 -0.077645604721156947 0.033314212562176905
leaf_weight=195.35620019212365 5.8260446204803937 6.2366637513041487 7.6972802244126788 6.6129620559513569 8.9700746238231641 8.3860436603426916 7.5298691922798744 28.823762062937021 6.6873707720078519 12.53565479442477
leaf_count=525 22 30 20 30 15 32 22 103 58 22
internal_value=8.88624e-05 -0.00839682 0.00284925 -0.0152709 0.000923009 3.77331e-05 -0.012603 0.000864298 -0.0102376 0.00276067
internal_weight=294.662 26.373 20.1363 12.439 268.289 259.319 15.9159 243.403 35.5111 207.892
internal_count=879 102 72 52 777 762 54 708 161 547
is_linear=0
shrinkage=0.05


Tree=136
num_leaves=15
num_cat=0
split_feature=6 11 8 4 4 2 2 11 11 11 11 2 4 11
split_gain=0.812085 1.82315 2.1675 1.25651 10.8067 2.42381 4.94089 1.86209 7.53138 3.70567 1.67883 0.730719 0.379179 0.114001
threshold=1.5000000000000002 0.00021760500000000003 0.41665000000000002 0.81485025000000022 0.59523700000000013 1.0199995000000002 1.2131510000000001 0.00018543000000000002 0.00022197500000000002 8.5560000000000001e-05 0.00099374000000000012 2.2154710000000004 2.0964828333333334 0.00020245500000000001
decision_type=2 2 2 2 2 2 2 2 2 2 2 2 2 2
left_child=3 12 11 4 7 -5 -7 9 -9 -1 -8 -3 -2 -6
right_child=1 2 -4 5 13 6 10 8 -10 -11 -12 -13 -14 -15
leaf_value=0.0074734891970588482 -0.035522331008611983 0.00038163890894378922 0.017295590586528364 0.025967234646859506 -0.073663473409107172 -0.043923467744770121 0.001661776559596322 0.050287771833985244 -0.0033843103150740781 -0.04110460092818178 0.019278458341320213 -0.022748481714853847 -0.014992354758557936 -0.060311294028699974
leaf_weight=9.645993649959566 5.032939341850577 5.9324451237916955 10.301814876496792 10.833095647394655 2.7932409215718499 5.7661849781870833 166.90362656349316 8.2553548365831357 31.384128883015364 6.6200534999370566 14.716254837810991 8.0451133698225004 4.0661520296707749 3.7378318766131997
leaf_count=21 19 17 22 24 18 23 483 10 90 30 32 31 22 37
internal_value=8.32963e-05 -0.00725968 -0.00010602 0.00102361 -0.00516186 0.00297195 0.00164256 0.00194801 0.00779349 -0.0122971 0.00308922 -0.0129314 -0.026348 -0.0660218
internal_weight=294.034 33.3785 24.2794 260.656 62.4366 198.219 187.386 55.9055 39.6395 16.266 181.62 13.9776 9.09909 6.53107
internal_count=879 111 70 768 206 562 538 151 100 51 515 48 41 55
is_linear=0
shrinkage=0.05


Tree=137
num_leaves=6
num_cat=0
split_feature=4 4 2 2 4
split_gain=0.788013 1.96307 2.44725 2.94482 6.46475
threshold=0.15433350000000004 0.21820300000000004 0.31852100000000005 0.39768850000000006 0.46944225000000006
decision_type=2 2 2 2 2
left_child=-1 -2 -3 -4 -5
right_child=1 2 3 4 -6
leaf_value=-0.012599741497718793 0.022833279334250851 -0.029571169233944445 0.025372870855686031 -0.051371228950234937 0.00072160445691555469
leaf_weight=11.765299662947653 9.5966344671323878 6.9010329172015181 11.467178925871847 6.1025160308927289 247.6220572530292
leaf_count=36 20 27 19 30 747
internal_value=7.82334e-05 0.000607753 -0.000176135 0.000588807 -0.000531319
internal_weight=293.455 281.689 272.093 265.192 253.725
internal_count=879 843 823 796 777
is_linear=0
shrinkage=0.05


Tree=138
num_leaves=10
num_cat=0
split_feature=4 4 5 4 4 4 5 4 4
split_gain=0.758473 4.08045 2.58013 2.24186 1.90183 1.00525 6.27357 1.92725 2.74809
threshold=3.5752850000000005 4.7826915000000012 133.52083333333334 3.3836710000000001 5.2451595000000006 2.903587583333334 77.020833333333357 2.7177885833333337 2.3582457500000005
decision_type=2 2 2 2 2 2 2 2 2
left_child=3 2 -2 5 -3 7 -7 8 -1
right_child=1 4 -4 -5 -6 6 -8 -9 -10
leaf_value=0.0009948878276498051 -0.062558467190708608 0.02287719319434221 -0.0016475703449117807 0.025516653165993428 -0.0092764259491802791 -0.042056727696272417 0.020974422648454484 0.021621822797691467 -0.026315168627249266
leaf_weight=221.97891121264547 4.5964415017515448 7.9647604636848 2.796205835416913 8.9193718880414945 10.882492154836653 8.3301229737699014 7.5037982538342467 10.643018670380114 9.6102013606578094
leaf_count=636 39 15 12 15 36 32 22 24 48
internal_value=7.44192e-05 -0.00803709 -0.0395194 0.000871636 0.00431154 1.98462e-05 -0.0121859 0.000817693 -0.000138391
internal_weight=293.225 26.2399 7.39265 266.985 18.8473 258.066 15.8339 242.232 231.589
internal_count=879 102 51 777 51 762 54 708 684
is_linear=0
shrinkage=0.05


Tree=139
num_leaves=16
num_cat=0
split_feature=6 11 8 2 11 11 11 2 2 2 11 11 5 2 4
split_gain=0.748984 1.62131 1.97364 1.14841 3.11089 7.56577 6.80799 2.35651 6.29817 9.16871 3.94608 3.78438 6.17367 0.667409 0.350786
threshold=1.5000000000000002 0.00021760500000000003 0.41665000000000002 1.6016060000000001 0.0010396750000000001 0.00090362749999995013 0.00043576500000000001 2.2924535000000001 2.8481295000000006 2.9021240000000001 0.00014019000000000002 0.00050510000000000008 118.77083333333336 2.2154710000000004 2.0964828333333334
decision_type=2 2 2 2 2 2 2 2 2 2 2 2 2 2 2
left_child=3 14 13 4 5 6 -1 11 10 -10 -9 12 -5 -3 -2
right_child=1 2 -4 7 -6 -7 -8 8 9 -11 -12 -13 -14 -15 -16
leaf_value=0.00060471269909118846 -0.033834364614483164 0.0002315057760909631 0.016433835791032501 -0.0102244357941867 -0.034685183008055606 0.040901339869432257 -0.039327158688965844 -0.00014882899951249062 0.066574859218673968 -0.00049277484565837327 -0.067987957260598156 0.030807069031722503 0.039909592309416347 -0.021899585044380877 -0.014066661126945433
leaf_weight=64.430902436375618 5.0262103378772718 5.9324113801121721 10.242456994950771 24.563738506287336 7.3410227242857209 9.670980826020239 12.793163976166396 3.5758046172559244 5.3690631017088881 100.16687550023198 5.3519979133270681 18.079756494611502 8.1875066859647614 8.0013690181076509 4.0547017282806337
leaf_count=187 19 17 22 66 25 14 62 14 5 305 37 33 20 31 22
internal_value=6.976e-05 -0.00699474 -0.000228754 0.000975029 -0.00342995 -0.000789464 -0.00601052 0.00348635 -0.000492022 0.00291924 -0.0408167 0.012445 0.0023086 -0.0124771 -0.0250079
internal_weight=292.788 33.2571 24.1762 259.531 94.2361 86.895 77.2241 165.295 114.464 105.536 8.9278 50.831 32.7512 13.9338 9.08091
internal_count=879 111 70 768 288 263 249 480 361 310 51 119 86 48 41
is_linear=0
shrinkage=0.05


Tree=140
num_leaves=7
num_cat=0
split_feature=11 11 11 4 2 2
split_gain=0.730801 2.03345 1.58271 1.60531 5.99242 3.95862
threshold=0.0011941075000000002 0.0010923950000000001 0.00093925500000000006 0.29836125000000008 0.35375400000000007 0.10891950000000002
decision_type=2 2 2 2 2 2
left_child=1 2 3 5 -5 -1
right_child=-2 -3 -4 4 -6 -7
leaf_value=0.012817404306811159 -0.013571940429118587 0.025342702779785162 -0.020316179871918597 0.04087137405761429 7.4162862610141939e-05 -0.032037537890358812
leaf_weight=8.5296623259782809 9.5023549087345582 8.0197327286005002 9.4413225371390563 9.3582952171564084 235.62048877216876 11.619534901343284
leaf_count=19 33 12 33 15 718 49
internal_value=6.67333e-05 0.000525348 -0.000199527 0.000516835 0.00163263 -0.0130493
internal_weight=292.091 282.589 274.569 265.128 244.979 20.1492
internal_count=879 846 834 801 733 68
is_linear=0
shrinkage=0.05


Tree=141
num_leaves=10
num_cat=0
split_feature=2 4 2 11 5 11 2 2 11
split_gain=0.704542 1.59762 1.215 5.58233 20.0673 4.69495 3.66177 4.78217 4.6898
threshold=11.365189000000001 4.9447035000000001 4.6737245000000014 0.00026215000000000006 21.020833333333339 0.00068832999999995004 3.5746760000000006 3.3717150000000005 0.00063887500000000012
decision_type=2 2 2 2 2 2 2 2 2
left_child=1 2 6 4 -4 -5 7 -1 -8
right_child=-2 -3 3 5 -6 -7 8 -9 -10
leaf_value=-0.00094407240976294689 0.015450097761555466 -0.020371854535196868 0.056779590451753396 0.027537718695765902 -0.076501048850984077 -0.016430594646600311 -0.035661490020418393 0.03019094216913017 0.0097748690117836923
leaf_weight=190.37849650904536 7.2551351115107527 9.6063059121370298 4.7669098787009698 27.178129449486732 6.9298006389290094 7.8179132938385001 15.796938490122558 13.18721791077405 8.8670116197317821
leaf_count=564 15 37 8 56 57 25 73 24 20
internal_value=6.38354e-05 -0.000328496 0.000371857 0.00772062 -0.0221835 0.0177155 -0.0011316 0.00107289 -0.0193265
internal_weight=291.784 284.529 274.922 46.6928 11.6967 34.996 228.23 203.566 24.664
internal_count=879 864 827 146 65 81 681 588 93
is_linear=0
shrinkage=0.05


Tree=142
num_leaves=11
num_cat=0
split_feature=5 4 4 8 5 2 5 11 5 5
split_gain=0.724183 2.79148 4.2295 4.90204 1.40226 1.54277 4.30585 11.8022 3.81462 0.0245445
threshold=181.97916666666669 1.0986210000000003 1.1396375000000003 0.41665000000000002 167.47916666666671 10.255145500000003 126.29166666666667 0.00035787250000000008 118.77083333333336 213.5
decision_type=2 2 2 2 2 2 2 2 2 2
left_child=4 -2 -3 9 5 6 8 -8 -1 -4
right_child=1 2 3 -5 -6 -7 7 -9 -10 -11
leaf_value=-0.00060473883854081497 -0.06535598735078961 0.060067521873825538 -0.068744521126125696 0.016582765687821917 0.016753251578947814 0.019962801052853946 0.0034405002729542482 -0.081719192807214847 0.027625032156732052 -0.059892036945199768
leaf_weight=225.86227832734585 2.0330203198827794 2.2053812742233259 1.2028886312618854 4.417382750660181 12.786910023540257 9.1630454435944539 12.586017064750196 6.0118884518742552 12.636270407587288 2.2431541047990322
leaf_count=643 33 2 13 19 32 16 32 29 24 36
internal_value=5.99786e-05 -0.0119143 -0.00112375 -0.0182855 0.000579286 -0.000197457 -0.000915978 -0.0240879 0.000890947 -0.0629821
internal_weight=291.148 12.1018 10.0688 7.86343 279.046 266.259 257.096 18.5979 238.499 3.44604
internal_count=879 103 70 68 776 744 728 61 667 49
is_linear=0
shrinkage=0.05


Tree=143
num_leaves=11
num_cat=0
split_feature=4 11 11 11 4 5 4 11 2 11
split_gain=0.711717 3.92224 3.81585 3.77679 2.01143 3.07762 2.73707 2.09933 5.01469 4.60218
threshold=3.5752850000000005 0.00043576500000000001 0.00025546000000000005 0.00011201500000000002 3.0461120000000004 77.020833333333357 2.8027505000000006 0.00025546000000000005 4.2734660000000018 0.00016342000000000003
decision_type=2 2 2 2 2 2 2 2 2 2
left_child=4 2 3 -2 6 -6 7 9 -9 -1
right_child=1 -3 -4 -5 5 -7 -8 8 -10 -11
leaf_value=-0.0022939535348463192 0.015264142733855159 -0.043005114371542197 0.031015984204705319 -0.040473984778238034 -0.0039166454401633613 0.034868111106036444 -0.02758475634441292 -0.0088003247972585422 0.016202860926324544 0.018854208675039827
leaf_weight=68.459949807729572 5.7299628453329259 6.0734173096716395 7.5016149729490271 6.4719074182212353 10.018814802169802 10.449664226733146 8.942336915060876 100.57016209326684 25.048269126564264 41.211012572050095
leaf_count=217 22 30 20 30 27 21 33 338 58 83
internal_value=5.58027e-05 -0.00787523 0.00295324 -0.0142995 0.000828138 0.0158839 -0.000433652 0.000598245 -0.0038147 0.00565288
internal_weight=290.477 25.7769 19.7035 12.2019 264.7 20.4685 244.232 235.289 125.618 109.671
internal_count=879 102 72 52 777 48 729 696 396 300
is_linear=0
shrinkage=0.05


Tree=144
num_leaves=11
num_cat=0
split_feature=5 4 4 8 5 5 11 5 11 5
split_gain=0.725028 2.5856 3.95398 4.57866 1.25448 1.3362 8.25462 2.9693 2.35932 0.0202104
threshold=181.97916666666669 1.0986210000000003 1.1396375000000003 0.41665000000000002 167.47916666666671 133.22916666666669 0.00034928000000000004 125.81250000000001 0.00062196083333330011 213.5
decision_type=2 2 2 2 2 2 2 2 2 2
left_child=4 -2 -3 9 5 7 -7 8 -1 -4
right_child=1 2 3 -5 -6 6 -8 -9 -10 -11
leaf_value=-0.0033292832801941601 -0.064864909834105325 0.059305846077777558 -0.06777903310628719 0.015330145280685251 0.015901024036629158 0.011542583214299972 -0.060466464740859573 0.028755697596297272 0.0078421214628615881 -0.059610773025227541
leaf_weight=173.96771194785833 1.9394835154525925 2.0907901525497419 1.1670271786861124 4.3849370367825031 12.728060211986302 11.442538164556028 6.102220967411994 9.1326473578810674 64.890805885195732 2.1568435598164797
leaf_count=519 33 2 13 19 32 26 25 18 156 36
internal_value=5.35775e-05 -0.0121183 -0.00167898 -0.0182193 0.000567071 -0.000167939 -0.0135028 0.000775469 -0.000294342 -0.0624787
internal_weight=290.003 11.7391 9.7996 7.70881 278.264 265.536 17.5448 247.991 238.859 3.32387
internal_count=879 103 70 68 776 744 51 693 675 49
is_linear=0
shrinkage=0.05


Tree=145
num_leaves=10
num_cat=0
split_feature=6 0 4 2 2 2 2 11 5
split_gain=0.718836 1.43477 3.10178 6.05133 1.28493 3.71079 2.24195 2.09056 0.0209288
threshold=1.5000000000000002 1.0000000180025095e-35 1.7109155000000003 4.4627865000000009 9.2279905000000024 7.6608965000000007 6.1043555000000014 0.00021425500000000003 97.820486111111109
decision_type=2 2 2 2 2 2 2 2 2
left_child=4 2 -2 -4 5 6 7 -1 -3
right_child=1 8 3 -5 -6 -7 -8 -9 -10
leaf_value=0.0068873257154005918 0.019929306979635655 -0.022131662692008926 -0.04944150097607608 0.016188856542610378 -0.016426812654120933 0.032721646861865447 -0.024907512306560402 -0.0027677952572376704 -0.027133156609334776
leaf_weight=98.32320636510849 10.38486883044243 3.9816378839313966 6.9147525280714017 7.1376494728028774 10.224749017506836 9.2552722338587028 8.4077128898352367 130.44462139159441 4.4063953710719943
leaf_count=268 22 14 30 18 33 22 39 406 27
internal_value=5.03337e-05 -0.00691667 -0.000792319 -0.0161058 0.000941388 0.00166202 0.000449982 0.00138192 -0.024759
internal_weight=289.481 32.8253 24.4373 14.0524 256.656 246.431 237.176 228.768 8.38803
internal_count=879 111 70 48 768 735 713 674 41
is_linear=0
shrinkage=0.05


Tree=146
num_leaves=11
num_cat=0
split_feature=11 11 11 11 11 11 4 4 4 4
split_gain=0.72179 1.14727 4.42374 5.20067 3.70235 3.75485 3.58761 2.42587 6.16725 5.89443
threshold=2.3605000000000005e-05 8.1595000000000021e-05 0.00010849750000000001 9.7820000000000022e-05 6.6065000000000012e-05 3.2410000000000003e-05 2.2219772500000006 1.9616487500000004 1.7473772500000002 2.1422040000000004
decision_type=2 2 2 2 2 2 2 2 2 2
left_child=-1 4 3 -3 5 -2 -7 8 -4 -9
right_child=1 2 7 -5 -6 6 -8 9 -10 -11
leaf_value=-0.014403165620823678 0.027170439033770807 -0.073285167663148257 -0.00018506899133737011 -0.002176386423176468 0.027448653521077223 -0.033634097706489612 0.015602866318898496 0.032227861879645027 -0.036593325730864219 0.00063661636432681622
leaf_weight=8.3900020550936443 6.7977476269006756 4.4858187153004092 125.66194003028795 6.0246840678155422 15.449432518333195 10.935299931094052 5.5913596460595718 18.404336352832615 12.817820876836775 74.680141173303127
leaf_count=36 12 32 389 20 32 44 20 31 42 221
internal_value=4.79873e-05 0.000479698 -0.000799273 -0.0325252 0.00846463 -0.00410985 -0.0169761 0.000640739 -0.00355505 0.00688273
internal_weight=289.239 280.849 242.075 10.5105 38.7738 23.3244 16.5267 231.564 138.48 93.0845
internal_count=879 843 735 52 108 76 64 683 431 252
is_linear=0
shrinkage=0.05


Tree=147
num_leaves=6
num_cat=0
split_feature=11 11 11 11 4
split_gain=0.660713 1.84964 1.40139 1.91692 2.86603
threshold=0.0011941075000000002 0.0010923950000000001 2.1920000000000004e-05 3.2410000000000003e-05 0.29836125000000008
decision_type=2 2 2 2 2
left_child=1 2 -1 -4 -5
right_child=-2 -3 3 4 -6
leaf_value=-0.02381504829301866 -0.012952669187364627 0.024331988139682893 0.023036575195787383 -0.019252021113544092 0.0010301226537973896
leaf_weight=6.1445389464497557 9.4561145165935141 7.9017790183424941 8.9865062981843931 18.796571029350162 237.44928734842688
leaf_count=32 33 12 16 67 719
internal_value=4.5716e-05 0.000485829 -0.000208508 0.000338376 -0.000457647
internal_weight=288.735 279.279 271.377 265.232 256.246
internal_count=879 846 834 802 786
is_linear=0
shrinkage=0.05


Tree=148
num_leaves=12
num_cat=0
split_feature=5 4 4 8 2 6 4 5 5 2 5
split_gain=0.66219 2.46384 3.70266 4.2804 1.16267 1.60072 4.01608 2.28014 4.56788 1.98526 0.0171886
threshold=181.97916666666669 1.0986210000000003 1.1396375000000003 0.41665000000000002 10.255145500000003 1.5000000000000002 2.2404220000000006 167.47916666666671 126.29166666666667 2.7289145000000006 213.5
decision_type=2 2 2 2 2 2 2 2 2 2 2
left_child=4 -2 -3 10 5 7 9 8 -1 -7 -4
right_child=1 2 3 -5 -6 6 -8 -9 -10 -11 -12
leaf_value=0.0020403839957611708 -0.064440713187089785 0.058788405217012167 -0.066794985444028773 0.014648958621672606 0.018059881586807065 -0.014543779898367302 -0.042816642576682058 0.022831382335701624 -0.026322278546579581 0.016578338183897142 -0.059090542709318697
leaf_weight=213.05784785188735 1.8583150743506838 2.009150564670561 1.1195778697729113 4.334598183631897 9.1455364450812322 10.953787930309778 7.4552529267966738 11.646542970091103 15.209187701344488 9.6280930340290052 2.0485319569706917
leaf_count=590 33 2 13 19 17 34 37 26 52 20 36
internal_value=4.36191e-05 -0.0117826 -0.00149487 -0.0176381 0.000528887 -6.94701e-05 -0.0113742 0.00125164 0.00015061 1.49793e-05 -0.0618132
internal_weight=288.466 11.3702 9.51186 7.50271 277.096 267.951 28.0371 239.914 228.267 20.5819 3.16811
internal_count=879 103 70 68 776 759 91 668 642 54 49
is_linear=0
shrinkage=0.05


Tree=149
num_leaves=12
num_cat=0
split_feature=4 4 11 4 5 4 11 2 11 4 2
split_gain=0.657782 3.74361 2.36246 1.84997 2.78664 2.41429 1.91243 4.59753 4.13428 1.63771 0.0483909
threshold=3.5752850000000005 4.7826915000000012 0.00055760500000000008 3.0461120000000004 77.020833333333357 2.8027505000000006 0.00025546000000000005 4.6737245000000014 0.00016342000000000003 5.2451595000000006 7.6608965000000007
decision_type=2 2 2 2 2 2 2 2 2 2 2
left_child=3 2 10 5 -5 6 8 -8 -1 -3 -2
right_child=1 9 -4 4 -6 -7 7 -9 -10 -11 -12
leaf_value=-0.0021749445122323627 -0.057487999374824295 0.021487277535938293 -0.0029651146987371025 -0.0035059814638781698 0.033606800665742766 -0.026006757739101272 -0.0077707121497863595 0.018892065651487454 0.017954688069071224 -0.0086054955282007829 -0.068245418049808909
leaf_weight=67.852873694617301 2.2927994448691633 7.8439467065036323 2.7725477889180183 9.9766959547996539 10.259018784388898 8.8862915728241187 105.45698952581733 19.095475099980831 40.872395418584347 10.673078116029499 1.9215531605295835
leaf_count=217 23 15 10 27 21 33 351 45 83 36 18
internal_value=4.08968e-05 -0.00762505 -0.0388107 0.000785988 0.0153093 -0.00042761 0.000546781 -0.00368297 0.00539226 0.00414202 -0.0623929
internal_weight=287.904 25.5039 6.9869 262.4 20.2357 242.164 233.278 124.552 108.725 18.517 4.21435
internal_count=879 102 51 777 48 729 696 396 300 51 41
is_linear=0
shrinkage=0.05


Tree=150
num_leaves=12
num_cat=0
split_feature=5 4 4 8 2 6 4 5 5 2 5
split_gain=0.657057 2.28906 3.46044 3.98916 1.04679 1.43559 3.68398 2.00539 4.29722 1.85162 0.0148416
threshold=181.97916666666669 1.0986210000000003 1.1396375000000003 0.41665000000000002 10.255145500000003 1.5000000000000002 2.2404220000000006 167.47916666666671 126.29166666666667 2.7289145000000006 213.5
decision_type=2 2 2 2 2 2 2 2 2 2 2
left_child=4 -2 -3 10 5 7 9 8 -1 -7 -4
right_child=1 2 3 -5 -6 6 -8 -9 -10 -11 -12
leaf_value=0.0020054735400479766 -0.063974627857924918 0.058140986568552794 -0.0659748117167651 0.01352114011607756 0.017243677968509626 -0.013998915727942813 -0.041183681640967355 0.021555056703907685 -0.025532802929085052 0.016084124501178979 -0.058688349015053237
leaf_weight=212.74330321699381 1.7730964762158681 1.9024613499641398 1.0858368496410551 4.2936393208801746 9.046451196074484 10.930928647518163 7.3430031947791568 11.518617801368235 15.176818810403345 9.6136407405137998 1.9609294962137935
leaf_count=590 33 2 13 19 17 34 37 26 52 20 36
internal_value=3.87208e-05 -0.0119362 -0.00195348 -0.0175286 0.000516031 -5.00409e-05 -0.0107864 0.00120043 0.000171746 7.8164e-05 -0.0612852
internal_weight=287.389 11.016 9.24287 7.34041 276.373 267.326 27.8876 239.439 227.92 20.5446 3.04677
internal_count=879 103 70 68 776 759 91 668 642 54 49
is_linear=0
shrinkage=0.05


Tree=151
num_leaves=9
num_cat=0
split_feature=4 11 11 11 4 2 2 4
split_gain=0.627528 3.70017 3.61818 3.33682 1.69186 0.986723 3.07166 3.85752
threshold=3.5752850000000005 0.00043576500000000001 0.00025546000000000005 0.00011201500000000002 3.3836710000000001 6.8887125000000013 5.8999710000000016 2.903587583333334
decision_type=2 2 2 2 2 2 2 2
left_child=4 2 3 -2 5 6 7 -1
right_child=1 -3 -4 -5 -6 -7 -8 -9
leaf_value=0.00057464679289735753 0.014101655004096221 -0.042177659813907482 0.030565229633937048 -0.038856762949790687 0.022584547703846533 -0.017119300177969629 0.027419037265248997 -0.036217397035697201
leaf_weight=227.32213618373498 5.616650047944864 5.8935742210596791 7.3934920802712432 6.3228214178234339 8.5903852581977826 8.1262938696891052 10.22340033110231 7.354769409634172
leaf_count=675 22 30 20 30 15 31 28 28
internal_value=3.6239e-05 -0.00749503 0.00307782 -0.0139437 0.000762445 2.15735e-05 0.000590343 -0.000578415
internal_weight=286.844 25.2265 19.333 11.9395 261.617 253.027 244.9 234.677
internal_count=879 102 72 52 777 762 731 703
is_linear=0
shrinkage=0.05


Tree=152
num_leaves=16
num_cat=0
split_feature=4 4 4 11 11 0 4 11 1 5 5 2 2 4 4
split_gain=0.63529 2.81586 2.49585 3.46989 6.63181 4.92347 3.99473 4.86797 2.48546 7.6683 2.36397 2.82868 2.2495 1.33335 0.165514
threshold=1.4220365000000001 1.309927666666667 1.5495705000000002 9.7820000000000022e-05 4.9035000000000007e-05 1.0000000180025095e-35 1.6709035000000003 0.00088190000000000002 1.5000000000000002 42.354166666666664 118.77083333333336 1.0199995000000002 3.1999665000000004 1.0580697500000003 1.0396532500000002
decision_type=2 2 2 2 2 2 2 2 2 2 2 2 2 2 2
left_child=1 8 -2 4 12 -6 -5 -8 10 -10 11 -1 -4 -12 -11
right_child=2 -3 3 6 5 -7 7 -9 9 14 13 -13 -14 -15 -16
leaf_value=0.0033438779002723609 0.019479069678181291 -0.029287559207469532 0.029710389780960102 -0.0292705644052111 -0.084519974770895415 -0.0094132978952485152 0.0081022283232974786 -0.031593217825226123 0.023976420035957569 -0.057657905010941535 0.0072345761310868301 -0.019028152874259206 -0.014589384327319856 0.040206268855464342 -0.075845176829709593
leaf_weight=70.951164700090885 18.245378915220499 9.2241097297519428 5.2925276681780833 8.9600280709564668 5.0033118315041047 3.8695530779659748 111.16592304687947 8.3000127002596837 4.2680093571543676 2.3837351887486875 6.7439663717523199 17.642321109771729 6.2493721786886454 5.6225900650024414 2.6323793902993202
leaf_count=193 36 36 13 29 28 24 286 31 10 34 33 68 28 14 16
internal_value=3.44048e-05 -0.00274977 0.00202512 -0.000114444 -0.0192624 -0.0517651 0.00292933 0.00534435 -0.000529357 -0.0252865 0.00174727 -0.00111124 0.00572424 0.0222255 -0.0672023
internal_weight=286.554 119.468 167.086 148.841 20.4148 8.87286 128.426 119.466 110.244 9.28412 100.96 88.5935 11.5419 12.3666 5.01611
internal_count=879 404 475 439 93 52 346 317 368 60 308 261 41 47 50
is_linear=0
shrinkage=0.05


Tree=153
num_leaves=13
num_cat=0
split_feature=5 4 4 8 2 2 2 11 7 4 5 11
split_gain=0.622145 2.11921 3.13274 3.77767 0.953702 2.94512 2.59864 1.82859 6.12351 3.41682 1.42655 0.0159183
threshold=181.97916666666669 1.0986210000000003 1.1396375000000003 0.41665000000000002 8.4197765000000029 6.1043555000000014 6.8342880000000008 0.00062196083333330011 2.5000000000000004 1.9616487500000004 97.291666666666671 0.00034772250000000008
decision_type=2 2 2 2 2 2 2 2 2 2 2 2
left_child=4 -2 -3 11 5 7 -7 8 -1 -9 -6 -4
right_child=1 2 3 -5 10 6 -8 9 -10 -11 -12 -13
leaf_value=-0.0057766268332234442 -0.063682152194421721 0.057376187673138158 -0.056260980206342306 0.0130823591299615 -0.0037245038111125279 -0.0012725426201479915 -0.050061045253443175 -0.00050782749045415654 0.019299011117237256 0.023591062135416552 0.023629875110512621 -0.063767536587729198
leaf_weight=151.90167897939682 1.6628115558996786 1.7695858478546123 1.1951126877684148 4.2716361284255981 8.719405200332405 5.4451881870627385 5.4720637984573841 41.34027754701674 28.993545837700367 22.831893429160118 10.512597009539602 1.7265351079404352
leaf_count=466 33 2 28 19 24 22 31 112 58 44 19 21
internal_value=3.13474e-05 -0.0118403 -0.0022225 -0.0168841 0.000489693 -0.000317066 -0.0257268 0.000814887 -0.00175755 0.00806635 0.0112279 -0.0606969
internal_weight=285.842 10.6257 8.96287 7.19328 275.217 255.985 10.9173 245.067 180.895 64.1722 19.232 2.92165
internal_count=879 103 70 68 776 733 53 680 524 156 43 49
is_linear=0
shrinkage=0.05


Tree=154
num_leaves=10
num_cat=0
split_feature=11 11 11 11 11 11 4 4 4
split_gain=0.62487 1.17296 3.80172 4.76655 3.53102 3.28715 3.16177 2.49314 3.38922
threshold=2.3605000000000005e-05 8.1595000000000021e-05 0.00010849750000000001 9.7820000000000022e-05 6.6065000000000012e-05 3.2410000000000003e-05 2.2219772500000006 0.10891950000000002 0.29836125000000008
decision_type=2 2 2 2 2 2 2 2 2
left_child=-1 4 3 -3 5 -2 -7 -4 -9
right_child=1 2 7 -5 -6 6 -8 8 -10
leaf_value=-0.013532249708194525 0.02561225743567376 -0.071052261458887017 0.029471798639692643 -0.0018893552199116719 0.027253378568560811 -0.031598120039608039 0.014924823833650448 -0.028302756375593437 0.00090272850871741779
leaf_weight=8.2479720916599017 6.7370760217309025 4.2646945437882078 7.1761798858642569 5.9901841972023249 15.217480555176733 10.820460060611369 5.5126180713996282 10.424937451723961 210.80393196409568
leaf_count=36 12 32 12 20 32 44 20 44 627
internal_value=2.95935e-05 0.000433488 -0.000869834 -0.0306521 0.00855754 -0.00377456 -0.015896 0.000467324 -0.000473518
internal_weight=285.196 276.948 238.66 10.2549 38.2876 23.0702 16.3331 228.405 221.229
internal_count=879 843 735 52 108 76 64 683 671
is_linear=0
shrinkage=0.05


Tree=155
num_leaves=6
num_cat=0
split_feature=4 4 4 2 11
split_gain=0.651872 2.08845 3.51352 3.23626 2.33342
threshold=0.15433350000000004 0.21820300000000004 0.32702150000000002 0.39768850000000006 2.6455000000000003e-05
decision_type=2 2 2 2 2
left_child=-1 -2 -3 -4 -5
right_child=1 2 3 4 -6
leaf_value=-0.011634318181974712 0.023581420770055289 -0.03343331302647963 0.027571334463876725 -0.03000295729549253 0.00032483528347563954
leaf_weight=11.499275319278238 9.4754025423899275 7.7702804375439873 10.731209799647329 6.5154636800289145 238.74578356486745
leaf_count=36 20 36 17 34 736
internal_value=2.74451e-05 0.000518233 -0.000310289 0.000695113 -0.000480835
internal_weight=284.737 273.238 263.763 255.992 245.261
internal_count=879 843 823 787 770
is_linear=0
shrinkage=0.05


Tree=156
num_leaves=10
num_cat=0
split_feature=7 4 4 4 11 4 2 2 11
split_gain=0.615936 1.16461 9.97609 3.77312 6.12828 3.42521 2.328 1.94685 0.111971
threshold=4.5000000000000009 0.81485025000000022 0.59523700000000013 0.46944225000000006 0.00069891250000000016 0.88812933333333344 1.1866545000000002 1.3269460000000002 0.00018543000000000002
decision_type=2 2 2 2 2 2 2 2 2
left_child=1 2 3 4 -1 -3 -7 -8 -4
right_child=-2 5 8 -5 -6 6 7 -9 -10
leaf_value=-0.02070752471654258 -0.015285661149932378 0.035559839357783389 -0.073297059845180146 0.025570633618568872 0.019781254315892876 -0.023109944871743251 0.026831613289884444 0.0010665075849808018 -0.059770012890074824
leaf_weight=25.928042316809297 6.4196500424295655 7.3733230931684366 2.6524848919361821 12.231133121997116 14.61272434517741 9.6417102515697461 7.6191683262586585 194.36007390567102 3.6144151948392391
leaf_count=93 23 20 18 24 32 36 14 581 38
internal_value=2.61012e-05 0.000379642 -0.00585281 0.00123002 -0.00611354 0.00205985 0.000892642 0.00203843 -0.0654954
internal_weight=284.453 278.033 59.0388 52.7719 40.5408 218.994 211.621 201.979 6.2669
internal_count=879 856 205 149 125 651 631 595 56
is_linear=0
shrinkage=0.05


Tree=157
num_leaves=11
num_cat=0
split_feature=4 11 11 11 4 5 4 11 11 11
split_gain=0.612639 3.49231 7.41096 6.34064 1.51497 2.32573 2.21469 1.83392 4.41155 3.42743
threshold=3.5752850000000005 0.00012618250000000003 0.00025546000000000005 0.00043576500000000001 3.0461120000000004 77.020833333333357 2.8027505000000006 0.00025546000000000005 0.00033131000000000008 0.00016342000000000003
decision_type=2 2 2 2 2 2 2 2 2 2
left_child=4 -2 -3 -4 6 -6 7 9 -9 -1
right_child=1 2 3 -5 5 -7 -8 8 -10 -11
leaf_value=-0.0015647185060072854 0.019797616387238558 -0.081468156468004316 0.028725769733562247 -0.041259419178224378 -0.0031824723947126475 0.031065570831149317 -0.025016592902812274 -0.030370837490596395 -0.00023819524317926036 0.016904809622072456
leaf_weight=66.924285504035652 7.9839164221193668 3.8330387156456736 7.2706664092838746 5.8326927665621042 9.8661096990108508 9.9627941930666548 8.7710285400971753 13.659033752977846 109.70270691742189 40.211048725992441
leaf_count=217 26 26 20 30 27 21 33 63 333 83
internal_value=2.37641e-05 -0.00746404 -0.0203153 -0.00242671 0.000743951 0.014025 -0.000356695 0.00058168 -0.00357458 0.00536744
internal_weight=284.017 24.9203 16.9364 13.1034 259.097 19.8289 239.268 230.497 123.362 107.135
internal_count=879 102 76 50 777 48 729 696 396 300
is_linear=0
shrinkage=0.05


Tree=158
num_leaves=14
num_cat=0
split_feature=5 4 4 8 5 11 11 11 7 2 2 11 5
split_gain=0.583525 1.98079 2.89576 3.56542 0.916198 1.2715 6.2887 11.5306 10.1298 3.9023 7.03899 4.39445 0.00945012
threshold=181.97916666666669 1.0986210000000003 1.1396375000000003 0.41665000000000002 167.47916666666671 0.00022197500000000002 0.00033770000000000008 0.00034772250000000008 2.5000000000000004 5.4506525000000012 8.525443000000001 0.00019916750000000002 213.5
decision_type=2 2 2 2 2 2 2 2 2 2 2 2 2
left_child=4 -2 -3 12 5 9 8 -8 -7 11 -11 -1 -4
right_child=1 2 3 -5 -6 6 7 -9 -10 10 -12 -13 -14
leaf_value=0.0029566312159217101 -0.063351259895371381 0.056833762917356673 -0.064113874364593218 0.012445343616695978 0.01372166757784307 -0.044639202905556133 0.060250482012816325 -0.0025055165394251839 0.025837392143948357 -0.070080129592504661 0.0078283520197331719 0.033713083859170836 -0.058050146779803281
leaf_weight=87.812076507136226 1.5707464257720847 1.6706154942512492 0.99973287805914912 4.2563371956348419 12.435433994978665 18.888078246265653 7.8229170739650717 113.7400219887495 6.983821064233779 4.7967921905219537 7.3287969492375851 13.383851297199724 1.7983540687710045
leaf_count=234 33 2 13 19 32 86 8 328 13 33 18 24 36
internal_value=2.20715e-05 -0.0116631 -0.00235787 -0.0163755 0.000462453 -0.000169877 -0.00323091 0.00153301 -0.0256149 0.00381262 -0.0229917 0.00702438 -0.0602167
internal_weight=283.488 10.2958 8.72504 7.05442 273.192 260.756 147.435 121.563 25.8719 113.322 12.1256 101.196 2.79809
internal_count=879 103 70 68 776 744 435 336 99 309 51 258 49
is_linear=0
shrinkage=0.05


Tree=159
num_leaves=7
num_cat=0
split_feature=4 2 4 2 4 11
split_gain=0.577134 1.9824 1.70499 3.09677 2.21842 0.472623
threshold=0.15433350000000004 0.20064900000000005 0.32702150000000002 0.39768850000000006 0.81485025000000022 0.00038304000000000002
decision_type=2 2 2 2 2 2
left_child=-1 -2 5 -4 -5 -3
right_child=1 2 3 4 -6 -7
leaf_value=-0.010992387370650121 0.027776445255033744 -0.029287364595958543 0.02699630026431591 -0.015174273627415908 0.0010314233502342236 -0.0079728047703997284
leaf_weight=11.416051976382731 6.4940866976976386 5.8942571543157083 10.670517235994337 23.359254831913859 220.07157468912192 4.6545258993282914
leaf_count=36 12 25 17 103 667 19
internal_value=2.03419e-05 0.000484014 -0.000185699 0.000631999 -0.000523651 -0.0198826
internal_weight=282.56 271.144 264.65 254.101 243.431 10.5488
internal_count=879 843 831 787 770 44
is_linear=0
shrinkage=0.05


Tree=160
num_leaves=10
num_cat=0
split_feature=7 11 11 4 4 4 4 4 4
split_gain=0.572808 1.08921 4.37868 3.52166 3.13148 3.00329 5.63441 5.1871 2.50517
threshold=4.5000000000000009 0.00016342000000000003 0.00014229500000000005 0.32702150000000002 0.10891950000000002 1.0016717500000003 0.59523700000000013 1.0396532500000002 1.8816720000000002
decision_type=2 2 2 2 2 2 2 2 2
left_child=1 2 3 -1 -3 6 -6 -7 -5
right_child=-2 4 -4 8 5 7 -8 -9 -10
leaf_value=-0.036427678636173265 -0.014759648595120248 0.035977034811911272 -0.046044949491875008 0.0086626155658592798 -0.00044046165620765013 0.046292655773463483 -0.043390236024582918 0.0023986030147720226 -0.012833666832842816
leaf_weight=6.4688813649117938 6.407309095375239 6.678959146142005 5.9073869856074444 45.513929602690041 32.169382692314684 7.0635049603879443 10.012716549448667 142.80402569100261 19.301059720572084
leaf_count=27 23 10 32 123 93 10 85 385 91
internal_value=1.95844e-05 0.000362782 -0.0046778 -0.00124965 0.00232067 0.0011502 -0.0106354 0.0044674 0.0022613
internal_weight=282.327 275.92 77.1913 71.2839 198.729 192.05 42.1821 149.868 64.815
internal_count=879 856 273 241 583 573 178 395 214
is_linear=0
shrinkage=0.05


Tree=161
num_leaves=8
num_cat=0
split_feature=4 4 11 4 11 2 11
split_gain=0.578217 1.96572 2.19505 8.37449 2.66494 7.98708 2.70737
threshold=0.15433350000000004 0.21820300000000004 3.7305000000000003e-05 1.4435546666666668 8.1595000000000021e-05 0.89253150000000014 0.00010849750000000001
decision_type=2 2 2 2 2 2 2
left_child=-1 -2 3 -3 5 -4 -6
right_child=1 2 4 -5 6 -7 -8
leaf_value=-0.011056421343159695 0.022938087153815123 -0.078950041614697097 0.053880585985462609 0.0072321154500005445 -0.027445841837175841 -0.003258479796063272 4.245671641444101e-05
leaf_weight=11.312880702316759 9.405920170247553 4.1494074054062358 9.0521185249090212 8.7902095317840558 9.3550401134416443 18.854971010237932 210.83957357215695
leaf_count=36 20 23 10 32 47 69 642
internal_value=1.82399e-05 0.000481496 -0.000327667 -0.0204043 0.000719421 0.0152755 -0.00112539
internal_weight=281.76 270.447 261.041 12.9396 248.102 27.9071 220.195
internal_count=879 843 823 55 768 79 689
is_linear=0
shrinkage=0.05


Tree=162
num_leaves=10
num_cat=0
split_feature=7 4 4 4 2 4 2 2 11
split_gain=0.568595 1.01791 9.01925 3.35574 6.04326 2.62919 2.06214 1.70199 0.0939563
threshold=4.5000000000000009 0.81485025000000022 0.59523700000000013 0.46944225000000006 0.35375400000000007 0.90340975000000012 1.1866545000000002 1.3269460000000002 0.00018543000000000002
decision_type=2 2 2 2 2 2 2 2 2
left_child=1 2 3 4 -1 -3 -7 -8 -4
right_child=-2 5 8 -5 -6 6 7 -9 -10
leaf_value=0.0048512784816475193 -0.014783541388697044 0.031007511340252709 -0.071694812982347672 0.024173994822474745 -0.041041282777707112 -0.022083022010881866 0.02524888212253076 0.0010468259761589988 -0.058898147160347671
leaf_weight=30.626364700496197 6.3426396511495104 7.5050148069858542 2.5311210267245761 12.078815868124364 9.3675349703989905 9.3347610458731634 7.548758625984191 192.77363910083659 3.3104841355234385
leaf_count=83 23 24 18 24 42 35 14 578 38
internal_value=1.73001e-05 0.000358574 -0.00553119 0.00107762 -0.00589787 0.0019293 0.000888395 0.00195883 -0.0644428
internal_weight=281.419 275.076 57.9143 52.0727 39.9939 217.162 209.657 200.322 5.84161
internal_count=879 856 205 149 125 651 627 592 56
is_linear=0
shrinkage=0.05


Tree=163
num_leaves=10
num_cat=0
split_feature=6 2 2 2 11 11 8 4 4
split_gain=0.563037 1.51141 3.55219 2.19475 1.9889 1.47871 1.69716 1.36897 0.122687
threshold=1.5000000000000002 9.2279905000000024 7.6608965000000007 6.1043555000000014 0.00021425500000000003 0.00021760500000000003 0.41665000000000002 1.9127263333333338 2.0376091666666669
decision_type=2 2 2 2 2 2 2 2 2
left_child=1 2 3 4 -1 8 7 -7 -2
right_child=5 -3 -4 -5 -6 6 -8 -9 -10
leaf_value=0.0067764885068736895 -0.029556156012460429 -0.018454565482589957 0.032394497170640128 -0.025406470856435538 -0.0027745724897156429 -0.031652022238565052 0.015862220073235827 0.0013970936475524707 -0.017551788320235167
leaf_weight=95.386275606229901 4.6080240183509904 9.7783115217462164 9.0123744830489141 7.9567933399230233 127.18343251291662 5.1317201629281053 9.9780551493167877 8.0465995036065561 3.9554464993998408
leaf_count=268 18 33 22 39 406 22 22 26 23
internal_value=1.53473e-05 0.000813611 0.00160016 0.000396268 0.00131871 -0.00625898 0.000306034 -0.0114724 -0.0240114
internal_weight=281.037 249.317 239.539 230.527 222.57 31.7198 23.1564 13.1783 8.56347
internal_count=879 768 735 713 674 111 70 48 41
is_linear=0
shrinkage=0.05


Tree=164
num_leaves=8
num_cat=0
split_feature=4 4 11 4 11 2 4
split_gain=0.557681 1.76365 1.98583 7.63745 2.40567 7.35182 2.48429
threshold=0.15433350000000004 0.21820300000000004 3.7305000000000003e-05 1.4435546666666668 8.1595000000000021e-05 0.89253150000000014 0.99102025000000016
decision_type=2 2 2 2 2 2 2
left_child=-1 -2 3 -3 5 -4 -6
right_child=1 2 4 -5 6 -7 -8
leaf_value=-0.010864157651342328 0.021789948868425158 -0.076705129525031279 0.052061355752884342 0.0066039355855774936 -0.012334803254853827 -0.0031114482088468614 0.0014517291455690118
leaf_weight=11.305838279426096 9.3642022307030839 4.007387423887848 8.8869876861572283 8.7754715103656036 39.936820223694667 18.833461822941899 179.73721607634798
leaf_count=36 20 23 10 32 185 69 504
internal_value=1.48436e-05 0.00047116 -0.000296138 -0.0195132 0.000696807 0.0145766 -0.00105467
internal_weight=280.847 269.542 260.177 12.7829 247.394 27.7204 219.674
internal_count=879 843 823 55 768 79 689
is_linear=0
shrinkage=0.05


Tree=165
num_leaves=10
num_cat=0
split_feature=7 11 11 4 4 4 11 4 4
split_gain=0.571697 1.04543 3.90169 3.23378 2.97077 2.54873 5.35151 4.915 2.24867
threshold=4.5000000000000009 0.00016342000000000003 0.00014229500000000005 0.32702150000000002 0.10891950000000002 1.0016717500000003 0.00090362749999995013 1.0396532500000002 1.8816720000000002
decision_type=2 2 2 2 2 2 2 2 2
left_child=1 2 3 -1 -3 6 -6 -7 -5
right_child=-2 4 -4 8 5 7 -8 -9 -10
leaf_value=-0.035391436017455924 -0.014914753535690842 0.03514544287196808 -0.043746595837035357 0.0081492903411878228 -0.023057601398586657 0.045195682681912062 0.014413157766638613 0.0021758577721425823 -0.012281188039881485
leaf_weight=6.3479879945516577 6.2695256136357775 6.6424220800399771 5.8792275106534353 44.891574796754867 26.935940036550164 6.9636938683688632 14.744585282634942 142.54971586354077 19.240621649893001
leaf_count=27 23 10 32 123 141 10 37 385 91
internal_value=1.40955e-05 0.000355446 -0.00461402 -0.00134971 0.00227352 0.00113149 -0.00980223 0.00417954 0.00201984
internal_weight=280.465 274.196 76.3594 70.4802 197.836 191.194 41.6805 149.513 64.1322
internal_count=879 856 273 241 583 573 178 395 214
is_linear=0
shrinkage=0.05


Tree=166
num_leaves=11
num_cat=0
split_feature=5 4 4 8 11 11 4 11 2 5
split_gain=0.55568 1.88072 2.73078 3.30055 0.903584 1.94874 2.07967 4.63434 3.71411 0.00825806
threshold=181.97916666666669 1.0986210000000003 1.1396375000000003 0.41665000000000002 2.1920000000000004e-05 3.2410000000000003e-05 0.29836125000000008 0.00069891250000000016 0.35375400000000007 213.5
decision_type=2 2 2 2 2 2 2 2 2 2
left_child=4 -2 -3 9 -1 -6 7 -7 -8 -4
right_child=1 2 3 -5 5 6 8 -9 -10 -11
leaf_value=-0.019194210204052212 -0.064033608005241494 0.05642257087840008 -0.063455259083241525 0.011313780824434141 0.024181699270860158 -0.03639330269439256 0.032030378392706116 0.012892848843561662 9.1281967939349978e-05 -0.057661960032844101
leaf_weight=5.7348010111600152 1.4590104438830156 1.5928519368171672 0.96217962121591005 4.2161385864019394 8.6686258018016797 11.301815882325174 9.4832014441490156 8.2520581632852537 226.59179961681366 1.7054114779457448
leaf_count=30 33 2 13 19 15 50 17 18 646 36
internal_value=1.36386e-05 -0.0115992 -0.00257409 -0.0162255 0.000440923 0.000866972 7.63466e-05 -0.0155937 0.00137428 -0.0597516
internal_weight=279.968 9.93559 8.47658 6.88373 270.032 264.298 255.629 19.5539 236.075 2.66759
internal_count=879 103 70 68 776 746 731 68 663 49
is_linear=0
shrinkage=0.05


Tree=167
num_leaves=17
num_cat=0
split_feature=11 11 11 4 11 5 2 5 2 5 2 0 4 2 7 11
split_gain=0.535711 5.92533 4.46122 6.29658 4.0751 10.7277 5.65425 3.87137 8.71076 6.07014 9.53652 4.49401 2.68129 9.21652 4.31239 2.46087
threshold=0.00035958000000000002 0.00033770000000000008 0.00040891500000000009 1.1541642500000002 0.00027147000000000006 167.47916666666671 0.46138250000000008 83.625000000000014 4.2734660000000018 63.312500000000007 3.4807465000000004 1.0000000180025095e-35 2.2278320000000007 3.4621105000000005 2.5000000000000004 0.00061271500000000011
decision_type=2 2 2 2 2 2 2 2 2 2 2 2 2 2 2 2
left_child=1 4 3 -2 12 6 -6 9 11 10 -4 -9 14 -14 -1 -10
right_child=2 -3 7 -5 5 -7 -8 8 15 -11 -12 -13 13 -15 -16 -17
leaf_value=0.0010900324473702122 0.0070502623385196375 0.034589181444033355 0.0069820403686471251 -0.07020524304125024 0.0052590039154368391 0.030289575219152428 -0.075202739846554609 -0.0077020480068049546 0.023859152522164251 0.041581177433502856 -0.052834797321254651 -0.079843343498439939 -0.073123198555615082 0.0011936460593947266 0.027820295735522773 -0.014337646333470112
leaf_weight=82.960654718801379 5.0208609662950021 12.754521682858465 63.098122052848339 5.5560567378997803 3.0038093402981776 5.9118066765367976 7.9944089315831661 3.3271387289278227 8.7213283665478247 10.401206359267233 7.4499232135713092 6.1474708521272987 4.9871007204055813 25.521677011856809 18.443073539063334 8.1639300994575006
leaf_count=241 20 21 158 34 11 12 49 18 21 14 35 50 29 101 37 28
internal_value=1.24571e-05 0.00188234 -0.00255044 -0.0335321 -0.000920732 -0.0240294 -0.0532272 0.00050326 -0.0161392 0.00592263 0.00066534 -0.0545099 0.0020416 -0.0109545 0.00595167 0.00539121
internal_weight=279.463 161.577 117.886 10.5769 148.823 16.91 10.9982 107.309 26.3599 80.9493 70.548 9.47461 131.913 30.5088 101.404 16.8853
internal_count=879 501 378 54 480 72 60 324 117 207 193 68 408 130 278 49
is_linear=0
shrinkage=0.05


Tree=168
num_leaves=10
num_cat=0
split_feature=7 11 11 4 4 4 4 4 11
split_gain=0.592207 0.952593 3.53166 2.86803 2.76824 2.49548 4.96629 4.55577 2.0157
threshold=4.5000000000000009 0.00016342000000000003 0.00014229500000000005 0.32702150000000002 0.10891950000000002 1.0016717500000003 0.59523700000000013 1.0396532500000002 2.6455000000000003e-05
decision_type=2 2 2 2 2 2 2 2 2
left_child=1 2 3 -1 -3 6 -6 -7 -5
right_child=-2 4 -4 8 5 7 -8 -9 -10
leaf_value=-0.033593916216040937 -0.015270830518831527 0.034013838016955393 -0.041834746593853195 -0.025570547226690572 -0.00037479948989712578 0.044075717862519341 -0.041777751271862756 0.0021928409792066022 0.0047538343047692959
leaf_weight=6.2577177248895159 6.2003545099869362 6.6068359762430182 5.8171601612120858 6.0544823184609404 31.842157690087333 6.8055429831147185 9.3753826254978758 141.26454819180071 57.756833944004029
leaf_count=27 23 10 32 33 93 10 85 385 181
internal_value=8.35189e-06 0.000356928 -0.0043991 -0.00129117 0.00219933 0.00108889 -0.00979236 0.00411785 0.00187663
internal_weight=277.981 271.781 75.8862 70.069 195.894 189.288 41.2175 148.07 63.8113
internal_count=879 856 273 241 583 573 178 395 214
is_linear=0
shrinkage=0.05


Tree=169
num_leaves=14
num_cat=0
split_feature=4 4 4 4 5 4 11 4 4 11 11 11 2
split_gain=0.552541 4.70126 3.49604 5.13768 9.0387 3.71746 3.08476 2.44591 2.00428 14.9345 3.2038 5.61853 2.86784
threshold=1.3699818333333336 1.2551655833333337 1.1745093333333336 1.0396532500000002 97.291666666666671 0.99102025000000016 0.00039008500000000003 1.4582362500000003 1.5840565833333335 0.00028031500000000006 9.7820000000000022e-05 4.9035000000000007e-05 2.1412295000000006
decision_type=2 2 2 2 2 2 2 2 2 2 2 2 2
left_child=1 2 3 5 -5 -1 -3 -2 9 -9 11 -10 -12
right_child=7 6 -4 4 -6 -7 -8 8 10 -11 12 -13 -14
leaf_value=-0.0025987509006347408 0.022805256579977576 -0.071279230517464764 0.031513620851467465 -0.079173955745735963 0.017436526111890685 0.029081498613191023 -0.0098703365667301632 0.021378445463800369 0.0057689183899123867 -0.085866589798045234 0.019207531835198858 -0.049000049026370077 0.00076566218898988035
leaf_weight=71.599166516913101 12.802740029990671 3.9129420276731235 8.1851879209279996 5.513138145208357 4.3165746908634901 10.635444231331347 4.2839617887511849 8.8411702550947648 11.204974091611804 5.1296427547931662 27.015721328556538 8.0445880237966758 95.957139438018203
leaf_count=272 28 26 12 29 15 20 14 17 41 23 45 50 287
internal_value=7.53817e-06 -0.00277792 0.000198906 -0.0025852 -0.0367489 0.00149847 -0.039185 0.00179499 7.28393e-05 -0.0179986 0.00184803 -0.0171196 0.00481713
internal_weight=277.442 108.446 100.25 92.0643 9.82971 82.2346 8.1969 168.996 156.193 13.9708 142.222 19.2496 122.973
internal_count=879 388 348 336 44 292 40 491 463 40 423 91 332
is_linear=0
shrinkage=0.05


Tree=170
num_leaves=12
num_cat=0
split_feature=5 4 4 8 2 6 4 2 5 5 11
split_gain=0.559539 1.82739 2.5403 3.02614 0.909212 1.35946 3.05873 1.83382 1.65933 3.97281 0.00993327
threshold=181.97916666666669 1.0986210000000003 1.1396375000000003 0.41665000000000002 10.255145500000003 1.5000000000000002 2.2404220000000006 2.7289145000000006 167.47916666666671 126.29166666666667 0.00034772250000000008
decision_type=2 2 2 2 2 2 2 2 2 2 2
left_child=4 -2 -3 10 5 8 7 -7 9 -1 -4
right_child=1 2 3 -5 -6 6 -8 -9 -10 -11 -12
leaf_value=0.001965143898240929 -0.064821064448982862 0.055946795628079075 -0.055469288186490509 0.01010853103918033 0.016304322916909596 -0.015142790765623746 -0.039198739371947379 0.015333579325575969 0.019910548765231795 -0.02501337753477555 -0.061881362748962443
leaf_weight=205.61787623167038 1.3924572516698379 1.4998119473457316 1.0051733595319094 4.1642044745385647 8.7265302166342718 10.436779718846088 6.991518657654523 9.3650491982698423 11.191522549837826 14.615854099392889 1.5133557021617887
leaf_count=590 33 2 28 19 17 34 37 20 26 52 21
internal_value=5.14875e-06 -0.0118707 -0.00285988 -0.0160579 0.00043112 -0.000105317 -0.0107676 -0.000729339 0.00112912 0.000174709 -0.0593222
internal_weight=276.52 9.575 8.18255 6.68273 266.945 258.219 26.7933 19.8018 231.425 220.234 2.51853
internal_count=879 103 70 68 776 759 91 54 668 642 49
is_linear=0
shrinkage=0.05


Tree=171
num_leaves=6
num_cat=0
split_feature=11 11 11 11 4
split_gain=0.554218 1.57504 1.44672 1.7188 2.27199
threshold=0.0011941075000000002 0.0010923950000000001 0.00093925500000000006 0.00087485500000000001 0.32702150000000002
decision_type=2 2 2 2 2
left_child=1 2 3 4 -1
right_child=-2 -3 -4 -5 -6
leaf_value=-0.016020958305542978 -0.011976879828881556 0.022861717471913106 -0.019804818912669692 0.024179825215189653 0.0012377638956782373
leaf_weight=20.863397741923109 9.3258984396234137 7.5979287549853316 9.1114535378292185 7.422228403389453 221.71666416991502
leaf_count=79 33 12 33 15 707
internal_value=4.3664e-06 0.000423305 -0.000234651 0.000478593 -0.000246594
internal_weight=276.038 266.712 259.114 250.002 242.58
internal_count=879 846 834 801 786
is_linear=0
shrinkage=0.05


Tree=172
num_leaves=15
num_cat=0
split_feature=5 11 11 4 5 11 11 11 7 2 4 11 11 5
split_gain=0.546593 2.68908 3.01063 3.21576 1.14027 1.23181 5.0764 10.4911 9.0365 3.01796 4.57144 3.90952 0.11914 0.00682018
threshold=174.64583333333337 0.00042544500000000004 0.00033131000000000008 1.1541642500000002 167.47916666666671 0.00022197500000000002 0.00033770000000000008 0.00034772250000000008 2.5000000000000004 5.4506525000000012 6.8342880000000008 0.00017055500000000002 0.00020878000000000002 203.29166666666666
decision_type=2 2 2 2 2 2 2 2 2 2 2 2 2 2
left_child=4 2 3 -2 5 9 8 -8 -7 11 -11 -1 -5 -3
right_child=1 13 -4 12 -6 6 7 -9 -10 10 -12 -13 -14 -15
leaf_value=0.00056054957576788295 0.01691419562320556 -0.060288510569153068 0.027077860982604673 -0.053868570891737425 0.018155070686727535 -0.041968854998342985 0.058310570036893439 -0.0027139984496054818 0.025329173705333743 -0.044357590198028214 0.019357762780782641 0.022815546189703276 -0.075197619107578717 -0.054970234661482431
leaf_weight=71.294098120182753 2.2146927316207421 1.2139558410271996 5.3119368851184845 1.2642395175062122 8.8292950987815839 18.264107100665573 7.5186288356780997 111.30611352995038 6.8622539043426505 7.3422364443540555 4.565802589058876 27.286340229213238 1.3579820841550825 1.1974713027011601
leaf_count=204 18 14 14 35 16 86 8 328 13 41 10 54 8 30
internal_value=4.34457e-06 -0.0101858 0.00109134 -0.0274473 0.000490508 -0.000122469 -0.00317036 0.00114733 -0.0235891 0.00384851 -0.0199277 0.00672057 -0.0649143 -0.0576476
internal_weight=275.829 12.5603 10.1489 4.83691 263.269 254.44 143.951 118.825 25.1264 110.488 11.908 98.5804 2.62222 2.41143
internal_count=879 119 75 61 760 744 435 336 99 309 51 258 43 44
is_linear=0
shrinkage=0.05


Tree=173
num_leaves=10
num_cat=0
split_feature=2 4 4 7 4 2 2 2 11
split_gain=0.549398 3.2024 3.08512 2.92511 2.61235 7.62186 3.72737 1.71586 2.78592
threshold=0.35375400000000007 0.29836125000000008 0.46944225000000006 1.5000000000000002 0.59523700000000013 0.82393800000000017 0.89253150000000014 0.20064900000000005 0.00069891250000000016
decision_type=2 2 2 2 2 2 2 2 2
left_child=1 7 3 -2 -4 -6 -7 8 -1
right_child=2 -3 4 -5 5 6 -8 -9 -10
leaf_value=-0.012509038450916705 -0.052896513867850929 0.030774086673156023 0.023201886505137864 -0.00074468808325988528 -0.06625879780690877 0.045715062955958896 -0.00046455443785290898 -0.026789333752539942 0.028832197178381175
leaf_weight=10.0526609197259 5.4127004984766227 9.3618241623043996 11.918135456740854 5.3425945402123034 4.3631509505212298 4.4619469419121733 211.12890930799767 6.0443541631102553 6.8533413708209983
leaf_count=33 29 17 24 15 36 8 679 27 11
internal_value=3.84442e-06 0.0061285 -0.000811813 -0.0269906 0.000402478 -0.000832901 0.000491196 -0.00392484 0.00424984
internal_weight=274.94 32.3122 242.627 10.7553 231.872 219.954 215.591 22.9504 16.906
internal_count=879 88 791 44 747 723 687 71 44
is_linear=0
shrinkage=0.05


Tree=174
num_leaves=6
num_cat=0
split_feature=2 2 2 2 2
split_gain=1.76424 5.53301 2.44715 4.51032 1.5584
threshold=0.041898500000000005 0.090794500000000014 0.10891950000000002 0.15433350000000004 0.22256650000000003
decision_type=2 2 2 2 2
left_child=-1 -2 -3 -4 -5
right_child=1 2 3 4 -6
leaf_value=0.04153057155337174 -0.076677209061593712 0.041948268693384833 -0.071136732986762735 0.020303685688285722 -0.00040339749496089925
leaf_weight=2.5339416563510886 2.3558627888560286 3.4786151498556128 2.225947603583335 9.4225704297423345 254.48618262005039
leaf_count=4 12 4 12 20 827
internal_value=3.00224e-06 -0.000383911 0.000282735 -0.00026187 0.000335926
internal_weight=274.503 271.969 269.613 266.135 263.909
internal_count=879 875 863 859 847
is_linear=0
shrinkage=0.05


Tree=175
num_leaves=14
num_cat=0
split_feature=4 4 4 11 11 1 2 4 2 11 11 11 11
split_gain=0.556434 4.19346 2.66608 2.12701 7.78566 4.00063 5.62992 3.62526 2.71653 1.86483 6.53353 3.54336 3.06046
threshold=1.4220365000000001 1.4582362500000003 1.309927666666667 0.00020878000000000002 0.00018057000000000004 1.5000000000000002 1.2131510000000001 1.0184365000000002 2.0615650000000003 0.00083837000000000007 0.0013042800000000003 0.0007511550000000002 0.00059101750000000017
decision_type=2 2 2 2 2 2 2 2 2 2 2 2 2
left_child=2 -2 3 4 7 6 -5 -1 -7 11 -11 12 -3
right_child=1 9 -4 5 -6 8 -8 -9 -10 10 -12 -13 -14
leaf_value=0.0035703057436313329 0.039255062444255251 0.0022648702284806905 -0.028902188009472252 -0.012430079279937695 0.044687703664714473 -0.0091547367658341618 0.024921317493699538 -0.038614924754425906 -0.078349842924694088 -0.04666478113907202 0.021208845527261596 0.031594690113739027 -0.023711032127711834
leaf_weight=29.064728176919743 7.1716914325952521 118.48059034859762 8.9372397139668447 37.837883003521711 10.808574602007864 2.6230066947173318 13.756324279122053 6.1747839469462624 3.0886234703939408 8.1080169985070807 6.3009049631655207 9.3775481879711133 12.539350477047263
leaf_count=94 12 358 36 135 15 23 50 27 24 30 15 14 46
internal_value=2.30325e-06 0.00187744 -0.00270255 -0.00043701 0.00756473 -0.00686681 -0.00247125 -0.00382153 -0.0465727 0.000145853 -0.0169842 0.0019039 -0.000221171
internal_weight=274.269 161.978 112.291 103.354 46.0481 57.3058 51.5942 35.2395 5.71163 154.806 14.4089 140.397 131.02
internal_count=879 475 404 368 136 232 185 121 47 463 45 418 404
is_linear=0
shrinkage=0.05


Tree=176
num_leaves=6
num_cat=0
split_feature=11 11 11 11 4
split_gain=0.530761 1.507 1.30783 1.70791 2.08203
threshold=0.0011941075000000002 0.0010923950000000001 0.00093925500000000006 0.00087485500000000001 0.32702150000000002
decision_type=2 2 2 2 2
left_child=1 2 3 4 -1
right_child=-2 -3 -4 -5 -6
leaf_value=-0.015542818703490752 -0.011743838639730228 0.022473086467650099 -0.018922395316503075 0.024077671462690936 0.0011394302833835446
leaf_weight=20.4409163990058 9.2900987775064987 7.5231381356716147 9.0291552776470763 7.4195533725433043 220.02233511628583
leaf_count=79 33 12 33 15 707
internal_value=2.73884e-06 0.000415418 -0.000230495 0.000450359 -0.000278668
internal_weight=273.725 264.435 256.912 247.883 240.463
internal_count=879 846 834 801 786
is_linear=0
shrinkage=0.05


Tree=177
num_leaves=10
num_cat=0
split_feature=2 4 4 7 4 2 2 2 11
split_gain=0.562135 2.8964 2.78119 2.63733 2.28421 7.1601 1.83559 1.57846 2.54634
threshold=0.35375400000000007 0.29836125000000008 0.46944225000000006 1.5000000000000002 0.59523700000000013 0.82393800000000017 0.92098450000000009 0.20064900000000005 0.00069891250000000016
decision_type=2 2 2 2 2 2 2 2 2
left_child=1 7 3 -2 -4 -6 -7 8 -1
right_child=2 -3 4 -5 5 6 -8 -9 -10
leaf_value=-0.011802079415895915 -0.050524089205104587 0.029751922074256372 0.021775297723482526 -0.00085147059787412229 -0.065505283359260091 0.030296053604678193 -0.00027149661991704194 -0.025466301451761084 0.028064759250379181
leaf_weight=9.7867103219032376 5.358702350407837 9.2845978587865812 11.78764998167753 5.3301935666240752 4.196047216653823 5.0288909152150145 209.99469054723158 5.9735658839344969 6.7800746113061896
leaf_count=33 29 17 24 15 36 12 675 27 11
internal_value=2.79539e-06 0.00624943 -0.000819719 -0.025754 0.000334011 -0.000818907 0.000443406 -0.00343149 0.00451371
internal_weight=273.521 31.8249 241.696 10.6889 231.007 219.22 215.024 22.5404 16.5668
internal_count=879 88 791 44 747 723 687 71 44
is_linear=0
shrinkage=0.05


Tree=178
num_leaves=14
num_cat=0
split_feature=11 4 4 2 11 4 11 2 4 4 2 4 2
split_gain=0.575064 3.62365 4.26583 8.24206 3.17118 3.04701 2.79881 2.38257 1.80472 5.37737 5.30558 5.00014 4.35887
threshold=8.1595000000000021e-05 1.7109155000000003 1.4435546666666668 0.89253150000000014 0.00010298000000000001 2.2278320000000007 9.6230000000000019e-05 9.5288485000000005 1.8920331333333336 1.7473772500000002 2.1412295000000006 1.7109155000000003 4.6737245000000014
decision_type=2 2 2 2 2 2 2 2 2 2 2 2 2
left_child=1 2 3 -1 6 -3 -2 -7 9 11 -10 -6 -12
right_child=4 5 -4 -5 8 7 -8 -9 10 -11 12 -13 -14
leaf_value=0.022801711032927847 -0.068337274752526281 0.0046698787002106756 0.046142072025530612 -0.046071194355719491 -0.0035747259504846003 -0.066466373688962993 -0.0024338954024560318 -0.0041870299635674768 0.037893974763169129 -0.042482056058836169 -0.012859513318871574 0.042387897063959908 0.01036306198558918
leaf_weight=15.624991174787288 3.241935407742857 8.4495652643963677 8.1259032189846021 6.016543010249733 112.63910859962925 3.7761257910169652 3.2023535370826721 2.5882573910057545 10.981938302516935 8.4315736740827543 34.021925973705947 6.2452228069305411 49.761242679320276
leaf_count=31 28 24 11 32 388 38 12 8 14 28 117 8 140
internal_value=1.94064e-06 0.00519654 0.0152527 0.00365442 -0.00101144 -0.0150105 -0.035588 -0.0411387 -8.1049e-06 -0.00389678 0.00521629 -0.00116022 0.000933045
internal_weight=273.107 44.5814 29.7674 21.6415 228.525 14.8139 6.44429 6.36438 222.081 127.316 94.7651 118.884 83.7832
internal_count=879 144 74 63 735 70 40 46 695 424 271 396 257
is_linear=0
shrinkage=0.05


Tree=179
num_leaves=12
num_cat=0
split_feature=4 11 11 11 4 11 11 4 11 5 2
split_gain=0.558436 3.45851 6.47761 5.70425 1.54338 1.01503 4.51918 5.45682 2.98557 4.62408 1.97652
threshold=3.5752850000000005 0.00012618250000000003 0.00025546000000000005 0.00043576500000000001 3.3836710000000001 8.1595000000000021e-05 0.00011900500000000002 1.7863220000000002 6.6065000000000012e-05 119.4791666666667 0.10891950000000002
decision_type=2 2 2 2 2 2 2 2 2 2 2
left_child=4 -2 -3 -4 5 8 7 -7 9 -1 -8
right_child=1 2 3 -5 -6 6 10 -9 -10 -11 -12
leaf_value=-0.013638016637244897 0.020148790399584445 -0.079015009597941527 0.027074283634978193 -0.040725414424987075 0.02183843437285498 -0.071030749633755427 0.026716444306626948 0.00089937938592615264 0.02575735850643638 0.036808659094746447 -0.00070982335698624194
leaf_weight=20.904162492603067 7.7635755653027472 3.6548874517902759 6.9089269265532476 5.630570724606514 8.3486918509006482 5.0283589684404415 6.8152685016393653 5.5434727165848017 14.110101163387297 5.8037356515415004 181.88527104258537
leaf_count=74 26 26 20 30 15 36 12 19 29 24 568
internal_value=1.72991e-06 -0.00728849 -0.0204419 -0.0033696 0.000704755 -3.01293e-05 -0.00150151 -0.0333133 0.0071531 -0.00267575 0.000280727
internal_weight=272.397 23.958 16.1944 12.5395 248.439 240.09 199.272 10.5718 40.818 26.7079 188.701
internal_count=879 102 76 50 777 762 635 55 127 98 580
is_linear=0
shrinkage=0.05


Tree=180
num_leaves=12
num_cat=0
split_feature=5 11 11 11 2 2 2 5 2 5 5
split_gain=0.535082 1.80343 3.11149 2.58664 0.857114 2.64188 2.20147 1.69142 3.68858 2.75447 1.25906
threshold=181.97916666666669 0.00042544500000000004 0.00040891500000000009 0.00025307000000000004 8.4197765000000029 6.1043555000000014 6.8342880000000008 146.54166666666671 3.5746760000000006 118.77083333333336 97.291666666666671
decision_type=2 2 2 2 2 2 2 2 2 2 2
left_child=4 2 3 -2 5 7 -7 9 -9 -1 -6
right_child=1 -3 -4 -5 10 6 -8 8 -10 -11 -12
leaf_value=6.6481984070393968e-05 0.0075049202627599431 -0.05619190537395248 0.041436456861464292 -0.06896465718043536 -0.0034848271577982166 -0.0017313285429901304 -0.048163575121023899 0.0086065962177783797 -0.044572672197257128 0.02031072970243809 0.022678257867532043
leaf_weight=202.55649147741497 2.5014272369444353 1.8363272834103552 2.7260271608829498 1.9821426663547752 8.4368277862668055 5.0360991749912483 5.1769687738269567 6.8344147372990829 6.2359102442860603 18.322421185672283 10.107280813157557
leaf_count=593 42 39 4 18 24 22 31 22 25 40 19
internal_value=2.85312e-07 -0.0119562 -0.000689064 -0.0263015 0.000411989 -0.000375089 -0.0252677 0.000711599 -0.0167655 0.00174579 0.0107751
internal_weight=271.752 9.04592 7.2096 4.48357 262.706 244.162 10.2131 233.949 13.0703 220.879 18.5441
internal_count=879 103 64 60 776 733 53 680 47 633 43
is_linear=0
shrinkage=0.05


Tree=181
num_leaves=6
num_cat=0
split_feature=11 11 11 11 4
split_gain=0.504977 1.39994 1.19247 1.54797 1.893
threshold=0.0011941075000000002 0.0010923950000000001 0.00093925500000000006 0.00087485500000000001 0.32702150000000002
decision_type=2 2 2 2 2
left_child=1 2 3 4 -1
right_child=-2 -3 -4 -5 -6
leaf_value=-0.014876640598623881 -0.011488476357412628 0.021819180819223977 -0.018103147814750704 0.022979083833208826 0.0010961657058759333
leaf_weight=20.274872628040612 9.2398732621222717 7.4159404411911956 8.9915831596590561 7.3858943423256269 217.95049840887077
leaf_count=79 33 12 33 15 707
internal_value=-4.03029e-07 0.000404714 -0.000219035 0.000435684 -0.000263247
internal_weight=271.259 262.019 254.603 245.611 238.225
internal_count=879 846 834 801 786
is_linear=0
shrinkage=0.05


Tree=182
num_leaves=9
num_cat=0
split_feature=2 2 2 2 4 2 11 11
split_gain=0.567415 5.79207 3.23689 5.88049 2.60246 1.39697 2.29642 1.2926
threshold=0.35375400000000007 0.37367400000000006 0.39768850000000006 0.44507050000000004 0.29836125000000008 0.20064900000000005 0.00069891250000000016 3.7305000000000003e-05
decision_type=2 2 2 2 2 2 2 2
left_child=4 -2 -3 -4 5 6 -1 -5
right_child=1 2 3 7 -6 -7 -8 -9
leaf_value=-0.010978972784050462 -0.089543002452412063 0.049794390223674823 -0.096253818744205744 -0.016498647643862299 0.028700565998313866 -0.023787074235601183 0.027018863965733678 0.00067649235438860126
leaf_weight=9.7114463001489728 1.8259058147668827 3.2005788236856452 1.6034807823598374 11.525149432010947 9.1907476782798749 5.8969098441302767 6.7329894304275504 221.37311006826349
leaf_count=33 8 4 8 52 17 27 11 719
internal_value=-1.99515e-07 -0.000830213 -0.000148768 -0.000830413 0.00630486 -0.00290825 0.00457881 -0.000173433
internal_weight=271.06 239.528 237.702 234.502 31.5321 22.3413 16.4444 232.898
internal_count=879 791 783 779 88 71 44 771
is_linear=0
shrinkage=0.05


Tree=183
num_leaves=9
num_cat=0
split_feature=2 2 2 2 2 4 2 11
split_gain=0.514689 5.31539 2.98133 3.54052 3.523 2.37148 1.2686 2.08322
threshold=0.35375400000000007 0.37367400000000006 0.39768850000000006 0.47690050000000006 0.49327500000000007 0.29836125000000008 0.20064900000000005 0.00069891250000000016
decision_type=2 2 2 2 2 2 2 2
left_child=5 -2 -3 -4 -5 6 7 -1
right_child=1 2 3 4 -6 -7 -8 -9
leaf_value=-0.010429463294945724 -0.086449729016268115 0.04827037835608048 -0.045538213754810486 0.047962866929492205 -0.00074462667821404566 0.027509426516507486 -0.022737853650497859 0.025824819659759995
leaf_weight=9.7119538560509771 1.7973913848400105 3.1381538063287726 4.3384165056049815 3.7743635028600684 226.33170066750608 9.1113331615924817 5.861491121351718 6.6931194067001334
leaf_count=33 8 4 16 4 759 17 27 11
internal_value=-1.5968e-07 -0.000789419 -0.000141371 -0.000789385 5.43083e-05 0.00602105 -0.00277185 0.00436195
internal_weight=270.758 239.38 237.583 234.444 230.106 31.3779 22.2666 16.4051
internal_count=879 791 783 779 763 88 71 44
is_linear=0
shrinkage=0.05


Tree=184
num_leaves=10
num_cat=0
split_feature=6 2 2 2 11 0 11 8 11
split_gain=0.523148 1.39884 3.1439 1.95568 1.86238 1.39265 4.61346 2.49607 2.12832
threshold=1.5000000000000002 9.2279905000000024 7.6608965000000007 6.1043555000000014 0.00021425500000000003 1.0000000180025095e-35 0.0005228050000000001 0.41665000000000002 0.00023814500000000002
decision_type=2 2 2 2 2 2 2 2 2
left_child=1 2 3 4 -1 7 -7 8 -2
right_child=5 -3 -4 -5 -6 6 -8 -9 -10
leaf_value=0.0066652819232896239 0.0033601712529336297 -0.018035795338731304 0.031029508548145984 -0.024616406222446367 -0.0027549848035491229 -0.069303826344224703 0.0093367130644075539 0.019842460718168073 -0.036706527064778817
leaf_weight=91.826547142118216 7.7694480791688001 9.4830112745985371 8.7076635397970659 7.5456382343545547 122.40369357354939 3.2896068531554183 4.3064102828502655 9.3594777137041092 5.7803170904517174
leaf_count=268 24 33 22 39 406 28 13 20 26
internal_value=4.27538e-07 0.000784459 0.0015588 0.00040168 0.00128287 -0.00616708 -0.0247201 -1.54357e-05 -0.0137322
internal_weight=270.472 239.967 230.484 221.776 214.23 30.5053 7.59602 22.9092 13.5498
internal_count=879 768 735 713 674 111 41 70 50
is_linear=0
shrinkage=0.05


Tree=185
num_leaves=12
num_cat=0
split_feature=5 5 3 11 2 4 11 7 11 4 5
split_gain=0.500898 2.20267 1.4192 1.33988 0.781609 2.37369 2.94585 3.03821 1.23239 1.79168 0.74295
threshold=181.97916666666669 259.08333333333343 2.5000000000000004 0.00025307000000000004 8.4197765000000029 3.5361361666666666 0.00011201500000000002 2.5000000000000004 3.2410000000000003e-05 0.32702150000000002 132.75000000000003
decision_type=2 2 2 2 2 2 2 2 2 2 2
left_child=4 2 3 -2 5 8 -7 -8 -1 -10 -6
right_child=1 -3 -4 -5 10 6 7 -9 9 -11 -12
leaf_value=0.015698141350840817 0.010778233036009038 -0.066926914101984231 0.017589580401612789 -0.057447973249924969 0.00060804602098329767 0.018558067481043019 -0.065993893073372292 -0.0045855635042629057 -0.013499496763496127 0.0013788834279019825 0.020707299898725207
leaf_weight=12.98502918332815 1.2858756333589538 1.4995889358688144 4.3838769029825926 1.6341485988814382 9.5074319206178206 3.1190012749284497 4.5119572132825834 3.6384638398885727 22.562188226729631 196.11273686587811 8.9031585678458196
leaf_count=38 18 36 21 28 27 13 38 14 82 548 16
internal_value=-5.25092e-08 -0.0117307 -0.000398212 -0.0274036 0.000395107 -0.000357652 -0.0227663 -0.0385803 0.00073245 -0.000156221 0.0103278
internal_weight=270.143 8.80349 7.3039 2.92002 261.34 242.929 11.2694 8.15042 231.66 218.675 18.4106
internal_count=879 103 67 46 776 733 65 52 668 630 43
is_linear=0
shrinkage=0.05


Tree=186
num_leaves=8
num_cat=0
split_feature=2 2 2 2 2 4 11
split_gain=0.521253 4.89459 2.73593 3.21165 3.21445 2.15417 1.2505
threshold=0.35375400000000007 0.37367400000000006 0.39768850000000006 0.47690050000000006 0.49327500000000007 0.29836125000000008 0.00020058000000000003
decision_type=2 2 2 2 2 2 2
left_child=5 -2 -3 -4 -5 6 -1
right_child=1 2 3 4 -6 -7 -8
leaf_value=0.0098553214067951759 -0.083711260002589882 0.046689945409020814 -0.043407257963457437 0.046246624419219541 -0.00074585376703227026 0.026661600860135051 -0.013907782175017452
leaf_weight=10.812743492424493 1.7667065411806095 3.0734110474586478 4.3395353220403186 3.6987257897853842 225.61745929985773 9.0298916250467283 11.34505335986614
leaf_count=32 8 4 16 4 759 17 39
internal_value=-1.69576e-06 -0.000796606 -0.000177815 -0.000794294 1.21053e-05 0.00607707 -0.00231167
internal_weight=269.684 238.496 236.729 233.656 229.316 31.1877 22.1578
internal_count=879 791 783 779 763 88 71
is_linear=0
shrinkage=0.05


Tree=187
num_leaves=10
num_cat=0
split_feature=6 11 11 2 2 2 11 11 2
split_gain=0.49475 1.42342 1.64822 1.30273 2.83156 1.72574 1.57269 0.559037 0.0394374
threshold=1.5000000000000002 0.00021760500000000003 0.00054221749999995019 9.2279905000000024 7.6608965000000007 6.1043555000000014 0.00021425500000000003 0.00042951000000000008 2.5176025000000002
decision_type=2 2 2 2 2 2 2 2 2
left_child=3 8 7 4 5 6 -1 -3 -2
right_child=1 2 -4 -5 -6 -7 -8 -9 -10
leaf_value=0.0061963152102657119 -0.027544566395813021 0.0014748997333645288 -0.018432323125416261 -0.017406676281154658 0.02971520231804875 -0.023185647217009952 -0.0024710806014415529 0.02114034566011223 -0.020550377856881744
leaf_weight=91.594030022621155 3.9981340169906634 8.0268655642867106 7.5610391767695537 9.4769431911408883 8.5663816975429636 7.4822632307186714 122.10980574868154 6.5733283162116996 4.0642301721964031
leaf_count=268 15 28 29 33 22 39 406 13 26
internal_value=-1.12717e-06 -0.00602889 0.000515934 0.000760403 0.00150977 0.000417391 0.00124379 0.0103287 -0.0240188
internal_weight=269.453 30.2236 22.1612 239.229 229.752 221.186 213.704 14.6002 8.06236
internal_count=879 111 70 768 735 713 674 41 41
is_linear=0
shrinkage=0.05


Tree=188
num_leaves=7
num_cat=0
split_feature=2 2 2 4 11 2
split_gain=0.512416 1.75133 1.6894 2.02712 1.69823 1.09929
threshold=11.365189000000001 9.2279905000000024 8.1596490000000017 3.5361361666666666 0.00011646000000000002 5.8999710000000016
decision_type=2 2 2 2 2 2
left_child=1 2 3 5 -5 -1
right_child=-2 -3 -4 4 -6 -7
leaf_value=-0.00018441819369160865 0.013786630436981287 -0.024762954517998325 0.025970636859173991 0.0083981407870239288 -0.034458444523779171 0.014367276582855894
leaf_weight=224.61499790009111 6.5745175490155807 7.1440335689112535 6.2698392695747307 3.3258254788815957 7.5794708300381899 13.774358265567569
leaf_count=709 15 30 18 13 50 44
internal_value=-7.58746e-07 -0.000345801 0.000336755 -0.000307945 -0.0213883 0.000656392
internal_weight=269.283 262.709 255.564 249.295 10.9053 238.389
internal_count=879 864 834 816 63 753
is_linear=0
shrinkage=0.05


Tree=189
num_leaves=10
num_cat=0
split_feature=2 4 11 11 11 11 11 11 11
split_gain=0.481088 4.03781 2.90612 4.01112 4.91803 1.492 3.36802 2.27105 2.10884
threshold=1.4982915000000003 1.309927666666667 0.0010396750000000001 0.00090362749999995013 0.00045371000000000007 0.0013532450000000001 0.00088190000000000002 0.0007511550000000002 0.00067475000000000011
decision_type=2 2 2 2 2 2 2 2 2
left_child=1 2 3 4 -1 6 7 8 -2
right_child=5 -3 -4 -5 -6 -7 -8 -9 -10
leaf_value=0.0047186811925220831 0.0016331710216508843 -0.039593419000455328 -0.032400204849534153 0.033413473380926456 -0.032766665832048479 0.026080976870354051 -0.029325339500453348 0.021864314832900578 -0.029109874584240455
leaf_weight=52.003057757392526 149.71515517774969 6.962889462709426 6.3081565201282492 9.4179085269570333 10.5201021914836 5.9437982970848671 8.9218566732015443 13.50376813020557 5.7940296155866227
leaf_count=164 495 25 23 15 57 14 37 24 25
internal_value=-8.42633e-07 -0.00310646 0.000140278 0.00299359 -0.00158858 0.00143835 0.000615176 0.00219568 0.000487733
internal_weight=269.091 85.2121 78.2492 71.9411 62.5232 183.879 177.935 169.013 155.509
internal_count=879 284 259 236 221 595 581 544 520
is_linear=0
shrinkage=0.05


Tree=190
num_leaves=6
num_cat=0
split_feature=2 4 4 2 2
split_gain=1.65043 1.82495 1.89342 1.84097 3.96317
threshold=0.041898500000000005 0.15433350000000004 0.21820300000000004 0.31852100000000005 0.35375400000000007
decision_type=2 2 2 2 2
left_child=-1 -2 -3 -4 -5
right_child=1 2 3 4 -6
leaf_value=0.040370489438140672 -0.023804170097335122 0.022809110138407598 -0.027536221355011482 0.042706557664723199 -0.00074284107862623112
leaf_weight=2.5079773440957061 8.0638494156301004 9.0556705021299404 6.1260544285178176 5.3667776137590399 237.65010496333707
leaf_count=4 32 20 27 7 789
internal_value=-6.74322e-07 -0.000380938 0.000350597 -0.000465709 0.000216694
internal_weight=268.77 266.262 258.199 249.143 243.017
internal_count=879 875 843 823 796
is_linear=0
shrinkage=0.05


Tree=191
num_leaves=13
num_cat=0
split_feature=4 4 4 4 5 4 11 2 4 11 11 11
split_gain=0.482747 3.97711 3.16432 4.63276 7.55289 3.5559 2.99738 2.29164 4.88282 2.83108 5.5029 2.84199
threshold=1.3699818333333336 1.2551655833333337 1.1745093333333336 1.0396532500000002 90.252083333333346 0.99102025000000016 0.00041131500000000004 1.4982915000000003 1.5437117500000002 9.7820000000000022e-05 4.9035000000000007e-05 0.00014595000000000002
decision_type=2 2 2 2 2 2 2 2 2 2 2 2
left_child=1 2 3 5 -5 -1 -3 -2 -9 10 -10 -11
right_child=7 6 -4 4 -6 -7 -8 8 9 11 -12 -13
leaf_value=-0.0028157717079100538 -0.029601630038869994 -0.069047220183251587 0.030221678932140464 -0.076976756285345116 0.013888416728396301 0.028604596565029533 -0.0073351622387068148 0.029667228564001731 0.0052059560250728347 0.022613263602751288 -0.048968921283915369 -0.00017163778993425406
leaf_weight=68.262309183832258 5.6531116068363181 3.7657673098146907 8.0095881670713407 5.0832431316375715 4.1573648098856211 10.3729898519814 4.120693514123559 15.279638912528752 10.961900329217316 15.649758173152803 8.1892712232656759 109.05064619611949
leaf_count=272 19 27 12 28 16 20 13 29 41 36 52 314
internal_value=-1.53599e-07 -0.0026715 0.000135734 -0.0026065 -0.0360964 0.00132897 -0.0368025 0.00168211 0.00279346 -6.10192e-05 -0.0179599 0.00268784
internal_weight=268.556 103.772 95.8855 87.8759 9.24061 78.6353 7.88646 164.784 159.131 143.852 19.1512 124.7
internal_count=879 388 348 336 44 292 40 491 472 443 93 350
is_linear=0
shrinkage=0.05


Tree=192
num_leaves=11
num_cat=0
split_feature=5 11 11 11 11 11 4 11 2 2
split_gain=0.473494 1.65529 2.66775 2.32651 0.864775 1.9742 1.54918 7.77782 2.3368 0.056976
threshold=181.97916666666669 0.00042544500000000004 0.00040891500000000009 0.00025307000000000004 2.1920000000000004e-05 3.2410000000000003e-05 0.32702150000000002 0.00069891250000000016 0.39768850000000006 2.3101265000000004
decision_type=2 2 2 2 2 2 2 2 2 2
left_child=4 2 3 9 -1 -6 7 -7 -8 -2
right_child=1 -3 -4 -5 5 6 8 -9 -10 -11
leaf_value=-0.019421164173486188 0.014892334478648579 -0.055825514517566323 0.039378808739765785 -0.067408231958429168 0.024542124740074715 -0.038875407567308104 0.025436338968373762 0.020359978730151891 0.00016040567834332112 -0.00035304936301732022
leaf_weight=5.3985665868967763 1.1827430613338932 1.6946417553117497 2.5930999964475632 1.8370979484170673 8.4652533382177335 12.463895078748466 9.5536983460187894 9.9779119063168746 213.35800803266466 1.2719020564109085
leaf_count=30 11 39 4 18 15 61 17 21 632 31
internal_value=-1.51962e-06 -0.011558 -0.000661972 -0.0248549 0.000380973 0.000802152 -1.69306e-05 -0.0125386 0.0012437 0.00699277
internal_weight=267.797 8.57948 6.88484 4.29174 259.217 253.819 245.354 22.4418 222.912 2.45465
internal_count=879 103 64 60 776 746 731 82 649 42
is_linear=0
shrinkage=0.05


Tree=193
num_leaves=10
num_cat=0
split_feature=2 4 7 4 2 4 4 2 11
split_gain=0.474046 2.2964 2.26571 1.88871 6.76321 1.76946 1.73723 1.24449 1.75821
threshold=0.35375400000000007 0.46944225000000006 1.5000000000000002 0.59523700000000013 0.82393800000000017 0.29836125000000008 0.86786050000000003 0.20064900000000005 0.00069891250000000016
decision_type=2 2 2 2 2 2 2 2 2
left_child=5 2 -2 -3 -5 7 -6 8 -1
right_child=1 3 -4 4 6 -7 -8 -9 -10
leaf_value=-0.0083945055420151793 -0.048021635619683374 0.019987348843483993 -0.00071697090655368579 -0.065125747479269289 0.024247117159101925 0.024919729012455618 -0.00041833966893361829 -0.021932254604321664 0.025074072341106625
leaf_weight=9.5849460288882344 4.9959334325976652 11.540776234120129 5.1309109546709806 4.0070364885032168 7.3980739458929738 8.7067901566624624 203.60640383791178 5.6537254378199568 6.6442000716924658
leaf_count=33 29 24 15 36 36 17 651 27 11
internal_value=-2.13204e-06 -0.000759163 -0.024054 0.000282114 -0.000775567 0.00585519 0.000446461 -0.00173024 0.0053075
internal_weight=267.269 236.679 10.1268 226.552 215.012 30.5897 211.004 21.8829 16.2291
internal_count=879 791 44 747 723 88 687 71 44
is_linear=0
shrinkage=0.05


Tree=194
num_leaves=7
num_cat=0
split_feature=2 4 4 11 4 11
split_gain=1.42836 1.39937 1.7054 1.83297 6.17159 1.99783
threshold=0.041898500000000005 0.15433350000000004 0.21820300000000004 3.7305000000000003e-05 1.4435546666666668 8.1595000000000021e-05
decision_type=2 2 2 2 2 2
left_child=-1 -2 -3 4 -4 -5
right_child=1 2 3 5 -6 -7
leaf_value=0.037794226940573328 -0.020914637453609886 0.021789829813962353 -0.073668015154554498 0.013456911696322167 0.0042243795272733651 -0.0011505976173707393
leaf_weight=2.4763492643833152 8.0265939421951753 8.9006419691722822 3.6606184169650069 26.357133987825364 8.3292990103363973 209.12789967493154
leaf_count=4 32 20 23 79 32 689
internal_value=-2.84374e-06 -0.000356845 0.000286777 -0.000486598 -0.0195568 0.000484377
internal_weight=266.879 264.402 256.376 247.475 11.9899 235.485
internal_count=879 875 843 823 55 768
is_linear=0
shrinkage=0.05


Tree=195
num_leaves=17
num_cat=0
split_feature=11 11 11 4 5 2 5 2 11 0 11 5 2 7 4 11
split_gain=0.452802 5.24336 4.04369 5.78552 3.84148 7.3718 5.58966 8.21916 5.43217 4.18022 3.33534 10.3251 5.3367 2.80206 1.68944 1.336
threshold=0.00035958000000000002 0.00033770000000000008 0.00040891500000000009 1.1541642500000002 83.625000000000014 4.2734660000000018 63.312500000000007 3.4807465000000004 0.0006558025000000001 1.0000000180025095e-35 0.00027147000000000006 167.47916666666671 0.39768850000000006 2.5000000000000004 0.32702150000000002 0.00016342000000000003
decision_type=2 2 2 2 2 2 2 2 2 2 2 2 2 2 2 2
left_child=1 10 3 -2 6 9 7 -4 -7 -6 13 12 -12 14 -1 -15
right_child=2 -3 4 -5 5 8 -8 -9 -10 -11 11 -13 -14 15 -16 -17
leaf_value=-0.021528384373410814 0.0076365560994854122 0.033174263376450949 0.0067324240871519366 -0.069095790966394122 -0.0066212444546024625 0.025920286261780553 0.040596968311412622 -0.050165843038003803 -0.034901637961210923 -0.078290687313506538 0.012556703857762225 0.031362550006318837 -0.073155052352367175 0.003537708342924092 0.00037254767652396731 0.02844811110900989
leaf_weight=9.713671922683714 4.6388759948313218 12.227647915482519 60.839441072195768 5.221772463992238 3.1427741269581038 10.098156273365019 10.138362199068068 7.0862859115004531 5.7679405035451046 5.7697935565374792 2.3753022700548154 5.6677301526069632 7.713601641356945 9.3084821831434983 94.190485674189404 12.762025538831947
leaf_count=38 20 21 158 34 18 25 14 35 24 50 9 12 51 31 316 23
internal_value=-3.3196e-06 0.00175951 -0.00241144 -0.0329976 0.000521189 -0.016631 0.00596554 0.000796567 0.00380916 -0.0530184 -0.000950753 -0.0226386 -0.0529753 0.00176192 -0.0016749 0.0179419
internal_weight=266.662 153.959 112.703 9.86065 102.843 24.7787 78.0641 67.9257 15.8661 8.91257 141.731 15.7566 10.0889 125.975 103.904 22.0705
internal_count=879 501 378 54 324 117 207 193 49 68 480 72 60 408 354 54
is_linear=0
shrinkage=0.05


Tree=196
num_leaves=6
num_cat=0
split_feature=2 2 2 2 2
split_gain=1.2996 4.51481 2.64225 3.73387 1.35368
threshold=0.041898500000000005 0.090794500000000014 0.10891950000000002 0.15433350000000004 0.22256650000000003
decision_type=2 2 2 2 2
left_child=-1 -2 -3 -4 -5
right_child=1 2 3 4 -6
leaf_value=0.036188800948986806 -0.072882104630506039 0.043245803849127712 -0.06836868880484713 0.019177000670826311 -0.00050641349541847723
leaf_weight=2.457077056169509 2.1277482062578192 3.524567872285842 2.0014314875006667 9.0561876446008664 246.17158996115904
leaf_count=4 12 4 12 20 827
internal_value=-5.88934e-06 -0.000344191 0.000247718 -0.000341444 0.000192008
internal_weight=265.339 262.882 260.754 257.229 255.228
internal_count=879 875 863 859 847
is_linear=0
shrinkage=0.05


Tree=197
num_leaves=6
num_cat=0
split_feature=2 2 2 2 2
split_gain=1.18142 4.21427 2.43084 1.82865 1.36294
threshold=0.041898500000000005 0.090794500000000014 0.10891950000000002 0.17179700000000001 0.22256650000000003
decision_type=2 2 2 2 2
left_child=-1 -2 -3 -4 -5
right_child=1 2 3 4 -6
leaf_value=0.034624370280994764 -0.071549617293491866 0.041860857059527384 -0.036853437696215963 0.021047287331057596 -0.00048106932386589302
leaf_weight=2.4401275664567939 2.0607065781950942 3.460759997367858 3.381097547709941 7.5781318321824065 246.18318587751128
leaf_count=4 12 4 16 16 827
internal_value=-6.11698e-06 -0.000327832 0.000235351 -0.000324867 0.000161837
internal_weight=265.104 262.664 260.603 257.142 253.761
internal_count=879 875 863 859 843
is_linear=0
shrinkage=0.05


Tree=198
num_leaves=6
num_cat=0
split_feature=2 2 2 2 2
split_gain=1.07421 3.93803 2.23649 1.65824 1.23396
threshold=0.041898500000000005 0.090794500000000014 0.10891950000000002 0.17179700000000001 0.22256650000000003
decision_type=2 2 2 2 2
left_child=-1 -2 -3 -4 -5
right_child=1 2 3 4 -6
leaf_value=0.033134901445860815 -0.070315470275733413 0.040523546210786493 -0.035173053077096242 0.020057841041228291 -0.00045699510140436665
leaf_weight=2.4227729961276046 1.993731066584586 3.3978399932384482 3.3658963292837134 7.5549639761447898 246.19419280823786
leaf_count=4 12 4 16 16 827
internal_value=-5.9691e-06 -0.000311839 0.000223906 -0.000308664 0.0001538
internal_weight=264.929 262.507 260.513 257.115 253.749
internal_count=879 875 863 859 843
is_linear=0
shrinkage=0.05


Tree=199
num_leaves=6
num_cat=0
split_feature=2 2 2 2 2
split_gain=0.976893 3.68355 2.05774 1.50333 1.11716
threshold=0.041898500000000005 0.090794500000000014 0.10891950000000002 0.17179700000000001 0.22256650000000003
decision_type=2 2 2 2 2
left_child=-1 -2 -3 -4 -5
right_child=1 2 3 4 -6
leaf_value=0.031714642082324003 -0.069169635248097272 0.039230024672453179 -0.033560948030782238 0.019114352995164723 -0.00043412640480663435
leaf_weight=2.4051632434129706 1.9271108582615841 3.3359760493040076 3.3515747785568228 7.5320816785097113 246.20464108907618
leaf_count=4 12 4 16 16 827
internal_value=-5.82926e-06 -0.000296634 0.000213019 -0.000293265 0.000146163
internal_weight=264.757 262.351 260.424 257.088 253.737
internal_count=879 875 863 859 843
is_linear=0
shrinkage=0.05


Tree=200
num_leaves=6
num_cat=0
split_feature=2 2 2 11 2
split_gain=0.88849 0.857441 1.01221 1.71374 1.57134
threshold=0.041898500000000005 0.15433350000000004 0.22256650000000003 2.6455000000000003e-05 0.31852100000000005
decision_type=2 2 2 2 2
left_child=-1 -2 -3 -4 -5
right_child=1 2 3 4 -6
leaf_value=0.030358582724541408 -0.017589307440710727 0.016643187983800236 -0.027017894907484841 -0.025296559204891253 0.00088173743004698452
leaf_weight=2.3874268904328337 6.9662584811449042 9.0178026705980283 5.9073932375758877 5.8759420439600936 234.43122372450307
leaf_count=4 28 20 35 28 764
internal_value=-5.69736e-06 -0.000282177 0.000190201 -0.000412403 0.000241631
internal_weight=264.586 262.199 255.232 246.215 240.307
internal_count=879 875 847 827 792
is_linear=0
shrinkage=0.05


Tree=201
num_leaves=14
num_cat=0
split_feature=2 11 11 4 11 2 2 11 11 5 11 4 11
split_gain=0.808137 0.830073 4.67044 3.53051 9.18782 4.95243 7.36232 4.56689 3.07562 9.45621 2.55179 2.31153 0.775249
threshold=0.041898500000000005 0.00035958000000000002 0.00033770000000000008 1.0016717500000003 0.00090362749999995013 2.1215790000000001 1.8868865000000004 0.00044567750000000007 0.00027147000000000006 167.47916666666671 0.0010396750000000001 2.2278320000000007 0.0007562475000000001
decision_type=2 2 2 2 2 2 2 2 2 2 2 2 2
left_child=-1 2 8 4 12 6 -5 -7 11 -10 -6 -2 -3
right_child=1 3 -4 5 10 7 -8 -9 9 -11 -12 -13 -14
leaf_value=0.02906235859441569 0.0059159599276193374 -0.064994252645292155 0.031935993688070874 -0.0010631362704587547 0.027847369373302233 -0.036770235977456552 0.05312762802868945 -0.00039266287767719048 -0.051321097761721536 0.030140247504953494 -0.014354554336390289 -0.010170773209208762 -0.034143857683327249
leaf_weight=2.3696744889020911 95.441669818246737 7.4106538151390868 12.09366514533758 16.93350321799517 6.7624257393181306 10.517684511840342 9.9507279973477107 48.011874795891345 9.7505397722125036 5.6134371422231188 7.6160996137186885 29.151345733320341 2.8080007755197585
leaf_count=4 275 69 21 45 14 50 13 146 60 12 26 130 14
internal_value=-5.5183e-06 -0.000268363 0.00212523 -0.00357664 -0.020268 0.00123008 0.0189946 -0.00692966 -0.000450715 -0.0215581 0.00549361 0.00215211 -0.0565168
internal_weight=264.431 262.062 152.051 110.011 24.5972 85.4138 26.8842 58.5296 139.957 15.364 14.3785 124.593 10.2187
internal_count=879 875 498 377 123 254 58 196 477 72 40 405 83
is_linear=0
shrinkage=0.05


Tree=202
num_leaves=6
num_cat=0
split_feature=2 2 2 2 2
split_gain=0.735129 3.30912 1.94739 3.03983 0.910845
threshold=0.041898500000000005 0.090794500000000014 0.10891950000000002 0.15433350000000004 0.22256650000000003
decision_type=2 2 2 2 2
left_child=-1 -2 -3 -4 -5
right_child=1 2 3 4 -6
leaf_value=0.027822139336062486 -0.067332409091609077 0.038412931818376524 -0.065139388271185983 0.015855853688292138 -0.00038988796656794689
leaf_weight=2.3520000204443923 1.8258929401636113 3.2943855822086325 1.7936438247561444 8.9425705969333631 245.19801324128639
leaf_count=4 12 4 12 20 827
internal_value=-6.08039e-06 -0.000256802 0.000215649 -0.000276026 0.000181759
internal_weight=263.407 261.055 259.229 255.934 254.141
internal_count=879 875 863 859 847
is_linear=0
shrinkage=0.05


Tree=203
num_leaves=6
num_cat=0
split_feature=2 2 2 2 11
split_gain=0.668676 3.10242 1.79168 2.85149 0.891584
threshold=0.041898500000000005 0.090794500000000014 0.10891950000000002 0.15433350000000004 8.1595000000000021e-05
decision_type=2 2 2 2 2
left_child=-1 -2 -3 -4 -5
right_child=1 2 3 4 -6
leaf_value=0.026634551447769196 -0.066386125981955854 0.037184408703329057 -0.064255547294214288 0.0068628876897347882 -0.0011383422137877942
leaf_weight=2.334483101963996 1.7609701976180065 3.2346073240041724 1.7290376797318447 41.639860032591969 212.48018519161269
leaf_count=4 12 4 12 138 709
internal_value=-6.28797e-06 -0.000244716 0.000204842 -0.000262677 0.000172731
internal_weight=263.179 260.845 259.084 255.849 254.12
internal_count=879 875 863 859 847
is_linear=0
shrinkage=0.05


Tree=204
num_leaves=13
num_cat=0
split_feature=7 11 2 11 2 2 11 2 4 4 4 4
split_gain=0.497072 0.864158 3.19248 8.39248 5.1915 3.82806 2.92603 2.326 1.44486 2.19545 3.9939 3.71202
threshold=4.5000000000000009 0.00016537500000000002 1.7725810000000002 8.5560000000000001e-05 1.8377080000000003 0.35375400000000007 6.6065000000000012e-05 3.0991410000000004 0.12682000000000002 1.0016717500000003 0.59523700000000013 1.0396532500000002
decision_type=2 2 2 2 2 2 2 2 2 2 2 2
left_child=1 2 3 6 -4 -5 -1 -6 -3 10 -10 -11
right_child=-2 8 4 5 7 -7 -8 -9 9 11 -12 -13
leaf_value=-0.013674330234918923 -0.014424271759063099 0.026037488834117901 0.049676665265633094 -0.012562433194264934 0.011175212892003735 -0.08020575748382279 0.026165276380972071 -0.013343831432110301 -0.00057389805237792251 0.04152975220941036 -0.039618593785847395 0.0024243301333180599
leaf_weight=12.32615808025003 5.8452171068638554 6.1213878542184821 5.4865661114454261 3.2120691016316396 17.646248904522508 5.9956515906378627 7.3611757755279532 21.40599091630429 28.788722931174561 6.3564103208482257 8.4784655013354477 133.94630851689726
leaf_count=44 23 12 6 19 53 35 11 109 90 10 85 382
internal_value=-6.49831e-06 0.00032126 -0.00426322 -0.0172065 0.00413385 -0.0566087 0.00122186 -0.00226459 0.00215399 0.00133065 -0.00945676 0.004196
internal_weight=262.97 257.125 73.4339 28.8951 44.5388 9.20772 19.6873 39.0522 183.691 177.57 37.2672 140.303
internal_count=879 856 277 109 168 54 55 162 579 567 175 392
is_linear=0
shrinkage=0.05


Tree=205
num_leaves=6
num_cat=0
split_feature=2 2 2 2 2
split_gain=0.556961 2.9386 1.55025 2.6787 0.848744
threshold=0.041898500000000005 0.090794500000000014 0.10891950000000002 0.15433350000000004 0.22256650000000003
decision_type=2 2 2 2 2
left_child=-1 -2 -3 -4 -5
right_child=1 2 3 4 -6
leaf_value=0.024508042181578458 -0.065744179588606816 0.035153930715453613 -0.063463989904121124 0.015342393870071871 -0.00035908564765194486
leaf_weight=2.2966104596853247 1.7000927180051792 3.135042890906333 1.6634299680590618 8.9207029715180379 244.49505190155469
leaf_count=4 12 4 12 20 827
internal_value=-6.76678e-06 -0.00022338 0.000208011 -0.000221491 0.000193635
internal_weight=262.211 259.914 258.214 255.079 253.416
internal_count=879 875 863 859 847
is_linear=0
shrinkage=0.05


Tree=206
num_leaves=6
num_cat=0
split_feature=2 2 2 2 11
split_gain=0.506547 2.75872 1.42583 2.51636 0.797181
threshold=0.041898500000000005 0.090794500000000014 0.10891950000000002 0.15433350000000004 8.1595000000000021e-05
decision_type=2 2 2 2 2
left_child=-1 -2 -3 -4 -5
right_child=1 2 3 4 -6
leaf_value=0.02345871201086772 -0.064905303164342329 0.03401801995932819 -0.062693091208702589 0.0065192143406423127 -0.0010574632081539472
leaf_weight=2.279810592532157 1.6375481598079193 3.0791822373867026 1.6012652739882458 41.520054926164448 211.87520373426378
leaf_count=4 12 4 12 138 709
internal_value=-6.93462e-06 -0.00021292 0.000197567 -0.000210828 0.000184013
internal_weight=261.993 259.713 258.076 254.997 253.395
internal_count=879 875 863 859 847
is_linear=0
shrinkage=0.05


Tree=207
num_leaves=7
num_cat=0
split_feature=2 2 2 4 11 11
split_gain=0.474124 1.63863 1.64401 1.65935 2.52486 0.989729
threshold=11.365189000000001 9.2279905000000024 8.1596490000000017 3.5361361666666666 0.00011201500000000002 3.2410000000000003e-05
decision_type=2 2 2 2 2 2
left_child=1 2 3 5 -5 -1
right_child=-2 -3 -4 4 -6 -7
leaf_value=0.014287873536484525 0.01333309588484451 -0.02414594153875799 0.025797931532624375 0.018712780028061406 -0.035136234905122223 -0.000214397792635612
leaf_weight=12.43257196806371 6.4952563717961302 7.0332185095176092 6.1778238699771455 3.0559238940477353 7.5669237691909075 219.03226313658524
leaf_count=40 15 30 18 12 51 713
internal_value=-7.10531e-06 -0.000346504 0.00032772 -0.000322253 -0.0196452 0.000564557
internal_weight=261.794 255.299 248.266 242.088 10.6228 231.465
internal_count=879 864 834 816 63 753
is_linear=0
shrinkage=0.05


Tree=208
num_leaves=10
num_cat=0
split_feature=7 11 11 11 4 11 4 4 4
split_gain=0.478902 0.873474 3.30923 2.98795 2.27942 1.73097 1.73038 7.1043 2.84343
threshold=4.5000000000000009 0.00017055500000000002 0.00014595000000000002 0.00013816750000000003 4.7826915000000012 0.00018730500000000002 1.5840565833333335 1.4435546666666668 1.7473772500000002
decision_type=2 2 2 2 2 2 2 2 2
left_child=1 2 3 4 -1 -3 7 -7 -8
right_child=-2 5 -4 -5 -6 6 8 -9 -10
leaf_value=-0.0073141141934373963 -0.014201472698544724 0.022483926324649052 -0.034771490033381446 0.033992934604250916 0.022538357554068956 0.00022007214757112012 0.024813813184335745 -0.053152716289518967 0.0016347187312012669
leaf_weight=54.525631875032559 5.8101740307174614 9.9424206968396884 7.9236494628712526 5.7092936914414159 7.244004823267459 68.51165811275132 15.88383423257619 6.8589800000190726 79.216521698981524
leaf_count=215 23 20 39 12 18 264 28 27 233
internal_value=-6.91534e-06 0.000315476 -0.00420384 -0.00061446 -0.00381318 0.00220429 0.00102152 -0.00463703 0.00550613
internal_weight=261.626 255.816 75.4026 67.4789 61.7696 180.413 170.471 75.3706 95.1004
internal_count=879 856 284 245 233 572 552 291 261
is_linear=0
shrinkage=0.05


Tree=209
num_leaves=12
num_cat=0
split_feature=2 11 11 11 5 4 4 11 7 4 11
split_gain=0.464404 0.705038 4.33364 3.44929 5.26554 3.00152 4.00329 3.76844 2.82683 2.90013 2.81673
threshold=0.041898500000000005 0.00035958000000000002 0.00033770000000000008 0.00040891500000000009 118.77083333333336 1.2188640833333335 1.4435546666666668 0.00083837000000000007 2.5000000000000004 2.0729407500000003 0.00028333166666665005
decision_type=2 2 2 2 2 2 2 2 2 2 2
left_child=-1 2 8 4 -3 7 -7 -5 10 -10 -2
right_child=1 3 -4 5 -6 6 -8 -9 9 -11 -12
leaf_value=0.022542059985968796 -0.0014805449107576979 -0.066399826331462616 0.030904956322818061 -0.037132356585201282 0.008813996499455929 0.031993054436225112 -0.00026586257943789373 0.0004022331907248697 0.027064568165775651 -0.0099977807733761179 -0.030760290340314161
leaf_weight=2.2637731358408919 105.20628640172072 5.1235560700297338 11.950151324272154 11.048344454029577 4.2631204444915056 11.451101201586424 60.058202511630952 16.940531270811334 16.314642250537876 7.8026538281701496 8.909520070999859
leaf_count=4 365 37 21 77 17 22 171 53 36 26 50
internal_value=-6.16139e-06 -0.000203191 0.00201778 -0.00326654 -0.0322402 -0.000533161 0.0048999 -0.0144142 -0.000479498 0.0150738 -0.00376654
internal_weight=261.332 259.068 150.183 108.885 9.38668 99.4982 71.5093 27.9889 138.233 24.1173 114.116
internal_count=879 875 498 377 54 323 193 130 477 62 415
is_linear=0
shrinkage=0.05


Tree=210
num_leaves=11
num_cat=0
split_feature=7 11 11 2 11 11 11 4 4 4
split_gain=0.487868 0.830798 2.87306 1.97958 5.07438 4.51075 1.13113 1.25908 8.0599 2.75271
threshold=4.5000000000000009 0.00016342000000000003 0.00014229500000000005 1.7725810000000002 8.5560000000000001e-05 9.7820000000000022e-05 0.00017811500000000004 1.8920331333333336 1.7231045000000003 1.9860157500000002
decision_type=2 2 2 2 2 2 2 2 2 2
left_child=1 2 3 4 -1 -5 -3 8 -8 -9
right_child=-2 6 -4 5 -6 -7 7 9 -10 -11
leaf_value=0.0010522504362124614 -0.014374185311452079 0.019516631577243957 -0.039033282687975589 -0.0087808586384649761 -0.048910724394044577 0.025584768800449548 0.0013369374198655901 0.030797910269347417 -0.055475782927945118 0.0023918626596110487
leaf_weight=19.54262034595013 5.7774748448282471 8.8657033219933492 5.48578559141606 22.539037832757458 6.8678254708647719 16.56731672398746 92.435840134508908 9.7924426645040494 6.6949394494295111 66.082498271949589
leaf_count=55 23 19 32 106 41 39 322 18 25 199
internal_value=-6.57129e-06 0.000319113 -0.00427472 -0.00136435 -0.0119402 0.00577806 0.00209304 0.00121037 -0.00249999 0.00605796
internal_weight=260.651 254.874 71.0026 65.5168 26.4104 39.1064 183.871 175.006 99.1308 75.8749
internal_count=879 856 273 241 96 145 583 564 347 217
is_linear=0
shrinkage=0.05


Tree=211
num_leaves=10
num_cat=0
split_feature=6 11 11 2 2 2 2 11 2
split_gain=0.491738 1.26037 1.56437 1.14447 2.28288 1.67659 1.56044 0.539448 0.0443562
threshold=1.5000000000000002 0.00021760500000000003 0.00054221749999995019 9.2279905000000024 7.6608965000000007 6.1043555000000014 4.6737245000000014 0.00042951000000000008 2.5176025000000002
decision_type=2 2 2 2 2 2 2 2 2
left_child=3 8 7 4 5 6 -1 -3 -2
right_child=1 2 -4 -5 -6 -7 -8 -9 -10
leaf_value=-0.00021623845407832315 -0.026997155500633335 0.00092439016602415133 -0.018508574846462851 -0.016442888929761659 0.027333983147990716 -0.023173319927657178 0.01361760979724887 0.020516466173209753 -0.019491245574945561
leaf_weight=183.17877472983673 3.9049079157412079 7.6752645298838633 7.374365907162427 9.2695091506466252 8.2273809937760216 7.2298647426068774 22.936986865941435 6.4794134646654129 3.9687523357570171
leaf_count=606 15 28 29 33 22 39 68 13 26
internal_value=-6.03459e-06 -0.00609593 0.000164457 0.000769643 0.00148973 0.000493081 0.00132322 0.00989281 -0.0232138
internal_weight=260.245 29.4027 21.529 230.843 221.573 213.346 206.116 14.1547 7.87366
internal_count=879 111 70 768 735 713 674 41 41
is_linear=0
shrinkage=0.05


Tree=212
num_leaves=7
num_cat=0
split_feature=2 2 2 4 2 11
split_gain=0.483829 1.46193 1.32231 1.66262 3.2805 0.962473
threshold=11.365189000000001 9.2279905000000024 8.1596490000000017 3.5361361666666666 5.2115585000000006 3.2410000000000003e-05
decision_type=2 2 2 2 2 2
left_child=1 2 3 5 -5 -1
right_child=-2 -3 -4 4 -6 -7
leaf_value=0.014135194325333771 0.013489171723269494 -0.022924808740900381 0.023385183494781785 -0.0015721632663675184 -0.062718524929239836 -0.00017646569279131853
leaf_weight=12.417711727321146 6.4767789021134368 6.974443112500011 6.0448887718375763 7.3788955584168416 3.1214019767940044 217.68846720468719
leaf_count=40 15 30 18 34 29 713
internal_value=-5.45513e-06 -0.000350064 0.000288271 -0.000292005 -0.019749 0.000595865
internal_weight=260.103 253.626 246.651 240.606 10.5003 230.106
internal_count=879 864 834 816 63 753
is_linear=0
shrinkage=0.05


Tree=213
num_leaves=7
num_cat=0
split_feature=11 11 11 4 4 4
split_gain=0.469566 1.44652 1.55149 1.09912 3.96939 3.85232
threshold=0.0011941075000000002 0.0010923950000000001 0.00093925500000000006 0.49402425000000005 0.81485025000000022 0.32702150000000002
decision_type=2 2 2 2 2 2
left_child=1 2 3 5 -5 -1
right_child=-2 -3 -4 4 -6 -7
leaf_value=-0.0071279045787274913 -0.011221238542234245 0.022286038932223407 -0.021174839853919686 -0.03696488950075795 0.00039766212074758512 0.024697799241107231
leaf_weight=19.643951325677335 9.0090913539752346 7.327184095978736 8.5567990785930288 7.3856886168941847 189.55627376609482 18.428377551492304
leaf_count=81 33 12 33 62 617 41
internal_value=-5.77036e-06 0.000396947 -0.000261527 0.00049992 -0.0010035 0.00827688
internal_weight=259.907 250.898 243.571 235.014 196.942 38.0723
internal_count=879 846 834 801 679 122
is_linear=0
shrinkage=0.05


Tree=214
num_leaves=12
num_cat=0
split_feature=7 11 11 2 11 4 4 11 4 4 4
split_gain=0.461049 0.769749 2.57458 1.80151 4.69734 4.25594 1.07693 2.74059 1.76217 8.04996 2.2029
threshold=4.5000000000000009 0.00016342000000000003 0.00014229500000000005 1.7725810000000002 8.5560000000000001e-05 1.8816720000000002 3.5752850000000005 0.00043576500000000001 1.9616487500000004 1.7473772500000002 2.1422040000000004
decision_type=2 2 2 2 2 2 2 2 2 2 2
left_child=1 2 3 4 -1 -5 8 -8 9 -3 -10
right_child=-2 6 -4 5 -6 -7 7 -9 10 -11 -12
leaf_value=0.00096117929923525836 -0.013998724428958213 0.0033871100768228727 -0.037167647853389635 0.020787356164618784 -0.047433330504677323 -0.012396699712544043 0.0057279318215832731 -0.040591971045426924 0.026092484844465698 -0.045931731490736719 0.0043347527976195432
leaf_weight=19.494551982730631 5.7557494426146141 99.418089544633403 5.4407217763364306 20.929864092031494 6.7504569031298152 17.947709435364231 8.5982675906270725 5.0801115659996858 15.630413670092819 9.0249348487704975 45.492865815758705
leaf_count=55 23 335 32 54 41 91 35 29 27 33 124
internal_value=-5.32572e-06 0.000312011 -0.00412528 -0.00136473 -0.0114863 0.00546804 0.00202071 -0.0114751 0.00310938 -0.000717343 0.00989863
internal_weight=259.564 253.808 70.5633 65.1226 26.245 38.8776 183.245 13.6784 169.566 108.443 61.1233
internal_count=879 856 273 241 96 145 583 64 519 368 151
is_linear=0
shrinkage=0.05


Tree=215
num_leaves=7
num_cat=0
split_feature=2 2 2 4 11 2
split_gain=0.493101 1.28462 1.28507 1.44725 1.03792 0.887637
threshold=11.365189000000001 9.2279905000000024 8.1596490000000017 3.5361361666666666 0.00011900500000000002 5.8999710000000016
decision_type=2 2 2 2 2 2
left_child=1 2 3 5 -5 -1
right_child=-2 -3 -4 4 -6 -7
leaf_value=-0.00027460924049005825 0.013622988557829431 -0.021559756022101733 0.023041885886027881 0.0039409611670872501 -0.029760188646975112 0.013045438804133556
leaf_weight=216.061228663777 6.4718771837651721 6.9454946974292389 6.0302745534572741 3.4105429239571077 6.9204732552170753 13.275818611495195
leaf_count=709 15 30 18 14 49 44
internal_value=-4.96021e-06 -0.000354062 0.000245389 -0.000328193 -0.0186345 0.000496459
internal_weight=259.116 252.644 245.698 239.668 10.331 229.337
internal_count=879 864 834 816 63 753
is_linear=0
shrinkage=0.05


Tree=216
num_leaves=11
num_cat=0
split_feature=2 2 7 2 2 2 4 5 5 4
split_gain=0.491649 1.14027 3.93647 3.24986 2.85158 3.87694 3.6286 2.25355 2.50812 1.43164
threshold=9.8443390000000015 5.5708325000000007 1.5000000000000002 4.6737245000000014 3.5746760000000006 3.4621105000000005 2.0821602500000007 157.54166666666669 90.252083333333346 2.7177885833333337
decision_type=2 2 2 2 2 2 2 2 2 2
left_child=1 3 7 4 5 -1 -6 8 -3 -5
right_child=-2 2 -4 9 6 -7 -8 -9 -10 -11
leaf_value=-0.00058304631693081215 0.010209015497053185 0.0050109952226570775 -0.044895785547897998 0.0055934882174795367 -0.0055146432913464509 0.03480979712713695 -0.050929750603801109 0.021834535482465823 -0.040287292691327171 0.034363782992244421
leaf_weight=173.26944572979119 11.269317487254737 7.9587280033156329 6.2666611745953551 7.8658193480223444 15.911595964804294 8.0991313904523832 6.0784118454903355 7.6687829091679296 4.9603685028851032 9.6029113233089429
leaf_count=573 30 36 35 28 52 15 41 27 22 20
internal_value=-4.77478e-06 -0.000469494 -0.0101979 0.000713571 -0.0010642 0.000997444 -0.0180682 0.000363595 -0.0123816 0.0214091
internal_weight=258.951 247.682 26.8545 220.827 203.359 181.369 21.99 20.5879 12.9191 17.4687
internal_count=879 849 120 729 681 588 93 85 58 48
is_linear=0
shrinkage=0.05


Tree=217
num_leaves=14
num_cat=0
split_feature=5 7 5 5 11 0 2 5 7 11 11 11 11
split_gain=0.467259 6.66193 4.81715 4.23849 6.49362 4.17133 3.12263 2.98709 1.97244 4.70862 9.43797 3.99975 2.12187
threshold=34.791666666666679 2.5000000000000004 63.312500000000007 83.625000000000014 0.0006558025000000001 1.0000000180025095e-35 3.9164085000000006 27.750000000000004 2.5000000000000004 0.00054939500000000016 0.00021425500000000003 0.00030931500000000006 0.00093925500000000006
decision_type=2 2 2 2 2 2 2 2 2 2 2 2 2
left_child=7 2 5 -4 -5 -2 -3 8 9 10 -1 -10 -11
right_child=1 6 3 4 -6 -7 -8 -9 11 12 -12 -13 -14
leaf_value=0.0025115203636856213 -0.00039636044102565296 -0.011084509972293056 0.030951966441004182 0.0055638699097613417 -0.04323663636999818 -0.071765384714719188 -0.079812187243620936 0.034118510529624724 0.02448809305067752 0.021843919562086821 -0.03154989758174561 -0.016850948831879174 -0.0013363112448439079
leaf_weight=62.620131175965071 4.1655712537467462 2.8723692672792813 12.934880455955861 55.064543751999736 7.7798813788685939 4.0262487661093473 3.8922294876538217 6.7600868940353385 19.746139667928222 23.050988811999559 30.119178052991629 8.3153383098542673 17.268098458647728
leaf_count=183 14 18 27 212 50 28 26 13 38 56 138 31 45
internal_value=-4.62179e-06 -0.00289551 0.000949847 0.0048873 -0.000477432 -0.035474 -0.0506292 0.00155785 0.000191703 -0.00234887 -0.00855069 0.0122383 0.0119162
internal_weight=258.616 90.7357 83.9711 75.7793 62.8444 8.19182 6.7646 167.88 161.12 133.058 92.7393 28.0615 40.3191
internal_count=879 375 331 289 262 42 44 504 491 422 321 69 101
is_linear=0
shrinkage=0.05


Tree=218
num_leaves=11
num_cat=0
split_feature=2 6 11 8 11 4 4 4 11 2
split_gain=0.484647 1.16125 3.06432 2.34084 2.80075 0.675507 6.06438 2.40997 2.14013 2.40131
threshold=9.8443390000000015 1.5000000000000002 0.00021760500000000003 0.41665000000000002 0.00036653166666665002 1.4220365000000001 1.309927666666667 1.2188640833333335 0.00088190000000000002 1.6437020000000004
decision_type=2 2 2 2 2 2 2 2 2 2
left_child=1 5 -3 4 -4 6 7 -1 9 -7
right_child=-2 2 3 -5 -6 8 -8 -9 -10 -11
leaf_value=-0.0017333500174029734 0.01015795898464851 -0.041339241856425402 0.011159246978613986 0.017714422624356654 -0.041621554702281155 -0.020118041540200544 -0.051178037522001112 0.027286987566347082 -0.017745472502504828 0.0072746927670738291
leaf_weight=82.752576683880761 11.218599244020877 6.1446035318076637 4.6630474366247654 9.0483883172273636 5.4521296182647347 8.6620440781116468 5.9882202548906198 7.8309462042525402 11.18076007068157 104.75956361973658
leaf_count=326 30 38 15 20 29 25 31 20 37 308
internal_value=-5.65548e-06 -0.000468251 -0.0106138 -0.000762021 -0.0172899 0.000692671 -0.00244607 0.000775458 0.00312532 0.0051827
internal_weight=257.701 246.482 25.3082 19.1636 10.1152 221.174 96.5717 90.5835 124.602 113.422
internal_count=879 849 102 64 44 747 377 346 370 333
is_linear=0
shrinkage=0.05


Tree=219
num_leaves=12
num_cat=0
split_feature=5 4 4 11 11 2 2 5 11 2 5
split_gain=0.473029 2.23444 3.93517 2.53956 1.32847 0.88646 1.41462 4.72403 5.04971 2.51936 1.98702
threshold=174.64583333333337 1.7629130000000004 1.5840565833333335 0.00025307000000000004 0.00041484249999995004 9.8443390000000015 6.8342880000000008 147.06250000000003 0.00012618250000000003 5.8999710000000016 146.54166666666671
decision_type=2 2 2 2 2 2 2 2 2 2 2
left_child=5 2 3 -2 -3 6 9 8 -8 10 -1
right_child=1 4 -4 -5 -6 -7 7 -9 -10 -11 -12
leaf_value=0.00067039076822518679 0.013927167618329905 -0.066336857010370176 0.053891207590933778 -0.065150222002554964 -0.011102290548801762 0.014702143631878845 0.012700438447136912 0.024684465021556044 -0.072699078138493231 0.026507806875541343 -0.02230460668205432
leaf_weight=205.031280471012 2.1482464352156949 2.1248935752082616 2.7588722771033645 1.9251664687180889 2.2321515521034598 10.448998883366583 2.7420269846916181 4.288190945982933 4.6946261059492826 9.077204490080474 9.8636440113186818
leaf_count=626 22 35 5 37 20 21 15 8 29 27 34
internal_value=-5.83027e-06 -0.0100603 0.0077826 -0.0234462 -0.0380397 0.000451226 -0.00018055 -0.0171105 -0.0412107 0.000705727 -0.000384158
internal_weight=257.335 11.1893 6.83229 4.07341 4.35705 246.146 235.697 11.7248 7.43665 223.972 214.895
internal_count=879 119 64 59 55 760 739 52 44 687 660
is_linear=0
shrinkage=0.05


Tree=220
num_leaves=11
num_cat=0
split_feature=5 4 4 11 11 5 5 11 5 11
split_gain=0.437075 2.05802 3.64956 2.40464 1.28936 0.811774 0.878586 6.33301 2.06037 1.61871
threshold=174.64583333333337 1.7629130000000004 1.5840565833333335 0.00025307000000000004 0.00041484249999995004 167.47916666666671 133.22916666666669 0.00034928000000000004 125.81250000000001 3.7305000000000003e-05
decision_type=2 2 2 2 2 2 2 2 2 2
left_child=5 2 3 -2 -3 6 8 -8 9 -1
right_child=1 4 -4 -5 -6 -7 7 -9 -10 -11
leaf_value=-0.018472362138262144 0.013264989347855541 -0.065542335904870727 0.052614476907165635 -0.064582907779209289 -0.010564666323948915 0.015807169308682947 0.011714736313613855 -0.055452549062341094 0.025329812747167516 0.00079101279733793115
leaf_weight=11.526626400649546 2.1428536253515618 2.0451425060164183 2.6863860245794058 1.8469554309267548 2.2285510078072548 8.2915727794170362 10.098755974322556 5.3784856311976901 8.1748296394944173 202.37079541943967
leaf_count=49 22 35 5 37 20 16 26 25 18 626
internal_value=-6.85673e-06 -0.00978104 0.00756209 -0.0227722 -0.0368738 0.000428491 -0.000108296 -0.0116265 0.000694462 -0.000247063
internal_weight=256.791 10.9499 6.6762 3.98981 4.27369 245.841 237.549 15.4772 222.072 213.897
internal_count=879 119 64 59 55 760 744 51 693 675
is_linear=0
shrinkage=0.05


Tree=221
num_leaves=12
num_cat=0
split_feature=5 7 5 5 11 0 2 5 5 11 11
split_gain=0.437717 6.0073 4.41037 3.95338 5.62299 3.91596 2.79993 2.62938 1.82332 1.29679 3.89996
threshold=34.791666666666679 2.5000000000000004 63.312500000000007 83.625000000000014 0.0006558025000000001 1.0000000180025095e-35 3.9585885000000003 27.750000000000004 0.43750000000000006 0.0010396750000000001 0.00058444000000000009
decision_type=2 2 2 2 2 2 2 2 2 2 2
left_child=7 2 5 -4 -5 -2 -3 8 9 10 -1
right_child=1 6 3 4 -6 -7 -8 -9 -10 -11 -12
leaf_value=-0.0013123933732935792 -0.00064582855188048888 -0.0128747738327133 0.029875057746430581 0.0050274759136925496 -0.040859658236283146 -0.070446683980482525 -0.078416841089421235 0.032288813550119567 -0.022535597723828599 -0.013785916575250516 0.019601100193656615
leaf_weight=111.45515488088131 4.1621495187282544 2.9714926001615813 12.829112306237219 54.187944180564955 7.6142407947918391 3.8848287165164948 3.6079716794192791 6.6592637971043578 8.3415210992097837 12.755350299179552 27.865099135786295
leaf_count=358 14 19 27 212 50 28 25 13 29 38 66
internal_value=-7.22741e-06 -0.00283405 0.000825156 0.00461715 -0.000625976 -0.0343435 -0.048816 0.00150295 0.000224965 0.00147341 0.00287046
internal_weight=256.334 89.2577 82.6783 74.6313 61.8022 8.04698 6.57946 167.076 160.417 152.076 139.32
internal_count=879 375 331 289 262 42 44 504 491 462 424
is_linear=0
shrinkage=0.05


Tree=222
num_leaves=12
num_cat=0
split_feature=2 6 11 8 11 11 11 11 4 5 4
split_gain=0.439442 1.08678 2.77542 2.04672 2.65823 0.709371 3.01762 2.17937 3.87486 2.17558 2.08716
threshold=9.8443390000000015 1.5000000000000002 0.00021760500000000003 0.41665000000000002 0.00036653166666665002 8.1595000000000021e-05 6.6065000000000012e-05 0.00010849750000000001 1.7863220000000002 104.41666666666667 1.9679540000000002
decision_type=2 2 2 2 2 2 2 2 2 2 2
left_child=1 5 -3 4 -4 6 9 8 -7 -1 -9
right_child=-2 2 3 -5 -6 7 -8 10 -10 -11 -12
leaf_value=-0.010678244177336146 0.0097438854364332306 -0.039683681271967586 0.01137805400167357 0.016606041675035998 -0.040335272356738283 -0.065802718703681137 0.029188268084590314 -0.0036060576277734424 0.0028285507326618171 0.023927628407306136 0.0076593700450801085
leaf_weight=19.049825929105285 11.052776896394787 6.0901164449751404 4.6290080882608891 8.878315843641758 5.3652428034693003 3.484968386590479 10.808450240641831 109.62425321387127 5.0178160723298788 5.9634036030620328 65.789796612225473
leaf_count=68 30 38 15 20 29 28 22 389 19 27 194
internal_value=-8.07753e-06 -0.000448559 -0.0103348 -0.000863992 -0.0163834 0.000674534 0.00711165 -0.00057923 -0.0253008 -0.00242786 0.00061909
internal_weight=255.754 244.701 24.9627 18.8726 9.99425 219.739 35.8217 183.917 8.50278 25.0132 175.414
internal_count=879 849 102 64 44 747 117 630 47 95 583
is_linear=0
shrinkage=0.05


Tree=223
num_leaves=14
num_cat=0
split_feature=5 7 5 11 11 5 0 2 5 5 7 11 11
split_gain=0.437266 5.4864 4.06599 3.80892 4.68152 4.04822 3.66147 2.818 2.38773 1.71088 1.19164 4.89582 3.7737
threshold=34.791666666666679 2.5000000000000004 63.312500000000007 0.00024068500000000003 4.9990000000000008e-05 90.812500000000014 1.0000000180025095e-35 3.9164085000000006 27.750000000000004 0.43750000000000006 2.5000000000000004 0.00054939500000000016 0.00030931500000000006
decision_type=2 2 2 2 2 2 2 2 2 2 2 2 2
left_child=8 2 6 4 -4 -5 -2 -3 9 10 11 -1 -12
right_child=1 7 3 5 -6 -7 -8 -9 -10 -11 12 -13 -14
leaf_value=-0.0070406470939776396 -0.0010721192399252427 -0.0097158167538627278 0.024008838970585263 0.036252068995411502 -0.028842710706243918 0.0037369418915514834 -0.069262288705774708 -0.076190284118398691 0.030942228905655352 -0.021805851548606588 0.024821708240297627 0.014283811038864603 -0.016394783208551231
leaf_weight=87.58921822719276 4.1435506455600253 2.8319255356909698 5.835131396539512 12.481582216918467 14.861291209701447 41.074634647229686 3.7503341007977724 3.6480949181132019 6.6133313886821261 8.3102249130606634 17.0560348443687 38.856370944529772 8.2347117178142053
leaf_count=304 14 18 20 24 91 154 28 26 13 29 32 96 30
internal_value=-8.32742e-06 -0.002846 0.000648018 0.00427502 -0.0139418 0.0113148 -0.0334688 -0.0471393 0.00150069 0.000284132 0.00149395 -0.000487702 0.0114015
internal_weight=255.286 88.6265 82.1465 74.2526 20.6964 53.5562 7.89388 6.48002 166.66 160.047 151.736 126.446 25.2907
internal_count=879 375 331 289 111 178 42 44 504 491 462 400 62
is_linear=0
shrinkage=0.05


Tree=224
num_leaves=13
num_cat=0
split_feature=2 2 11 4 11 2 2 2 11 2 4 11
split_gain=0.460532 1.10491 3.38186 5.30507 4.65446 2.85858 2.45729 3.3549 3.32393 1.2343 1.13066 0.186403
threshold=9.8443390000000015 5.5708325000000007 0.00026215000000000006 5.9557430000000009 0.00034772250000000008 4.6737245000000014 3.5746760000000006 3.3717150000000005 0.00063887500000000012 6.2854540000000005 2.7177885833333337 0.00016342000000000003
decision_type=2 2 2 2 2 2 2 2 2 2 2 2
left_child=1 5 3 11 -4 6 7 -1 -8 -6 -7 -3
right_child=-2 2 4 -5 9 10 8 -9 -10 -11 -12 -13
leaf_value=-0.00087661352229694695 0.0099910786483812328 -0.060069946400725438 0.035455287302095309 0.020362819259502549 0.00036130778987770583 0.006112250801654338 -0.031853845380407024 0.02669623060713134 0.0090432296508581502 -0.03170412615055803 0.031965586403804813 -0.07986061438546288
leaf_weight=167.38897282641847 11.016266241669653 2.3493604119867113 6.4241640120744732 2.4579215124249458 5.4818599149584752 7.6899120360612896 13.645799432415517 11.810430532321332 7.8128839926794162 6.6318323258310556 9.3965649679303151 2.4106151424348354
leaf_count=564 30 34 13 9 17 28 73 24 20 32 20 15
internal_value=-8.32699e-06 -0.000460713 -0.0102538 -0.0392897 0.00105162 0.000697654 -0.00097409 0.00094062 -0.0169636 -0.0171934 0.0203301 -0.0700926
internal_weight=254.517 243.5 25.7558 7.2179 18.5379 217.745 200.658 179.199 21.4587 12.1137 17.0865 4.75998
internal_count=879 849 120 58 62 729 681 588 93 49 48 49
is_linear=0
shrinkage=0.05


Tree=225
num_leaves=8
num_cat=0
split_feature=11 11 4 11 2 2 11
split_gain=0.700297 1.52509 1.6248 6.1723 4.54839 2.36571 1.0322
threshold=2.1920000000000004e-05 3.2410000000000003e-05 0.32702150000000002 0.00069891250000000016 0.10891950000000002 0.39768850000000006 0.00055156500000000006
decision_type=2 2 2 2 2 2 2
left_child=-1 -2 3 4 -3 -4 -7
right_child=1 2 5 -5 -6 6 -8
leaf_value=-0.018410112740367714 0.021774342595923698 -0.000101786150000696 0.025818117259340946 0.015719384332698129 -0.066765197422931105 0.0019529399210780768 -0.0058779024128537399
leaf_weight=5.0670424476265898 8.0500552095472795 4.2741225510835665 9.1210189908742887 9.3135979489888978 6.3753234096802771 153.87727836868726 57.920758225023746
leaf_count=32 16 15 17 22 48 528 201
internal_value=-8.3971e-06 0.000366172 -0.000349269 -0.0140099 -0.04001 0.000885157 -0.000188573
internal_weight=253.999 248.932 240.882 19.963 10.6494 220.919 211.798
internal_count=879 847 831 85 63 746 729
is_linear=0
shrinkage=0.05


Tree=226
num_leaves=8
num_cat=0
split_feature=11 11 4 11 2 2 11
split_gain=0.635332 1.38559 1.48888 5.69746 4.35948 2.15976 0.931275
threshold=2.1920000000000004e-05 3.2410000000000003e-05 0.32702150000000002 0.00069891250000000016 0.10891950000000002 0.39768850000000006 0.00055156500000000006
decision_type=2 2 2 2 2 2 2
left_child=-1 -2 3 4 -3 -4 -7
right_child=1 2 5 -5 -6 6 -8
leaf_value=-0.017582343619326622 0.020818121812561957 -9.6695338152160849e-05 0.024797242528121315 0.014982472319307636 -0.065845469990980482 0.0018557112721115433 -0.0055814801412706529
leaf_weight=5.0409984746947876 8.0001243799924833 4.2742119692266005 9.0242157950997335 9.2838794554118049 6.1469474550103769 153.84349601075519 57.946305914665572
leaf_count=32 16 15 17 22 48 528 201
internal_value=-9.12152e-06 0.000347336 -0.000333561 -0.0135025 -0.0388788 0.000841607 -0.000179126
internal_weight=253.56 248.519 240.519 19.705 10.4212 220.814 211.79
internal_count=879 847 831 85 63 746 729
is_linear=0
shrinkage=0.05


Tree=227
num_leaves=10
num_cat=0
split_feature=7 11 11 11 5 11 4 7 6
split_gain=0.432937 0.68118 2.31019 1.51276 3.44203 1.15741 1.13207 3.55943 1.85136
threshold=4.5000000000000009 0.00016342000000000003 0.00014229500000000005 2.3605000000000005e-05 56.247569444444444 0.00017811500000000004 2.2594946666666669 2.5000000000000004 1.5000000000000002
decision_type=2 2 2 2 2 2 2 2 2
left_child=1 2 3 -1 -5 -3 7 -7 -8
right_child=-2 5 -4 4 -6 6 8 -9 -10
leaf_value=-0.026294876487153424 -0.013833691440227655 0.019755422132182242 -0.035938988422459912 0.0063919231764841657 -0.026771694319287914 -0.0049756996610045932 0.010875141304963183 0.0209970330520424 -0.017365922583218708
leaf_weight=5.5299798846244803 5.5397925996221593 8.6622402966022474 5.2092836420051745 48.780353721231222 9.3187072243308631 103.53817644808441 44.769924603402615 15.117209590272976 6.6674754861742249
leaf_count=34 23 19 32 139 68 363 133 37 31
internal_value=-9.79455e-06 0.000299509 -0.00392665 -0.00130581 0.0010727 0.001927 0.00101906 -0.00166666 0.00721445
internal_weight=253.133 247.593 68.8383 63.629 58.0991 178.755 170.093 118.655 51.4374
internal_count=879 856 273 241 207 583 564 400 164
is_linear=0
shrinkage=0.05


Tree=228
num_leaves=8
num_cat=0
split_feature=11 11 4 2 11 2 4
split_gain=0.494641 1.28719 1.36179 2.48906 6.44568 2.0885 1.30629
threshold=2.1920000000000004e-05 3.2410000000000003e-05 0.29836125000000008 0.10891950000000002 0.00098565500000000021 0.35375400000000007 0.46944225000000006
decision_type=2 2 2 2 2 2 2
left_child=-1 -2 3 -3 -5 -4 -7
right_child=1 2 5 4 -6 6 -8
leaf_value=-0.015611113586876177 0.020066956424241625 0.0094047230799460778 0.025374639351114881 -0.065543167433510935 0.019611953476931478 -0.019176433068487549 0.00050059565742730254
leaf_weight=4.9800642617046824 7.9742355830967417 6.3725120648741713 8.2220995351672155 5.5130216404795629 3.7228499203920364 8.792255111737175 207.29563634458464
leaf_count=32 16 18 17 45 7 36 708
internal_value=-9.18457e-06 0.000304252 -0.000352607 -0.014633 -0.0312183 0.000641077 -0.00030003
internal_weight=252.873 247.893 239.918 15.6084 9.23587 224.31 216.088
internal_count=879 847 831 70 52 761 744
is_linear=0
shrinkage=0.05


Tree=229
num_leaves=11
num_cat=0
split_feature=2 2 5 5 5 2 4 2 4 4
split_gain=0.436404 1.0579 3.17234 4.53183 4.07064 2.52813 2.3241 4.45402 2.53006 1.01125
threshold=9.8443390000000015 5.5708325000000007 168.02465277777779 90.812500000000014 77.020833333333357 4.6737245000000014 2.1422040000000004 3.4807465000000004 2.0136398750000004 2.7177885833333337
decision_type=2 2 2 2 2 2 2 2 2 2
left_child=1 5 3 4 -3 6 8 -8 -1 -7
right_child=-2 2 -4 -5 -6 9 7 -9 -10 -11
leaf_value=-0.00024095841569965774 0.0097460229112316631 -0.022839274046134308 0.023412619727718093 -0.052667345684815098 0.035458616231623524 0.0057426306692794716 -0.0037903450039353625 -0.051295885969757586 0.024660855712632684 0.030255110117360897
leaf_weight=158.59517249697819 10.965356889180837 8.4893456380814367 5.5242752329213536 6.7624647356569758 4.6259458409622303 7.6670135213062194 23.37647515907884 6.2540922649204722 10.901329529471694 9.3246702514588815
leaf_count=541 30 50 28 33 9 28 78 39 23 20
internal_value=-9.74561e-06 -0.00045267 -0.0101049 -0.0194198 -0.0022768 0.000681824 -0.000897883 -0.0138173 0.00136063 0.0191946
internal_weight=252.486 241.521 25.402 19.8778 13.1153 216.119 199.127 29.6306 169.497 16.9917
internal_count=879 849 120 92 59 729 681 117 564 48
is_linear=0
shrinkage=0.05


Tree=230
num_leaves=8
num_cat=0
split_feature=11 11 4 11 2 2 11
split_gain=0.447438 1.18382 1.28253 5.1539 4.00243 1.9396 0.829694
threshold=2.1920000000000004e-05 3.2410000000000003e-05 0.32702150000000002 0.00069891250000000016 0.10891950000000002 0.39768850000000006 0.00055156500000000006
decision_type=2 2 2 2 2 2 2
left_child=-1 -2 3 4 -3 -4 -7
right_child=1 2 5 -5 -6 6 -8
leaf_value=-0.014883263523124097 0.019301856730884276 -0.00073496374761600387 0.023658706126102921 0.014345365197302527 -0.064657852729602894 0.0017039931498185397 -0.0053249963974751615
leaf_weight=4.9567048540338865 7.9246354773640624 4.2553900405764598 8.8602608591318113 9.1737102726474387 5.7680395876523107 153.28933829895686 57.818119211005978
leaf_count=32 16 15 17 22 48 528 201
internal_value=-9.29647e-06 0.000289081 -0.0003409 -0.012735 -0.0375198 0.000740768 -0.000221107
internal_weight=252.046 247.089 239.165 19.1971 10.0234 219.968 211.107
internal_count=879 847 831 85 63 746 729
is_linear=0
shrinkage=0.05


Tree=231
num_leaves=10
num_cat=0
split_feature=2 4 4 4 11 4 7 4 11
split_gain=0.451441 2.14913 1.88581 2.44549 4.82732 3.20236 1.84793 1.56179 1.2932
threshold=0.35375400000000007 0.46944225000000006 0.59523700000000013 0.99102025000000016 6.9410000000000015e-05 1.0396532500000002 1.5000000000000002 0.29836125000000008 0.00020058000000000003
decision_type=2 2 2 2 2 2 2 2 2
left_child=7 6 -3 4 -4 -5 -2 8 -1
right_child=1 2 3 5 -6 -7 -8 -9 -10
leaf_value=0.011997562295516968 -0.046661342886549079 0.020162730148271139 0.017962333599003798 0.028358119992630174 -0.042141492517584568 -0.00082351764680329382 -0.0025064063421992898 0.02459017498908566 -0.014500310012275834
leaf_weight=8.8179386258125358 4.6232834625989181 11.309789618477224 5.2088114805519572 9.9196699857711774 9.3150774147361499 179.93124662642367 4.86089657607954 8.0186629518866521 9.6363555714488012
leaf_count=32 29 24 14 20 102 587 15 17 39
internal_value=-9.91104e-06 -0.000736061 0.000288264 -0.000811559 -0.020586 0.000701217 -0.0240308 0.00616644 -0.00183894
internal_weight=251.642 225.169 215.685 204.375 14.5239 189.851 9.48418 26.473 18.4543
internal_count=879 791 747 723 116 607 44 88 71
is_linear=0
shrinkage=0.05


Tree=232
num_leaves=8
num_cat=0
split_feature=11 11 4 11 2 2 11
split_gain=0.412643 1.048 1.18232 4.88593 3.81615 1.80401 0.863033
threshold=2.1920000000000004e-05 3.2410000000000003e-05 0.32702150000000002 0.00069891250000000016 0.10891950000000002 0.39768850000000006 0.0013532450000000001
decision_type=2 2 2 2 2 2 2
left_child=-1 -2 3 4 -3 -4 -7
right_child=1 2 5 -5 -6 6 -8
leaf_value=-0.014308336332923244 0.0182374855388471 -0.0010558135458985933 0.023026485962103611 0.01399254846075295 -0.064020138282851788 -0.00076961502745793791 0.017827915544074015
leaf_weight=4.9465009178966275 7.8629945963621131 4.2374677583575266 8.7042172327637655 9.1452186794485879 5.5691714269341901 204.26282565924339 6.4346762467175713
leaf_count=32 16 15 17 22 48 711 18
internal_value=-9.88391e-06 0.000277373 -0.00031511 -0.0122969 -0.0368131 0.00071987 -0.000201649
internal_weight=251.163 246.217 238.354 18.9519 9.80664 219.402 210.698
internal_count=879 847 831 85 63 746 729
is_linear=0
shrinkage=0.05


Tree=233
num_leaves=10
num_cat=0
split_feature=2 4 7 4 4 4 4 4 11
split_gain=0.433024 2.04078 1.7246 1.71439 2.24559 4.61354 2.93277 1.40717 1.21914
threshold=0.35375400000000007 0.46944225000000006 1.5000000000000002 0.59523700000000013 0.99102025000000016 0.81485025000000022 1.0396532500000002 0.29836125000000008 0.00020058000000000003
decision_type=2 2 2 2 2 2 2 2 2
left_child=7 2 -2 -3 5 -5 -6 8 -1
right_child=1 3 -4 4 6 -7 -8 -9 -10
leaf_value=0.012020983778633604 -0.045497126499425167 0.019276548591585563 -0.0026840857630807489 -0.062304107825028134 0.027280724656897928 -0.0008813721802687067 -0.00078076885330235839 0.023835275042030701 -0.013857852071055041
leaf_weight=8.6999729052186066 4.578667088178916 11.254138063639401 4.837299672071822 4.4245969767216584 9.8191283345222455 9.8918664266820979 179.92880682146642 7.8200458139181128 9.5428308174014074
leaf_count=32 29 24 15 56 20 60 587 17 39
internal_value=-1.04698e-05 -0.000717993 -0.0235026 0.000278388 -0.000769359 -0.0198645 0.000671365 0.00609036 -0.00151626
internal_weight=250.797 224.735 9.41597 215.319 204.064 14.3165 189.748 26.0628 18.2428
internal_count=879 791 44 747 723 116 607 88 71
is_linear=0
shrinkage=0.05


Tree=234
num_leaves=13
num_cat=0
split_feature=2 6 11 8 11 11 5 5 4 5 2 11
split_gain=0.401524 0.940583 2.51048 1.90129 2.2945 0.754553 3.35238 6.29563 2.84831 2.49813 5.68753 3.19628
threshold=9.8443390000000015 1.5000000000000002 0.00021760500000000003 0.41665000000000002 0.00036653166666665002 0.00021425500000000003 167.47916666666671 119.22916666666667 2.4566905000000001 126.29166666666667 3.8389330000000004 0.00019916750000000002
decision_type=2 2 2 2 2 2 2 2 2 2 2 2
left_child=1 5 -3 4 -4 9 7 -7 -8 11 -11 -1
right_child=-2 2 3 -5 -6 6 8 -9 -10 10 -12 -13
leaf_value=0.0031634908024404623 0.0093598441903716169 -0.038123269705427024 0.010278459878245924 0.016161722710677149 -0.038314555283996021 -0.0017608997616975427 0.0043501943582808398 -0.050433088584249858 0.050256685750143595 0.0089133448857903422 -0.075130317870286803 0.033559361147895914
leaf_weight=71.239541986957192 10.93271759431809 5.9050796279916566 4.5134660918265581 8.8005238547921181 5.26084338221699 103.1562461797148 9.662104625371283 7.1011678557842961 5.1960166320204726 5.604676175862549 3.1413229834288359 9.8438768908381444
leaf_count=221 30 38 15 20 29 342 58 36 11 26 36 17
internal_value=-1.07188e-05 -0.000438601 -0.0097249 -0.000696844 -0.0158758 0.000619008 -0.00189117 -0.00489565 0.0204041 0.00411522 -0.0212728 0.00685368
internal_weight=250.358 239.425 24.4799 18.5748 9.77431 214.945 125.116 110.257 14.8581 89.8294 8.746 81.0834
internal_count=879 849 102 64 44 747 447 378 69 300 62 238
is_linear=0
shrinkage=0.05


Tree=235
num_leaves=15
num_cat=0
split_feature=5 11 11 4 2 2 11 2 2 4 5 5 5 5
split_gain=0.420362 7.31199 5.80538 2.48817 1.27077 2.05584 5.34106 2.59542 1.64848 1.81863 0.791793 0.11897 0.01998 0.000469109
threshold=160.68750000000003 0.00024068500000000003 0.00042544500000000004 4.0459467500000015 9.8443390000000015 6.1347245000000017 0.00034928000000000004 8.1596490000000017 5.1439785000000011 2.3582457500000005 168.45833333333334 174.64583333333337 181.97916666666669 223.75000000000003
decision_type=2 2 2 2 2 2 2 2 2 2 2 2 2 2
left_child=4 10 -3 11 5 8 7 -7 9 -1 -2 -4 -12 -14
right_child=1 2 3 -5 -6 6 -8 -9 -10 -11 12 -13 13 -15
leaf_value=0.0015470809504745039 -0.10963591898033523 0.024050389589498507 -0.075446120939346537 0.0065608356251813148 0.018273309106460134 -0.026176084709290844 -0.070168905271547455 0.031553961534506902 0.018003720573719278 -0.013530235156592144 -0.063078449890270991 -0.056228997015897536 -0.053850132332178273 -0.051647130155805777
leaf_weight=172.05730390921235 1.2097663208842306 12.409370657056572 1.6343369930982583 1.8673622934147713 9.7428673282265645 3.8857392556965333 3.7066095862537622 3.9018878024071455 13.276649527251719 22.630932426080108 0.87708457186818101 1.5878606644691897 0.45071640866808593 0.52095405966974795
leaf_count=518 7 35 9 7 19 28 25 12 33 97 9 40 16 24
internal_value=-1.06356e-05 -0.00685992 0.00560683 -0.0393623 0.000603686 -0.000180755 -0.0207654 0.00274879 0.000956959 -0.000205535 -0.0781868 -0.0659762 -0.0576074 -0.052669
internal_weight=249.759 20.5575 17.4989 5.08956 229.202 219.459 11.4942 7.78763 207.965 194.688 3.05852 3.2222 1.84876 0.97167
internal_count=879 147 91 56 732 713 65 40 648 615 56 49 49 40
is_linear=0
shrinkage=0.05


Tree=236
num_leaves=11
num_cat=0
split_feature=4 11 11 4 2 4 4 11 4 4
split_gain=0.427145 2.79154 2.87312 2.43336 5.22406 1.53339 0.933034 3.86912 1.64024 2.21584
threshold=3.5752850000000005 0.00043576500000000001 0.00025546000000000005 7.2708355000000013 4.9074305000000011 3.3836710000000001 2.903587583333334 0.00032566250000000006 2.7177885833333337 2.3582457500000005
decision_type=2 2 2 2 2 2 2 2 2 2
left_child=5 2 3 4 -2 6 8 -8 9 -1
right_child=1 -3 -4 -5 -6 -7 7 -9 -10 -11
leaf_value=0.00077300438876827125 0.016807237988644478 -0.04049664002565348 0.030022612093487874 0.017896616439573156 -0.073739576895077499 0.022508261155640523 -0.043684567634399443 0.010275914060413933 0.020990570845137495 -0.026688985097569663
leaf_weight=189.41867532907054 2.9482456892728859 4.7654708353802553 6.1465314179658881 3.9179920703172684 3.4652247255435213 7.7301676869392386 5.8137565294746292 7.7509160339832306 9.4891411252319795 7.6417262721806756
leaf_count=636 14 30 20 7 31 15 34 20 24 48
internal_value=-1.19684e-05 -0.00679287 0.00295433 -0.0131495 -0.0321156 0.000620261 -0.000148421 -0.0128513 0.000685811 -0.000291933
internal_weight=249.088 21.2435 16.478 10.3315 6.41347 227.844 220.114 13.5647 206.55 197.06
internal_count=879 102 72 52 45 777 762 54 708 684
is_linear=0
shrinkage=0.05


Tree=237
num_leaves=13
num_cat=0
split_feature=5 4 4 8 5 11 2 4 5 11 5 4
split_gain=0.411172 1.55455 1.50917 2.14257 0.693178 3.06397 5.00216 8.24789 3.04505 2.05555 1.67468 0.00433813
threshold=181.97916666666669 1.0986210000000003 1.2892457500000003 0.41665000000000002 118.77083333333336 0.00055760500000000008 3.5746760000000006 2.4566905000000001 98.645833333333329 2.3605000000000005e-05 76.875000000000014 1.6330870000000002
decision_type=2 2 2 2 2 2 2 2 2 2 2 2
left_child=4 -2 -3 11 8 6 -6 -8 9 -1 -11 -4
right_child=1 2 3 -5 5 -7 7 -9 -10 10 -12 -13
leaf_value=-0.033586326900924494 -0.065802247923088988 0.043365345120845944 -0.061563409672239125 0.0090757321912241142 0.033179315392720198 -0.022792776907131992 -0.045175906115465542 0.023749405588877393 -0.034321495689885517 -0.00042361950411577156 0.016008098505705427 -0.056625430265982414
leaf_weight=4.3809669436886898 1.1218044692650426 1.4266488123685119 0.86547617521136977 3.2873393259942532 15.791714588180183 7.4244591146707526 7.5390958189964321 10.229769729077814 6.5772363059222689 172.05927346087992 17.042096775025129 0.91501709120348096
leaf_count=28 33 7 11 19 33 33 31 26 31 546 48 33
internal_value=-1.23365e-05 -0.0114505 -0.00206218 -0.0148505 0.000349074 0.00627301 0.0127031 -0.0054947 -0.000864529 0.000272807 0.00105723 -0.0590257
internal_weight=248.661 7.61629 6.49448 5.06783 241.045 40.985 33.5606 17.7689 200.06 193.482 189.101 1.78049
internal_count=879 103 70 63 776 123 90 57 653 622 594 44
is_linear=0
shrinkage=0.05


Tree=238
num_leaves=12
num_cat=0
split_feature=4 2 5 4 11 11 11 4 4 4 5
split_gain=0.40237 3.36417 4.13925 2.29761 1.78391 5.88724 3.50695 1.66225 5.1393 2.982 0.699577
threshold=1.3699818333333336 2.5176025000000002 157.54166666666669 1.4582362500000003 0.0013532450000000001 0.00083837000000000007 0.0007511550000000002 1.2188640833333335 1.0396532500000002 0.99102025000000016 21.562500000000004
decision_type=2 2 2 2 2 2 2 2 2 2 2
left_child=1 7 -3 -2 5 6 -5 8 9 -1 -10
right_child=3 2 -4 4 -6 -7 -8 -9 10 -11 -12
leaf_value=-0.0015474211969033111 0.022651628896697328 -0.072586363478615357 0.0056493032629827888 -0.0010064572941883006 0.027220002581481363 -0.042771478827797742 0.031443687206828927 0.021646122640217196 -0.049381175852069553 0.028811643559889851 -0.022028127289156301
leaf_weight=60.041233558556996 11.912395048886536 3.6611400656402102 3.1411850149743259 119.75754579983186 5.691892158240079 8.0713455756194872 8.948091119527815 8.0843990296125394 5.0933518931269628 9.3478628732264024 4.3203803123906255
leaf_count=260 28 24 25 404 12 33 14 18 25 18 18
internal_value=-1.16887e-05 -0.00259661 -0.0364586 0.00155702 -0.000206782 -0.00134813 0.0012496 5.44213e-05 -0.00216068 0.00254245 -0.0368276
internal_weight=248.071 93.6896 6.80233 154.381 142.469 136.777 128.706 86.8872 78.8028 69.3891 9.41373
internal_count=879 388 49 491 463 451 418 339 321 278 43
is_linear=0
shrinkage=0.05


Tree=239
num_leaves=10
num_cat=0
split_feature=2 4 7 4 4 11 4 4 11
split_gain=0.390001 1.81792 1.58344 1.55542 2.03396 4.46847 2.37041 1.2875 1.08854
threshold=0.35375400000000007 0.46944225000000006 1.5000000000000002 0.59523700000000013 0.99102025000000016 6.9410000000000015e-05 1.0396532500000002 0.29836125000000008 0.00020058000000000003
decision_type=2 2 2 2 2 2 2 2 2
left_child=7 2 -2 -3 5 -5 -6 8 -1
right_child=1 3 -4 4 6 -7 -8 -9 -10
leaf_value=0.011343409268753712 -0.043546344548384963 0.018417067831467047 -0.0023712929372915765 0.01798104679084335 0.024954959410230612 -0.040533370521383214 -0.00067300655909133223 0.022846155184193181 -0.013125528748843419
leaf_weight=8.6748389545828157 4.5181080705951882 11.173757271841167 4.8321353342616931 5.1493946760892859 9.505548417568205 8.9047039619763364 177.61118814884685 7.7561887800693503 9.5479046925902349
leaf_count=32 29 24 15 14 20 102 587 17 39
internal_value=-1.13322e-05 -0.000690529 -0.0222674 0.000259572 -0.000748961 -0.0190938 0.000628897 0.00578469 -0.00147722
internal_weight=247.674 221.695 9.35024 212.345 201.171 14.0541 187.117 25.9789 18.2227
internal_count=879 791 44 747 723 116 607 88 71
is_linear=0
shrinkage=0.05


Tree=240
num_leaves=15
num_cat=0
split_feature=4 4 4 11 11 4 1 2 2 4 11 11 4 5
split_gain=0.382153 3.83636 1.97905 1.83332 5.72518 3.66634 3.24209 5.50681 2.19361 1.64806 2.70525 5.88848 2.67646 0.105419
threshold=1.4220365000000001 1.4582362500000003 1.309927666666667 0.00020878000000000002 0.00018057000000000004 1.0184365000000002 1.5000000000000002 1.2131510000000001 2.0615650000000003 1.5840565833333335 0.00020878000000000002 0.00014595000000000002 1.7473772500000002 52.504861111111119
decision_type=2 2 2 2 2 2 2 2 2 2 2 2 2 2
left_child=2 -2 3 4 5 -1 7 -5 -8 13 11 -11 -12 -3
right_child=1 9 -4 6 -6 -7 8 -9 -10 10 12 -13 -14 -15
leaf_value=0.0053492787912735387 0.038430298592339041 -0.013235942861163169 -0.026063734504230246 -0.013344033806180322 0.041440208187676165 -0.039202295893675444 -0.0079646427577888534 0.025765548573402644 -0.07531704175948821 0.00051183746406752888 0.02555512300890115 -0.046770107352998108 0.0024780360452943007 -0.022352773292060566
leaf_weight=24.947378427488733 6.7445410229265681 7.2801420539617521 8.127468189224599 32.456797893857583 9.5527422651648504 5.6668962538242331 2.1779107432812443 12.45439250662457 2.7171095359371975 32.002051773713902 15.131126231513916 8.2909443606622499 74.065804641228169 5.6174444295465946
leaf_count=94 12 21 36 135 15 27 23 50 24 126 27 39 231 19
internal_value=-1.122e-05 0.00158314 -0.00243495 -0.000300517 0.00764714 -0.0028975 -0.00671003 -0.00249849 -0.0453504 -0.000162219 0.00153546 -0.0092172 0.00639277 -0.0172067
internal_weight=247.233 149.132 98.1007 89.9732 40.167 30.6143 49.8062 44.9112 4.89502 142.388 129.49 40.293 89.1969 12.8976
internal_count=879 475 404 368 136 121 232 185 47 463 423 165 258 40
is_linear=0
shrinkage=0.05


Tree=241
num_leaves=15
num_cat=0
split_feature=5 4 4 11 4 5 5 11 2 5 5 5 5 4
split_gain=0.411832 1.80624 3.10583 2.29783 1.1931 0.6822 2.72877 2.30164 2.39267 3.62984 1.57308 3.92035 3.77077 0.152497
threshold=174.64583333333337 1.7629130000000004 1.5840565833333335 0.00025307000000000004 2.5984785000000001 118.77083333333336 98.645833333333329 0.00042951000000000008 3.5746760000000006 154.31250000000003 76.875000000000014 83.625000000000014 34.791666666666679 1.8754665000000001
decision_type=2 2 2 2 2 2 2 2 2 2 2 2 2 2
left_child=5 2 3 -2 -3 6 10 8 -7 -10 12 -12 -1 -9
right_child=1 4 -4 -5 -6 7 -8 13 9 -11 11 -13 -14 -15
leaf_value=0.0010028658328636627 0.014798552635729566 -0.064977870522623923 0.050135479688252993 -0.065337364410335816 -0.010088307278764454 0.031335300181284415 -0.032676897883269343 -0.0064879685330908521 -0.023704113964622766 0.027166958115829282 0.03893115950883784 -0.0087210689196119181 -0.026662337343370701 -0.017942953442403965
leaf_weight=161.95163137465715 1.9206055230461045 1.8854439528658988 2.4887580489739776 1.6744362428435122 2.0845571100944653 11.930033400654795 6.4773820526897898 6.189252842217682 7.2553678248077613 6.7866475731134415 8.4934354722499865 8.7758379979059082 13.330785620957611 5.4761328771710396
leaf_count=504 22 29 5 37 26 26 31 22 29 12 12 38 68 18
internal_value=-1.00927e-05 -0.0099214 0.00719846 -0.0225258 -0.0361566 0.000410948 -0.000756424 0.00658408 0.0148707 0.000882388 0.000317372 0.0147154 -0.00110116 -0.0118653
internal_weight=246.72 10.0538 6.0838 3.59504 3.97 236.667 199.029 37.6374 25.972 14.042 192.552 17.2693 175.282 11.6654
internal_count=879 119 64 59 55 760 653 107 67 41 622 50 572 40
is_linear=0
shrinkage=0.05


Tree=242
num_leaves=8
num_cat=0
split_feature=11 11 11 4 11 11 2
split_gain=0.441749 0.945388 1.15045 3.1264 2.70638 2.21819 1.98564
threshold=2.1920000000000004e-05 3.2410000000000003e-05 6.6065000000000012e-05 2.2219772500000006 8.1595000000000021e-05 0.00010298000000000001 1.0199995000000002
decision_type=2 2 2 2 2 2 2
left_child=-1 -2 3 6 -4 -6 -3
right_child=1 2 4 -5 5 -7 -8
leaf_value=-0.015113745170339888 0.017524857418212587 -0.0035176205466768001 0.022312812398116201 0.018322960053435974 -0.032230334541597613 5.7556826870514566e-05 -0.049759385231713735
leaf_weight=4.747209543362259 7.7009946741163722 3.9632087349891645 13.496176439803092 4.9563172173220655 5.4646018032217389 200.12254054943332 5.6043974421918392
leaf_count=32 16 12 32 20 40 695 32
internal_value=-9.17349e-06 0.000287976 -0.000280248 -0.013908 0.000623188 -0.00080067 -0.0306046
internal_weight=246.055 241.308 233.607 14.5239 219.083 205.587 9.56761
internal_count=879 847 831 64 767 735 44
is_linear=0
shrinkage=0.05


Tree=243
num_leaves=8
num_cat=0
split_feature=11 11 4 11 2 2 4
split_gain=0.400411 0.858132 1.1362 5.14089 3.38095 1.75216 0.810798
threshold=2.1920000000000004e-05 3.2410000000000003e-05 0.32702150000000002 0.00069891250000000016 0.10891950000000002 0.39768850000000006 1.8920331333333336
decision_type=2 2 2 2 2 2 2
left_child=-1 -2 3 4 -3 -4 -7
right_child=1 2 5 -5 -6 6 -8
leaf_value=-0.014419954908243774 0.0167418743473772 -0.0036365330010976918 0.023017453654760791 0.014671679405155133 -0.063858053290347647 -0.0030337859690348352 0.003258533039149674
leaf_weight=4.7273526052013031 7.6591898426413527 4.1008721627295035 8.4933001324534398 9.1349429402034712 5.3991080748382956 111.91891899262555 94.357938323752023
leaf_count=32 16 15 17 22 48 405 324
internal_value=-8.86522e-06 0.000273741 -0.000266661 -0.0121098 -0.0378621 0.000760928 -0.000155469
internal_weight=245.792 241.064 233.405 18.6349 9.49998 214.77 206.277
internal_count=879 847 831 85 63 746 729
is_linear=0
shrinkage=0.05


Tree=244
num_leaves=7
num_cat=0
split_feature=11 11 11 4 4 4
split_gain=0.402329 1.25188 1.38725 1.17114 2.46826 2.36019
threshold=0.0011941075000000002 0.0010923950000000001 0.00093925500000000006 0.49402425000000005 0.32702150000000002 0.99102025000000016
decision_type=2 2 2 2 2 2
left_child=1 2 3 4 -1 -5
right_child=-2 -3 -4 5 -6 -7
leaf_value=-0.0042289634741596895 -0.010511899616573381 0.021122583447483384 -0.020471928277862025 -0.020502761092676829 0.022418661255951267 0.00054859752412755695
leaf_weight=17.616123297251761 8.7922055502422136 7.0576407164335242 8.1842732473742199 14.430397402553352 17.149598789401352 172.18615162849892
leaf_count=81 33 12 33 113 41 566
internal_value=-9.46971e-06 0.000380767 -0.000256905 0.000490423 0.00891606 -0.00107923
internal_weight=245.416 236.624 229.567 221.382 34.7657 186.617
internal_count=879 846 834 801 122 679
is_linear=0
shrinkage=0.05


Tree=245
num_leaves=11
num_cat=0
split_feature=4 4 11 11 4 4 5 4 4 2
split_gain=0.393041 2.50525 2.03375 1.79623 1.36018 0.946528 3.47473 1.45572 1.99267 0.0615044
threshold=3.5752850000000005 4.7826915000000012 0.00060091000000000018 0.00012618250000000003 3.3836710000000001 2.903587583333334 77.020833333333357 2.7177885833333337 2.3582457500000005 8.1596490000000017
decision_type=2 2 2 2 2 2 2 2 2 2
left_child=4 2 9 -3 5 7 -7 8 -1 -2
right_child=1 3 -4 -5 -6 6 -8 -9 -10 -11
leaf_value=0.00080473993839353232 -0.054849587802534461 0.024126229936898544 0.0014222384123697216 -0.010440541352180643 0.021369174508619374 -0.035837384759687577 0.015528018454857349 0.019949372417995836 -0.02549705920745195 -0.068750818521329624
leaf_weight=186.34080426878063 1.6797182606533199 6.3192995917052022 2.1562973149120808 9.273255839943884 7.6176137924194327 7.4152669720351678 5.9217771226540208 9.387080227956174 7.4906684905290595 1.5118397020269183
leaf_count=636 27 15 9 36 15 32 22 24 48 15
internal_value=-8.72331e-06 -0.00655967 -0.0360902 0.00356857 0.000603212 -0.000127256 -0.0130306 0.000719581 -0.0002117 -0.0614346
internal_weight=245.114 20.9404 5.34786 15.5926 224.173 216.556 13.337 203.219 193.831 3.19156
internal_count=879 102 51 51 777 762 54 708 684 42
is_linear=0
shrinkage=0.05


Tree=246
num_leaves=8
num_cat=0
split_feature=4 4 2 2 2 5 11
split_gain=0.378826 1.47162 1.20213 0.890846 1.05129 1.76272 1.24789
threshold=4.9447035000000001 7.2708355000000013 9.7068700000000021 8.0000205000000015 5.8999710000000016 98.645833333333329 0.00021425500000000003
decision_type=2 2 2 2 2 2 2
left_child=2 -2 3 4 6 -6 -1
right_child=1 -3 -4 -5 5 -7 -8
leaf_value=0.0041469980304609027 -0.024760379467218697 0.010835037108619978 0.02305756904520348 -0.019106115846835192 0.033646797935709391 -0.0056123101283635374 -0.0036785465451468729
leaf_weight=87.15477038314566 6.4654146051034314 5.2708804756402969 5.726627060212194 6.0257564093917599 6.0576801653951389 5.4150360887870193 122.6118409242481
leaf_count=287 33 12 17 33 17 29 451
internal_value=-9.13119e-06 -0.00877414 0.000432381 -0.000137728 0.000378902 0.0151168 -0.000427154
internal_weight=244.728 11.7363 232.992 227.265 221.239 11.4727 209.767
internal_count=879 45 834 817 784 46 738
is_linear=0
shrinkage=0.05


Tree=247
num_leaves=10
num_cat=0
split_feature=2 4 4 4 11 2 7 4 11
split_gain=0.371056 1.89478 3.01602 3.02869 3.79111 2.99787 1.47322 1.153 0.876261
threshold=0.35375400000000007 0.46944225000000006 0.49402425000000005 0.81485025000000022 0.00019014500000000004 0.89253150000000014 1.5000000000000002 0.29836125000000008 0.00020058000000000003
decision_type=2 2 2 2 2 2 2 2 2
left_child=7 6 -3 4 -4 -5 -2 8 -1
right_child=1 2 3 5 -6 -7 -8 -9 -10
leaf_value=0.010496182933055402 -0.04361714687095964 0.03652686405847852 -0.078789253379512036 0.043041046082919303 -0.0084825862750566635 -0.00025574330764340636 -0.0035658652255594735 0.022112080735426965 -0.011652040012119835
leaf_weight=8.4592924751341396 4.4360917832236719 5.5925434157252303 2.6700086304917914 4.0835700072348109 6.8023663709172979 190.76960746449186 4.7593427808023989 7.5377051904797545 9.4596125334501249
leaf_count=32 29 8 24 9 48 658 15 17 39
internal_value=-8.33502e-06 -0.00067216 0.000300982 -0.000690548 -0.0283002 0.000651635 -0.0228875 0.00570543 -0.00119614
internal_weight=244.57 219.114 209.918 204.326 9.47238 194.853 9.19543 25.4566 17.9189
internal_count=879 791 747 739 72 667 44 88 71
is_linear=0
shrinkage=0.05


Tree=248
num_leaves=12
num_cat=0
split_feature=4 4 2 4 4 5 4 4 11 11 4
split_gain=0.373862 2.97974 3.52467 2.40074 4.01512 5.19503 2.28583 2.04101 2.03868 1.49108 6.27788
threshold=1.3699818333333336 1.2551655833333337 1.3269460000000002 1.1745093333333336 1.0396532500000002 77.333333333333357 0.99102025000000016 1.4582362500000003 4.1150000000000004e-05 7.2362500000000017e-05 1.5840565833333335
decision_type=2 2 2 2 2 2 2 2 2 2 2
left_child=1 3 -3 4 6 -6 -1 -2 -9 -10 -11
right_child=7 2 -4 -5 5 -7 -8 8 9 10 -12
leaf_value=-0.0022017996466912383 0.021467502279587408 0.0032575830594267796 -0.066942461767770231 0.027115405917912113 -0.072641221258899116 0.0066462281041424322 0.024384316164351168 -0.026556646745179571 0.020518871881684428 -0.040223899639603357 0.0029050842756096094
leaf_weight=58.975859408441465 11.813076663762329 3.4161481931805602 3.7518475749529898 7.4895144104957572 4.3979722559452039 3.8961746403947473 9.3693057000637037 6.9581730598583809 9.2964947093278152 9.1006216555833799 115.79843063559383
leaf_count=272 28 9 31 12 27 17 20 37 33 34 359
internal_value=-8.2273e-06 -0.00254025 -0.0334863 9.64366e-05 -0.00254397 -0.035396 0.00144284 0.00150298 -0.000167834 0.00120045 -0.000237458
internal_weight=244.264 91.2968 7.168 84.1288 76.6393 8.29415 68.3452 152.967 141.154 134.196 124.899
internal_count=879 388 40 348 336 44 292 491 463 426 393
is_linear=0
shrinkage=0.05


Tree=249
num_leaves=8
num_cat=0
split_feature=11 11 11 4 11 11 2
split_gain=0.369766 0.856903 1.09478 2.64037 2.32949 2.04684 1.86884
threshold=2.1920000000000004e-05 3.2410000000000003e-05 6.6065000000000012e-05 2.2219772500000006 8.1595000000000021e-05 0.00010298000000000001 1.0199995000000002
decision_type=2 2 2 2 2 2 2
left_child=-1 -2 3 6 -4 -6 -3
right_child=1 2 4 -5 5 -7 -8
leaf_value=-0.013961043327563545 0.016782983936369462 -0.0027134652265886575 0.02090458360669856 0.016119673102186542 -0.031064426087809367 0.00010872472391342555 -0.047933226200211704
leaf_weight=4.6583109563216558 7.5997396335005751 3.9057635664939863 13.266263706609605 4.891511241439729 5.4092972745420402 198.45714434143156 5.5055132680572569
leaf_count=32 16 12 32 20 40 695 32
internal_value=-9.30667e-06 0.000262584 -0.000279903 -0.0136788 0.000602701 -0.000718409 -0.0291666
internal_weight=243.694 239.035 231.435 14.3028 217.133 203.866 9.41128
internal_count=879 847 831 64 767 735 44
is_linear=0
shrinkage=0.05


Tree=250
num_leaves=8
num_cat=0
split_feature=4 4 2 2 2 5 5
split_gain=0.372572 1.29481 1.07498 0.813002 0.939188 1.60888 1.12234
threshold=4.9447035000000001 7.2708355000000013 9.7068700000000021 8.0000205000000015 5.8999710000000016 98.645833333333329 146.54166666666671
decision_type=2 2 2 2 2 2 2
left_child=2 -2 3 4 6 -6 -1
right_child=1 -3 -4 -5 5 -7 -8
leaf_value=0.00068681752310721092 -0.023698103380297205 0.0097970552980333643 0.021903364685566164 -0.018244238498785318 0.03223845464347113 -0.0053940600340527216 -0.013012315403174671
leaf_weight=192.46737558674067 6.4544827109202725 5.2175753340125084 5.6852806787937871 6.0161831959849215 5.9806712716817838 5.4085313710384071 16.210625114792492
leaf_count=614 33 12 17 33 17 29 124
internal_value=-8.99674e-06 -0.00872529 0.000429963 -0.000110025 0.000385727 0.0143674 -0.000377365
internal_weight=243.441 11.6721 231.769 226.083 220.067 11.3892 208.678
internal_count=879 45 834 817 784 46 738
is_linear=0
shrinkage=0.05


Tree=251
num_leaves=10
num_cat=0
split_feature=2 4 11 2 11 11 11 11 11
split_gain=0.369002 3.10278 2.52703 2.33199 2.1235 4.13569 1.36076 2.07277 2.54304
threshold=1.4982915000000003 1.309927666666667 0.0010396750000000001 1.5529165000000003 0.00090362749999995013 0.00045371000000000007 0.0013532450000000001 0.00088190000000000002 0.0007511550000000002
decision_type=2 2 2 2 2 2 2 2 2
left_child=1 2 4 -2 5 -1 7 8 -5
right_child=3 -3 -4 6 -6 -7 -8 -9 -10
leaf_value=0.0056154375222507956 0.038516544894007687 -0.035755950810073329 -0.030795871738090671 -0.0011825281402774786 0.026116749641860282 -0.032061002812528744 0.024152819795785974 -0.025554344141267917 0.022123521525137704
leaf_weight=44.790057451464236 4.1041154563426963 6.5671893283724776 5.9869627319276324 138.00411028706003 8.7056130915880185 8.6981048209709098 5.7971972627565256 7.852863155771046 12.789290769957004
leaf_count=164 8 25 23 513 15 57 14 36 24
internal_value=-8.26594e-06 -0.00293228 0.000229308 0.00128848 0.00321589 -0.000511407 0.000359359 -0.000510093 0.000794136
internal_weight=243.296 74.7479 68.1807 168.548 62.1938 53.4882 164.443 158.646 150.793
internal_count=879 284 259 595 236 221 587 573 537
is_linear=0
shrinkage=0.05


Tree=252
num_leaves=7
num_cat=0
split_feature=11 11 11 4 4 4
split_gain=0.364453 1.32554 1.28509 0.969581 2.23253 2.14181
threshold=0.0011941075000000002 0.0010923950000000001 0.00093925500000000006 0.49402425000000005 0.32702150000000002 0.99102025000000016
decision_type=2 2 2 2 2 2
left_child=1 2 3 4 -1 -5
right_child=-2 -3 -4 5 -6 -7
leaf_value=-0.0043433071690268622 -0.010052533959628093 0.0216506269136852 -0.019870274731062058 -0.01970008554938503 0.021192761265012221 0.00054166113004145333
leaf_weight=17.493729920708574 8.7062793266959471 7.0931734442710868 8.0887011203449202 14.151876813441048 16.758508407045156 170.70664344634861
leaf_count=81 33 12 33 113 41 566
internal_value=-7.50141e-06 0.00036577 -0.000298743 0.00042376 0.00815066 -0.00100795
internal_weight=242.999 234.293 227.199 219.111 34.2522 184.859
internal_count=879 846 834 801 122 679
is_linear=0
shrinkage=0.05


Tree=253
num_leaves=10
num_cat=0
split_feature=2 4 2 4 4 4 4 4 11
split_gain=0.351123 1.90114 1.45465 1.22511 1.70635 4.17576 2.04846 0.972363 0.712527
threshold=0.35375400000000007 0.46944225000000006 0.39768850000000006 0.59523700000000013 0.99102025000000016 0.81485025000000022 1.0396532500000002 0.29836125000000008 0.00020058000000000003
decision_type=2 2 2 2 2 2 2 2 2
left_child=7 2 -2 -3 5 -5 -6 8 -1
right_child=1 3 -4 4 6 -7 -8 -9 -10
leaf_value=0.0098457755752447071 -0.0018402066579191003 0.016692160048766117 -0.041989287285577631 -0.061152585340007906 0.023562573761277648 0.00018706000520113186 -0.00054048523543543455 0.02080479119239878 -0.010168823441876508
leaf_weight=8.4026835765689665 4.2638487666845304 10.831785665825008 4.79100182489492 3.9274487457005298 9.2828847207128984 9.451810001570264 174.90291788789909 7.4057725444436064 9.4454334601759893
leaf_count=32 12 24 32 56 20 60 587 17 39
internal_value=-6.85213e-06 -0.000654953 -0.0230834 0.000319566 -0.000578085 -0.017819 0.000674299 0.0055737 -0.000746186
internal_weight=242.706 217.452 9.05485 208.397 197.565 13.3793 184.186 25.2539 17.8481
internal_count=879 791 44 747 723 116 607 88 71
is_linear=0
shrinkage=0.05


Tree=254
num_leaves=8
num_cat=0
split_feature=4 11 2 2 4 4 11
split_gain=0.352301 1.61191 1.17324 2.11579 1.15847 1.08857 0.136586
threshold=0.21820300000000004 2.6455000000000003e-05 0.31852100000000005 0.35375400000000007 0.16871250000000002 0.46944225000000006 0.00027349250000000008
decision_type=2 2 2 2 2 2 2
left_child=4 -2 -3 -4 6 -5 -1
right_child=1 2 3 5 -6 -7 -8
leaf_value=-0.010177867807368514 -0.027285009648667886 -0.023780544515115055 0.035859283327378429 -0.017443870946077838 0.023466861545527382 0.00074739933246862104 0.0019142104096500148
leaf_weight=4.6123815644532424 5.4853694206103674 5.0043694078922263 4.1976638138294211 8.5705237858928722 6.4721007001935495 203.25384369702078 4.7303369790315628
leaf_count=23 36 26 7 39 16 715 17
internal_value=-7.22394e-06 -0.000510972 0.000153499 0.000707955 0.00720783 1.13711e-05 -0.0040555
internal_weight=242.327 226.512 221.026 216.022 15.8148 211.824 9.34272
internal_count=879 823 787 761 56 754 40
is_linear=0
shrinkage=0.05


Tree=255
num_leaves=11
num_cat=0
split_feature=6 11 4 2 2 2 11 2 4 4
split_gain=0.350453 1.12274 1.43681 0.961748 2.21032 1.6932 6.36999 2.96343 0.208612 0.00175476
threshold=1.5000000000000002 0.00021760500000000003 2.2404220000000006 9.2279905000000024 7.6608965000000007 5.4506525000000012 0.00032566250000000006 4.6737245000000014 1.7683465000000003 1.7109155000000003
decision_type=2 2 2 2 2 2 2 2 2 2
left_child=3 8 9 4 5 7 -7 -1 -2 -3
right_child=1 2 -4 -5 -6 6 -8 -9 -10 -11
leaf_value=-0.0001972556823945595 -0.012671362415035964 0.0091979189684481318 -0.019107982454517308 -0.015711480167562603 0.028023298819224586 -0.069765776446210376 0.005464775670176167 0.023887549708403042 -0.029885012195872269 0.010329928433843685
leaf_weight=171.41957626305521 3.1272697375388843 7.6474771881476062 6.2937193531543008 8.5996181103400868 7.487368991598486 3.9909303055610499 9.5396562591195089 13.79983619134873 4.0259889181470498 6.1979208886623383
leaf_count=606 13 26 29 33 22 38 32 37 28 15
internal_value=-6.60083e-06 -0.00534357 0.000700362 0.000671395 0.00135452 0.000349849 -0.0167249 0.00159719 -0.0223595 0.00970467
internal_weight=242.129 27.2924 20.1391 214.837 206.237 198.75 13.5306 185.219 7.15326 13.8454
internal_count=879 111 70 768 735 713 70 643 41 41
is_linear=0
shrinkage=0.05


Tree=256
num_leaves=11
num_cat=0
split_feature=4 4 11 4 4 4 11 4 4 2
split_gain=0.337939 2.34786 2.00665 1.16224 1.13627 0.866665 3.33274 1.29601 1.83953 0.0583783
threshold=3.5752850000000005 4.7826915000000012 0.00060091000000000018 3.3836710000000001 5.2451595000000006 2.903587583333334 0.00032566250000000006 2.7177885833333337 2.3582457500000005 8.1596490000000017
decision_type=2 2 2 2 2 2 2 2 2 2
left_child=3 2 9 5 -3 7 -7 8 -1 -2
right_child=1 4 -4 -5 -6 6 -8 -9 -10 -11
leaf_value=0.00079973532725898877 -0.054661575476524449 0.018618027383896337 0.0018015647375487578 0.019918379421062577 -0.0086815031174421291 -0.041736048772520129 0.0091473872122868529 0.018944512289198023 -0.024592883447377617 -0.068502923546728725
leaf_weight=183.88700420310488 1.6182256191968947 6.9738964904099694 2.157072976231575 7.493447244167327 8.4060453679412586 5.6096517536789161 7.547978937625885 9.2835537828505021 7.4201526911929241 1.4393907255725933
leaf_count=636 27 15 9 15 36 34 20 24 48 15
internal_value=-6.94993e-06 -0.00613306 -0.035126 0.000563308 0.00369722 -0.000115229 -0.0125464 0.000700184 -0.000185158 -0.0611775
internal_weight=241.836 20.5946 5.21469 221.242 15.3799 213.748 13.1576 200.591 191.307 3.05762
internal_count=879 102 51 777 51 762 54 708 684 42
is_linear=0
shrinkage=0.05


Tree=257
num_leaves=12
num_cat=0
split_feature=4 2 5 4 11 4 4 11 11 11 5
split_gain=0.345055 2.74476 3.72176 2.02088 1.69397 1.54977 4.16839 2.43728 1.4106 5.78838 0.71586
threshold=1.3699818333333336 2.5176025000000002 157.54166666666669 1.4582362500000003 4.1150000000000004e-05 1.2188640833333335 1.0396532500000002 0.00020969750000000004 0.0013532450000000001 0.00083837000000000007 21.562500000000004
decision_type=2 2 2 2 2 2 2 2 2 2 2
left_child=1 5 -3 -2 -5 6 7 -1 9 -6 -8
right_child=3 2 -4 4 8 -7 10 -9 -10 -11 -12
leaf_value=0.012385521148269879 0.021334800016801894 -0.070295596180422096 0.0066933295483980419 -0.024574328776798948 0.0026679651377176082 0.020900460993546574 -0.047328663465068116 -0.006812889417483846 0.02545448404621169 -0.041556787301357714 -0.019082916364096869
leaf_weight=30.704909922555089 11.781144712120293 3.3550595808774224 2.9499771656119265 6.7974286358803502 119.56853021483403 7.9750765450298777 4.8187470808625203 35.81374538061209 5.6535768806934348 7.8869321965612462 4.1968335025012493
leaf_count=104 28 24 25 37 381 18 25 174 12 33 18
internal_value=-7.47537e-06 -0.00246363 -0.0342743 0.00144682 -0.000227897 -6.18935e-05 -0.00227515 0.00204907 0.00101539 -6.86584e-05 -0.03418
internal_weight=241.502 89.8143 6.30504 151.688 139.906 83.5093 75.5342 66.5187 133.109 127.455 9.01558
internal_count=879 388 49 491 463 339 321 278 426 414 43
is_linear=0
shrinkage=0.05


Tree=258
num_leaves=6
num_cat=0
split_feature=11 11 11 11 4
split_gain=0.36306 1.28455 1.1385 1.00541 0.98722
threshold=0.0011941075000000002 0.0010923950000000001 0.00093925500000000006 0.00087485500000000001 1.4220365000000001
decision_type=2 2 2 2 2
left_child=1 2 3 4 -1
right_child=-2 -3 -4 -5 -6
leaf_value=-0.0047155837090803402 -0.010065313562037229 0.021415216502264824 -0.018802992922553358 0.019510815342051319 0.0023872641544168665
leaf_weight=77.163404500635806 8.6512221537996066 7.0291118621826163 8.0094819299411011 6.6656197253614655 133.65555185673293
leaf_count=353 33 12 33 15 433
internal_value=-7.86673e-06 0.000366329 -0.000289808 0.000391992 -0.000212502
internal_weight=241.174 232.523 225.494 217.485 210.819
internal_count=879 846 834 801 786
is_linear=0
shrinkage=0.05


Tree=259
num_leaves=10
num_cat=0
split_feature=6 2 4 5 2 2 2 11 2
split_gain=0.340632 1.12811 4.84813 1.50301 0.871259 2.10345 1.56367 5.91048 2.62225
threshold=1.5000000000000002 3.9284415000000004 1.7109155000000003 83.625000000000014 9.2279905000000024 7.6608965000000007 5.4506525000000012 0.00032566250000000006 4.6737245000000014
decision_type=2 2 2 2 2 2 2 2 2
left_child=4 2 -2 -3 5 6 8 -8 -1
right_child=1 3 -4 -5 -6 -7 7 -9 -10
leaf_value=-0.00015899681534283815 0.0074734744343771427 0.025451463870650771 -0.049292627650349009 -0.011378849701418108 -0.014970276991579282 0.027434849224356034 -0.068710155244848428 0.004923442575763045 0.022590617412603247
leaf_weight=170.88609830656787 10.061827003140939 5.5264926888048631 6.0066816359758368 5.5538499942049384 8.5562457246705872 7.4283451577648512 3.8225786508992305 9.4938237071037275 13.680828788317738
leaf_count=606 35 20 28 28 33 22 38 32 37
internal_value=-7.22316e-06 -0.005283 -0.0137467 0.00699084 0.000662495 0.00131398 0.000333431 -0.0162137 0.00152729
internal_weight=241.017 27.1489 16.0685 11.0803 213.868 205.312 197.883 13.3164 184.567
internal_count=879 111 63 48 768 735 713 70 643
is_linear=0
shrinkage=0.05


Tree=260
num_leaves=10
num_cat=0
split_feature=4 11 11 11 4 4 5 4 4
split_gain=0.35602 2.3249 2.82501 2.19271 1.08313 0.77589 3.18527 1.15892 1.75919
threshold=3.5752850000000005 0.00043576500000000001 0.00025546000000000005 0.00011201500000000002 3.3836710000000001 2.903587583333334 77.020833333333357 2.7177885833333337 2.3582457500000005
decision_type=2 2 2 2 2 2 2 2 2
left_child=4 2 3 -2 5 7 -7 8 -1
right_child=1 -3 -4 -5 -6 6 -8 -9 -10
leaf_value=0.00081559104482808943 0.010616318238464942 -0.037407427398895882 0.02986670145134418 -0.036916088844258434 0.019333269745299267 -0.033921049342297109 0.015924812362224303 0.018020215458521428 -0.024150123231275463
leaf_weight=183.36035569367232 4.7240489135729167 4.6456894259899846 5.988778728991746 4.9882531873881817 7.4371411651372901 7.2598593356087786 5.7382514514029026 9.203994879499076 7.3384844399988642
leaf_count=636 22 30 20 30 15 32 22 24 48
internal_value=-7.60537e-06 -0.0063358 0.00285778 -0.0137964 0.000576761 -7.84484e-05 -0.0119157 0.000691234 -0.000145141
internal_weight=240.685 20.3468 15.7011 9.7123 220.338 212.901 12.9981 199.903 190.699
internal_count=879 102 72 52 777 762 54 708 684
is_linear=0
shrinkage=0.05


Tree=261
num_leaves=10
num_cat=0
split_feature=2 4 11 11 11 2 2 2 2
split_gain=0.333765 2.97524 2.31429 2.04603 3.63909 1.18335 2.71813 2.77001 1.45239
threshold=1.4982915000000003 1.309927666666667 0.0010396750000000001 0.00090362749999995013 0.00045371000000000007 1.6860610000000003 1.7725810000000002 1.8270650000000002 1.9878135000000003
decision_type=2 2 2 2 2 2 2 2 2
left_child=1 2 3 4 -1 -2 -7 -8 -9
right_child=5 -3 -4 -5 -6 6 7 8 -10
leaf_value=0.0052606227629847149 0.014803879038355061 -0.035013678141001883 -0.029624344889071369 0.025764772107888509 -0.030448099118782969 -0.035981261721062106 0.035127183067975749 -0.022989593065003866 0.00091146096814547276
leaf_weight=44.247602339833975 14.650225066347046 6.5355892255902281 5.8867877367883912 8.6295863240957242 8.5065068514086288 5.0942264422774306 5.7695750854909411 6.6716973404400042 134.35924474347848
leaf_count=164 36 25 23 15 57 20 12 32 495
internal_value=-7.4431e-06 -0.00280634 0.000322728 0.0031947 -0.000497346 0.00123292 -7.60011e-05 0.00116997 -0.000219217
internal_weight=240.351 73.8061 67.2705 61.3837 52.7541 166.545 151.895 146.801 141.031
internal_count=879 284 259 236 221 595 559 539 527
is_linear=0
shrinkage=0.05


Tree=262
num_leaves=11
num_cat=0
split_feature=4 11 4 11 2 2 2 2 2 11
split_gain=0.329674 1.45467 0.992857 0.918955 3.67712 2.09284 3.47595 1.70982 1.48612 0.173372
threshold=0.21820300000000004 2.6455000000000003e-05 0.16871250000000002 8.1595000000000021e-05 0.89253150000000014 0.96120900000000009 0.59592000000000012 1.0199995000000002 1.9878135000000003 0.00027349250000000008
decision_type=2 2 2 2 2 2 2 2 2 2
left_child=2 -2 9 4 -3 6 -5 -7 -6 -1
right_child=1 3 -4 5 8 7 -8 -9 -10 -11
leaf_value=-0.010316861707299271 -0.02622601888352746 0.035797830385645817 0.022122108615694653 -0.0066060937562836299 -0.020766821669143138 0.027039757773437447 -0.057956487907083035 -9.4364610668263888e-05 0.0069601167320808774 0.0032988754247224917
leaf_weight=4.6104102917015535 5.3627661205828181 8.6298189535737055 6.4197798153036265 21.10397235117853 7.526010841131213 6.0268944054841986 3.9053903419990084 158.23528472695034 13.504079576116053 4.7433362752199173
leaf_count=23 36 15 16 68 26 12 53 556 57 17
internal_value=-6.82459e-06 -0.000498186 0.00698016 0.000132022 0.00831518 -0.00115032 -0.0146248 0.000901205 -0.00296249 -0.00341225
internal_weight=240.068 224.294 15.7735 218.931 29.6599 189.272 25.0094 164.262 21.0301 9.35375
internal_count=879 823 56 787 98 689 121 568 83 40
is_linear=0
shrinkage=0.05


Tree=263
num_leaves=12
num_cat=0
split_feature=4 4 11 11 4 0 2 4 2 4 2
split_gain=0.329114 2.11618 1.96645 1.05224 1.01503 2.00149 1.50219 3.11935 1.81128 2.97896 0.0495459
threshold=3.5752850000000005 4.7826915000000012 0.00060091000000000018 0.00013326000000000004 3.0461120000000004 1.0000000180025095e-35 5.5708325000000007 2.3398925000000008 4.6737245000000014 2.2854660000000009 8.1596490000000017
decision_type=2 2 2 2 2 2 2 2 2 2 2
left_child=4 2 10 -3 6 -6 8 -8 9 -1 -2
right_child=1 3 -4 -5 5 -7 7 -9 -10 -11 -12
leaf_value=0.00093243023392637885 -0.054422923001841421 0.018834651317518269 0.0023539298005874 -0.0078992132561077587 -0.0042483450551212215 0.029996327262166996 0.0059215312939487402 -0.047410919205894103 0.020498288492973457 -0.027738936783036367 -0.067423822355362151
leaf_weight=170.98359949374571 1.5468645514920383 6.3211621362715951 2.1482303999364376 8.8114892034791392 8.8527978509664553 8.2368188507389259 6.0237475936301035 5.0320491688326001 10.794349996373056 9.5664578825235349 1.392540468717925
leaf_count=591 27 17 9 34 25 23 23 32 34 49 15
internal_value=-6.97735e-06 -0.00611096 -0.0340076 0.00326797 0.000555347 0.0122568 -0.000432666 -0.0183527 0.000602749 -0.000586724 -0.0605821
internal_weight=239.71 20.2203 5.08764 15.1327 219.49 17.0896 202.4 11.0558 191.344 180.55 2.93941
internal_count=879 102 51 51 777 48 729 55 674 640 42
is_linear=0
shrinkage=0.05


Tree=264
num_leaves=8
num_cat=0
split_feature=4 4 2 2 2 5 5
split_gain=0.338234 1.18946 1.01251 0.758175 0.93543 1.32825 1.05395
threshold=4.9447035000000001 7.2708355000000013 9.7068700000000021 8.0000205000000015 5.8999710000000016 98.645833333333329 146.54166666666671
decision_type=2 2 2 2 2 2 2
left_child=2 -2 3 4 6 -6 -1
right_child=1 -3 -4 -5 5 -7 -8
leaf_value=0.00065653962710906675 -0.023000402309736642 0.0094317576781542522 0.021573731826486822 -0.017858975998109303 0.031230320524295582 -0.0036837960603847753 -0.012649979465409772
leaf_weight=189.42810573708266 6.2813930287957174 5.1407852023839951 5.516365827061235 5.8592272035311899 5.7283969148993474 5.1940373319666833 16.149571780057158
leaf_count=614 33 12 17 33 17 29 124
internal_value=-7.42975e-06 -0.00840364 0.000413427 -0.000111525 0.000368781 0.0146273 -0.000388781
internal_weight=239.298 11.4222 227.876 222.359 216.5 10.9224 205.578
internal_count=879 45 834 817 784 46 738
is_linear=0
shrinkage=0.05


Tree=265
num_leaves=10
num_cat=0
split_feature=2 4 11 11 11 2 2 2 2
split_gain=0.342833 2.65895 2.01571 1.87265 3.21805 1.09272 2.44953 2.5274 1.30623
threshold=1.4982915000000003 1.309927666666667 0.0010396750000000001 0.00090362749999995013 0.00045371000000000007 1.6860610000000003 1.7725810000000002 1.8270650000000002 1.9878135000000003
decision_type=2 2 2 2 2 2 2 2 2
left_child=1 2 3 4 -1 -2 -7 -8 -9
right_child=5 -3 -4 -5 -6 6 7 8 -10
leaf_value=0.0046939520298451233 0.014301430224140819 -0.033402597351120299 -0.027846366887986407 0.024508219482545987 -0.029062397452800433 -0.034105987395847338 0.033827619032854576 -0.021739638634317205 0.00092957961137247731
leaf_weight=43.941267318557948 14.626426190603523 6.4924343079328528 5.8782348313834509 8.5503219440579397 8.4118481270852481 5.0905271414667359 5.6959402803331605 6.6714204495074219 133.80119016562821
leaf_count=164 36 25 23 15 57 20 12 32 495
internal_value=-6.78506e-06 -0.00285515 0.000114633 0.00281335 -0.000729857 0.00125138 -1.05301e-05 0.00117689 -0.000147042
internal_weight=239.16 73.2741 66.7817 60.9034 52.3531 165.886 151.259 146.169 140.473
internal_count=879 284 259 236 221 595 559 539 527
is_linear=0
shrinkage=0.05


Tree=266
num_leaves=11
num_cat=0
split_feature=6 11 4 2 2 2 11 2 4 4
split_gain=0.318122 1.08553 1.42143 0.865287 2.08546 1.56353 5.3302 2.29616 0.395563 0.057264
threshold=1.5000000000000002 0.00021760500000000003 2.2404220000000006 9.2279905000000024 7.6608965000000007 5.4506525000000012 0.00032566250000000006 4.6737245000000014 1.7306492500000001 1.7231045000000003
decision_type=2 2 2 2 2 2 2 2 2 2
left_child=3 8 9 4 5 7 -7 -1 -2 -3
right_child=1 2 -4 -5 -6 6 -8 -9 -10 -11
leaf_value=-8.4511152018272175e-05 -0.0077216729072172629 0.0069113701514246107 -0.019268520814792148 -0.015052199304909942 0.027384955988955739 -0.067732949855179192 0.0036213563831111774 0.021306992379441697 -0.031955045268092466 0.013425559436702357
leaf_weight=169.8295252234675 2.8384691285900798 7.6883490476757306 6.0866061095148316 8.4334779120981676 7.3800494708120814 3.6447812744881949 9.2835564278066141 13.545209547504781 4.1400739368400536 6.0115202218294144
leaf_count=606 12 27 29 33 22 38 32 37 29 14
internal_value=-6.22242e-06 -0.00514286 0.000837196 0.000641922 0.00129174 0.000310757 -0.016495 0.0014956 -0.0220983 0.0097698
internal_weight=238.882 26.765 19.7865 212.117 203.683 196.303 12.9283 183.375 6.97854 13.6999
internal_count=879 111 70 768 735 713 70 643 41 41
is_linear=0
shrinkage=0.05


Tree=267
num_leaves=12
num_cat=0
split_feature=4 4 11 4 4 5 4 4 11 11 4
split_gain=0.308705 2.63772 2.78345 2.18798 3.23856 6.33605 2.06589 1.84807 1.46168 1.31377 5.92009
threshold=1.3699818333333336 1.2551655833333337 0.00041484249999995004 1.1745093333333336 1.0396532500000002 90.252083333333346 1.4582362500000003 0.99102025000000016 4.1150000000000004e-05 7.2362500000000017e-05 1.5840565833333335
decision_type=2 2 2 2 2 2 2 2 2 2 2
left_child=1 3 -3 4 7 -6 -2 -1 -8 -10 -11
right_child=6 2 -4 -5 5 -7 8 -9 9 10 -12
leaf_value=-0.0021061919544353735 0.021543086558182153 -0.065405115702384872 -0.0018721190260847611 0.026113571522530174 -0.072933951599022842 0.016095392432788503 -0.023145925359833244 0.022131400337438191 0.019175274407266019 -0.039642127533124752 0.0025606890947417766
leaf_weight=57.362386980152223 11.708957254886625 3.278575947508215 3.6356770540587604 7.3889426440000525 4.3840019814670068 3.6725991005077958 6.6809205701574674 9.1142348125576955 9.0829749659169448 8.9673002865165454 113.31552440871019
leaf_count=272 28 28 12 12 28 16 37 20 33 34 359
internal_value=-6.55498e-06 -0.00234168 -0.031998 0.000161319 -0.00241149 -0.03235 0.00137866 0.00121689 -0.00033166 0.000828614 -0.000534147
internal_weight=238.592 88.8364 6.91425 81.9222 74.5332 8.0566 149.756 66.4766 138.047 131.366 122.283
internal_count=879 388 40 348 336 44 491 292 463 426 393
is_linear=0
shrinkage=0.05


Tree=268
num_leaves=14
num_cat=0
split_feature=5 4 4 8 5 11 2 4 5 5 5 5 5
split_gain=0.322377 1.46613 1.42077 1.9135 0.609132 2.56936 4.07843 6.93015 2.3567 1.22821 3.41536 3.41215 0.00633545
threshold=181.97916666666669 1.0986210000000003 1.2892457500000003 0.41665000000000002 118.77083333333336 0.00055760500000000008 3.5746760000000006 2.4566905000000001 98.645833333333329 76.875000000000014 83.625000000000014 34.791666666666679 213.5
decision_type=2 2 2 2 2 2 2 2 2 2 2 2 2
left_child=4 -2 -3 12 8 6 -6 -8 9 11 -11 -1 -4
right_child=1 2 3 -5 5 -7 7 -9 -10 10 -12 -13 -14
leaf_value=0.00092093175143034595 -0.06702330078081524 0.043891934356632814 -0.062201161312971889 0.0085080028670190492 0.031033739046890409 -0.021120690501408291 -0.041788337045400345 0.02299089219240659 -0.031292432561312054 0.036482304669017446 -0.0090768535918836456 -0.026007302462498397 -0.055817662397855489
leaf_weight=156.60234801843762 0.98768157255835731 1.3509053559973834 0.64825579401804112 3.1505767423659563 15.014286179095508 7.1300756889395407 7.23067847080529 9.6238527297973615 6.1506891865283242 8.0509065911173838 8.4115164158865792 12.71940318495035 0.97072120872326195
leaf_count=504 33 7 12 19 33 33 31 26 31 12 38 68 32
internal_value=-7.67054e-06 -0.0104956 -0.00137354 -0.0141943 0.000315149 0.00601197 0.0120824 -0.00479972 -0.000842378 0.00016572 0.0132037 -0.00110191 -0.0583737
internal_weight=238.042 7.10814 6.12046 4.76955 230.934 38.9989 31.8688 16.8545 191.935 185.784 16.4624 169.322 1.61898
internal_count=879 103 70 63 776 123 90 57 653 622 50 572 44
is_linear=0
shrinkage=0.05


Tree=269
num_leaves=8
num_cat=0
split_feature=4 4 2 2 2 5 5
split_gain=0.313999 1.05368 0.941583 0.738801 0.888793 1.1463 1.03727
threshold=4.9447035000000001 7.2708355000000013 9.7068700000000021 8.0000205000000015 5.8999710000000016 98.645833333333329 146.54166666666671
decision_type=2 2 2 2 2 2 2
left_child=2 -2 3 4 6 -6 -1
right_child=1 -3 -4 -5 5 -7 -8
leaf_value=0.0006657918098702942 -0.021924030937226845 0.0087346338922906844 0.020914407764867526 -0.017710780090501723 0.030017619260499059 -0.0027944437216890724 -0.012663511929218064
leaf_weight=188.32079027313739 6.2296404736116511 5.0941084623336792 5.4584719953127196 5.8036296105710781 5.6042119180783612 5.0696426539216191 15.82164380623726
leaf_count=614 33 12 17 33 17 29 124
internal_value=-6.85176e-06 -0.00813191 0.000400114 -0.000107441 0.000368143 0.0144332 -0.000367269
internal_weight=237.402 11.3237 226.078 220.62 214.816 10.6739 204.142
internal_count=879 45 834 817 784 46 738
is_linear=0
shrinkage=0.05


Tree=270
num_leaves=11
num_cat=0
split_feature=11 11 11 4 11 11 2 11 0 4
split_gain=0.310533 3.01565 2.03732 1.8529 1.97188 2.80688 1.89344 1.74377 1.739 0.626837
threshold=0.00017055500000000002 0.00014595000000000002 0.00013816750000000003 0.10891950000000002 0.00018057000000000004 0.00020058000000000003 1.1866545000000002 0.00012618250000000003 1.0000000180025095e-35 1.4220365000000001
decision_type=2 2 2 2 2 2 2 2 2 2
left_child=1 2 7 -2 -5 -6 -7 8 -1 -3
right_child=3 9 -4 4 5 6 -8 -9 -10 -11
leaf_value=0.0056461294528032746 0.030342765191211069 -0.017534198679788043 0.031168682716129222 0.027924953994034031 -0.031478980431272001 -0.01058840799414619 0.0034568241319046164 -0.030595019609290397 -0.01551212356598995 -0.047357694637803628
leaf_weight=41.037215854972601 5.2717380523681632 3.2513425275683394 5.0405985536053768 6.1761595159769049 7.1510027665644875 30.136413797095884 117.76290336973034 4.8737061806023112 12.72200575401075 3.8460208890028298
leaf_count=132 10 18 12 12 26 139 400 24 84 22
internal_value=-6.25355e-06 -0.00278073 0.000665171 0.00117305 0.000219267 -0.00088434 0.000594925 -0.00195718 0.000639074 -0.0336954
internal_weight=237.269 70.7709 63.6735 166.498 161.226 155.05 147.899 58.6329 53.7592 7.09736
internal_count=879 292 252 587 577 565 539 240 216 40
is_linear=0
shrinkage=0.05


Tree=271
num_leaves=7
num_cat=0
split_feature=11 11 11 7 5 4
split_gain=0.307359 1.27301 1.22725 1.08437 6.31426 1.91916
threshold=0.0011941075000000002 0.0010923950000000001 0.00093925500000000006 2.5000000000000004 14.573958333333335 2.2219772500000006
decision_type=2 2 2 2 2 2
left_child=1 2 3 5 -5 -1
right_child=-2 -3 -4 4 -6 -7
leaf_value=-0.0045463210372680245 -0.0093174057463403012 0.02142031988149912 -0.019714763687329138 0.021807099259170695 -0.030961859251879022 0.006481206576997499
leaf_weight=125.13615642639343 8.541986102005465 6.9458059147000304 7.8653453154256558 23.456003241240982 7.4757759228814384 57.622063129907474
leaf_count=481 33 12 33 55 46 219
internal_value=-5.38453e-06 0.000342724 -0.000318063 0.000395876 0.00905358 -0.00106944
internal_weight=237.043 228.501 221.555 213.69 30.9318 182.758
internal_count=879 846 834 801 101 700
is_linear=0
shrinkage=0.05


Tree=272
num_leaves=11
num_cat=0
split_feature=4 4 7 11 6 11 2 2 4 5
split_gain=0.31802 0.965761 0.66118 4.44494 1.01294 2.4163 5.56245 2.65497 0.967955 0.931073
threshold=4.9447035000000001 7.2708355000000013 3.5000000000000004 0.00019143500000000003 1.5000000000000002 0.00035116000000000005 1.9878135000000003 3.9284415000000004 4.2348525000000006 126.29166666666667
decision_type=2 2 2 2 2 2 2 2 2 2
left_child=2 -2 4 -4 8 6 -6 -7 9 -1
right_child=1 -3 3 -5 5 7 -8 -9 -10 -11
leaf_value=0.003038097990531776 -0.021427376483481184 0.0080072264872188478 0.016247389479258655 -0.044585811953901988 0.0094578506090765933 -0.017495747339882472 -0.070992708666201665 0.026277682457089037 0.021863382851406946 -0.0070911210497498871
leaf_weight=158.34822275582701 6.2031633686274272 5.05978674441576 6.7185375061817449 5.4294025432318449 4.401386748999359 7.0792348347604257 4.1976906842901371 6.7831336781382561 6.0794466100633135 26.480636219319422
leaf_count=510 33 12 19 29 14 27 38 18 22 157
internal_value=-4.60443e-06 -0.00820413 0.000404901 -0.0109414 0.00105089 -0.00899271 -0.0298146 0.00392347 0.00223258 0.00158687
internal_weight=236.781 11.263 225.518 12.1479 213.37 22.4614 8.59908 13.8624 190.908 184.829
internal_count=879 45 834 48 786 97 52 45 689 667
is_linear=0
shrinkage=0.05


Tree=273
num_leaves=14
num_cat=0
split_feature=5 11 5 11 11 5 5 4 2 4 4 11 11
split_gain=0.341885 3.05962 2.42023 5.04208 4.27085 3.71948 2.12192 1.20338 6.2096 3.02864 2.27667 4.19251 1.27884
threshold=118.77083333333336 4.9990000000000008e-05 119.22916666666667 0.00054939500000000016 0.00017811500000000004 168.02465277777779 98.645833333333329 2.2854660000000009 2.8481295000000006 2.903587583333334 1.8920331333333336 0.00054939500000000016 6.6065000000000012e-05
decision_type=2 2 2 2 2 2 2 2 2 2 2 2 2
left_child=6 -2 -3 4 -4 -5 7 10 -9 -10 12 -12 -1
right_child=1 2 3 5 -6 -7 -8 8 9 -11 11 -13 -14
leaf_value=-0.014894160125511719 0.043356774648282671 0.035244656601992476 -0.038567056359067126 -0.077720528020525592 0.011779073880172174 0.0040643803536550517 -0.029983565506738988 -0.064449225352121664 0.026034808191597359 -0.0084731863309175249 -0.0032434947667879018 0.036023029252867794 0.0010994001942490729
leaf_weight=14.247620712965725 4.4322041468694797 4.2746920362114897 5.0307873131241676 3.6776854395866385 25.891858655959368 2.2350684544071555 6.0858080480247727 4.2885855101048937 8.144662616774438 28.991993458010256 14.484332561492922 12.809678897261618 101.82288962975144
leaf_count=52 17 9 54 23 90 33 31 35 20 125 36 18 336
internal_value=-5.24761e-06 0.00388733 -0.000367987 -0.00450078 0.00358829 -0.0468052 -0.000934005 2.27041e-05 -0.0074835 -0.000905031 0.00219163 0.0151851 -0.000863805
internal_weight=236.418 45.5423 41.1101 36.8354 30.9226 5.91275 190.876 184.79 41.4252 37.1367 143.365 27.294 116.071
internal_count=879 226 209 200 144 56 653 622 180 145 442 54 388
is_linear=0
shrinkage=0.05


Tree=274
num_leaves=7
num_cat=0
split_feature=11 11 11 7 5 4
split_gain=0.333664 1.57563 1.11575 1.02937 7.0063 1.86497
threshold=0.0011699800000000004 0.0010923950000000001 0.00093925500000000006 2.5000000000000004 34.791666666666679 2.2219772500000006
decision_type=2 2 2 2 2 2
left_child=1 2 3 5 -5 -1
right_child=-2 -3 -4 4 -6 -7
leaf_value=-0.0044381277586443496 -0.0089817970486250256 0.027025538221218993 -0.018786778537165677 0.020102080873807382 -0.042208728108942731 0.0064695232384245106
leaf_weight=124.7096106025856 9.9179024337790889 5.4183861985802642 7.8429154681507489 25.097882999107245 5.4999003451084709 57.14425615244545
leaf_count=481 36 9 33 61 40 219
internal_value=-5.91652e-06 0.000388487 -0.000266681 0.000417012 0.00890182 -0.0010106
internal_weight=235.631 225.713 220.295 212.452 30.5978 181.854
internal_count=879 843 834 801 101 700
is_linear=0
shrinkage=0.05


Tree=275
num_leaves=16
num_cat=0
split_feature=5 5 11 4 5 11 11 5 11 5 11 5 11 11 4
split_gain=0.336636 3.50402 4.58518 3.90487 3.0714 7.53535 3.35762 2.30807 6.47551 2.13757 2.08479 1.52756 1.37916 0.169213 0.15216
threshold=76.875000000000014 83.625000000000014 0.0006558025000000001 2.3398925000000008 34.791666666666679 0.0007511550000000002 7.9695000000000015e-05 118.77083333333336 0.00033770000000000008 27.750000000000004 4.9990000000000008e-05 0.43750000000000006 0.00054939500000000016 0.00055156500000000006 1.8426360000000004
decision_type=2 2 2 2 2 2 2 2 2 2 2 2 2 2 2
left_child=4 -2 7 14 9 6 -6 8 -3 11 -9 12 -1 -8 -4
right_child=1 2 3 -5 5 -7 13 10 -10 -11 -12 -13 -14 -15 -16
leaf_value=-0.0024834729842907102 0.034649893274336895 -0.06899833640313216 -0.065835616864740154 -0.0027580266613659006 -0.002476499616643806 0.032914921463894478 -0.064256933094364893 0.041979730282046969 0.013929351699343515 0.02951493306353456 0.0055009569279496325 -0.022137014449996523 0.0083413495964655467 -0.081244197080647146 -0.086453359873365498
leaf_weight=99.95265968516469 7.7320070788264266 3.784593381918965 2.0687391958199437 3.8958566915243864 2.5239138444885594 3.8742929100990287 3.6850228374823928 4.3718684162013224 6.2277490142732859 6.1869095731526604 37.621698284114245 7.7193894777446976 41.700926940888166 2.4344401061534882 1.577040920499712
leaf_count=346 12 31 32 16 14 8 34 17 20 13 169 29 116 12 10
internal_value=-5.23614e-06 0.00298358 -0.00112816 -0.0375624 -0.00120163 -0.0250287 -0.0510012 0.00415536 -0.0174167 0.0007157 0.00929869 -0.000477141 0.00070321 -0.0710148 -0.0747542
internal_weight=235.357 67.2796 59.5475 7.54164 168.078 12.5177 8.64338 52.0059 10.0123 155.56 41.9936 149.373 141.654 6.11946 3.64578
internal_count=879 307 295 58 572 68 60 237 51 504 186 491 462 46 42
is_linear=0
shrinkage=0.05


Tree=276
num_leaves=7
num_cat=0
split_feature=11 11 11 7 5 4
split_gain=0.338576 1.35601 1.04253 0.96231 5.33672 1.69889
threshold=0.0011699800000000004 0.0010923950000000001 0.00093925500000000006 2.5000000000000004 14.573958333333335 2.2219772500000006
decision_type=2 2 2 2 2 2
left_child=1 2 3 5 -5 -1
right_child=-2 -3 -4 4 -6 -7
leaf_value=-0.0042057190502125591 -0.0090583773527723021 0.025432850146977604 -0.018142957838069611 0.02041674507976729 -0.028802620110896737 0.0062238191493008852
leaf_weight=124.26399275986478 9.8959796355338749 5.2791403532028189 7.8166243220912284 23.118664907291535 7.2295814526733002 56.936237738176715
leaf_count=481 36 9 33 55 46 219
internal_value=-7.1468e-06 0.000391576 -0.000211056 0.00045152 0.00869167 -0.000928578
internal_weight=234.54 224.644 219.365 211.548 30.3482 181.2
internal_count=879 843 834 801 101 700
is_linear=0
shrinkage=0.05


Tree=277
num_leaves=11
num_cat=0
split_feature=4 4 5 11 4 4 11 4 11 11
split_gain=0.348636 2.0019 1.89806 1.09218 0.785521 0.89432 2.816 1.01928 1.19612 0.0259146
threshold=3.5752850000000005 4.7826915000000012 153.48263888888891 0.00012618250000000003 3.3836710000000001 2.903587583333334 0.00032566250000000006 2.7742277500000005 0.00025546000000000005 0.00037471500000000002
decision_type=2 2 2 2 2 2 2 2 2 2
left_child=4 2 9 -3 5 7 -7 8 -1 -2
right_child=1 3 -4 -5 -6 6 -8 -9 -10 -11
leaf_value=0.0044571134869962527 -0.055033394657033635 0.0195114824100646 0.0032537940831759734 -0.0082422565914501752 0.016870135677468766 -0.040579755886635281 0.0073746537618985478 0.021321258580123719 -0.0035155658108551612 -0.064443185558505714
leaf_weight=88.330557168577798 1.5055503454059391 5.9110828321427098 2.0353508550906554 8.8549804920330626 7.1523492485284796 5.3086711212526989 7.2316798269748688 5.896364325657486 100.64997697726358 1.4234883803874252
leaf_count=298 26 15 10 36 15 34 20 15 395 15
internal_value=-6.2946e-06 -0.00636671 -0.0338344 0.00286799 0.000578569 1.67882e-05 -0.0129258 0.000849642 0.000210909 -0.0596065
internal_weight=234.3 19.7305 4.96439 14.7661 214.57 207.417 12.5404 194.877 188.981 2.92904
internal_count=879 102 51 51 777 762 54 708 693 41
is_linear=0
shrinkage=0.05


Tree=278
num_leaves=16
num_cat=0
split_feature=5 5 11 4 5 11 11 11 2 2 5 5 11 4 11
split_gain=0.339338 3.14551 4.2331 3.68958 2.76824 6.95642 3.21091 2.0745 5.44193 2.58085 1.99639 1.38455 1.34414 0.294698 0.133092
threshold=76.875000000000014 83.625000000000014 0.0006558025000000001 2.3398925000000008 34.791666666666679 0.0007511550000000002 7.9695000000000015e-05 0.00024068500000000003 3.6825860000000006 4.2734660000000018 27.750000000000004 0.43750000000000006 0.00054939500000000016 1.7231045000000003 0.00055156500000000006
decision_type=2 2 2 2 2 2 2 2 2 2 2 2 2 2 2
left_child=4 -2 7 13 10 6 -6 8 -3 -9 11 12 -1 -4 -8
right_child=1 2 3 -5 5 -7 14 9 -10 -11 -12 -13 -14 -15 -16
leaf_value=-0.0025845281799358475 0.033358896015646386 0.012785626476910707 -0.058666888196257073 -0.0026982015316503825 -0.0022451729812587406 0.031948835942216133 -0.063504825798756354 -0.0047786354386701807 -0.044627228151616558 0.022941080722916105 0.028457036491091849 -0.0212363102958311 0.008117409196702138 -0.087642956766546848 -0.078823724364963876
leaf_weight=99.652004092931747 7.5684388875961295 10.414484580978753 1.7251982421148562 3.888262112159282 2.5212302869185788 3.8100793808698645 3.5297282310202718 14.500813988153821 6.8369340022909446 19.948885302990675 6.1743699368089429 7.6774664036929599 41.583170805126429 1.7857746775262056 2.3698084428906441
leaf_count=346 12 46 31 16 14 8 34 73 65 53 13 29 116 11 12
internal_value=-6.7074e-06 0.00300977 -0.000876758 -0.0362489 -0.00120864 -0.0241099 -0.0494744 0.00418554 -0.00996774 0.0112731 0.000597454 -0.000557688 0.00056639 -0.0734049 -0.0696583
internal_weight=233.987 66.6688 59.1004 7.39924 167.318 12.2308 8.42077 51.7011 17.2514 34.4497 155.087 148.913 141.235 3.51097 5.89954
internal_count=879 307 295 58 572 68 60 237 111 126 504 491 462 42 46
is_linear=0
shrinkage=0.05


Tree=279
num_leaves=10
num_cat=0
split_feature=11 11 7 5 7 4 4 4 11
split_gain=0.33156 0.82831 1.0621 4.83395 2.43312 1.88867 5.6698 4.66209 1.25177
threshold=0.0011699800000000004 0.00099374000000000012 2.5000000000000004 14.573958333333335 3.5000000000000004 2.2219772500000006 2.2854660000000009 1.8261798333333334 0.00019143500000000003
decision_type=2 2 2 2 2 2 2 2 2
left_child=1 2 5 4 -4 7 -7 -1 -5
right_child=-2 -3 3 8 -6 6 -8 -9 -10
leaf_value=-0.0012044841796484255 -0.0089714770660143505 0.013752208134978112 0.034514501508633527 0.0017754049944544604 0.001835024728643074 0.048090088361560118 -8.7894917447990878e-05 -0.028624408698551707 -0.042532959715871926
leaf_weight=107.54805297567509 9.879481088370083 11.023183692945166 12.454823471605783 2.4067527998704454 10.495541896671055 6.964793612714856 49.569392449222505 18.112818481400609 4.7203338048420846
leaf_count=426 36 27 25 16 30 11 209 68 31
internal_value=-7.86375e-06 0.000388722 -0.000305236 0.00839947 0.0195697 -0.00174224 0.00584745 -0.00515681 -0.0275704
internal_weight=233.175 223.296 212.273 30.0775 22.9504 182.195 56.5342 125.661 7.12709
internal_count=879 843 816 102 55 714 220 494 47
is_linear=0
shrinkage=0.05


Tree=280
num_leaves=16
num_cat=0
split_feature=5 5 11 5 5 11 11 5 11 11 5 11 11 11 2
split_gain=0.345477 2.92962 3.86798 3.54084 2.46156 6.43924 3.07061 2.05761 5.98191 1.96062 1.89215 1.1966 1.44621 0.105529 0.0463186
threshold=76.875000000000014 83.625000000000014 0.0006558025000000001 108.29166666666667 34.791666666666679 0.0007511550000000002 7.9695000000000015e-05 118.77083333333336 0.00033770000000000008 4.9990000000000008e-05 13.895833333333334 2.3605000000000005e-05 3.8160000000000007e-05 0.00055156500000000006 5.6205160000000012
decision_type=2 2 2 2 2 2 2 2 2 2 2 2 2 2 2
left_child=4 -2 7 -4 10 6 -6 8 -3 -9 11 -1 -13 -8 -5
right_child=1 2 3 14 5 -7 13 9 -10 -11 -12 12 -14 -15 -16
leaf_value=-0.030565457526165653 0.032541401580099209 -0.067783333419972919 0.001779172140493696 -0.063325032348601956 -0.0019538816783736361 0.03102000648243913 -0.062670688737762034 0.041154898133883629 0.013454458496272454 0.0053106460345510378 0.020107859914184054 0.021417701682196446 -0.0015618176716001501 -0.076550860651524041 -0.074472304513105533
leaf_weight=3.3614712394773951 7.4706383422017089 3.5947755025699717 3.4625557195395222 2.1918365381425251 2.517075387760995 3.7702533081173888 3.3824375756084919 4.2490728632546952 6.1304083056747913 37.345074676384684 11.366321330890058 7.218727432191371 132.89862218499184 2.3008780963718891 1.6210986105725167
leaf_count=20 12 31 13 33 14 8 34 17 20 169 29 16 439 12 12
internal_value=-6.32728e-06 0.00305383 -0.000705736 -0.0348244 -0.00121827 -0.023063 -0.0479284 0.00413123 -0.0165739 0.00897234 0.000470487 -0.00108518 -0.000377932 -0.06829 -0.0680644
internal_weight=232.881 66.0655 58.5948 7.27549 166.816 11.9706 8.20039 51.3193 9.72518 41.5941 154.845 143.479 140.117 5.68332 3.81294
internal_count=879 307 295 58 572 68 60 237 51 186 504 475 455 46 45
is_linear=0
shrinkage=0.05


Tree=281
num_leaves=12
num_cat=0
split_feature=11 11 2 2 2 2 11 2 2 2 2
split_gain=0.315823 2.12207 2.0611 3.25085 1.02777 6.51724 4.46944 3.97762 2.1341 0.180192 0.148275
threshold=6.6065000000000012e-05 7.2362500000000017e-05 3.0991410000000004 1.6437020000000004 3.1619780000000004 2.8709200000000004 0.00080834749999995003 3.4807465000000004 2.7289145000000006 0.72423900000000019 3.5517490000000005
decision_type=2 2 2 2 2 2 2 2 2 2 2
left_child=2 -2 3 9 5 8 7 -6 -3 -1 -4
right_child=1 4 10 -5 6 -7 -8 -9 -10 -11 -12
leaf_value=-0.008739541622953418 0.031572238488529893 -0.0018750345883291079 -0.020810673859967179 0.026592220332978422 0.033857410245215186 -0.051146182701775483 -0.037383394104212118 0.0024530152885654521 0.028465641248786078 -0.021612879654831961 -0.03670739984099982
leaf_weight=5.5012562647461944 5.3985061137937 110.81646897702012 2.4161176159977904 8.2014950839802605 12.127656272146849 6.6578723806887856 5.9386466543655834 59.800068237993401 6.1155336783267549 5.3733486235141754 3.7336210038047284
leaf_count=20 12 418 10 25 26 32 29 234 16 22 35
internal_value=-8.34968e-06 0.000635764 -0.00529015 0.00282468 -0.000193254 -0.00302797 0.00430603 0.00774808 -0.00028822 -0.0151005 -0.0304619
internal_weight=232.081 206.855 25.2258 19.0761 201.456 123.59 77.8664 71.9277 116.932 10.8746 6.14974
internal_count=879 767 112 67 755 466 289 260 434 42 45
is_linear=0
shrinkage=0.05


Tree=282
num_leaves=16
num_cat=0
split_feature=5 5 11 4 5 11 11 5 11 11 5 5 11 4 11
split_gain=0.323654 2.7233 3.4716 3.53973 2.21794 6.09878 2.99712 1.85229 5.62877 1.81331 1.70911 1.32761 1.21234 0.224165 0.0862186
threshold=76.875000000000014 83.625000000000014 0.0006558025000000001 2.3398925000000008 34.791666666666679 0.0007511550000000002 7.2362500000000017e-05 118.77083333333336 0.00033770000000000008 4.9990000000000008e-05 27.750000000000004 0.43750000000000006 0.00054939500000000016 1.7231045000000003 0.00055156500000000006
decision_type=2 2 2 2 2 2 2 2 2 2 2 2 2 2 2
left_child=4 -2 7 13 10 6 -6 8 -3 -9 11 12 -1 -4 -8
right_child=1 2 3 -5 5 -7 14 9 -10 -11 -12 -13 -14 -15 -16
leaf_value=-0.0025530581564369168 0.031583159893258106 -0.06687924530154031 -0.057679283364259072 -0.00051417353393948229 9.9379150098015802e-05 0.030582608964569016 -0.061854275392179137 0.039857438474440919 0.012946075366004129 0.00499404741379008 0.026309250736537323 -0.020981319537998214 0.0076291815838444499 -0.083737148560644389 -0.074538888582412824
leaf_weight=99.418019505217671 7.3786912932991973 3.4598858021199685 1.5871359354350709 3.8070519580505788 2.3783949706703407 3.7294537574052811 3.3485048515722156 4.1446193386800578 6.1051680389791727 37.255305629572831 6.1169492639601222 7.6238991301506749 41.409377377480268 1.7194974964950231 2.2329853884875774
leaf_count=346 12 31 31 16 13 8 35 17 20 169 13 29 116 11 12
internal_value=-7.56072e-06 0.00297058 -0.000664548 -0.0333847 -0.00118009 -0.0221801 -0.0469011 0.00390252 -0.0159285 0.00848428 0.000408056 -0.000659205 0.000440963 -0.0712298 -0.066929
internal_weight=231.715 65.4574 58.0787 7.11369 166.258 11.6893 7.95989 50.965 9.56505 41.3999 154.568 148.451 140.827 3.30663 5.58149
internal_count=879 307 295 58 572 68 60 237 51 186 504 491 462 42 47
is_linear=0
shrinkage=0.05


Tree=283
num_leaves=14
num_cat=0
split_feature=5 3 11 2 5 2 8 4 11 5 4 4 11
split_gain=0.31366 0.95464 1.37763 0.754321 0.57422 2.00902 5.61409 5.64033 1.85278 1.2906 1.3798 3.51035 2.59373
threshold=181.97916666666669 2.5000000000000004 0.00025307000000000004 5.1439785000000011 118.77083333333336 3.5746760000000006 1.0000000180025095e-35 3.0821711666666674 0.00019916750000000002 98.645833333333329 2.1422040000000004 1.8920331333333336 0.00036265333333330003
decision_type=2 2 2 2 2 2 2 2 2 2 2 2 2
left_child=4 2 -2 -3 9 8 7 -7 -6 10 11 -1 -12
right_child=1 3 -4 -5 5 6 -8 -9 -10 -11 12 -13 -14
leaf_value=-0.0006742742879969106 0.0083305973922963034 0.027947447914932057 -0.063340917891823431 -0.015162054937538583 0.036549568313823999 -0.076784487039270211 0.017007186680199491 0.0043631987833022082 0.0025227370891338116 -0.024198550107422945 0.002343932921098143 0.023017502092572251 -0.021142768562293149
leaf_weight=114.41134516149759 1.1540818120120087 1.8889020936912855 1.5999856516136786 2.192613803781569 7.9197157490998533 4.1951808873564005 12.703267401084304 4.3740492612123489 8.0841926326975209 5.7215572111308566 28.668166909366846 18.109662070870399 19.924799118191004
leaf_count=388 26 19 37 21 16 27 33 14 33 31 119 33 82
internal_value=-9.30747e-06 -0.0105602 -0.0333072 0.00478878 0.000312502 0.00597867 -0.00408946 -0.0353637 0.0193613 -0.000817981 -7.93677e-05 0.00256333 -0.00728643
internal_weight=230.948 6.83558 2.75407 4.08152 224.112 37.2764 21.2725 8.56923 16.0039 186.836 181.114 132.521 48.593
internal_count=879 103 63 40 776 123 74 41 49 653 622 421 201
is_linear=0
shrinkage=0.05


Tree=284
num_leaves=12
num_cat=0
split_feature=11 11 2 2 11 11 4 4 2 2 5
split_gain=0.329599 2.03435 1.87584 2.78376 1.74747 4.03847 1.25452 8.57583 4.27371 0.164229 0.126388
threshold=6.6065000000000012e-05 8.1595000000000021e-05 3.0991410000000004 1.6437020000000004 0.00010849750000000001 9.7820000000000022e-05 1.8920331333333336 1.7473772500000002 2.1412295000000006 0.72423900000000019 13.895833333333334
decision_type=2 2 2 2 2 2 2 2 2 2 2
left_child=2 -2 3 9 5 -3 7 -6 -8 -1 -4
right_child=1 4 10 -5 6 -7 8 -9 -10 -11 -12
leaf_value=-0.0081452483028584717 0.020117604002256168 -0.068614129719290887 -0.0206725059079617 0.024587145645276497 0.00037476478228458708 0.004723303032036978 0.035989929836829242 -0.059911968956029162 0.00075204760424711192 -0.020448651575126642 -0.035451687667933177
leaf_weight=5.5057627577334696 12.596754599828271 3.0601135347387745 2.384810520336031 8.0585313132032734 99.237173472647555 4.8560378458350897 9.8197209089994413 6.2717334683984509 69.529045924544334 5.3458483703434467 3.6770169294904917
leaf_count=20 32 32 9 25 389 20 13 27 254 22 36
internal_value=-9.36184e-06 0.000650166 -0.00543335 0.00232548 -0.000621929 -0.0236264 0.000363192 -0.00320884 0.00511287 -0.0142063 -0.0296373
internal_weight=230.343 205.371 24.972 18.9101 192.774 7.91615 184.858 105.509 79.3488 10.8516 6.06183
internal_count=879 767 112 67 735 52 683 416 267 42 45
is_linear=0
shrinkage=0.05


Tree=285
num_leaves=9
num_cat=0
split_feature=11 4 4 11 7 2 4 11
split_gain=0.352018 0.836306 1.97554 2.28254 2.44146 1.30115 1.50601 2.37671
threshold=0.0011699800000000004 0.59523700000000013 0.46944225000000006 0.00069891250000000016 2.5000000000000004 0.8511470000000001 0.86786050000000003 0.00088190000000000002
decision_type=2 2 2 2 2 2 2 2
left_child=1 2 3 4 -1 -3 -7 -8
right_child=-2 5 -4 -5 -6 6 7 -9
leaf_value=-0.019796972396841417 -0.0092932999963825993 -0.027929814665879085 0.026384277461626412 0.018866013509037809 0.018056141030378038 0.028653802792443912 3.430931720754996e-05 -0.030559585360594256
leaf_weight=14.961294835840819 9.7754026993643475 4.4051552154123774 9.8163684848695976 11.304514528368598 5.9553786534816018 4.3447080128826192 162.73114571080077 6.6058395202271631
leaf_count=81 36 39 20 27 17 30 597 32
internal_value=-8.9835e-06 0.000403319 0.00674663 0.000763905 -0.00901946 -0.00109402 -0.000413378 -0.00115916
internal_weight=229.9 220.124 42.0376 32.2212 20.9167 178.087 173.682 169.337
internal_count=879 843 145 125 98 698 659 629
is_linear=0
shrinkage=0.05


Tree=286
num_leaves=11
num_cat=0
split_feature=11 4 4 11 11 4 11 11 11 4
split_gain=0.317726 0.758761 1.8024 2.07017 2.47122 1.28707 3.97865 3.39541 2.12629 2.04025
threshold=0.0011699800000000004 0.59523700000000013 0.46944225000000006 0.00069891250000000016 0.00026215000000000006 0.99102025000000016 6.9410000000000015e-05 0.0010779150000000003 0.00088190000000000002 1.0396532500000002
decision_type=2 2 2 2 2 2 2 2 2 2
left_child=1 2 3 4 -1 6 -3 -8 9 -7
right_child=-2 5 -4 -5 -6 8 7 -9 -10 -11
leaf_value=0.0011327694977290533 -0.0088284191756761148 0.017988827240554967 0.025297190804974935 0.018023243310688646 -0.039052403558809567 0.025126075718247598 -0.058412642666775073 0.026391252034349413 -0.028183272963986563 -0.00010243386601484168
leaf_weight=15.804684042930605 9.7756358942715433 4.8679966218769533 9.7285786960273963 11.243065102724357 5.0476502475794396 8.4623793680220825 5.6354478028370067 1.4930327162146566 6.3881353496108195 151.19644395826617
leaf_count=59 36 14 20 27 39 19 95 4 27 539
internal_value=-8.22874e-06 0.00038393 0.00644421 0.000729596 -0.00859471 -0.00103968 -0.0168557 -0.0406508 0.000102984 0.00123475
internal_weight=229.643 219.867 41.824 32.0954 20.8523 178.043 11.9965 7.12848 166.047 159.659
internal_count=879 843 145 125 98 698 113 99 585 558
is_linear=0
shrinkage=0.05


Tree=287
num_leaves=12
num_cat=0
split_feature=11 11 2 2 2 2 11 2 2 2 4
split_gain=0.323162 1.87174 1.66883 2.54278 1.09785 5.86894 3.80937 3.52922 2.00978 0.349876 0.22748
threshold=6.6065000000000012e-05 7.2362500000000017e-05 3.0991410000000004 1.6437020000000004 3.1619780000000004 2.8709200000000004 0.00080834749999995003 3.4807465000000004 2.7289145000000006 0.7083695000000001 2.0136398750000004
decision_type=2 2 2 2 2 2 2 2 2 2 2
left_child=2 -2 3 9 5 8 7 -6 -3 -1 -4
right_child=1 4 10 -5 6 -7 -8 -9 -10 -11 -12
leaf_value=-0.0046698471403470547 0.029931993091915167 -0.0020359839000381095 -0.015529409225827141 0.023286870309322711 0.0325269339819401 -0.049299251027677085 -0.034270762778054048 0.0027254961734829216 0.027497453651101112 -0.022674504483319837 -0.035656455479876906
leaf_weight=5.2709539923816973 5.3139634742401531 109.51761627360247 2.2195247458294025 8.0141590731218439 11.944304809207095 6.5032902108505359 5.8398928728420278 59.039557677693665 6.0803139455383635 5.5282151885330677 3.8200499308295548
leaf_count=19 12 418 11 25 26 32 29 234 16 23 34
internal_value=-9.0069e-06 0.000646073 -0.0053924 0.00194865 -0.000136253 -0.00308261 0.00454659 0.00774012 -0.00048256 -0.0138866 -0.0282598
internal_weight=229.092 204.239 24.8529 18.8133 198.925 122.101 76.8238 70.9839 115.598 10.7992 6.03957
internal_count=879 767 112 67 755 466 289 260 434 42 45
is_linear=0
shrinkage=0.05


Tree=288
num_leaves=10
num_cat=0
split_feature=6 2 4 5 2 2 2 11 2
split_gain=0.322513 0.979615 4.34662 1.35638 0.78608 2.01658 1.46435 4.26648 2.36944
threshold=1.5000000000000002 3.9284415000000004 1.7109155000000003 83.625000000000014 9.2279905000000024 7.6608965000000007 5.4506525000000012 0.00032566250000000006 4.6737245000000014
decision_type=2 2 2 2 2 2 2 2 2
left_child=4 2 -2 -3 5 6 8 -8 -1
right_child=1 3 -4 -5 -6 -7 7 -9 -10
leaf_value=-0.0001870608750340152 0.0072214598372242547 0.025341195610231789 -0.047942048436987919 -0.011463996573764137 -0.014536792655587086 0.02766366358805716 -0.06532637239461192 0.0017761391067623912 0.021904106036560834
leaf_weight=163.2787135085091 9.601570426020773 4.9755866304039937 5.6855362877249709 5.0377471669926308 8.1741634900681657 6.9884241381660095 3.2675928603857747 8.6121165435761196 13.112855530343948
leaf_count=606 35 20 28 28 33 22 38 32 37
internal_value=-8.24695e-06 -0.00533209 -0.0132948 0.00682436 0.000653863 0.00128979 0.000310821 -0.0166809 0.00145518
internal_weight=228.734 25.3004 15.2871 10.0133 203.434 195.26 188.271 11.8797 176.392
internal_count=879 111 63 48 768 735 713 70 643
is_linear=0
shrinkage=0.05


Tree=289
num_leaves=18
num_cat=0
split_feature=5 5 11 2 11 5 5 5 11 11 2 5 11 11 7 4 11
split_gain=0.318627 2.50286 2.9812 4.17274 3.11249 4.37221 2.94244 2.00496 5.84343 2.77419 1.88073 1.59415 0.92408 5.05478 1.82671 0.199869 0.070028
threshold=76.875000000000014 83.625000000000014 0.00042951000000000008 3.3717150000000005 0.00024068500000000003 118.97916666666667 136.49756944444448 34.791666666666679 0.0007511550000000002 7.2362500000000017e-05 6.6275020000000007 13.895833333333334 0.00025772000000000007 0.00033770000000000008 2.5000000000000004 1.3331571250000003 0.00055156500000000006
decision_type=2 2 2 2 2 2 2 2 2 2 2 2 2 2 2 2 2
left_child=7 -2 4 15 5 -3 -5 11 9 -9 -6 12 14 -14 -1 -4 -11
right_child=1 2 3 6 10 -7 -8 8 -10 16 -12 -13 13 -15 -16 -17 -18
leaf_value=-0.0010213518863344177 0.030689840017410236 -0.06587058479841483 -0.056328651549098691 0.01014385027313314 0.009548380316211233 0.0022388734963176941 -0.038267295042404219 -0.00058545562110441424 0.030591954306141336 -0.061277675967118528 0.040730423991163257 0.018513606006548371 -0.047022784688833086 -0.00084826649679547485 0.019049417948878957 -0.081338856358829897 -0.072924133666128058
leaf_weight=60.444870600476861 7.2309969514608374 2.8549374043941524 1.5293482115957915 9.3286576941609365 16.201133010908965 13.490224972018039 4.7303310160059473 2.3252609912306053 3.6550775915384293 3.1999584771692753 6.8930957894772282 11.173588342964647 6.5648118313401929 61.008752290159464 13.953570041805504 1.6723335855640469 2.163230799138546
leaf_count=195 12 24 38 23 60 87 38 13 8 35 15 29 47 203 30 10 12
internal_value=-8.48245e-06 0.00298693 -0.00054604 -0.0178765 0.00703864 -0.00965751 -0.00614471 -0.00117269 -0.0214557 -0.046199 0.0188555 0.000329673 -0.00110145 -0.00533415 0.00274296 -0.0693922 -0.0659752
internal_weight=228.42 63.9311 56.7001 17.2607 39.4394 16.3452 14.059 164.489 11.3435 7.68845 23.0942 153.146 141.972 67.5736 74.3984 3.20168 5.36319
internal_count=879 307 295 109 186 111 61 572 68 60 75 504 475 250 225 48 47
is_linear=0
shrinkage=0.05


Tree=290
num_leaves=13
num_cat=0
split_feature=5 4 4 8 2 4 11 7 11 7 5 5
split_gain=0.331052 1.29587 1.29568 1.73844 0.558293 1.70326 1.47213 2.7722 0.638285 1.29577 0.522548 0.00297923
threshold=181.97916666666669 1.0986210000000003 1.2892457500000003 0.41665000000000002 8.4197765000000029 3.5361361666666666 0.00011201500000000002 2.5000000000000004 3.2410000000000003e-05 3.5000000000000004 132.75000000000003 216.54166666666669
decision_type=2 2 2 2 2 2 2 2 2 2 2 2
left_child=4 -2 -3 11 5 8 -7 -8 -1 -10 -6 -4
right_child=1 2 3 -5 10 6 7 -9 9 -11 -12 -13
leaf_value=0.012665140559410926 -0.066490760062634421 0.042534157880387134 -0.060887593398682098 0.0076427367894510295 0.00061953170267417133 0.0093068265854049301 -0.066891685912057339 -0.00040762099704903245 0.00094881889182150839 -0.017174113923752048 0.019044507800851689 -0.056400403093353715
leaf_weight=10.389287923462687 0.90863307553809036 1.2609292417764661 0.636844490712974 2.9256939571350813 7.9859018903225643 2.6850488595664483 3.2611823566257954 3.0198507290333509 175.52310171397403 10.450248919427393 7.4269660860300064 0.88251304184086621
leaf_count=38 33 7 15 19 27 13 38 14 591 39 16 29
internal_value=-1.02149e-05 -0.0110321 -0.0022007 -0.0148907 0.000320059 -0.000368872 -0.0216803 -0.0349269 0.000604227 -6.95483e-05 0.00949794 -0.0582812
internal_weight=227.356 6.61461 5.70598 4.44505 220.742 205.329 8.96608 6.28103 196.363 185.973 15.4129 1.51936
internal_count=879 103 70 63 776 733 65 52 668 630 43 44
is_linear=0
shrinkage=0.05


Tree=291
num_leaves=11
num_cat=0
split_feature=11 11 5 2 11 11 4 4 2 2
split_gain=0.330042 1.75524 1.59399 2.24133 1.53289 3.86346 1.04933 7.51356 4.09803 0.687008
threshold=6.6065000000000012e-05 8.1595000000000021e-05 119.4791666666667 2.2271065000000001 0.00010849750000000001 9.7820000000000022e-05 1.8920331333333336 1.7473772500000002 2.1412295000000006 0.89253150000000014
decision_type=2 2 2 2 2 2 2 2 2 2
left_child=2 -2 3 9 5 -3 7 -6 -8 -1
right_child=1 4 -4 -5 6 -7 8 -9 -10 -11
leaf_value=0.0083545262248624214 0.018909440704249283 -0.067734786240857978 0.021064023869045542 -0.040994074524135574 0.00049452927941055281 0.0051699952507125073 0.03520922043140004 -0.056135822558202743 0.00046235641540743147 -0.012914455388298961
leaf_weight=7.7421589493751579 12.363795379642395 2.9180655317613846 4.6047342312522224 4.8902316135354331 97.965668698656373 4.8168954811990261 9.688554495573042 6.2296182662248603 68.344013839494437 7.4503165483474731
leaf_count=23 32 32 26 36 389 20 13 27 254 27
internal_value=-1.10208e-05 0.000654927 -0.00546881 -0.0115525 -0.000533174 -0.0223338 0.00039219 -0.00289128 0.00477654 -0.00207568
internal_weight=227.014 202.327 24.6874 20.0827 189.963 7.73496 182.228 104.195 78.0326 15.1925
internal_count=879 767 112 86 735 52 683 416 267 50
is_linear=0
shrinkage=0.05


Tree=292
num_leaves=12
num_cat=0
split_feature=5 5 5 5 2 4 11 7 5 11 7
split_gain=0.302254 0.82836 1.20659 0.80984 0.525892 1.53437 1.41025 2.66707 0.805474 0.577434 1.18656
threshold=181.97916666666669 241.39583333333334 217.45833333333334 265.85416666666674 8.4197765000000029 3.5361361666666666 0.00011201500000000002 2.5000000000000004 97.291666666666671 3.2410000000000003e-05 3.5000000000000004
decision_type=2 2 2 2 2 2 2 2 2 2 2
left_child=4 2 -2 -3 5 9 -7 -8 -6 -1 -11
right_child=1 3 -4 -5 8 6 7 -9 -10 10 -12
leaf_value=0.01206839298654354 -0.02014480552142139 -0.0037706472381409451 0.032830135807709604 -0.067363406229059161 -0.0030363450494054669 0.0095704533238670716 -0.066266312361036528 -0.00041035764828768631 0.019898703611093024 0.0008871737352472228 -0.016465171338321989
leaf_weight=10.309865429997442 2.6494281395280259 0.9488292979076508 1.8086377691943196 1.0598591806483453 7.1649927115067831 2.6713248100131732 3.1317557692527771 3.0198529958724976 8.2200725190341455 175.15472075762227 10.438880121335385
leaf_count=38 43 12 15 33 24 13 38 14 19 591 39
internal_value=-1.06786e-05 -0.010665 0.00134713 -0.0373246 0.000302339 -0.000367638 -0.0207644 -0.0339373 0.0092176 0.000550977 -8.88246e-05
internal_weight=226.578 6.46675 4.45807 2.00869 220.111 204.726 8.82293 6.15161 15.3851 195.903 185.594
internal_count=879 103 58 45 776 733 65 52 43 668 630
is_linear=0
shrinkage=0.05


Tree=293
num_leaves=11
num_cat=0
split_feature=11 11 5 2 2 2 11 2 2 2
split_gain=0.330201 1.60871 1.43285 2.02533 0.922289 5.08275 3.56157 3.2645 1.85689 0.613983
threshold=6.6065000000000012e-05 7.2362500000000017e-05 119.4791666666667 2.2271065000000001 3.1619780000000004 2.8709200000000004 0.00080834749999995003 3.4807465000000004 2.7289145000000006 0.89253150000000014
decision_type=2 2 2 2 2 2 2 2 2 2
left_child=2 -2 3 9 5 8 7 -6 -3 -1
right_child=1 4 -4 -5 6 -7 -8 -9 -10 -11
leaf_value=0.0076357597790936253 0.028044524862903566 -0.0018476409191709891 0.019809464199140783 -0.039319576725063005 0.031474454700668307 -0.04617918668690521 -0.033480252611009481 0.0025287120623856251 0.026717156915302083 -0.012486713112377194
leaf_weight=7.7254053577780777 5.2225442244671276 108.93176925193984 4.5617330803070208 4.8628919264301649 11.72028195648454 6.3878270098939529 5.7655320765916249 57.668172010977287 6.0028914334543506 7.443150632083416
leaf_count=23 12 418 26 36 26 32 29 234 16 27
internal_value=-1.11174e-05 0.000655812 -0.00548089 -0.0112402 -7.22073e-05 -0.00276842 0.00428033 0.00741789 -0.000355738 -0.00223826
internal_weight=226.292 201.699 24.5932 20.0314 196.476 121.322 75.154 69.3885 114.935 15.1686
internal_count=879 767 112 86 755 466 289 260 434 50
is_linear=0
shrinkage=0.05


Tree=294
num_leaves=11
num_cat=0
split_feature=6 4 4 2 5 2 2 2 11 2
split_gain=0.303506 0.969009 2.41099 4.41193 1.322 0.829422 1.76663 1.31914 3.9139 2.25459
threshold=1.5000000000000002 1.3699818333333336 1.7109155000000003 3.9284415000000004 83.625000000000014 9.2279905000000024 7.6608965000000007 5.4506525000000012 0.00032566250000000006 4.6737245000000014
decision_type=2 2 2 2 2 2 2 2 2 2
left_child=5 -2 -3 -4 -5 6 7 9 -9 -1
right_child=1 2 3 4 -6 -7 -8 8 -10 -11
leaf_value=-0.00014110179424854497 -0.027971455552213961 0.026115179559421848 -0.046932369884007043 0.027653730769118902 -0.0095664900221062426 -0.015063532579564904 0.026443612220040505 -0.064422177619816265 0.0015831256419459217 0.021599365696825253
leaf_weight=161.81631870786077 3.9383077814709422 5.9147405987605479 5.5632257387042037 4.7831914266571385 4.759640441974625 8.0753848785534483 6.7380496854893854 3.0638884250074616 8.412459082901476 12.874071925878523
leaf_count=606 25 13 28 19 26 33 22 38 32 37
internal_value=-1.0364e-05 -0.00521056 -0.000946245 -0.0115421 0.00908955 0.000635433 0.00129262 0.000382318 -0.0160386 0.00146109
internal_weight=225.939 24.9591 21.0208 15.1061 9.54283 200.98 192.905 186.167 11.4763 174.69
internal_count=879 111 86 73 45 768 735 713 70 643
is_linear=0
shrinkage=0.05


Tree=295
num_leaves=12
num_cat=0
split_feature=5 4 4 8 2 4 2 2 4 2 5
split_gain=0.30828 1.18004 1.65542 1.68829 0.541761 0.780342 4.21925 3.00074 1.69479 1.8076 0.00289185
threshold=181.97916666666669 1.0986210000000003 1.1396375000000003 0.41665000000000002 9.8443390000000015 2.4993550000000004 2.8481295000000006 2.9526710000000005 2.2219772500000006 4.3379670000000008 213.5
decision_type=2 2 2 2 2 2 2 2 2 2 2
left_child=4 -2 -3 10 5 8 -7 -8 9 -1 -4
right_child=1 2 3 -5 -6 6 7 -9 -10 -11 -12
leaf_value=0.00083774719811320869 -0.065106009990078914 0.053957379294050062 -0.05982988485781391 0.0072040878590586988 0.012158122646859164 -0.065949263246097581 0.045188965682122918 -0.0064722187068505304 0.018223014322568131 -0.027130851688265907 -0.055481254703013655
leaf_weight=151.92626883555204 0.86613109536119637 1.0557483136653898 0.65400457428768255 2.8554813368245959 9.2329654805362207 2.7826519683003417 3.0752415210008612 32.696048010140657 13.513847183436154 6.0053167007863513 0.9202492346521467
leaf_count=509 33 2 13 19 22 22 4 154 39 26 36
internal_value=-1.03608e-05 -0.0108696 -0.00230591 -0.0157153 0.000304253 -0.000216921 -0.00664427 -0.00203093 0.00122843 -0.000225753 -0.0572878
internal_weight=225.584 6.35161 5.48548 4.42974 219.232 209.999 38.5539 35.7713 171.445 157.932 1.57425
internal_count=879 103 70 68 776 754 180 158 574 535 49
is_linear=0
shrinkage=0.05


Tree=296
num_leaves=7
num_cat=0
split_feature=11 11 11 11 11 2
split_gain=0.320597 0.664446 2.23965 1.16345 1.38567 1.05913
threshold=2.3605000000000005e-05 4.9990000000000008e-05 6.7955000000000009e-05 8.1595000000000021e-05 0.00010849750000000001 1.6437020000000004
decision_type=2 2 2 2 2 2
left_child=-1 5 -3 -4 -5 -2
right_child=1 2 3 4 -6 -7
leaf_value=-0.011741965760141616 -0.0040589354588385146 -0.03223521016278158 0.016930220496749065 -0.021396014034436677 0.00039154872178487473 0.022193690467964482
leaf_weight=5.6769052920863023 7.037191465497016 5.4005617916118345 10.101373949553816 7.6044127831119104 180.89636127950507 8.4611839638091606
leaf_count=36 22 32 28 52 683 26
internal_value=-1.05729e-05 0.000292833 -0.000465406 0.000398506 -0.000487395 0.0102734
internal_weight=225.178 219.501 204.003 198.602 188.501 15.4984
internal_count=879 843 795 763 735 48
is_linear=0
shrinkage=0.05


Tree=297
num_leaves=12
num_cat=0
split_feature=11 11 2 2 2 2 11 2 2 2 5
split_gain=0.307849 1.50734 1.43708 2.36347 0.813259 4.66199 3.24156 3.00199 1.63569 0.255457 0.174258
threshold=6.6065000000000012e-05 7.2362500000000017e-05 3.0991410000000004 1.6437020000000004 3.1619780000000004 2.8709200000000004 0.00080834749999995003 3.4807465000000004 2.7289145000000006 0.7083695000000001 13.895833333333334
decision_type=2 2 2 2 2 2 2 2 2 2 2
left_child=2 -2 3 9 5 8 7 -6 -3 -1 -4
right_child=1 4 10 -5 6 -7 -8 -9 -10 -11 -12
leaf_value=-0.005834457171351214 0.027301403641798113 -0.0016816735063733116 -0.016526149711779663 0.022495617192037853 0.030289816101089065 -0.044428293720585724 -0.032022948789358172 0.0023577040514447529 0.025497110494830368 -0.021308848270935207 -0.034041642935805444
leaf_weight=5.2186980899423414 5.1626139106228939 108.77450854040217 2.4053208082914344 7.7783812601119271 11.560913889901711 6.3145146137103429 5.7520256044808766 57.27501870400738 5.8326427653955752 5.454710379242897 3.4664347528014332
leaf_count=19 12 418 9 25 26 32 29 234 16 23 36
internal_value=-9.96331e-06 0.000633942 -0.00532226 0.0015336 -7.02375e-05 -0.00260293 0.00403575 0.00704887 -0.000298478 -0.0137427 -0.0268666
internal_weight=224.996 200.672 24.3235 18.4518 195.51 120.922 74.588 68.8359 114.607 10.6734 5.87176
internal_count=879 767 112 67 755 466 289 260 434 42 45
is_linear=0
shrinkage=0.05


Tree=298
num_leaves=11
num_cat=0
split_feature=6 4 2 4 2 2 2 2 11 2
split_gain=0.31076 0.905142 3.95949 1.14189 1.12775 0.76894 1.64382 1.12679 3.74138 2.07904
threshold=1.5000000000000002 1.5495705000000002 3.3717150000000005 2.2404220000000006 8.6923735000000022 9.2279905000000024 7.6608965000000007 5.4506525000000012 0.00032566250000000006 4.6737245000000014
decision_type=2 2 2 2 2 2 2 2 2 2
left_child=5 -2 -3 -4 -5 6 7 9 -9 -1
right_child=1 2 3 4 -6 -7 -8 8 -10 -11
leaf_value=-0.00014309161211216209 0.0094709357578977235 -0.046803904166506559 0.023413902903043883 -0.029065520478984298 0.01079458727721659 -0.014519624753328589 0.025643871969055401 -0.063599872102687416 0.0020741829026747287 0.020831009781579271
leaf_weight=161.17778818437364 7.3028974053449955 5.4530738489702371 4.8195210390258563 3.3745135439094156 3.7424809308722615 8.0245925115887058 6.681150136049836 2.92357146332506 8.3981317542493326 12.749706437811254
leaf_count=606 30 28 12 27 14 33 22 38 32 37
internal_value=-9.24331e-06 -0.00530119 -0.0115049 0.00462114 -0.00810503 0.00064426 0.00127826 0.000399497 -0.0148846 0.00139441
internal_weight=224.647 24.6925 17.3896 11.9365 7.11699 199.955 191.93 185.249 11.3217 173.927
internal_count=879 111 81 53 41 768 735 713 70 643
is_linear=0
shrinkage=0.05


Tree=299
num_leaves=13
num_cat=0
split_feature=5 4 4 8 2 4 11 4 11 4 2 5
split_gain=0.316214 1.09528 1.57113 1.55897 0.527913 0.774484 1.53262 5.44139 3.08605 1.43845 1.66135 0.00251913
threshold=181.97916666666669 1.0986210000000003 1.1396375000000003 0.41665000000000002 9.8443390000000015 2.4993550000000004 0.00020878000000000002 4.7826915000000012 0.00034772250000000008 2.2219772500000006 4.3379670000000008 213.5
decision_type=2 2 2 2 2 2 2 2 2 2 2 2
left_child=4 -2 -3 11 5 9 7 -7 -8 10 -1 -4
right_child=1 2 3 -5 -6 6 8 -9 -10 -11 -12 -13
leaf_value=0.0009099655880599009 -0.064606224772493753 0.053724633632146496 -0.059346732258654535 0.0060121677596039558 0.012045748883927163 -0.065616740610753108 0.017334612344322112 0.01284851331490253 -0.015455645218594325 0.01696425377452828 -0.025943238118608894 -0.055202960714559872
leaf_weight=151.60221146652475 0.83004274769336817 0.997279793024063 0.62975707475561626 2.8288289606571198 9.1736212745308858 4.2566807116381806 12.739967823494228 4.5942066581919789 16.428598267957568 13.382396422326563 5.9873139504343262 0.87830576824489981
leaf_count=509 33 2 13 19 22 49 41 16 74 39 26 36
internal_value=-9.37963e-06 -0.0111773 -0.00286328 -0.0158758 0.000306167 -0.000209138 -0.00666377 -0.024888 -0.00113383 0.00122619 -0.000110271 -0.0569334
internal_weight=224.329 6.16421 5.33417 4.33689 218.165 208.991 38.0195 8.85089 29.1686 170.972 157.59 1.50806
internal_count=879 103 70 68 776 754 180 65 115 574 535 49
is_linear=0
shrinkage=0.05


end of trees

feature_importances:
fee_btc=987
avg_tx_value=782
total_btc_volume=670
active_lifespan_days=328
ip_reuse_score=67
burst_ratio=44
peel_chain_depth=35
fan_in=24
num_tx_total=9
fan_out=7

parameters:
[boosting: gbdt]
[objective: binary]
[metric: binary_logloss]
[tree_learner: serial]
[device_type: cpu]
[data_sample_strategy: bagging]
[data: ]
[valid: ]
[num_iterations: 300]
[learning_rate: 0.05]
[num_leaves: 31]
[num_threads: 8]
[seed: 42]
[deterministic: 0]
[force_col_wise: 0]
[force_row_wise: 0]
[histogram_pool_size: -1]
[max_depth: 5]
[min_data_in_leaf: 20]
[min_sum_hessian_in_leaf: 0.001]
[bagging_fraction: 1]
[pos_bagging_fraction: 1]
[neg_bagging_fraction: 1]
[bagging_freq: 0]
[bagging_seed: 400]
[bagging_by_query: 0]
[feature_fraction: 1]
[feature_fraction_bynode: 1]
[feature_fraction_seed: 30056]
[extra_trees: 0]
[extra_seed: 12879]
[early_stopping_round: 0]
[early_stopping_min_delta: 0]
[first_metric_only: 0]
[max_delta_step: 0]
[lambda_l1: 0]
[lambda_l2: 0]
[linear_lambda: 0]
[min_gain_to_split: 0]
[drop_rate: 0.1]
[max_drop: 50]
[skip_drop: 0.5]
[xgboost_dart_mode: 0]
[uniform_drop: 0]
[drop_seed: 17869]
[top_rate: 0.2]
[other_rate: 0.1]
[min_data_per_group: 100]
[max_cat_threshold: 32]
[cat_l2: 10]
[cat_smooth: 10]
[max_cat_to_onehot: 4]
[top_k: 20]
[monotone_constraints: ]
[monotone_constraints_method: basic]
[monotone_penalty: 0]
[feature_contri: ]
[forcedsplits_filename: ]
[refit_decay_rate: 0.9]
[cegb_tradeoff: 1]
[cegb_penalty_split: 0]
[cegb_penalty_feature_lazy: ]
[cegb_penalty_feature_coupled: ]
[path_smooth: 0]
[interaction_constraints: ]
[verbosity: -1]
[saved_feature_importance_type: 0]
[use_quantized_grad: 0]
[num_grad_quant_bins: 4]
[quant_train_renew_leaf: 0]
[stochastic_rounding: 1]
[linear_tree: 0]
[max_bin: 255]
[max_bin_by_feature: ]
[min_data_in_bin: 3]
[bin_construct_sample_cnt: 200000]
[data_random_seed: 175]
[is_enable_sparse: 1]
[enable_bundle: 1]
[use_missing: 1]
[zero_as_missing: 0]
[feature_pre_filter: 1]
[pre_partition: 0]
[two_round: 0]
[header: 0]
[label_column: ]
[weight_column: ]
[group_column: ]
[ignore_column: ]
[categorical_feature: ]
[forcedbins_filename: ]
[precise_float_parser: 0]
[parser_config_file: ]
[objective_seed: 16083]
[num_class: 1]
[is_unbalance: 0]
[scale_pos_weight: 7.96939]
[sigmoid: 1]
[boost_from_average: 1]
[reg_sqrt: 0]
[alpha: 0.9]
[fair_c: 1]
[poisson_max_delta_step: 0.7]
[tweedie_variance_power: 1.5]
[lambdarank_truncation_level: 30]
[lambdarank_norm: 1]
[label_gain: ]
[lambdarank_position_bias_regularization: 0]
[eval_at: ]
[multi_error_top_k: 1]
[auc_mu_weights: ]
[num_machines: 1]
[local_listen_port: 12400]
[time_out: 120]
[machine_list_filename: ]
[machines: ]
[gpu_platform_id: -1]
[gpu_device_id: -1]
[gpu_device_id_list: ]
[gpu_use_dp: 0]
[num_gpu: 1]

end of parameters

pandas_categorical:[]
