wallet,wallet_label,iso_score,lgbm_prob,cluster_risk,network_redflags,final_score
addr_0000086,1.0,0.6135652106515934,0.9089502391798933,1.0,0.42857142857142855,0.7905068017245781
addr_0003385,1.0,0.9618329423004289,0.80789582565797,0.0,0.4920523809523809,0.6609134510485548
addr_0000451,1.0,0.44462724404018084,0.8387488904663404,0.5,0.6190476190476191,0.6307924913033522
addr_0002741,2.0,0.17768695910794507,0.8190198812717732,1.0,0.4761904761904762,0.6285330878601405
addr_0004323,2.0,0.7482170433046095,0.8358266930673905,0.0,0.5238095238095238,0.6111767425992916
addr_0001153,1.0,0.6847659186462082,0.8451911359669195,0.0,0.5872904761904761,0.6022352775996779
addr_0002746,2.0,0.7769972295358121,0.7828355499738494,0.0,0.5476190476190476,0.6009952936121882
addr_0002529,1.0,0.8074817817396436,0.7995378617347655,0.0,0.38095238095238093,0.6001549173110373
addr_0004493,1.0,0.5756768353882387,0.910590376502427,0.0,0.5476190476190476,0.5917011059793472
addr_0003683,2.0,0.8373659035822155,0.6587577366707018,0.0,0.6349095238095238,0.5782038181238978
addr_0000753,1.0,0.6308233087620478,0.8543427671913839,0.0,0.38095238095238093,0.569079337600406
addr_0003204,2.0,0.6745085540000665,0.8021864516837887,0.0,0.38095238095238093,0.5613223849687735
addr_0004919,2.0,0.5930684900765932,0.8161683966843102,0.0,0.5476190476190476,0.5591498104586069
addr_0001907,3.0,0.6950449230511905,0.7204907016771387,0.0,0.6031857142857143,0.557028329014784
addr_0001485,1.0,0.3225791115408771,0.8238311548876293,0.3333333333333333,0.5714285714285715,0.5501157192268387
addr_0003739,2.0,0.5965155808028878,0.8200514091811306,0.0,0.42857142857142855,0.5498323807704614
addr_0002023,3.0,0.6770652939661551,0.7584728020630028,0.0,0.38095238095238093,0.5446039471102857
addr_0001740,2.0,0.23382832846346271,0.814926360148166,0.5,0.4761904761904762,0.5437380902173529
addr_0002086,2.0,0.6001888081600458,0.8041194645610091,0.0,0.38095238095238093,0.5397996663676555
addr_0004627,1.0,0.41513376530851864,0.8956130651336162,0.0,0.5476190476190476,0.5375472604079069
addr_0000784,1.0,0.4116252081243376,0.8815231727046083,0.0,0.5952380952380952,0.5356206410429541
addr_0001842,1.0,0.39323046280403673,0.9473887610965874,0.0,0.38095238095238093,0.5350198813750842
addr_0000500,2.0,0.36472814101323625,0.5951284508658978,0.6666666666666666,0.5238095238095238,0.5331841083646157
addr_0001393,1.0,0.5526363514504479,0.7356390154534627,0.0,0.7142857142857143,0.5314750830450908
addr_0004122,2.0,0.1887959252259758,0.5793536675604961,1.0,0.42857142857142855,0.5312373874491341
addr_0004436,2.0,0.5503281485470624,0.7545011212080975,0.0,0.6428571428571429,0.531184607333072
addr_0004572,1.0,0.4663162752602336,0.8393311958381726,0.0,0.5476190476190476,0.5303892656752439
addr_0003064,3.0,0.7042327859223475,0.399840259523676,0.5,0.5872904761904761,0.5299349872052223
addr_0000942,1.0,0.4518837813450226,0.8447903416519758,0.0,0.5476190476190476,0.528243175826202
addr_0001834,1.0,0.42677956914307613,0.8570544396560613,0.0,0.5476190476190476,0.5256175513672522
addr_0003005,1.0,0.3777037429471184,0.8850289913553945,0.0,0.5476190476190476,0.5220846241881981
addr_0002921,2.0,0.360897555410383,0.37933669552197047,1.0,0.6190476190476191,0.521908706736665
addr_0000512,1.0,0.4415903871517514,0.8711955974887831,0.0,0.38095238095238093,0.5190505932362768
addr_0004177,1.0,0.41670298117534993,0.8432034728149208,0.0,0.5476190476190476,0.5170541882404781
addr_0000235,1.0,0.38572969135138163,0.9056036920942133,0.0,0.38095238095238093,0.5160556223383379
addr_0003476,1.0,0.4389698024516314,0.8229462716220408,0.0,0.5476190476190476,0.5156313541462105
addr_0002535,2.0,0.3539428337087056,0.37329783539333455,1.0,0.5952380952380952,0.515025793793755
addr_0001378,3.0,0.7157995632140524,0.6076139763009938,0.0,0.5476190476190476,0.512547364246518
addr_0000520,1.0,0.43762611188643397,0.812569623473076,0.0,0.5476190476190476,0.5110775877170655
addr_0002559,2.0,0.2643686211249838,0.6966427353930716,0.5,0.5238095238095238,0.5103486328756762
addr_0002484,3.0,0.3229050150395245,0.9368202065095077,0.0,0.38095238095238093,0.5096948252108985
addr_0001574,2.0,0.3229050150395245,0.9368202065095077,0.0,0.38095238095238093,0.5096948252108985
addr_0000793,3.0,0.4197160122763496,0.7899111264069237,0.0,0.6666666666666666,0.5085459209123411
addr_0002533,1.0,0.3508948490867255,0.8704009854371507,0.0,0.5476190476190476,0.5081907536627828
addr_0000783,2.0,0.664037134018966,0.6650517885393319,0.0,0.42857142857142855,0.5080889984785654
addr_0004608,1.0,0.26173907666804674,0.774211046937903,0.3333333333333333,0.5238095238095238,0.5072537608231943
addr_0002199,3.0,0.8494210138262515,0.49126913830275687,0.0,0.5476190476190476,0.5060958642308829
addr_0003445,3.0,0.5821309718025957,0.6831521761009236,0.0,0.5476190476190476,0.5026620667430529
addr_0004955,3.0,0.6019854314173093,0.6662203870744662,0.0,0.5476190476190476,0.5018456890168841
addr_0004727,3.0,0.6888050590144172,0.5611498131918585,0.0,0.6904761904761904,0.5001490620286876
addr_0003456,3.0,0.5309399040416061,0.7504506035786325,0.0,0.38095238095238093,0.4975574507391729
addr_0000431,1.0,0.3107548958677327,0.9126536993830725,0.0,0.38095238095238093,0.4963831866087869
addr_0000578,3.0,0.6953700500586983,0.5332577520130338,0.0,0.7142857142857143,0.49334268725139446
addr_0003711,3.0,0.5953552610361598,0.6901504075435323,0.0,0.38095238095238093,0.492761979423499
addr_0001028,1.0,0.390915985422414,0.8408092576586776,0.0,0.38095238095238093,0.4916937367854334
addr_0002077,1.0,0.43683576467551893,0.7666165777219208,0.0,0.5238095238095238,0.49007831287237635
addr_0003871,3.0,0.5454524771858569,0.6633088889354991,0.0,0.6031857142857143,0.4892778701585282
addr_0000292,1.0,0.39196507969246513,0.7988710118147021,0.0,0.4761904761904762,0.484756976252668
addr_0004541,1.0,0.31793660412359065,0.8344887605020512,0.0,0.5476190476190476,0.48393839019980245
addr_0002751,3.0,0.5142940161899573,0.6790538409467449,0.0,0.5714285714285715,0.4830525983785423
addr_0002683,1.0,0.42603324578389273,0.7912197643394756,0.0,0.38095238095238093,0.4823931175661962
addr_0000266,3.0,0.5903216127332622,0.6614828262574527,0.0,0.38095238095238093,0.4797848524181979
addr_0003250,1.0,0.38084299175417446,0.7638423634087786,0.0,0.5952380952380952,0.4793136524135734
addr_0004301,2.0,0.2659525162749594,0.89131622097499,0.0,0.42857142857142855,0.47916938612962673
addr_0000957,2.0,0.6324292934313259,0.5775338816330874,0.0,0.5476190476190476,0.4755042454445375
addr_0000983,2.0,0.5191432841704534,0.6593724802803501,0.0,0.5476190476190476,0.4742538821251808
addr_0002423,2.0,0.6577637730894551,0.2784847001252556,0.5,0.6428571428571429,0.473008726262653
addr_0002743,2.0,0.16867184634666801,0.9577236452011108,0.0,0.38095238095238093,0.4717862500796828
addr_0004477,2.0,0.23550416661357335,0.8944385469207707,0.0,0.38095238095238093,0.4665219068476184
addr_0004126,0.0,0.8695931792645373,0.5050902626105356,0.0,0.0,0.4629140588235754
addr_0003989,1.0,0.18172120996211563,0.9247199020619301,0.0,0.38095238095238093,0.46249956190864483
addr_0003784,1.0,0.36524230757275034,0.751195226979317,0.0,0.5238095238095238,0.46243173544450433
addr_0001243,1.0,0.2970108002736483,0.7960778380908307,0.0,0.5476190476190476,0.4622962800803315
addr_0003403,3.0,0.43478816364438544,0.180595374814882,1.0,0.5952380952380952,0.462198408543078
addr_0001752,1.0,0.2960086060875028,0.8356605356600172,0.0,0.38095238095238093,0.46116203418549584
addr_0002406,2.0,0.6921188455216445,0.2190378177048371,0.5,0.6428571428571429,0.4595364950241425
addr_0003256,3.0,0.4375611233578295,0.6835928743682913,0.0,0.5476190476190476,0.4594673915165701
addr_0004488,1.0,0.2106967729353088,0.8584535758793964,0.0,0.5238095238095238,0.4589714146133036
addr_0003036,1.0,0.18745791540526272,0.8851858620916987,0.0,0.4761904761904762,0.4579307670773059
addr_0001446,2.0,0.6792558795608807,0.5365093886549746,0.0,0.38095238095238093,0.4564757574254922
addr_0004364,2.0,0.5765449881782319,0.5775163403399186,0.0,0.5238095238095238,0.4563509849703894
addr_0002641,3.0,0.18236705665938024,0.39581882273003766,1.0,0.42857142857142855,0.45589478894697205
addr_0002628,1.0,0.32170153284145014,0.7964878067220571,0.0,0.38095238095238093,0.453200820636496
addr_0003154,3.0,0.6115700988086082,0.18307764348382116,0.6666666666666666,0.6190476190476191,0.4519401822742062
addr_0001244,1.0,0.2021268550677841,0.8807566865625726,0.0,0.38095238095238093,0.4510359692406024
addr_0003781,3.0,0.31743402925627223,0.7906456335859232,0.0,0.38095238095238093,0.4495837003064891
addr_0002692,1.0,0.33133113030897354,0.738292035667226,0.0,0.5476190476190476,0.4494780581214872
addr_0004298,1.0,0.30424119025366764,0.7994749043222897,0.0,0.38095238095238093,0.4491575569002543
addr_0002457,1.0,0.24297696943678995,0.8446494014717589,0.0,0.38095238095238093,0.4488480895149787
addr_0003267,1.0,0.35505309470965407,0.542328658302903,0.3333333333333333,0.5714285714285715,0.4472569155435812
addr_0000999,0.0,0.865488114922515,0.46792138262615873,0.0,0.0,0.44681498752721804
addr_0003029,3.0,0.44792691491612757,0.6846030194124637,0.0,0.38095238095238093,0.4463145203350618
addr_0000572,3.0,0.2392188485556153,0.8284157308177087,0.0,0.42857142857142855,0.44598908975091095
addr_0004129,2.0,0.7329297875058486,0.42712683682023384,0.0,0.5476190476190476,0.4454915757417529
addr_0003701,0.0,0.8586648301061639,0.46792138262615873,0.0,0.0,0.4447680020823127
addr_0003488,3.0,0.1337634309398617,0.38960722455549285,1.0,0.4761904761904762,0.4435909667232033
addr_0000558,1.0,0.18996531824176818,0.8696733748861294,0.0,0.38095238095238093,0.4429541835222204
addr_0003148,2.0,0.4117312802689681,0.1785396712448801,1.0,0.4761904761904762,0.4425543001976901
addr_0000966,2.0,0.4523979981219318,0.5990812522319653,0.0,0.6666666666666666,0.4420185669960323
addr_0003904,3.0,0.4443612697518245,0.28069290782397055,0.6666666666666666,0.6190476190476191,0.44082363929323076
addr_0001035,2.0,0.6177273014902391,0.4969954658132096,0.0,0.5476190476190476,0.43887828153426034
addr_0000388,2.0,0.36665171733457297,0.6844422479883058,0.0,0.5476190476190476,0.438534319157599
addr_0004764,1.0,0.14075454257670186,0.8947636017259692,0.0,0.38095238095238093,0.43822704155863634
addr_0002820,2.0,0.5620704963117557,0.5359977843462285,0.0,0.5476190476190476,0.43778216739392284
addr_0002250,3.0,0.8041374877775245,0.36634572729256626,0.0,0.4920523809523809,0.4369847753455219
addr_0001095,2.0,0.28520204776121977,0.7368761284087776,0.0,0.5476190476190476,0.4350729704537817
addr_0000343,2.0,0.379063024587698,0.6604492351579354,0.0,0.5714285714285715,0.4350414585823407
addr_0002553,1.0,0.25487034534335984,0.7752781852025442,0.0,0.4761904761904762,0.43419142530307325
addr_0003740,1.0,0.48644655800011866,0.5533738980048003,0.0,0.6666666666666666,0.4339501932686224
addr_0002546,1.0,0.12874238892611667,0.869153681629544,0.0,0.4761904761904762,0.43390323694870025
addr_0000114,2.0,0.4422503766096992,0.6147976099561,0.0,0.5476190476190476,0.4333560617272545
addr_0003909,3.0,0.6707381876422672,0.40631469487213256,0.0,0.6904761904761904,0.4327949532891522
addr_0004004,2.0,0.6461806376784305,0.45148445527031017,0.0,0.5714285714285715,0.43159083055451036
addr_0002472,1.0,0.11436710333193995,0.894542721728149,0.0,0.38095238095238093,0.4302224577860797
addr_0000234,2.0,0.1421951586490268,0.8497339547846354,0.0,0.4761904761904762,0.4301711771276099
addr_0004649,1.0,0.12584317670503406,0.8612608627806273,0.0,0.4761904761904762,0.42987634574280875
addr_0003450,2.0,0.1263531304486772,0.8843087535135923,0.0,0.38095238095238093,0.4297246786352782
addr_0003424,1.0,0.2401918121136339,0.773343976394611,0.0,0.4761904761904762,0.4290141818109822
addr_0002368,0.0,0.3119618148189289,0.3375594521260201,1.0,0.0,0.4286123252960867
addr_0003601,2.0,0.5180883272722755,0.559852673382799,0.0,0.4920523809523809,0.42857280563004035
addr_0004296,1.0,0.5185602044422327,0.2762589477907167,0.5,0.6190476190476191,0.42797640235371837
addr_0001051,2.0,0.13507049455678596,0.8713957194117299,0.0,0.38095238095238093,0.42717467422696587
addr_0002562,2.0,0.05637026286278909,0.929282778371609,0.0,0.38095238095238093,0.4267194283027185
addr_0000074,1.0,0.12843159083934957,0.8750024890763418,0.0,0.38095238095238093,0.42662571097757973
addr_0000428,3.0,0.5785281781615996,0.4636535954724969,0.0,0.6666666666666666,0.4256865583041453
addr_0002359,1.0,0.14313548726474104,0.8375140921794851,0.0,0.4761904761904762,0.425565330670264
addr_0000807,3.0,0.669174664140387,0.4161163875337791,0.0,0.5476190476190476,0.42196085901753255
addr_0003102,2.0,0.5221014891591078,0.5261435482685193,0.0,0.5476190476190476,0.4218497708170448
addr_0000559,2.0,0.1387246455225239,0.8302369762758383,0.0,0.4761904761904762,0.42133123178614007
addr_0003124,3.0,0.5400737131136458,0.50951938781193,0.0,0.5476190476190476,0.4205917738207705
addr_0001356,1.0,0.07601930882521145,0.8979402130668737,0.0,0.38095238095238093,0.420077115969551
addr_0000885,3.0,0.16435195420399035,0.8069686557247009,0.0,0.4761904761904762,0.4197120961701251
addr_0002203,1.0,0.1155715756112797,0.8671981266349867,0.0,0.38095238095238093,0.4196459614326167
addr_0003271,2.0,0.12353510021018045,0.8357515300588956,0.0,0.4761904761904762,0.41898018970566003
addr_0001436,1.0,0.1191921459163014,0.8610158916339459,0.0,0.38095238095238093,0.41825923852370694
addr_0002320,3.0,0.5679547397010938,0.13147169749481416,0.6666666666666666,0.6190476190476191,0.418213196146349
addr_0001127,3.0,0.35804986489135443,0.6396953102080317,0.0,0.5476190476190476,0.41805498831252375
addr_0001635,1.0,0.187500819357955,0.7963128359124027,0.0,0.42857142857142855,0.4176325230294905
addr_0001641,2.0,0.6244027806459613,0.1521793154913712,0.5,0.6904761904761904,0.4172401794379559
addr_0003080,2.0,0.6631834964758272,0.1762183021593168,0.5,0.4761904761904762,0.41706141742552244
addr_0000089,3.0,0.017810708922085788,0.9334422780700404,0.0,0.38095238095238093,0.41681536199988
addr_0003997,3.0,0.5763737385234595,0.5109379190262306,0.0,0.38095238095238093,0.41538252726276825
addr_0002488,3.0,0.49543036434338505,0.4939661362376239,0.0,0.6904761904761904,0.4152631828456841
addr_0003881,2.0,0.6431429538777012,0.43063439539693665,0.0,0.4920523809523809,0.41440188241732306
addr_0000917,1.0,0.3525329025609103,0.662019899387182,0.0,0.42857142857142855,0.4134249733802888
addr_0004108,3.0,0.016810546515159674,0.9248196687487201,0.0,0.38095238095238093,0.41306626954927406
addr_0000561,1.0,0.1805765529926936,0.8019842390394739,0.0,0.38095238095238093,0.41306189960883577
addr_0001918,3.0,0.4366601591737277,0.6095037817689257,0.0,0.38095238095238093,0.4128947985549267
addr_0000467,1.0,0.1366555980723633,0.832429502201362,0.0,0.38095238095238093,0.4120637183974919
addr_0003122,2.0,0.6608306214633818,0.419947996513636,0.0,0.44761904761904764,0.41099028980637375
addr_0002114,3.0,0.469440262061293,0.5796865809833007,0.0,0.38095238095238093,0.41080194910694623
addr_0001058,2.0,0.5668104102478604,0.500964809646295,0.0,0.38095238095238093,0.4085242850281142
addr_0000537,2.0,0.7783453797862933,0.29009139462448186,0.0,0.5872904761904761,0.4082692194047284
addr_0000857,2.0,0.6552347574816247,0.39039091602150816,0.0,0.5476190476190476,0.40748869841499546
addr_0003243,1.0,0.14381394437402653,0.8119477517202212,0.0,0.38095238095238093,0.40601852209553446
addr_0000698,2.0,0.5350174649227415,0.005749171075617116,1.0,0.42857142857142855,0.4056620507642122
addr_0000909,1.0,0.32606721876136685,0.6732456865107587,0.0,0.38095238095238093,0.40521367832795163
addr_0004657,0.0,0.1786933517904629,0.37870249233023057,1.0,0.0,0.40508900246923113
addr_0002882,2.0,0.35392865810630203,0.60944556940088,0.0,0.5476190476190476,0.40471872995414737
addr_0003627,2.0,0.4761899125701365,0.5466915124888875,0.0,0.42857142857142855,0.40439072162373885
addr_0003000,2.0,0.42416356157351565,0.5535946096880848,0.0,0.5476190476190476,0.40344881710919345
addr_0004080,2.0,0.20474994010465417,0.2461395851757554,1.0,0.42857142857142855,0.4027379589588413
addr_0000714,2.0,0.15396782950534166,0.795956820478004,0.0,0.38095238095238093,0.40266831513804224
addr_0003350,2.0,0.40676877280049367,0.60627439032295,0.0,0.38095238095238093,0.40263562606456615
addr_0002875,2.0,0.7149277813793751,0.37495486493851504,0.0,0.38095238095238093,0.4025555184844566
addr_0001183,3.0,0.29163173944813586,0.38974334274954847,0.5,0.5714285714285715,0.4005297160771173
addr_0001844,0.0,0.9149878529682107,0.31046197520740587,0.0,0.0,0.3986811459734256
addr_0000781,1.0,0.14874109161292792,0.7893320128397304,0.0,0.38095238095238093,0.39845037071500866
addr_0001204,1.0,0.10920745600701356,0.81878184251999,0.0,0.38095238095238093,0.39837021190533817
addr_0003443,3.0,0.6486330605520363,0.3860678622743745,0.0,0.4920523809523809,0.3982223011705988
addr_0000346,2.0,0.2388839505611255,0.6968753585790366,0.0,0.4761904761904762,0.3980343762189999
addr_0002016,1.0,0.03895855344516432,0.8699112383477219,0.0,0.38095238095238093,0.39774729946787624
addr_0001903,3.0,0.5725527003863243,0.1114688271836536,0.5,0.8095238095238096,0.39730572194173974
addr_0002516,1.0,0.18766988452996503,0.75722716782311,0.0,0.38095238095238093,0.39728707058347157
addr_0001655,2.0,0.4487755781182035,0.5190751711793744,0.0,0.5476190476190476,0.39702464666911563
addr_0002617,3.0,0.10906010504221333,0.3029807939652662,1.0,0.42857142857142855,0.3967674919559134
addr_0002959,3.0,0.1695616719180854,0.7687318703414919,0.0,0.38095238095238093,0.3964564878072605
addr_0000236,2.0,0.3106964857067488,0.662019899387182,0.0,0.38095238095238093,0.39611214356213553
addr_0004843,2.0,0.1797535936181979,0.7481400773157718,0.0,0.42857142857142855,0.396039251868911
addr_0001026,1.0,0.2071306374992402,0.7268906843857385,0.0,0.42857142857142855,0.39575260786121036
addr_0002648,2.0,0.348797862019078,0.5900235394296308,0.0,0.5476190476190476,0.39541067913948047
addr_0000399,3.0,0.22441783314739122,0.20108413583646756,1.0,0.4761904761904762,0.395378051897852
addr_0001497,3.0,0.3483352811251153,0.5900235394296308,0.0,0.5476190476190476,0.3952719048712917
addr_0000197,2.0,0.5711485240581426,0.4224932692122999,0.0,0.5476190476190476,0.3951037696642675
addr_0002018,2.0,0.4655548350102049,0.5057111114099055,0.0,0.5238095238095238,0.3943318474479761
addr_0003339,1.0,0.016617129881066207,0.8748925347370963,0.0,0.38095238095238093,0.3930373909543965
addr_0002213,0.0,0.7886922169777995,0.3893064259302747,0.0,0.0,0.39233023546544976
addr_0002140,2.0,0.5673415052621879,0.4315574744135084,0.0,0.4920523809523809,0.39203067943929776
addr_0004594,2.0,0.16298640395235606,0.760946963584842,0.0,0.38095238095238093,0.39136994471488173
addr_0000954,2.0,0.5346376371567821,0.48214996979885155,0.0,0.38095238095238093,0.39134651716181335
addr_0000699,3.0,0.07872306502471785,0.8216682641016877,0.0,0.38095238095238093,0.3903794632433285
addr_0003911,3.0,0.026501090119197896,0.85793337844324,0.0,0.38095238095238093,0.38921891650829354
addr_0004946,2.0,1.0,0.061993960913302414,0.0,0.6428571428571429,0.38908329865103525
addr_0001739,2.0,0.4168696131140854,0.03624476477394356,1.0,0.4761904761904762,0.38717783746285067
addr_0000147,1.0,0.1319258760578927,0.7732825687243379,0.0,0.38095238095238093,0.3869860284023411
addr_0004920,3.0,0.3831733940347917,0.5842967479508578,0.0,0.38095238095238093,0.3867659554860188
addr_0001665,1.0,0.027425188754733595,0.851098509927291,0.0,0.38095238095238093,0.38676219869257455
addr_0000721,2.0,0.6478976652764407,0.2722638349210073,0.0,0.8333333333333334,0.3866081668846685
addr_0001552,3.0,0.4601096841307406,0.489417286569791,0.0,0.5238095238095238,0.386180772248091
addr_0004929,2.0,0.2314574473039408,0.49388143028909137,0.3333333333333333,0.5238095238095238,0.38603742535443786
addr_0004666,2.0,0.7115488933373783,0.3081398452904146,0.0,0.4920523809523809,0.3859258442126174
addr_0001750,2.0,0.5379797776066435,0.4659132389183706,0.0,0.38095238095238093,0.38585446694457937
addr_0004057,1.0,0.5449424433979441,0.43192431046118535,0.0,0.4920523809523809,0.3854576952990954
addr_0001068,0.0,0.5395138186290724,0.22412420071989647,0.6666666666666666,0.0,0.3848371592100136
addr_0003430,2.0,0.43741151912404624,0.3357070375716929,0.3333333333333333,0.5238095238095238,0.38455388981351013
addr_0003111,3.0,0.4049140264981091,0.5088508698387868,0.0,0.5952380952380952,0.38453836540875697
addr_0001630,2.0,0.4070847354841525,0.03656630359993289,1.0,0.4761904761904762,0.38437098970426653
addr_0002910,3.0,0.27036036365364513,0.6208723318280084,0.0,0.5476190476190476,0.38421894658920164
addr_0002574,2.0,0.3032674891036975,0.6139256796831579,0.0,0.4761904761904762,0.3841695662234201
addr_0001711,2.0,0.7434424086325804,0.26553317044085833,0.0,0.5476190476190476,0.38400789552802217
addr_0000100,3.0,0.779436666526696,0.1635832966487667,0.0,0.8333333333333334,0.3825976519508488
addr_0002420,2.0,0.21188099298932808,0.6661068099548845,0.0,0.5238095238095238,0.3823879742597046
addr_0002691,3.0,0.38515511023990473,0.5300431002357313,0.0,0.5476190476190476,0.38232567792816874
addr_0002795,1.0,0.5601420588021571,0.38531332806665397,0.0,0.5952380952380952,0.38169175839111824
addr_0004892,2.0,0.353992989248338,0.5501687716355512,0.0,0.5476190476190476,0.38102731019062663
addr_0003050,2.0,0.002488531850718209,0.8547580917764582,0.0,0.38095238095238093,0.3807450343610369
addr_0001766,2.0,0.576057273205694,0.4238748658027958,0.0,0.38095238095238093,0.38046236637806463
addr_0000244,3.0,0.27941114352518387,0.6448248624010677,0.0,0.38095238095238093,0.3798485261132204
addr_0000682,3.0,0.33153507837527735,0.5638388385412623,0.0,0.5476190476190476,0.3797579636909929
addr_0004600,2.0,0.7743849766043527,0.21765904679576284,0.0,0.6031857142857143,0.3796976831281824
addr_0002397,3.0,0.5507765904668216,0.4390914530653377,0.0,0.38095238095238093,0.3789647964614197
addr_0002352,1.0,0.0903463442448234,0.7831870430664488,0.0,0.38095238095238093,0.37847395859526467
addr_0004478,3.0,0.412744742903788,0.5370660507694317,0.0,0.38095238095238093,0.3767450812741472
addr_0002372,1.0,0.027626275863355337,0.8257719187649352,0.0,0.38095238095238093,0.37669188836021883
addr_0000627,2.0,0.49735077384677406,0.19863457252573924,0.5,0.4761904761904762,0.3762781087833756
addr_0000239,2.0,0.1774113496593193,0.6864941225812229,0.0,0.4761904761904762,0.37544010154933255
addr_0000262,2.0,0.7674999048166505,0.05450148344216176,0.2,0.8333333333333334,0.37538389815519324
addr_0003349,0.0,0.8462992757054497,0.3031374368135567,0.0,0.0,0.3751447574370576
addr_0001825,3.0,0.5517773629898802,0.3383586628648232,0.0,0.7380952380952381,0.3746861978524172
addr_0000368,3.0,0.17589829873402144,0.43564414518839967,0.5,0.4761904761904762,0.3746461953146139
addr_0000663,1.0,0.3227920880386561,0.5948808721569336,0.0,0.38095238095238093,0.37288521336960845
addr_0003526,3.0,0.34405851688143985,0.5372277969973053,0.0,0.5476190476190476,0.37287057862525885
addr_0004731,2.0,0.39601995216440505,0.5270137581850969,0.0,0.42857142857142855,0.37246863178050316
addr_0000998,3.0,0.6966639608711475,0.22393438509921576,0.0,0.7380952380952381,0.37238246611055437
addr_0002425,2.0,0.475991715041055,0.42490920621759637,0.0,0.5952380952380952,0.37228500652316454
addr_0001955,3.0,0.5440130750747344,0.38429408265692094,0.0,0.5476190476190476,0.37168346034709343
addr_0000941,2.0,0.6483939456091802,0.34740113541529577,0.0,0.38095238095238093,0.3715738759441105
addr_0003436,0.0,0.1310371005005347,0.329749048668326,1.0,0.0,0.3712107496174908
addr_0002990,2.0,0.8049526379752429,0.11485122712433779,0.0,0.8333333333333334,0.3707596155756413
addr_0000403,2.0,0.40286589364548936,0.4853636718446145,0.0,0.5476190476190476,0.3697671415933974
addr_0004804,2.0,0.43203680502280006,0.4634214843639596,0.0,0.5476190476190476,0.3697415400143287
addr_0002195,2.0,0.5005606192060246,0.41187160433116154,0.0,0.5476190476190476,0.36967873225617676
addr_0001602,1.0,0.11985082764650556,0.7375987172020327,0.0,0.38095238095238093,0.3690899732700029
addr_0003400,0.0,0.7406300401643184,0.36674629287477606,0.0,0.0,0.368887529199206
addr_0001222,3.0,0.12043806329908714,0.7351467763691093,0.0,0.38095238095238093,0.368285367632608
addr_0004251,0.0,0.7361466382770375,0.36674629287477606,0.0,0.0,0.3675425086330217
addr_0000506,3.0,0.5013174895569559,0.4008166867790041,0.0,0.5476190476190476,0.3654838263405932
addr_0000997,0.0,0.7283275688844114,0.36674629287477606,0.0,0.0,0.36519678781523385
addr_0004520,0.0,0.7283275688844114,0.36674629287477606,0.0,0.0,0.36519678781523385
addr_0002356,1.0,0.11918580450118658,0.7266791577464724,0.0,0.38095238095238093,0.3645226425441831
addr_0000384,3.0,0.26373934379441427,0.5746761192968671,0.0,0.5476190476190476,0.36375415561897595
addr_0000285,1.0,0.03760451278537229,0.7846470123264084,0.0,0.38095238095238093,0.36323539686141315
addr_0004222,2.0,0.5417727729701499,0.3638265206255162,0.0,0.5476190476190476,0.3628243449031562
addr_0003802,3.0,0.7159279053166253,0.11939407947085436,0.0,1.0,0.36253600338332936
addr_0001851,3.0,0.17084827071865127,0.659125056285878,0.0,0.4761904761904762,0.3625235513489942
addr_0001792,2.0,0.3811097930869309,0.25135906564189137,0.5,0.4761904761904762,0.36249561180188344
addr_0001374,2.0,0.3103217635641664,0.5359725418744583,0.0,0.5476190476190476,0.362247450580938
addr_0002379,1.0,0.14567172688891775,0.7009847217623276,0.0,0.38095238095238093,0.3621906448668445
addr_0002868,1.0,0.00312915204288541,0.8056606819497207,0.0,0.38095238095238093,0.3612982564879921
addr_0004656,2.0,0.09433645854974834,0.7349139229300353,0.0,0.38095238095238093,0.36036174483217676
addr_0002678,2.0,0.824690892163757,0.14544736753275467,0.0,0.5476190476190476,0.3603481194241337
addr_0001140,2.0,0.3064838190865957,0.37311465701564994,0.3333333333333333,0.5238095238095238,0.3602386275798577
addr_0004928,1.0,0.04828701152382355,0.7688652484208717,0.0,0.38095238095238093,0.3601274409207339
addr_0002783,1.0,0.04423164576340925,0.7717208544100994,0.0,0.38095238095238093,0.36005307358830063
addr_0001057,3.0,0.4558913220742783,0.18900568691228822,0.5,0.4761904761904762,0.3599887190062464
addr_0002538,0.0,0.7585377292118831,0.330920387582431,0.0,0.0,0.3599294737965373
addr_0003844,2.0,0.4727828828597813,0.4061396551877128,0.0,0.5476190476190476,0.3590526316949243
addr_0004713,1.0,0.16239599292317067,0.6805167352828437,0.0,0.38095238095238093,0.35902073008532687
addr_0004980,3.0,0.029553872955256317,0.7746838000499533,0.0,0.38095238095238093,0.3568349200017964
addr_0004214,2.0,0.02863488924469712,0.7746838000499533,0.0,0.38095238095238093,0.35655922488862857
addr_0000439,1.0,0.05188376427305674,0.7569662653683541,0.0,0.38095238095238093,0.3564468735244968
addr_0001870,2.0,0.43897455103631283,0.42449054826388205,0.0,0.5476190476190476,0.35625048937835146
addr_0004711,3.0,0.4313853662660827,0.47103748388241545,0.0,0.38095238095238093,0.3559258415280291
addr_0000697,3.0,0.2878182998679902,0.5367607811305615,0.0,0.5476190476190476,0.35581170717452637
addr_0004796,1.0,0.07185670267796004,0.7390427276843152,0.0,0.38095238095238093,0.3552693399723522
addr_0004343,3.0,0.09728683169720946,0.7194324479520328,0.0,0.38095238095238093,0.355054266785214
addr_0004132,0.0,0.4835798561077133,0.024160450547894653,1.0,0.0,0.35473813705147184
addr_0002680,3.0,0.7241547527991592,0.158264607156411,0.0,0.7380952380952381,0.35436179251183597
addr_0000037,1.0,0.12028180516083943,0.6999390302186096,0.0,0.38095238095238093,0.3541553917309338
addr_0000819,2.0,0.31926136104896274,0.5266819633331321,0.0,0.4761904761904762,0.35407024126698927
addr_0003747,3.0,0.0765303049164909,0.7316385846662662,0.0,0.38095238095238093,0.3537097634366919
addr_0003026,2.0,0.6346744678686863,0.26069253966989103,0.0,0.5872904761904761,0.3534084038476099
addr_0000685,3.0,0.017315866479807162,0.7749791653316809,0.0,0.38095238095238093,0.3532816641718526
addr_0001642,3.0,0.3335117141700528,0.5377197299025146,0.0,0.38095238095238093,0.35323664430725976
addr_0003356,3.0,0.2835680731498695,0.5387035946638968,0.0,0.5238095238095238,0.352932812191472
addr_0004085,2.0,0.2907223536352026,0.568142953772439,0.0,0.38095238095238093,0.3525691256947745
addr_0000001,2.0,0.8186190559051539,0.05799951454132934,0.0,0.8333333333333334,0.35211885592141123
addr_0000849,1.0,0.12851644611400215,0.6630223115376638,0.0,0.4761904761904762,0.3513829060683138
addr_0002849,2.0,0.10199981631381874,0.7047007845224887,0.0,0.38095238095238093,0.3505754967983793
addr_0001161,1.0,0.12560232283980186,0.6867450409429361,0.0,0.38095238095238093,0.3504739513243531
addr_0003532,2.0,0.23938047560068496,0.07606257862824588,1.0,0.4761904761904762,0.3498582217505515
addr_0001793,3.0,0.7462677546074539,0.015804281759383056,0.3333333333333333,0.5238095238095238,0.3492496581336084
addr_0003618,2.0,0.4250078225777732,0.4346235884502823,0.0,0.4761904761904762,0.3489708297724925
addr_0004379,2.0,0.28708823736087385,0.5259917484420922,0.0,0.5238095238095238,0.34890412296605144
addr_0002448,1.0,0.007536937316348235,0.7677887615039374,0.0,0.38095238095238093,0.3474718238917176
addr_0003514,2.0,0.5644836723912764,0.31310533893685366,0.0,0.5238095238095238,0.34696818967307674
addr_0003086,1.0,0.009343549924825566,0.7651302396539349,0.0,0.38095238095238093,0.3469503989342597
addr_0000139,2.0,0.32284106423003456,0.5299091975419267,0.0,0.38095238095238093,0.3469112363810192
addr_0003360,0.0,0.8028853994774032,0.2649794028901763,0.0,0.0,0.3468573809992915
addr_0003002,2.0,0.566153048202872,0.3458363174910763,0.0,0.38095238095238093,0.34627567955253025
addr_0002585,2.0,0.6318627347756451,0.26873262207927745,0.0,0.4920523809523809,0.3462571073596426
addr_0000116,3.0,0.40635913917659866,0.4236944366724262,0.0,0.5476190476190476,0.3461474211838549
addr_0003422,2.0,0.558496178785838,0.30936892652819886,0.0,0.5476190476190476,0.34605832900893574
addr_0003801,3.0,0.66069168299544,0.1963847542840358,0.0,0.6904761904761904,0.3458090256598654
addr_0004995,3.0,0.2859225212469576,0.5424612520611626,0.0,0.42857142857142855,0.3456184000556952
addr_0001992,2.0,0.5114055830197167,0.34252988877012386,0.0,0.5476190476190476,0.3451955351758693
addr_0001948,3.0,0.16646914220166595,0.6421861515842036,0.0,0.38095238095238093,0.3449104413894193
addr_0001114,1.0,0.10940759566717047,0.6848090541774786,0.0,0.38095238095238093,0.34484113846638065
addr_0004325,2.0,0.32196774253761845,0.14431130777849785,0.6666666666666666,0.5714285714285715,0.3447910363488752
addr_0004306,2.0,0.10236611933468358,0.6898490210236987,0.0,0.38095238095238093,0.3447446823051227
addr_0000737,1.0,0.012727517207431897,0.7563922935313909,0.0,0.38095238095238093,0.34447041067002404
addr_0002955,2.0,0.9230280478801278,0.0521752068451067,0.0,0.46428571428571425,0.34420706853065247
addr_0003231,3.0,0.29437165652421593,0.5017185706000133,0.0,0.5476190476190476,0.3437608299591749
addr_0000562,0.0,0.47292715933623125,0.17068418780624434,0.6666666666666666,0.0,0.34348515625670045
addr_0001105,2.0,0.42102129030816726,0.40568923915372535,0.0,0.5476190476190476,0.34334398751584505
addr_0004799,3.0,0.00436321572159544,0.7598351244957914,0.0,0.38095238095238093,0.34333825261003326
addr_0004530,3.0,0.3238021285754934,0.4779675057519194,0.0,0.5476190476190476,0.34308954563532057
addr_0002183,3.0,0.8441323601043914,0.12850739138336875,0.0,0.38095238095238093,0.342737902679903
addr_0004782,2.0,0.09241209211976006,0.6888308530150395,0.0,0.38095238095238093,0.3413512069371819
addr_0000722,2.0,0.35142732531306586,0.49446359501537546,0.0,0.38095238095238093,0.34130887369530805
addr_0004586,2.0,0.1398453793851356,0.652682608541116,0.0,0.38095238095238093,0.34112189532722526
addr_0003137,2.0,0.11875193740928855,0.6438697810308868,0.0,0.4761904761904762,0.3407925412541889
addr_0003845,2.0,0.7380086222313639,0.1256149069356349,0.0,0.6904761904761904,0.34069616849128215
addr_0001659,2.0,0.6884365088687106,0.21001681146243162,0.0,0.4920523809523809,0.3397429153408239
addr_0002339,3.0,0.6873311316186416,0.04211275411401982,0.16666666666666666,0.8333333333333334,0.33971110779786706
addr_0001231,3.0,0.24071787906917566,0.5496791886046368,0.0,0.4761904761904762,0.33970608678165504
addr_0002387,2.0,0.2734794417902251,0.5488688186648332,0.0,0.38095238095238093,0.33968659809823887
addr_0000967,2.0,0.4770756650745804,0.39487740897569695,0.0,0.38095238095238093,0.339168901207891
addr_0002334,2.0,0.6553690526162766,0.2060131368708056,0.0,0.5952380952380952,0.3385397800570148
addr_0004643,3.0,0.3365145016571384,0.4569500278304964,0.0,0.5476190476190476,0.33849626639124486
addr_0001950,2.0,0.9267485632332144,0.027739567220133196,0.0,0.4920523809523809,0.33832563395325566
addr_0004433,3.0,0.026545500058424067,0.7305642427088639,0.0,0.38095238095238093,0.3382845851963109
addr_0000655,2.0,0.2126635278119026,0.5514176762494457,0.0,0.5238095238095238,0.3367470812243015
addr_0000472,3.0,0.05252487294004664,0.7068499808496003,0.0,0.38095238095238093,0.3365926923170922
addr_0002090,1.0,0.02932283812901128,0.7238706095749621,0.0,0.38095238095238093,0.3364403333639263
addr_0002237,2.0,0.005502250410228956,0.7413399725987891,0.0,0.38095238095238093,0.3362819022578225
addr_0001372,1.0,0.17046868481483327,0.6172239274746315,0.0,0.38095238095238093,0.3361254145295407
addr_0001559,2.0,0.8986036821496423,0.029403795461558913,0.0,0.5476190476190476,0.33610452759142095
addr_0000290,3.0,0.1178937013690894,0.6562067975042735,0.0,0.38095238095238093,0.3359460675076743
addr_0002168,2.0,0.8448523630789068,0.10963050052046056,0.0,0.38095238095238093,0.3354031472270943
addr_0003321,2.0,0.2649173541877734,0.5017288616505637,0.0,0.5476190476190476,0.3349286556784623
addr_0003603,2.0,0.7308314721356086,0.08086171429652972,0.0,0.8333333333333334,0.3349274606926278
addr_0004855,2.0,0.004368069245504985,0.7382932315416028,0.0,0.38095238095238093,0.3347229514855308
addr_0003237,2.0,0.5196322147570834,0.32345733381385516,0.0,0.4920523809523809,0.33447783604790515
addr_0002734,0.0,0.5600872771333449,0.41566041307677903,0.0,0.0,0.33429034837071514
addr_0003269,3.0,0.5180767609832044,0.2803274198135962,0.0,0.6666666666666666,0.3342206628870665
addr_0004802,3.0,0.002931135118669914,0.7371290076769591,0.0,0.38095238095238093,0.3338261817016227
addr_0003984,1.0,0.013684632397213806,0.7265894798857395,0.0,0.38095238095238093,0.33283641976869804
addr_0004332,2.0,0.2666005414294875,0.5006703432405648,0.0,0.5238095238095238,0.33262925210602456
addr_0000406,3.0,0.03797058615252184,0.7072530127435513,0.0,0.38095238095238093,0.3323876190384152
addr_0001921,2.0,0.21995425158858573,0.5347990525833571,0.0,0.5238095238095238,0.332286848890871
addr_0003371,2.0,0.03702607606260795,0.7072530127435513,0.0,0.38095238095238093,0.33210426601144105
addr_0000231,2.0,0.03713310445607432,0.7068986811150112,0.0,0.38095238095238093,0.3319946418780648
addr_0000701,2.0,0.8803953219518813,0.04588748945640784,0.0,0.4920523809523809,0.33167883046336555
addr_0001964,1.0,0.1144185565689419,0.6467090790933147,0.0,0.38095238095238093,0.3311044367032465
addr_0003217,0.0,0.5836811149255776,0.38951463910871625,0.0,0.0,0.3309101901211598
addr_0002436,0.0,0.47034224740170527,0.4741416571651803,0.0,0.0,0.33075933708658367
addr_0000647,2.0,0.37558138121005746,0.06740792596109338,0.6666666666666666,0.5714285714285715,0.33011377522364505
addr_0000872,0.0,0.46775240069127266,0.4741416571651803,0.0,0.0,0.32998238307345396
addr_0002569,1.0,0.042230689456579845,0.6949747719770037,0.0,0.38095238095238093,0.32875435372301354
addr_0004806,2.0,0.1164505676064497,0.6391602737869484,0.0,0.38095238095238093,0.32869451789195236
addr_0003757,2.0,0.5195466109173318,0.30707731876298905,0.0,0.4920523809523809,0.32790014887563323
addr_0000623,2.0,0.050313620664090605,0.6856960346527086,0.0,0.38095238095238093,0.32746773815554875
addr_0004552,3.0,0.2847995145235614,0.5095034089829997,0.0,0.38095238095238093,0.32733645604550643
addr_0002891,3.0,0.019557864089870793,0.7079839603783188,0.0,0.38095238095238093,0.3271561814735269
addr_0003160,3.0,0.10590320308791877,0.6422262408494522,0.0,0.38095238095238093,0.3267566953613946
addr_0004276,2.0,0.6703158779995027,0.2187270699086319,0.0,0.38095238095238093,0.3266808294585416
addr_0002987,1.0,0.004312111500478634,0.7178239652978662,0.0,0.38095238095238093,0.32651845766452814
addr_0003684,3.0,0.4832110605129199,0.3165495720144873,0.0,0.5476190476190476,0.3263450517215757
addr_0004335,2.0,0.7197112650106421,0.1683689461978242,0.0,0.42857142857142855,0.3261181008394652
addr_0003804,2.0,0.12026961033457392,0.628791779808355,0.0,0.38095238095238093,0.32569283311895225
addr_0003581,3.0,0.42491961442766346,0.3578817473783379,0.0,0.5476190476190476,0.325390488041539
addr_0001207,0.0,0.8022232062940637,0.2111677430140241,0.0,0.0,0.32513405909382875
addr_0000914,2.0,0.303135207342615,0.48992266282210967,0.0,0.38095238095238093,0.32500486542686646
addr_0003397,2.0,0.42261084343933863,0.35864538515519484,0.0,0.5476190476190476,0.32500331185578424
addr_0003006,2.0,0.36948793623547227,0.43977595385871565,0.0,0.38095238095238093,0.324852000509366
addr_0002982,3.0,0.2161197426476165,0.5546009201519859,0.0,0.38095238095238093,0.32477152895031747
addr_0002813,2.0,0.46107557218686923,0.34528328956422155,0.0,0.4761904761904762,0.324055035100797
addr_0003924,1.0,0.024856246984922895,0.6947843211966134,0.0,0.38095238095238093,0.32346584066936035
addr_0001476,2.0,0.3928186861911048,0.3751031898742518,0.0,0.5476190476190476,0.3226487865689369
addr_0001596,3.0,0.6185517245794699,0.18112454434277456,0.0,0.6428571428571429,0.3223010493966651
addr_0004737,1.0,0.04168085868738756,0.6788862013800254,0.0,0.38095238095238093,0.32215397625346454
addr_0001361,3.0,0.17939762654948482,0.5755609471582191,0.0,0.38095238095238093,0.32213890492337116
addr_0004905,2.0,0.7320955507127037,0.1184275034979761,0.0,0.5476190476190476,0.32176157137490635
addr_0003344,2.0,0.3288005403888045,0.4624293400464132,0.0,0.38095238095238093,0.3217071362304448
addr_0003786,3.0,0.05732109091846584,0.6648826649259386,0.0,0.38095238095238093,0.32124463134115333
addr_0000563,1.0,0.025850115694099327,0.6880434203579873,0.0,0.38095238095238093,0.32106764094666285
addr_0004463,3.0,0.5607832722189732,0.23125424565446864,0.0,0.6031857142857143,0.32105525135605084
addr_0003585,1.0,0.00548718588977325,0.7032047252349918,0.0,0.38095238095238093,0.32102328395616686
addr_0004459,2.0,0.559122483088151,0.0020560757871090863,0.5,0.5238095238095238,0.32094012762224133
addr_0001015,2.0,0.1477034790756802,0.5956216827933586,0.0,0.38095238095238093,0.3206549549352856
addr_0000530,2.0,0.39949141251428527,0.3826043940648654,0.0,0.4761904761904762,0.3205082289992794
addr_0002935,2.0,0.34666467932884615,0.4038769134303047,0.0,0.5476190476190476,0.32031207393268046
addr_0001830,1.0,0.32746506420206195,0.44735535791771047,0.0,0.42857142857142855,0.3200388052848457
addr_0000743,3.0,0.6518778435952296,0.21523466127400528,0.0,0.38095238095238093,0.31975245568340904
addr_0003427,3.0,0.4873813021050051,0.09412158443315764,0.3333333333333333,0.6904761904761904,0.3195773101190503
addr_0002102,2.0,0.0776202444450234,0.632685681132119,0.0,0.42857142857142855,0.31921748864349747
addr_0003318,1.0,0.03741502044140697,0.6745580795095764,0.0,0.38095238095238093,0.3191429760314908
addr_0002834,2.0,0.48310440127976556,0.2985293030560843,0.0,0.5476190476190476,0.31910494636826814
addr_0001448,3.0,0.5847617060159446,0.19237570237247031,0.0,0.6666666666666666,0.31904545942043816
addr_0001561,0.0,0.7718284890368238,0.2174954992362964,0.0,0.0,0.3185467464055657
addr_0000802,2.0,0.598481453089781,0.25153552101415955,0.0,0.38095238095238093,0.31825388242783614
addr_0001055,3.0,0.005124102667248362,0.6964865383951998,0.0,0.38095238095238093,0.31822708425349255
addr_0004738,1.0,0.03392262154037507,0.6744346091403499,0.0,0.38095238095238093,0.31804586821349057
addr_0004427,2.0,0.12179325498436855,0.6084396111964879,0.0,0.38095238095238093,0.3180090590691438
addr_0002282,2.0,0.10956677590933513,0.6175617528159221,0.0,0.38095238095238093,0.3179899719944075
addr_0000327,0.0,0.12145760478285593,0.20233217798503403,1.0,0.0,0.3173701526288704
addr_0004990,2.0,0.001858157716397537,0.6965732099099836,0.0,0.38095238095238093,0.31728196937415076
addr_0003268,0.0,0.13923601214691833,0.18759333410782053,1.0,0.0,0.3168081372872037
addr_0002829,2.0,0.3517422682385424,0.3893906843542849,0.0,0.5476190476190476,0.3160408589751814
addr_0004918,2.0,0.05787163695137898,0.6514147574825545,0.0,0.38095238095238093,0.31602263217367355
addr_0004330,2.0,0.5976016477706089,0.15135279442123575,0.0,0.7619047619047619,0.31601208829015315
addr_0000800,2.0,0.3859496730990462,0.36269508766232206,0.0,0.5476190476190476,0.3156248417565475
addr_0002218,3.0,0.0042613100640133015,0.6900036549877512,0.0,0.38095238095238093,0.3153750931095426
addr_0003962,2.0,0.06869166683862755,0.6284234828450297,0.0,0.42857142857142855,0.31483403604674304
addr_0001155,2.0,0.5878360150182154,0.20874983673830472,0.0,0.5476190476190476,0.3146126439626913
addr_0001062,2.0,0.14416786888011587,0.5699280403368141,0.0,0.42857142857142855,0.3140787196559033
addr_0004624,2.0,0.4585820334094046,0.3218681428619369,0.0,0.4761904761904762,0.3139409147866437
addr_0001922,3.0,0.02095031210760378,0.6715478764254461,0.0,0.38095238095238093,0.3129994822976977
addr_0000115,2.0,0.45980577938877376,0.02529384268156717,0.5,0.6428571428571429,0.3123449851749733
addr_0004934,3.0,0.5064846837938491,0.26283358003140583,0.0,0.5476190476190476,0.3118407419126219
addr_0004577,2.0,0.5461703285748194,0.0009260410880061428,0.5,0.4761904761904762,0.3118405626266959
addr_0004023,3.0,0.0013917419098548297,0.6830689008704169,0.0,0.38095238095238093,0.3117403210163614
addr_0003331,3.0,0.347299647323021,0.38124115371122963,0.0,0.5476190476190476,0.31144826044330287
addr_0002964,2.0,0.021550708092656145,0.6666131320219618,0.0,0.38095238095238093,0.31120570333181974
addr_0004748,2.0,0.2813388360795428,0.47100888292890103,0.0,0.38095238095238093,0.31090044209066137
addr_0000700,2.0,0.18146468072900762,0.03375430099081202,1.0,0.42857142857142855,0.31079826747217
addr_0002302,2.0,0.8224251335256315,0.036604524371835506,0.0,0.4920523809523809,0.3105745879016617
addr_0004844,2.0,0.281038968501004,0.4451333680161891,0.0,0.4761904761904762,0.30998408537582445
addr_0001893,2.0,0.023875266058955534,0.6613198736186611,0.0,0.38095238095238093,0.3097857673603892
addr_0004540,2.0,0.5899779024299004,0.16893264759686077,0.0,0.6428571428571429,0.3088521440534287
addr_0004174,2.0,0.4809699322449682,0.27428172666914824,0.0,0.5476190476190476,0.30876557510305447
addr_0002807,3.0,0.2993859622738826,0.4104417292521484,0.0,0.5476190476190476,0.3087543851449289
addr_0002082,2.0,0.28610467652086996,0.41438035439038734,0.0,0.5714285714285715,0.3087264018552731
addr_0002076,3.0,0.15845009428691811,0.5575947077023609,0.0,0.38095238095238093,0.30866814946225785
addr_0004658,3.0,0.04106313640463295,0.6454820831812923,0.0,0.38095238095238093,0.3086070122891449
addr_0000740,1.0,0.03753484734380947,0.646580033837903,0.0,0.38095238095238093,0.3079877058335422
addr_0001878,2.0,0.11626182076584962,0.5848189449258182,0.0,0.38095238095238093,0.3069013622953203
addr_0000273,2.0,0.4495819844482828,0.28583740487392223,0.0,0.5714285714285715,0.3063524144269109
addr_0001311,3.0,0.47444826034254495,0.26993266739807104,0.0,0.5476190476190476,0.3050694498238967
addr_0001668,1.0,0.8060075782441402,0.00872580509804918,0.0,0.5872904761904761,0.3040216431315093
addr_0004778,0.0,0.9825374818734587,0.02280147695649668,0.0,0.0,0.3038818353446363
addr_0000778,2.0,0.03135976499410875,0.6401843730493382,0.0,0.38095238095238093,0.303576916813206
addr_0001653,2.0,0.5252831986772014,0.2276665085419114,0.0,0.5476190476190476,0.30341346778182976
addr_0002518,3.0,0.670651361186089,0.12445946778380716,0.0,0.5238095238095238,0.30336014785030196
addr_0001721,2.0,0.17040100230363703,0.5337156872526837,0.0,0.38095238095238093,0.3027018136874027
addr_0004655,2.0,0.3956472296128629,0.31097689008539675,0.0,0.5952380952380952,0.3026087344418271
addr_0000217,3.0,0.6544903442998514,0.12854264660787432,0.0,0.5476190476190476,0.3025260666950099
addr_0001936,2.0,0.3139139962302874,0.4233192252712741,0.0,0.38095238095238093,0.3015971270728339
addr_0004602,2.0,0.07369096423406321,0.5899042263199106,0.0,0.42857142857142855,0.3009261226553261
addr_0000021,2.0,0.2788100031825826,0.4478315347132747,0.0,0.38095238095238093,0.3008708529353228
addr_0003229,0.0,0.5235408486911279,0.10906611132599552,0.5,0.0,0.3006886991377366
addr_0002284,2.0,0.40228234623417913,0.06884964227736143,0.5,0.5238095238095238,0.3006055131621507
addr_0002363,1.0,0.06663529702786107,0.09378611457500874,1.0,0.42857142857142855,0.3003621777955047
addr_0002885,2.0,0.216824782226953,0.47964677246198484,0.0,0.42857142857142855,0.2997632865100227
addr_0004211,2.0,0.5038340997830589,0.23462506834203098,0.0,0.5476190476190476,0.2997621620336348
addr_0004090,2.0,0.1139724629099274,0.5680612930680063,0.0,0.38095238095238093,0.2995114941954189
addr_0001676,2.0,0.3184540260691178,0.41462691463915624,0.0,0.38095238095238093,0.2994822117716359
addr_0000318,3.0,0.29246374426939653,0.3920279996705907,0.0,0.5476190476190476,0.29931222791096
addr_0002244,2.0,0.0006581553589410059,0.6524791952438777,0.0,0.38095238095238093,0.29928436280047144
addr_0003352,2.0,0.16325650437186534,0.5299495111894706,0.0,0.38095238095238093,0.29905199388258596
addr_0003333,2.0,0.3540123020371249,0.3746696944443156,0.0,0.42857142857142855,0.29892871124600656
addr_0003856,3.0,0.48494880764730763,0.23473024293355518,0.0,0.5952380952380952,0.2989005489914239
addr_0003944,2.0,0.33324050873468425,0.3600329945873602,0.0,0.5476190476190476,0.2987472552172541
addr_0002839,3.0,0.0514538442666807,0.6129177716537998,0.0,0.38095238095238093,0.29869850003676224
addr_0002161,1.0,0.002903357244370752,0.6491875837789641,0.0,0.38095238095238093,0.298641278780135
addr_0000111,0.0,0.7740185700840888,0.16592248600167547,0.0,0.0,0.29857456542589683
addr_0002639,2.0,0.27211958354766586,0.4053090124807613,0.0,0.5476190476190476,0.29852138481850904
addr_0000804,2.0,0.2815911421422943,0.39737960263146244,0.0,0.5476190476190476,0.298191088457178
addr_0001038,0.0,0.22192136115493846,0.0785617183433822,1.0,0.0,0.2980010956838344
addr_0001685,2.0,0.3832490244419522,0.3622323968319073,0.0,0.38095238095238093,0.2979629041605867
addr_0000224,2.0,0.0063072912344266305,0.6447397302667462,0.0,0.38095238095238093,0.2978833175722646
addr_0001043,2.0,0.0017034013200718336,0.6470754941390514,0.0,0.38095238095238093,0.2974364561468803
addr_0001930,3.0,0.5398837140067827,0.20071024551907493,0.0,0.5476190476190476,0.2970111171715696
addr_0002181,2.0,0.019615802159856675,0.6324311350344493,0.0,0.38095238095238093,0.2969524327569748
addr_0004510,2.0,0.7014725209851571,0.07869025003691324,0.0,0.5476190476190476,0.29667976107221716
addr_0002828,2.0,0.01050229121359664,0.6383870407475306,0.0,0.38095238095238093,0.2966007417583293
addr_0000546,2.0,0.47143300813953193,0.24919786538038757,0.0,0.5476190476190476,0.2958709533559194
addr_0000344,2.0,0.19123143328919576,0.4642536962845353,0.0,0.5238095238095238,0.29545186088152525
addr_0003932,3.0,0.4307789003499853,0.278349408105391,0.0,0.5476190476190476,0.29533533810905677
addr_0003697,3.0,0.3330477334105658,0.38112654664748913,0.0,0.42857142857142855,0.2952220815393083
addr_0001413,2.0,0.6818136727371514,0.07830047833283675,0.0,0.5872904761904761,0.29459334077332777
addr_0001467,2.0,0.7654814423725846,0.02540618534086113,0.0,0.5476190476190476,0.2945688116100246
addr_0004512,3.0,0.16019722976518047,0.5209357264639094,0.0,0.38095238095238093,0.29452869761035605
addr_0002710,2.0,0.09146493962172597,0.5710099999877799,0.0,0.38095238095238093,0.2939387199768678
addr_0003952,2.0,0.7801099607341155,0.026469004076276132,0.0,0.4920523809523809,0.2938258279459832
addr_0002793,0.0,0.9298761507973731,0.03710953242569904,0.0,0.0,0.2938066582094915
addr_0000192,2.0,0.16701858009709816,0.5138945751218933,0.0,0.38095238095238093,0.29375864217312486
addr_0003813,2.0,0.05310703709213534,0.5989856160729142,0.0,0.38095238095238093,0.2936215956520444
addr_0003510,2.0,0.20805225496546037,0.44705216679617604,0.0,0.5238095238095238,0.2936174955890609
addr_0002231,2.0,0.10588449669294343,0.5472149434580079,0.0,0.42857142857142855,0.2935084692482291
addr_0004847,0.0,0.766375289585994,0.15871767232469552,0.0,0.0,0.2933996558056764
addr_0001310,0.0,0.15637820746805953,0.11512366733688048,1.0,0.0,0.2929629291751701
addr_0001136,3.0,0.23499278081581362,0.4370491670441646,0.0,0.4761904761904762,0.2929365486814575
addr_0002309,2.0,0.5524105520335825,0.18088130336737873,0.0,0.5476190476190476,0.292837591718931
addr_0001395,3.0,0.02838428855279583,0.6150037042979144,0.0,0.38095238095238093,0.29261200638024265
addr_0002764,0.0,0.7702946092042754,0.15306259225678479,0.0,0.0,0.2923134196639965
addr_0001286,2.0,0.09187850065601287,0.5666116622500598,0.0,0.38095238095238093,0.29230345319206585
addr_0003098,0.0,0.7699295269144656,0.1531941920949693,0.0,0.0,0.2922565349123274
addr_0004680,3.0,0.8341812798899334,0.009660787980630121,0.0,0.38095238095238093,0.2922139372544702
addr_0001809,3.0,0.36604110992866656,0.34881103566920707,0.0,0.42857142857142855,0.29219389010342567
addr_0003682,2.0,0.4613897924835095,0.015335207497994201,0.5,0.4761904761904762,0.2921700683632982
addr_0004196,3.0,0.16290664475421723,0.49978986547806087,0.0,0.42857142857142855,0.2916450824746324
addr_0004086,2.0,0.6238111453287113,0.13816399628872256,0.0,0.4920523809523809,0.2916141802093405
addr_0001202,3.0,0.07682640202661437,0.5761700264189921,0.0,0.38095238095238093,0.2916111692708192
addr_0003095,2.0,0.0036239634775690264,0.6309734509789525,0.0,0.38095238095238093,0.2915718075300898
addr_0003539,1.0,0.005668357617210312,0.6283902100729886,0.0,0.38095238095238093,0.2911518294095966
addr_0002768,3.0,0.03149394496952806,0.6090006908287691,0.0,0.38095238095238093,0.2911436979176042
addr_0001827,0.0,0.5853116752726958,0.28767817703851356,0.0,0.0,0.29066477339721414
addr_0002444,2.0,0.5563322475517645,0.21360788863193622,0.0,0.38095238095238093,0.290438067813542
addr_0003789,0.0,0.8887004576541699,0.059038224769605616,0.0,0.0,0.2902254272040932
addr_0003499,2.0,0.3887422962568784,0.3386698907891996,0.0,0.38095238095238093,0.29018588328798145
addr_0003669,3.0,0.5356360124095367,0.19272228429380298,0.0,0.5238095238095238,0.2901606698213346
addr_0003104,3.0,0.5665597739548583,0.15114326480029996,0.0,0.5952380952380952,0.28994904763038704
addr_0002773,3.0,0.4143224118637474,0.2770952602824646,0.0,0.5476190476190476,0.2898967324340148
addr_0001176,2.0,0.25837103610025874,0.06639849497403316,0.6666666666666666,0.5238095238095238,0.2897849945339766
addr_0000404,2.0,0.3309825997612231,0.33931455879402556,0.0,0.5476190476190476,0.2897825082078819
addr_0001405,2.0,0.7737017908560884,0.02083368796588063,0.0,0.4920523809523809,0.28964925053841684
addr_0000466,3.0,0.713991404482144,0.05163706506730727,0.0,0.5476190476190476,0.28961415213347086
addr_0001438,2.0,0.12024995605229176,0.5385215754087016,0.0,0.38095238095238093,0.2895788550744063
addr_0001678,2.0,0.10498306867611444,0.5498658122718011,0.0,0.38095238095238093,0.28953648360679285
addr_0001321,0.0,0.6418856311201002,0.24203782529264312,0.0,0.0,0.2893808194530873
addr_0004412,2.0,0.6234482592795492,0.11883414306445163,0.0,0.5476190476190476,0.28933003977155014
addr_0002110,2.0,0.5404959288502642,0.1806480241390012,0.0,0.5476190476190476,0.2891698930725845
addr_0000132,0.0,0.7702946092042754,0.14516230001548802,0.0,0.0,0.2891533027674778
addr_0002860,2.0,0.42481758702498634,0.2661374017635287,0.0,0.5476190476190476,0.2886621415748122
addr_0002755,0.0,0.8965254332183781,0.049191407146115806,0.0,0.0,0.28863419282395975
addr_0004247,3.0,0.4016144264566642,0.24055972311023563,0.0,0.7142857142857143,0.28813678860966496
addr_0004575,2.0,0.28849636259674094,0.4081664346060117,0.0,0.38095238095238093,0.2879107207166651
addr_0003473,2.0,0.32949488141706196,0.3767717421258014,0.0,0.38095238095238093,0.2876523993706772
addr_0003637,2.0,0.37046802850766214,0.3335314880670576,0.0,0.42857142857142855,0.2874101466362646
addr_0000441,2.0,0.7634470384013238,0.022764998048300903,0.0,0.4920523809523809,0.2873453488349556
addr_0002499,3.0,0.3926008100448373,0.2749837503522991,0.0,0.5952380952380952,0.28729755267818036
addr_0001416,0.0,0.13288990632224215,0.6179712863204183,0.0,0.0,0.28705548642483997
addr_0000453,0.0,0.13288990632224215,0.6179712863204183,0.0,0.0,0.28705548642483997
addr_0001912,0.0,0.13288990632224215,0.6179712863204183,0.0,0.0,0.28705548642483997
addr_0001989,0.0,0.13252624088207351,0.6179712863204183,0.0,0.0,0.2869463867927894
addr_0001718,3.0,0.004730599556408942,0.6185289174515249,0.0,0.38095238095238093,0.2869259849427708
addr_0004134,0.0,0.13245098938402122,0.6179712863204183,0.0,0.0,0.2869238113433737
addr_0004380,0.0,0.13219205543456294,0.6179712863204183,0.0,0.0,0.28684613115853624
addr_0004422,0.0,0.13219205543456294,0.6179712863204183,0.0,0.0,0.28684613115853624
addr_0002848,0.0,0.13179491647164454,0.6179712863204183,0.0,0.0,0.2867269894696607
addr_0002876,0.0,0.13179491647164454,0.6179712863204183,0.0,0.0,0.2867269894696607
addr_0001194,0.0,0.13170464591805423,0.6179712863204183,0.0,0.0,0.2866999083035836
addr_0003361,0.0,0.13170464591805423,0.6179712863204183,0.0,0.0,0.2866999083035836
addr_0002418,0.0,0.13170464591805423,0.6179712863204183,0.0,0.0,0.2866999083035836
addr_0003189,0.0,0.9216361905156938,0.025346052794059683,0.0,0.0,0.286629278272332
addr_0003322,0.0,0.1312848658095705,0.6179712863204183,0.0,0.0,0.2865739742710385
addr_0004926,0.0,0.1311760092856216,0.6179712863204183,0.0,0.0,0.2865413173138538
addr_0001717,2.0,0.6781749974850005,0.0727339711323718,0.0,0.5396714285714286,0.28651323055559175
addr_0001514,0.0,0.1306062813913321,0.6179712863204183,0.0,0.0,0.286370398945567
addr_0003961,0.0,0.1306062813913321,0.6179712863204183,0.0,0.0,0.286370398945567
addr_0002416,0.0,0.12956436998344117,0.6179712863204183,0.0,0.0,0.2860578255231997
addr_0002859,3.0,0.10569109908920504,0.5401532983612549,0.0,0.38095238095238093,0.2858638871665016
addr_0004827,3.0,0.28939270406559303,0.4018505516752235,0.0,0.38095238095238093,0.2856532699850054
addr_0000908,3.0,0.0013709863345435969,0.6176908833135322,0.0,0.38095238095238093,0.28558288732101406
addr_0003381,2.0,0.3639016535629472,0.3036243032631815,0.0,0.5476190476190476,0.2853821221360615
addr_0000357,2.0,0.431251134523146,0.24713518756448857,0.0,0.5714285714285715,0.2853722725255964
addr_0000973,3.0,0.2698770830009505,0.37345423388837495,0.0,0.5476190476190476,0.28510672321753994
addr_0004460,2.0,0.30712961966828406,0.3867348618356412,0.0,0.38095238095238093,0.2849280687299798
addr_0004557,3.0,0.37220148668919073,0.296197958788816,0.0,0.5476190476190476,0.2849015342841884
addr_0004810,2.0,0.6831567703884447,0.04897892312153486,0.0,0.6031857142857143,0.2848571717937188
addr_0004363,0.0,0.12555671123807688,0.6179712863204183,0.0,0.0,0.2848555278995904
addr_0000054,2.0,0.3082577518613397,0.34388320923482024,0.0,0.5476190476190476,0.2847925140142348
addr_0002004,2.0,0.29992241318483853,0.3913442420070539,0.0,0.38095238095238093,0.28460965885351125
addr_0003980,3.0,0.44729013456431904,0.2688613230175644,0.0,0.42857142857142855,0.28458871243346434
addr_0000794,3.0,0.6041396459767718,0.12141951651698939,0.0,0.5476190476190476,0.2845716051617321
addr_0003329,3.0,0.5418647298528874,0.20951606858315702,0.0,0.38095238095238093,0.28446108448436713
addr_0002042,2.0,0.7684966800077213,0.01167318156707215,0.0,0.4920523809523809,0.2844235147243833
addr_0004495,2.0,0.38434301692730233,0.28580446290180006,0.0,0.5476190476190476,0.2843865950008155
addr_0004563,2.0,0.0647064820531802,0.567107460501969,0.0,0.38095238095238093,0.2843501669119798
addr_0003554,2.0,0.09087170580496902,0.5472568077610501,0.0,0.38095238095238093,0.28425947294114884
addr_0001096,3.0,0.7518362560371943,0.02182563230754591,0.0,0.4920523809523809,0.2834863678294147
addr_0000528,2.0,0.04366294495622426,0.5805748197185815,0.0,0.38095238095238093,0.283424049469538
addr_0002045,2.0,0.33142065015563543,0.3228932111535114,0.0,0.5476190476190476,0.28334538427
addr_0003439,2.0,0.2442488450257423,0.3937498391440407,0.0,0.5238095238095238,0.2831555415462914
addr_0002537,2.0,0.36722656185976243,0.3129449376685747,0.0,0.4761904761904762,0.2829649912444062
addr_0002815,3.0,0.7771528604358249,0.0012850788142623971,0.0,0.4920523809523809,0.2828651277516905
addr_0002837,3.0,0.6954074663597037,0.02483368030369961,0.0,0.6428571428571429,0.2828414263151053
addr_0004045,2.0,0.08201541876170078,0.5495989172307179,0.0,0.38095238095238093,0.2825394306160355
addr_0001212,2.0,0.22543829514363734,0.40576525056240415,0.0,0.5238095238095238,0.28231854114900523
addr_0001831,0.0,0.39885906972482427,0.1564222814615385,0.5,0.0,0.2822266335020627
addr_0001534,2.0,0.10916979873687481,0.528429261003735,0.0,0.38095238095238093,0.2822178821177945
addr_0001877,2.0,0.37236007806908833,0.2771110269349016,0.0,0.5952380952380952,0.28207624371849666
addr_0003596,2.0,0.6387613089350184,0.11818941953635095,0.0,0.42857142857142855,0.28176130335218874
addr_0001848,2.0,0.2849031838339803,0.395142442832759,0.0,0.38095238095238093,0.2816231703785358
addr_0003973,3.0,0.31437035976412975,0.373022824682613,0.0,0.38095238095238093,0.2816154758975222
addr_0001703,3.0,0.5612500036949246,0.14609526690913527,0.0,0.5476190476190476,0.2815750126340363
addr_0004569,1.0,0.5102959292791918,0.18404252438140845,0.0,0.5476190476190476,0.28146769329822563
addr_0003238,2.0,0.004439399804244816,0.6046958403834474,0.0,0.38095238095238093,0.2813053941898905
addr_0004365,2.0,0.5961302111958388,0.148570377599649,0.0,0.42857142857142855,0.2811243572557541
addr_0003376,2.0,0.4502048750500852,0.20424110603787862,0.0,0.6428571428571429,0.2810436192158913
addr_0001266,3.0,0.6434437721191258,0.03548215730612236,0.0,0.7380952380952381,0.2810355183677105
addr_0000899,3.0,0.1629184159048257,0.48475107790002453,0.0,0.38095238095238093,0.28087119402669564
addr_0002830,0.0,0.49396301191187614,0.3315604923117348,0.0,0.0,0.2808131004982568
addr_0001354,3.0,0.043184142669786804,0.5728605957131114,0.0,0.38095238095238093,0.2801947191814187
addr_0003107,2.0,0.09030329213309214,0.5375187450943574,0.0,0.38095238095238093,0.28019372377290874
addr_0000261,2.0,0.28096787500184706,0.39441520190535767,0.0,0.38095238095238093,0.28015168135793533
addr_0004173,3.0,0.11297953285726456,0.5197713654132711,0.0,0.38095238095238093,0.2798976441177259
addr_0000911,2.0,0.008685022326793088,0.597885565097496,0.0,0.38095238095238093,0.2798549708322744
addr_0002956,0.0,0.9176685076955232,0.011215477540618513,0.0,0.0,0.2797867433249044
addr_0000243,2.0,0.3055253703967262,0.3332836774760798,0.0,0.5476190476190476,0.2797329868713545
addr_0004149,2.0,0.5007999880194985,0.056306874243811096,0.2,0.6666666666666666,0.2794294127700407
addr_0000596,3.0,0.5608213771201032,0.182681866151223,0.0,0.38095238095238093,0.27941439769175824
addr_0002265,2.0,0.3098348689449824,0.3292131528382453,0.0,0.5476190476190476,0.2793976265806976
addr_0001256,2.0,0.4634800347087104,0.2016576904341136,0.0,0.5952380952380952,0.27923089611006807
addr_0004504,3.0,0.5034046209324371,0.15975534647218947,0.0,0.6428571428571429,0.2792092391543212
addr_0004743,3.0,0.2337372146659206,0.42729568294218007,0.0,0.38095238095238093,0.2791346756718863
addr_0000901,3.0,0.22037208638418895,0.401451083544425,0.0,0.5238095238095238,0.2790730117139791
addr_0000551,2.0,0.4848897584655819,0.2149514336164434,0.0,0.4761904761904762,0.27906654860529956
addr_0004571,2.0,0.33606450458209264,0.35033875917022084,0.0,0.38095238095238093,0.27905009313795426
addr_0001184,2.0,0.5654217946563024,0.1349420609590214,0.0,0.5476190476190476,0.27836526754240404
addr_0004029,3.0,0.31364884022713996,0.3528199598884451,0.0,0.42857142857142855,0.2780797788806629
addr_0001430,3.0,0.13596011911032674,0.47371751974738413,0.0,0.4761904761904762,0.2778940912510993
addr_0004112,3.0,0.7019963856398739,0.03060259998725812,0.0,0.5476190476190476,0.27760186044877017
addr_0002978,2.0,0.22768334841465412,0.15383445303668333,0.5,0.4761904761904762,0.2774578333581172
addr_0003917,0.0,0.4980218440671191,0.3201175597347651,0.0,0.0,0.2774535771140417
addr_0003214,2.0,0.6816792383010464,0.06601690805355875,0.0,0.46428571428571425,0.2773391061403088
addr_0002486,2.0,0.6484727725107443,0.040117393158434586,0.0,0.6666666666666666,0.27725545568326376
addr_0000149,2.0,0.5853461537359225,0.11647910705442449,0.0,0.5476190476190476,0.27695739370445127
addr_0002219,3.0,0.5776454104763109,0.11553716807050414,0.0,0.5714285714285715,0.2766513475139521
addr_0004229,2.0,0.5410679984666047,0.1486954210286037,0.0,0.5476190476190476,0.2765604727133276
addr_0003817,1.0,0.09823560737641863,0.5216088870273174,0.0,0.38095238095238093,0.27620947511909066
addr_0000019,1.0,0.26697797550958996,0.3940574928935687,0.0,0.38095238095238093,0.2758116279055426
addr_0000332,0.0,0.7097362051901356,0.1572151137556225,0.0,0.0,0.2758069070592897
addr_0003088,0.0,0.7091055184123523,0.1572151137556225,0.0,0.0,0.2756177010259547
addr_0001521,3.0,0.7434054221285451,0.00840970615937874,0.0,0.4920523809523809,0.2755907471975531
addr_0002176,2.0,0.4368816779114829,0.09443053456382572,0.2,0.6666666666666666,0.2755033838656418
addr_0000718,3.0,0.12033490623410427,0.5030351995239759,0.0,0.38095238095238093,0.27540978977505975
addr_0003600,2.0,0.3212279639105429,0.35208780463686196,0.0,0.38095238095238093,0.2752987491231458
addr_0003251,2.0,0.3318344511357489,0.3437193679452878,0.0,0.38095238095238093,0.2751333206140779
addr_0002271,3.0,0.32186793136623615,0.3094487363349166,0.0,0.5476190476190476,0.27510177870574226
addr_0004604,2.0,0.15131329073982036,0.47894856597395885,0.0,0.38095238095238093,0.27506865170676775
addr_0001130,2.0,0.7413391129052267,0.007953770890495792,0.0,0.4920523809523809,0.2747884803230044
addr_0002495,2.0,0.021096906061786627,0.575556510424987,0.0,0.38095238095238093,0.2746469140837689
addr_0002715,2.0,0.15984909322592025,0.4714563569057385,0.0,0.38095238095238093,0.2746325088253096
addr_0003435,3.0,0.07979450159182651,0.5191351737843057,0.0,0.42857142857142855,0.2744495628484131
addr_0004348,2.0,0.342741657264757,0.2858030662871678,0.0,0.5714285714285715,0.2742865808371514
addr_0000570,2.0,0.015538822620882103,0.5782048967548579,0.0,0.38095238095238093,0.2740388435834459
addr_0000226,2.0,0.08025940936601744,0.5166402662228754,0.0,0.42857142857142855,0.27359107215609824
addr_0002752,0.0,0.8228305985156283,0.06394794134117623,0.0,0.0,0.272428356091159
addr_0002275,2.0,0.6275325581111323,0.07252249386176265,0.0,0.5476190476190476,0.2720306697399495
addr_0000510,0.0,0.7233812363126143,0.13701620386538887,0.0,0.0,0.2718208524399398
addr_0004175,3.0,0.35365985904143193,0.30591569830252996,0.0,0.42857142857142855,0.2713213798905844
addr_0003184,2.0,0.5467743637217197,0.001300877586848256,0.2,0.6666666666666666,0.2712193268179219
addr_0000879,3.0,0.459095196375519,0.1963453181898042,0.0,0.5476190476190476,0.27102859095048215
addr_0000585,2.0,0.006016118168762263,0.5771297834201071,0.0,0.38095238095238093,0.27075198691390967
addr_0000317,1.0,0.399817806745791,0.2812081800745952,0.0,0.38095238095238093,0.27052385214881347
addr_0002226,2.0,0.09024411451570684,0.5133543023793992,0.0,0.38095238095238093,0.2705101934017098
addr_0002008,2.0,0.09794943141904695,0.5069539478285977,0.0,0.38095238095238093,0.2702616466523913
addr_0000276,2.0,0.007272162958260142,0.5743676162935233,0.0,0.38095238095238093,0.27002393350012543
addr_0000103,2.0,0.11748266899628114,0.4908688802423579,0.0,0.38095238095238093,0.26968759089106564
addr_0001673,0.0,0.8958920086894002,0.002249422236623052,0.0,0.0,0.26966737150146924
addr_0003895,3.0,0.5107912519173783,0.1540594782783659,0.0,0.5476190476190476,0.2696230716484646
addr_0002316,2.0,0.36276197981720365,0.3060680442118206,0.0,0.38095238095238093,0.26935104972512747
addr_0002326,1.0,0.29667157006508765,0.15271111338395038,0.3333333333333333,0.5238095238095238,0.2691335354207255
addr_0001813,2.0,0.0009608721404062343,0.575853567465392,0.0,0.38095238095238093,0.2687249267235168
addr_0001132,2.0,0.373295831392597,0.25484762817418005,0.0,0.5476190476190476,0.2686897054493559
addr_0003553,2.0,0.30100495105685154,0.3086527413435481,0.0,0.5476190476190476,0.2685244866163795
addr_0001252,2.0,0.11648645694967924,0.4886492800350636,0.0,0.38095238095238093,0.2685008871941673
addr_0002595,3.0,0.1593371615288279,0.43242491992031923,0.0,0.4761904761904762,0.26839016404582366
addr_0002120,3.0,0.02644396150330891,0.5553039387085766,0.0,0.38095238095238093,0.26815000202966144
addr_0003749,3.0,0.31309115633343626,0.2985037387515662,0.0,0.5476190476190476,0.2680907471625621
addr_0004381,2.0,0.09553468302642482,0.5030248596806803,0.0,0.38095238095238093,0.2679655868754377
addr_0000009,2.0,0.02441048839930412,0.5553039387085766,0.0,0.38095238095238093,0.26753996009846004
addr_0002061,2.0,0.37005612554326234,0.28395065027986544,0.0,0.42857142857142855,0.26745424063206774
addr_0000838,2.0,0.5231743425287974,0.17954233356170402,0.0,0.38095238095238093,0.26686447427855886
addr_0003434,2.0,0.2064371569218208,0.3928793633928528,0.0,0.4761904761904762,0.266701940052735
addr_0000474,2.0,0.6291968503697369,0.062456107763926634,0.0,0.5238095238095238,0.2661224505974441
addr_0001340,3.0,0.6151151498869498,0.04299167120630713,0.0,0.6428571428571429,0.26601692773432206
addr_0001579,2.0,0.5061625290830746,0.018543519761822325,0.2,0.6666666666666666,0.26593283329631795
addr_0001604,2.0,0.10857467988237925,0.48781611369703937,0.0,0.38095238095238093,0.26579408753876765
addr_0004901,2.0,0.6868601555210214,0.0003999142858344724,0.0,0.5952380952380952,0.2657418218944497
addr_0004172,2.0,0.01258509220039831,0.5590740672522074,0.0,0.38095238095238093,0.2655003926562406
addr_0000965,2.0,0.7006142860765483,0.0009624955862836266,0.0,0.5476190476190476,0.26533118881938267
addr_0004767,2.0,0.0009161599491933542,0.5672820787201044,0.0,0.38095238095238093,0.2652829175680379
addr_0003233,3.0,0.31606225755756573,0.28908444716017956,0.0,0.5476190476190476,0.26521436089324635
addr_0003664,2.0,0.6654887413602424,0.032357749584249494,0.0,0.5238095238095238,0.2649706746227249
addr_0003990,0.0,0.7606551266116592,0.09117078758662066,0.0,0.0,0.264664853018146
addr_0003738,2.0,0.5891749705952081,0.08264081888829047,0.0,0.5476190476190476,0.26457072349578337
addr_0004215,2.0,0.18091318466281106,0.4303509370599136,0.0,0.38095238095238093,0.26450956831804684
addr_0002353,2.0,0.750435812243432,0.002659220966699125,0.0,0.38095238095238093,0.2642896701549473
addr_0003335,2.0,0.1193692781137527,0.4710970641967281,0.0,0.38095238095238093,0.2623448472080552
addr_0003502,2.0,0.41922130313693234,0.24603765963676769,0.0,0.38095238095238093,0.26227669289102484
addr_0003724,2.0,0.08552632735591299,0.49577148068475885,0.0,0.38095238095238093,0.26206172857591553
addr_0002528,2.0,0.6332878668108928,0.013243690323501235,0.0,0.6666666666666666,0.26195050283933496
addr_0003578,3.0,0.09124610528981193,0.4908888101070813,0.0,0.38095238095238093,0.2618245937250142
addr_0001724,0.0,0.4817866219764644,0.29256789866033756,0.0,0.0,0.2615631460570743
addr_0000141,2.0,0.32078665807315004,0.29288457705369647,0.0,0.4761904761904762,0.26100887586247123
addr_0004825,2.0,0.5527751259216915,0.10082799025205999,0.0,0.5476190476190476,0.26092563863923623
addr_0002269,2.0,0.6667851803409882,0.0023385161383982834,0.0,0.5952380952380952,0.26049477008146527
addr_0004529,2.0,0.6384416119735988,0.023588824536323758,0.0,0.5952380952380952,0.26049182293041867
addr_0003587,2.0,0.6120858802054141,0.0071261041173773685,0.0,0.7380952380952381,0.260285729518099
addr_0001769,2.0,0.3633069090542448,0.24087134020568302,0.0,0.5476190476190476,0.26010251356045144
addr_0000860,2.0,0.2957129696522031,0.291112644366842,0.0,0.5476190476190476,0.2599208534043025
addr_0002267,3.0,0.054236238607844225,0.5137011292089657,0.0,0.38095238095238093,0.2598465613611777
addr_0004880,0.0,0.8429600957028474,0.017222211987222825,0.0,0.0,0.25977691350574333
addr_0000985,3.0,0.6508338033002004,0.012269503059711556,0.0,0.5952380952380952,0.25968175173775426
addr_0002662,3.0,0.40889832857785435,0.20553962271324452,0.0,0.5476190476190476,0.25964725242055886
addr_0003083,2.0,0.29814974391766214,0.3295984519536332,0.0,0.38095238095238093,0.25937954205199
addr_0002856,2.0,0.359287132152103,0.24195688603418405,0.0,0.5476190476190476,0.25933079882120924
addr_0003242,3.0,0.5642292571255493,0.12909615167441196,0.0,0.38095238095238093,0.2590024759026677
addr_0004167,2.0,0.6679061858846581,0.022991836435666317,0.0,0.4920523809523809,0.25877382843490204
addr_0003698,3.0,0.2841937090099233,0.2968217231367313,0.0,0.5476190476190476,0.2587487067195743
addr_0001076,2.0,0.013655085565634512,0.5408655466070292,0.0,0.38095238095238093,0.2585379824077402
addr_0001637,3.0,0.5258709706531228,0.12835538181944492,0.0,0.4920523809523809,0.2583086820189529
addr_0003745,2.0,0.12184952333023277,0.4590493995593947,0.0,0.38095238095238093,0.2582698549180658
addr_0000410,3.0,0.15487678300653354,0.41040398744494394,0.0,0.4761904761904762,0.25824367749898525
addr_0004956,3.0,0.6733761054597489,0.00334640218635759,0.0,0.5476190476190476,0.2581132972743725
addr_0000738,0.0,0.4218847697673309,0.32876214695651973,0.0,0.0,0.25807028971280715
addr_0002890,2.0,0.49850220513964305,0.11033539251574712,0.0,0.6428571428571429,0.2579705328339061
addr_0002188,2.0,0.4359647330653265,0.22221353548016926,0.0,0.38095238095238093,0.25777007220690373
addr_0003812,2.0,0.6505787791456932,0.01943945155098112,0.0,0.5476190476190476,0.25771131912600515
addr_0004456,2.0,0.3946482363020554,0.20539405040034558,0.0,0.5714285714285715,0.257694948193612
addr_0003667,3.0,0.6254054867685281,0.03806428577660725,0.0,0.5476190476190476,0.2576092651031061
addr_0002787,2.0,0.018419633748938232,0.5348573996587711,0.0,0.38095238095238093,0.257564088083428
addr_0002989,0.0,0.496816650203473,0.2710419920633194,0.0,0.0,0.25746179188636964
addr_0002118,2.0,0.6213384557188855,0.016913803017830527,0.0,0.6428571428571429,0.25745277220851215
addr_0001699,3.0,0.019989241632325617,0.5331758335583945,0.0,0.38095238095238093,0.2573623440082936
addr_0003273,2.0,0.4239770820214608,0.2181741208805579,0.0,0.42857142857142855,0.25731991581580427
addr_0000063,2.0,0.06947121125281726,0.48403753942629224,0.0,0.42857142857142855,0.25731352200350494
addr_0004203,3.0,0.23330881256070232,0.3602274042158167,0.0,0.42857142857142855,0.2569407483116803
addr_0001892,3.0,0.2202273688881878,0.36948959079318,0.0,0.42857142857142855,0.2567211898408712
addr_0000468,2.0,0.568981966613523,0.07757451112794188,0.0,0.5476190476190476,0.2564862991971384
addr_0001741,2.0,0.31333087171481244,0.26927260781315254,0.0,0.5476190476190476,0.2564702094016095
addr_0002257,2.0,0.4960779586077088,0.17324644657050187,0.0,0.38095238095238093,0.25621720430575146
addr_0004217,3.0,0.4667406696008988,0.18311392864249798,0.0,0.42857142857142855,0.2561249151944117
addr_0000352,0.0,0.5169998742610656,0.2518353527588779,0.0,0.0,0.25583410338187085
addr_0000902,2.0,0.43323491340424225,0.1773553686944599,0.0,0.5476190476190476,0.25567452626096143
addr_0002745,0.0,0.7766597251170394,0.056587282867366875,0.0,0.0,0.25563283068205855
addr_0001647,2.0,0.013655085565634512,0.5318534210869761,0.0,0.38095238095238093,0.2549331321997189
addr_0003261,3.0,0.6646033320817392,0.0010758332479976257,0.0,0.5476190476190476,0.25457323768562556
addr_0000926,2.0,0.3084228205673378,0.3093763814828179,0.0,0.38095238095238093,0.2543726368585666
addr_0002556,2.0,0.504655100951423,0.12053322548369201,0.0,0.5476190476190476,0.2543717252408084
addr_0000875,2.0,0.11086674074176477,0.45751349896424864,0.0,0.38095238095238093,0.254360659903467
addr_0000853,2.0,0.3696052017579902,0.2215804154523125,0.0,0.5476190476190476,0.2542756314702268
addr_0001273,2.0,0.6154514351473064,0.036890578357751516,0.0,0.5476190476190476,0.2541535666491973
addr_0004672,2.0,0.0068752437872838055,0.5349090702306828,0.0,0.38095238095238093,0.25412143932369635
addr_0002582,0.0,0.8382149084990353,0.006319945838471458,0.0,0.0,0.2539924508850992
addr_0000152,2.0,0.3238104988724842,0.25434784512157893,0.0,0.5476190476190476,0.2536441924722816
addr_0003542,3.0,0.14697710515512283,0.4271127307970933,0.0,0.38095238095238093,0.25303346196061227
addr_0004091,0.0,0.7742765919852983,0.051869872062063276,0.0,0.0,0.2530309264204148
addr_0002035,3.0,0.48916951389197116,0.10492318777532238,0.0,0.6428571428571429,0.2530058435634346
addr_0000832,2.0,0.5121408696737072,0.11085121519900525,0.0,0.5476190476190476,0.25274465174361904
addr_0002906,2.0,0.3571293681077423,0.2262001798602354,0.0,0.5476190476190476,0.2523807871383216
addr_0002031,1.0,0.4829013405946095,0.13168543783916775,0.0,0.5476190476190476,0.25230648207595474
addr_0004022,2.0,0.5732946089626094,0.06350405635056947,0.0,0.5476190476190476,0.2521519099909154
addr_0004887,2.0,0.5653503423965819,0.06916396130418619,0.0,0.5476190476190476,0.2520325920025538
addr_0000182,2.0,0.6530332365999589,0.0033319781491838226,0.0,0.5476190476190476,0.252004667001566
addr_0004317,2.0,0.03015583378554205,0.5106192031783304,0.0,0.38095238095238093,0.2513896695022329
addr_0002980,0.0,0.7732995854616819,0.04805551943830229,0.0,0.0,0.25121208341382545
addr_0004402,2.0,0.11221715855717632,0.4478004982408174,0.0,0.38095238095238093,0.25088058495871796
addr_0003589,2.0,0.11336933477845773,0.44674864865298836,0.0,0.38095238095238093,0.25080549798997076
addr_0001078,3.0,0.1284241522942153,0.4113357205816028,0.0,0.4761904761904762,0.2506805815399534
addr_0001211,2.0,0.6512512325831857,0.015143847216364095,0.0,0.4920523809523809,0.25063814675673945
addr_0001182,3.0,0.1918139722081482,0.38737850012900504,0.0,0.38095238095238093,0.2505908298092846
addr_0000481,2.0,0.33175040315786924,0.2340499340618508,0.0,0.5714285714285715,0.25028795171495827
addr_0002731,2.0,0.3177647538411862,0.2504915098210541,0.0,0.5476190476190476,0.2502879348426823
addr_0004092,1.0,0.6137732118291334,0.027985902390218184,0.0,0.5476190476190476,0.250088229266732
addr_0004204,3.0,0.11867864125829654,0.44015034733682207,0.0,0.38095238095238093,0.24975896940745587
addr_0000076,0.0,0.7671059228742003,0.04850006746072611,0.0,0.0,0.24953180384655052
addr_0001744,2.0,0.21491805777412817,0.3671417704035725,0.0,0.38095238095238093,0.24942736358890558
addr_0000817,3.0,0.4467639946440466,0.10975396632925509,0.0,0.7142857142857143,0.24935935635348744
addr_0003588,0.0,0.6820239722317889,0.11133384033680904,0.0,0.0,0.24914072780426028
addr_0004860,0.0,0.7827572098704267,0.0354751795114105,0.0,0.0,0.2490172347656922
addr_0003660,3.0,0.03837186253172117,0.49844585367423194,0.0,0.38095238095238093,0.24898513832444724
addr_0000913,0.0,0.6805975928337593,0.11133384033680904,0.0,0.0,0.2487128139848514
addr_0004096,0.0,0.8222237280420769,0.0050172293914547555,0.0,0.0,0.24867401016920496
addr_0002500,0.0,0.7224780074311962,0.07863190026511942,0.0,0.0,0.24819616233540662
addr_0000498,3.0,0.10839773948954359,0.4438920273858601,0.0,0.38095238095238093,0.24817137089644523
addr_0003629,2.0,0.28120210677730945,0.31394539227590856,0.0,0.38095238095238093,0.24803402703879435
addr_0002230,3.0,0.04195815189062508,0.4927701114737122,0.0,0.38095238095238093,0.2477907282519105
addr_0004277,2.0,0.09597776191288626,0.4521273569701377,0.0,0.38095238095238093,0.24773950945715906
addr_0003836,0.0,0.5984673790185864,0.1703240797042825,0.0,0.0,0.2476698455872889
addr_0004938,2.0,0.389398756896812,0.23136609754710344,0.0,0.38095238095238093,0.2474613041831231
addr_0000703,2.0,0.1769240391754366,0.3906258913845648,0.0,0.38095238095238093,0.247422806401695
addr_0001592,3.0,0.5113726140268623,0.0976891812135447,0.0,0.5476190476190476,0.24724936145538132
addr_0004492,3.0,0.6459958518879152,0.01053149084140333,0.0,0.4920523809523809,0.24721658999817397
addr_0004347,2.0,0.09913251948131703,0.44782771768933916,0.0,0.38095238095238093,0.24696608101536888
addr_0000478,2.0,0.6327876180513757,0.01976041642778652,0.0,0.4920523809523809,0.24694569008176542
addr_0002452,3.0,0.015544352942531118,0.5103635438850203,0.0,0.38095238095238093,0.24690396153200556
addr_0004331,3.0,0.5843834662041738,0.04126927555573095,0.0,0.5476190476190476,0.24658465484544928
addr_0003736,2.0,0.6291642504098752,0.007438485265091422,0.0,0.5476190476190476,0.24648657399090387
addr_0001511,2.0,0.5873686349282539,0.02669147235805287,0.0,0.5952380952380952,0.24641098894550684
addr_0000242,0.0,0.7886394831060285,0.02298037233775015,0.0,0.0,0.2457839938669086
addr_0002141,2.0,0.008027343411488436,0.5129161961892188,0.0,0.38095238095238093,0.24566991959437215
addr_0001059,2.0,0.5642059213345948,0.030217227502683037,0.0,0.6428571428571429,0.24563438168716595
addr_0003172,2.0,0.04119118785198364,0.48759759722806656,0.0,0.38095238095238093,0.24549163334205984
addr_0004472,0.0,0.7614830957029537,0.04231005352635588,0.0,0.0,0.24536895012142845
addr_0000339,3.0,0.5526572848652278,0.07574730409893796,0.0,0.4920523809523809,0.24530134519438163
addr_0002767,2.0,0.6130785269197768,0.010038163848109946,0.0,0.5714285714285715,0.2450816807580342
addr_0001069,3.0,0.5842175440978509,0.03743513598010115,0.0,0.5476190476190476,0.2450012223833005
addr_0002802,2.0,0.6009764409542614,0.0006856833913431944,0.0,0.6428571428571429,0.24485291992852998
addr_0002995,2.0,0.4093444832643216,0.20944449999080536,0.0,0.38095238095238093,0.24467638307085673
addr_0003325,3.0,0.008903286431415086,0.5096573564224499,0.0,0.38095238095238093,0.2446291665936426
addr_0004272,0.0,0.7926284721672453,0.016885926663897117,0.0,0.0,0.2445429123157324
addr_0000786,2.0,0.34207799221287644,0.2175938631302083,0.0,0.5476190476190476,0.24442284767785102
addr_0002249,3.0,0.0827598266537085,0.45347337491197176,0.0,0.38095238095238093,0.24431253605613937
addr_0001314,3.0,0.1443220719095472,0.40719267042086943,0.0,0.38095238095238093,0.24426892783645004
addr_0000064,2.0,0.509844402979252,0.09108933187019191,0.0,0.5476190476190476,0.24415095840375714
addr_0002818,3.0,0.6431993333778044,0.008345156314330637,0.0,0.4761904761904762,0.2439169101581212
addr_0003441,0.0,0.798769789331777,0.010532485149070073,0.0,0.0,0.24384393085916112
addr_0003067,3.0,0.31556516024232445,0.2535485954319237,0.0,0.4761904761904762,0.24370803386451445
addr_0001941,2.0,0.4177211666744261,0.20019386491618762,0.0,0.38095238095238093,0.24348913406404096
addr_0002355,3.0,0.08225501450812181,0.45109926175679227,0.0,0.38095238095238093,0.24321144715039156
addr_0001274,2.0,0.10807146796686508,0.43170783355512105,0.0,0.38095238095238093,0.24319981190734605
addr_0002193,3.0,0.2964910266203835,0.29036437980825536,0.0,0.38095238095238093,0.2431882980046553
addr_0001995,2.0,0.5922395947124054,0.026248421148040758,0.0,0.5476190476190476,0.2429331516348427
addr_0004793,2.0,0.5063595433951539,0.08371750030960357,0.0,0.5714285714285715,0.24253772028524476
addr_0004644,0.0,0.41745519692567795,0.29311539982992846,0.0,0.0,0.24248271900967477
addr_0004111,2.0,0.5232815737294556,0.0907258356962447,0.0,0.4920523809523809,0.24248004449257266
addr_0000158,2.0,0.051160520165082345,0.47238902227577967,0.0,0.38095238095238093,0.24239900305507467
addr_0002993,2.0,0.00843269274299827,0.5041442537489245,0.0,0.38095238095238093,0.2422827474177074
addr_0004076,1.0,0.6054900011056233,0.014592286949291917,0.0,0.5476190476190476,0.2422458198733085
addr_0001645,2.0,0.4827593461853714,0.12415953148482953,0.0,0.4761904761904762,0.24211066406859086
addr_0001697,1.0,0.11855412825137744,0.42104673120856556,0.0,0.38095238095238093,0.24208016905407756
addr_0002933,0.0,0.43956698278886397,0.2753890987894589,0.0,0.0,0.24202573435244273
addr_0001366,3.0,0.39245842342909976,0.1676516977220116,0.0,0.5714285714285715,0.24194106326039172
addr_0001342,3.0,0.006638630673493714,0.504458114263381,0.0,0.38095238095238093,0.24187007300263866
addr_0004195,2.0,0.5229918804270739,0.08128685344657374,0.0,0.5238095238095238,0.24179325788770406
addr_0003413,1.0,0.012474537142842067,0.49970536597237464,0.0,0.38095238095238093,0.24171974562704057
addr_0001367,2.0,0.4589452865497347,0.09937226425461008,0.0,0.6428571428571429,0.24171820595247873
addr_0000007,2.0,0.3690823437606205,0.23210050834005239,0.0,0.38095238095238093,0.2416601445594452
addr_0003166,2.0,0.2838682245516788,0.2960027964202816,0.0,0.38095238095238093,0.24165682402885438
addr_0000889,2.0,0.23182337555044408,0.3335766732696657,0.0,0.38095238095238093,0.2410729200682376
addr_0002429,3.0,0.12015191041709387,0.4170159793871324,0.0,0.38095238095238093,0.24094720297521924
addr_0004820,2.0,0.15150178458234131,0.3934363112711182,0.0,0.38095238095238093,0.2409202979783878
addr_0001610,1.0,0.14829142332378303,0.12191088536524679,0.5,0.4761904761904762,0.24087082876228125
addr_0004829,3.0,0.07498411838385625,0.4503211491067902,0.0,0.38095238095238093,0.24071893325311106
addr_0002205,3.0,0.4463316888923533,0.10566126467701316,0.0,0.6428571428571429,0.24044972682422555
addr_0004975,0.0,0.48676065169058236,0.23513336887085123,0.0,0.0,0.24008154305551518
addr_0000129,2.0,0.11727415418122807,0.41687620712418877,0.0,0.38095238095238093,0.24002796719928204
addr_0001067,0.0,0.6499425865784918,0.11133384033680904,0.0,0.0,0.23951631210827118
addr_0000765,2.0,0.009463839232581334,0.4964173047793364,0.0,0.38095238095238093,0.23950131177674705
addr_0004205,2.0,0.08537071363735445,0.43928370756200696,0.0,0.38095238095238093,0.23941993521124724
addr_0000522,3.0,0.3638782366756478,0.2301085499934038,0.0,0.38095238095238093,0.23930212909529394
addr_0001650,3.0,0.5805641674337889,0.030444277476969626,0.0,0.5238095238095238,0.2387279136018769
addr_0004573,3.0,0.6092724299987218,0.04443063003124514,0.0,0.38095238095238093,0.23864921910735268
addr_0003668,0.0,0.7011587633264932,0.06855212346833685,0.0,0.0,0.2377684783852827
addr_0001960,3.0,0.15324929706997825,0.3834459432879918,0.0,0.38095238095238093,0.23744840453142832
addr_0000950,0.0,0.7859373256519869,0.003387058348026398,0.0,0.0,0.23713602103480663
addr_0002424,2.0,0.646129001656553,0.012896341146736379,0.0,0.38095238095238093,0.23709247505089853
addr_0000758,2.0,0.476343168922915,0.055258265228640496,0.0,0.7142857142857143,0.23643482819690215
addr_0000367,3.0,0.44245669178677016,0.12189679314610107,0.0,0.5476190476190476,0.23625762955637622
addr_0002631,2.0,0.41219840063394414,0.18557865803172113,0.0,0.38095238095238093,0.2359862214981098
addr_0001488,0.0,0.7797799821919482,0.004919895381262054,0.0,0.0,0.2359019528100893
addr_0002054,3.0,0.48972034951358046,0.06153521016565673,0.0,0.6428571428571429,0.23581590320605111
addr_0004634,2.0,0.35713663961862147,0.18417979846485746,0.0,0.5476190476190476,0.2355748160334342
addr_0003722,3.0,0.16820746961226657,0.36702730016711027,0.0,0.38095238095238093,0.2353683990457622
addr_0001975,3.0,0.1114086672928671,0.4095882828853265,0.0,0.38095238095238093,0.23535315143722882
addr_0002142,3.0,0.6477810797828102,0.007308282133191962,0.0,0.38095238095238093,0.23535287488335793
addr_0001227,0.0,0.46911735728992643,0.23644368794182163,0.0,0.0,0.2353126823637066
addr_0000372,2.0,0.2896926848849963,0.2753504390826857,0.0,0.38095238095238093,0.23514321919381126
addr_0002001,2.0,0.3000433796545842,0.2675493064046014,0.0,0.38095238095238093,0.23512797455345394
addr_0000935,0.0,0.6899379450657798,0.0701857518146396,0.0,0.0,0.23505568424558976
addr_0001556,2.0,0.30877070557670844,0.2607565627548159,0.0,0.38095238095238093,0.235029074870177
addr_0002863,2.0,0.2775568924022061,0.28407430558526164,0.0,0.38095238095238093,0.2349920280500046
addr_0004648,3.0,0.09419283341175456,0.4212753415560257,0.0,0.38095238095238093,0.23486322474117477
addr_0001345,2.0,0.08346829694001016,0.41699705910136264,0.0,0.42857142857142855,0.234696455579691
addr_0001292,3.0,0.47469271970688787,0.11137555693838277,0.0,0.4761904761904762,0.2345770863064671
addr_0001755,2.0,0.5157674771052126,0.06261333481598316,0.0,0.5476190476190476,0.2345374818198618
addr_0001725,2.0,0.6408845991467457,0.010225800702202758,0.0,0.38095238095238093,0.2344509381201429
addr_0001656,3.0,0.3986922686213429,0.14942840065189833,0.0,0.5476190476190476,0.23414094560906695
addr_0004219,2.0,0.43295570957884927,0.12252259657367151,0.0,0.5476190476190476,0.23365765626502813
addr_0003087,2.0,0.2856139262418017,0.27448239583568723,0.0,0.38095238095238093,0.2335723743020535
addr_0004308,3.0,0.24876153856641744,0.2892234883494004,0.0,0.42857142857142855,0.23317499976682826
addr_0000979,2.0,0.529887430229747,0.06247766213720799,0.0,0.4920523809523809,0.2331625320190454
addr_0004151,0.0,0.7540685546770741,0.016898834733953753,0.0,0.0,0.2329801002967037
addr_0001664,2.0,0.26669382542016595,0.2869791636150818,0.0,0.38095238095238093,0.2328950511673206
addr_0003274,2.0,0.5735009844508655,0.015078981453547758,0.0,0.5476190476190476,0.23284379267858352
addr_0002732,3.0,0.5245099606133106,0.022056007732276225,0.0,0.6666666666666666,0.23284205794357032
addr_0001449,2.0,0.0026538858539754415,0.48441462291944354,0.0,0.38095238095238093,0.23265725301920814
addr_0003146,3.0,0.49052236415340017,0.07640300413093044,0.0,0.5476190476190476,0.232479815660297
addr_0000058,0.0,0.7506907570585685,0.01813155019342722,0.0,0.0,0.2324598471949414
addr_0003567,2.0,0.13612861090784661,0.3584047861945584,0.0,0.4761904761904762,0.23181954536922497
addr_0004747,3.0,0.5883604444529982,0.0010245246545354798,0.0,0.5476190476190476,0.2316798479596184
addr_0001092,0.0,0.53505009931184,0.17775611609526634,0.0,0.0,0.23161747623165854
addr_0004757,0.0,0.5465769530284522,0.16859230631146815,0.0,0.0,0.23141000843312293
addr_0003943,2.0,0.5660554454488133,0.034792818234708485,0.0,0.4761904761904762,0.23135280854757498
addr_0002998,0.0,0.7668886352240988,0.0024167347379117007,0.0,0.0,0.2310332844623943
addr_0000191,2.0,0.48877018437592146,0.08002859733651185,0.0,0.5238095238095238,0.23102344662833355
addr_0003207,2.0,0.40681540274968025,0.13542427689992065,0.0,0.5476190476190476,0.23097623634677708
addr_0000486,2.0,0.604237765519829,0.0050692142338056925,0.0,0.4761904761904762,0.23091806296851858
addr_0003876,2.0,0.10810930875933715,0.4003088094232487,0.0,0.38095238095238093,0.23065155449233873
addr_0000982,2.0,0.13267765044567126,0.3817305167185271,0.0,0.38095238095238093,0.23059073991635032
addr_0000727,2.0,0.4842812540242116,0.09379644641754815,0.0,0.4761904761904762,0.23042200239333036
addr_0000102,3.0,0.3950995968445159,0.16060501768844526,0.0,0.4761904761904762,0.2303909337477805
addr_0003474,2.0,0.5258303395565613,0.008695347669923224,0.0,0.6904761904761904,0.2302748599825567
addr_0003751,3.0,0.2909124866452449,0.26151788737415865,0.0,0.38095238095238093,0.22997613903847502
addr_0000734,3.0,0.36833914415702224,0.16031633338385287,0.0,0.5476190476190476,0.2293901813625526
addr_0001833,3.0,0.6242608025460906,0.009382376124235208,0.0,0.38095238095238093,0.22912642930875937
addr_0000614,3.0,0.44772921393947074,0.1416551668473959,0.0,0.38095238095238093,0.2290760690160377
addr_0001753,0.0,0.42230531804058924,0.2559554721180152,0.0,0.0,0.22907378425938285
addr_0001492,2.0,0.0062319871672980994,0.47231509005130895,0.0,0.38095238095238093,0.22889087026595112
addr_0001124,2.0,0.34173989502980967,0.178733381815245,0.0,0.5476190476190476,0.22877722599694567
addr_0000611,2.0,0.4613189018453066,0.13069931079897998,0.0,0.38095238095238093,0.22877063296842207
addr_0003835,0.0,0.3119618148189289,0.3375594521260201,0.0,0.0,0.22861232529608672
addr_0004826,2.0,0.3604836571629854,0.20532031396267036,0.0,0.38095238095238093,0.2283684608292019
addr_0001263,3.0,0.5547214428141486,0.017860430759295675,0.0,0.5476190476190476,0.2283225099098676
addr_0004208,2.0,0.30457035301319324,0.20525578453855267,0.0,0.5476190476190476,0.2282353244812838
addr_0000210,0.0,0.4395304847525391,0.11449998677520896,0.25,0.0,0.22765914013584532
addr_0003563,2.0,0.5742655476638996,0.042821950205034924,0.0,0.38095238095238093,0.22750368247642194
addr_0003642,2.0,0.6052961281630359,0.007563470460055582,0.0,0.42857142857142855,0.22747136949007585
addr_0003780,3.0,0.35707905362972914,0.20529185309303488,0.0,0.38095238095238093,0.2273356954213708
addr_0004268,2.0,0.3043594659580396,0.24454962737130168,0.0,0.38095238095238093,0.22722292883117065
addr_0000812,3.0,0.21812232212297272,0.28496749351804446,0.0,0.4761904761904762,0.22704274166315724
addr_0002913,3.0,0.46106793037447297,0.0845209263834827,0.0,0.5476190476190476,0.22689065442763973
addr_0003543,0.0,0.3035732846495929,0.3375594521260201,0.0,0.0,0.22609576624528593
addr_0001331,0.0,0.3035732846495929,0.3375594521260201,0.0,0.0,0.22609576624528593
addr_0003471,2.0,0.4973038602511889,0.018959490272601354,0.0,0.6904761904761904,0.2258225732320162
addr_0002478,0.0,0.29975506095601834,0.3375594521260201,0.0,0.0,0.22495029913721354
addr_0000619,0.0,0.29926304453710906,0.3375594521260201,0.0,0.0,0.22480269421154075
addr_0002563,2.0,0.16874238501712416,0.3280389532507253,0.0,0.42857142857142855,0.22469543966257022
addr_0004532,3.0,0.22093625360868335,0.2996059403057797,0.0,0.38095238095238093,0.22421849030015498
addr_0001820,0.0,0.6734019217344196,0.05547402731664399,0.0,0.0,0.22421018744698346
addr_0002362,0.0,0.2967938359227307,0.3375594521260201,0.0,0.0,0.22406193162722726
addr_0004951,0.0,0.2967938359227307,0.3375594521260201,0.0,0.0,0.22406193162722726
addr_0001335,0.0,0.2967938359227307,0.3375594521260201,0.0,0.0,0.22406193162722726
addr_0002097,3.0,0.28118036874705915,0.21215359935497696,0.0,0.5476190476190476,0.2239774551280133
addr_0000577,3.0,0.5199412936521621,0.07453629427871718,0.0,0.38095238095238093,0.2238921439023736
addr_0004933,2.0,0.5198797934255397,0.0744053585263382,0.0,0.38095238095238093,0.2238213195334353
addr_0002797,2.0,0.571498095352487,0.0349926007441928,0.0,0.38095238095238093,0.2235417069986613
addr_0003346,0.0,0.29434042201887295,0.3375594521260201,0.0,0.0,0.22332590745606995
addr_0004304,2.0,0.27232940280737106,0.25882013728411163,0.0,0.38095238095238093,0.22332211385109407
addr_0001898,2.0,0.33068378817745075,0.17256270662994438,0.0,0.5476190476190476,0.22299212386711773
addr_0004598,3.0,0.060034120163213016,0.4169421497121127,0.0,0.38095238095238093,0.22288233402904709
addr_0004673,2.0,0.5487423649330327,0.002594553123705915,0.0,0.5714285714285715,0.22280338787224935
addr_0004163,2.0,0.33811488152367986,0.18429721259438497,0.0,0.4761904761904762,0.22277239711390556
addr_0004547,2.0,0.3610169002309528,0.16709711081445172,0.0,0.4761904761904762,0.22276296201411414
addr_0002634,3.0,0.458394027205282,0.08187196202895887,0.0,0.5238095238095238,0.22264794535412052
addr_0002049,2.0,0.3527685818466751,0.1548083757684734,0.0,0.5476190476190476,0.22251582962329663
addr_0004526,3.0,0.5673074787749738,0.006054881792443279,0.0,0.4920523809523809,0.22181943444470753
addr_0002453,0.0,0.7325706230979839,0.004919895381262054,0.0,0.0,0.2217391450819
addr_0001004,0.0,0.5267066645009265,0.1589789154505794,0.0,0.0,0.22160356553050972
addr_0002838,3.0,0.055536596643273775,0.41704945668311183,0.0,0.38095238095238093,0.22157599976146497
addr_0004717,3.0,0.5300586657861548,0.01863368163192784,0.0,0.5476190476190476,0.22123297715052231
addr_0002583,2.0,0.3165699685516679,0.17763451249079526,0.0,0.5476190476190476,0.22078670032372325
addr_0003357,2.0,0.010282870397272789,0.44861122189324865,0.0,0.38095238095238093,0.22062458797171938
addr_0003619,2.0,0.25601443587897016,0.24043157501617085,0.0,0.4761904761904762,0.220596008389207
addr_0003047,2.0,0.4663318986288053,0.04067418852137724,0.0,0.6428571428571429,0.22045495928290676
addr_0001481,0.0,0.284539630834696,0.3375594521260201,0.0,0.0,0.22038567010081686
addr_0002624,0.0,0.284539630834696,0.3375594521260201,0.0,0.0,0.22038567010081686
addr_0000591,2.0,0.21181209252368235,0.27272884810235154,0.0,0.4761904761904762,0.22025421461709294
addr_0002044,0.0,0.2840527608211395,0.3375594521260201,0.0,0.0,0.2202396090967499
addr_0004245,2.0,0.5810676717550824,0.019455711389936427,0.0,0.38095238095238093,0.2201978241777374
addr_0001584,0.0,0.2835660554845217,0.3375594521260201,0.0,0.0,0.22009359749576457
addr_0004278,0.0,0.2835660554845217,0.3375594521260201,0.0,0.0,0.22009359749576457
addr_0003311,2.0,0.008421352995370104,0.44861122189324865,0.0,0.38095238095238093,0.22006613275114859
addr_0000916,2.0,0.002120370220480027,0.45316553954732647,0.0,0.38095238095238093,0.2199975649803127
addr_0004093,3.0,0.015588176243068451,0.44302193631577574,0.0,0.38095238095238093,0.21998046549446895
addr_0000298,3.0,0.3554305839250932,0.14630957856318602,0.0,0.5476190476190476,0.21991491136470712
addr_0000225,0.0,0.5036101443364447,0.17194748366298487,0.0,0.0,0.21986203676612734
addr_0001339,2.0,0.2556584089699693,0.22672342317250857,0.0,0.5238095238095238,0.21976784434094662
addr_0004752,2.0,0.12906044592268856,0.35711579488322526,0.0,0.38095238095238093,0.21965968982533476
addr_0003187,2.0,0.6036959152140657,0.000765238929459136,0.0,0.38095238095238093,0.21951010823124148
addr_0000709,2.0,0.2671895734207494,0.2528814941288913,0.0,0.38095238095238093,0.21940470777301946
addr_0002581,0.0,0.4514472249041615,0.2097149282747821,0.0,0.0,0.2193201387811613
addr_0002395,2.0,0.5375854833335041,0.021611222203758166,0.0,0.4920523809523809,0.2191253719767926
addr_0002081,2.0,0.5111803999344244,0.02723898557808768,0.0,0.5476190476190476,0.21901161897346716
addr_0004662,0.0,0.7238181869386844,0.003887479052401821,0.0,0.0,0.21870044770256605
addr_0000785,3.0,0.2620295224520089,0.2132524705736203,0.0,0.5476190476190476,0.21867174972695555
addr_0000060,0.0,0.27804166248116524,0.3375594521260201,0.0,0.0,0.21843627959475764
addr_0003659,2.0,0.027247627746180947,0.4288922233811891,0.0,0.38095238095238093,0.21782641577156803
addr_0003024,0.0,0.5361883011222413,0.14214542574743913,0.0,0.0,0.21771466063564804
addr_0003785,3.0,0.18256416724374777,0.3115953103172971,0.0,0.38095238095238093,0.21750261239528126
addr_0001134,2.0,0.010833520548381603,0.440201125528074,0.0,0.38095238095238093,0.2174257444709822
addr_0004314,3.0,0.26078774830840973,0.22858881360250155,0.0,0.4761904761904762,0.21729089755257117
addr_0001210,0.0,0.6742550122719017,0.03752975993064475,0.0,0.0,0.2172884076538284
addr_0002386,3.0,0.5888289886320959,0.006000030903976896,0.0,0.38095238095238093,0.21714394704645762
addr_0003258,3.0,0.16373113148431523,0.32455051910295313,0.0,0.38095238095238093,0.21703478518171393
addr_0004964,0.0,0.12013619392535992,0.20233217798503403,0.5,0.0,0.2169737293716216
addr_0000284,0.0,0.1917281027816756,0.398440323203914,0.0,0.0,0.21689456011606828
addr_0000897,2.0,0.056486821252673784,0.4043239826635966,0.0,0.38095238095238093,0.2167708775364789
addr_0003377,0.0,0.2720392280530757,0.3375594521260201,0.0,0.0,0.21663554926633077
addr_0003552,0.0,0.2718813764977479,0.3375594521260201,0.0,0.0,0.21658819379973243
addr_0000884,0.0,0.7133275374293745,0.006460798950667055,0.0,0.0,0.21658258080907916
addr_0001800,0.0,0.4158643618167129,0.22931778526967622,0.0,0.0,0.21648642265288434
addr_0002361,0.0,0.19023612960989925,0.398440323203914,0.0,0.0,0.21644696816453537
addr_0004940,3.0,0.12782225936536915,0.34987955856210656,0.0,0.38095238095238093,0.21639373932969147
addr_0003635,2.0,0.010710933062933366,0.4376562624433896,0.0,0.38095238095238093,0.21637102299147398
addr_0003197,2.0,0.4243584677122104,0.08571551049009074,0.0,0.5476190476190476,0.2163556492716042
addr_0000440,0.0,0.18978115642999446,0.398440323203914,0.0,0.0,0.21631047621056393
addr_0000355,0.0,0.1893263371383722,0.398440323203914,0.0,0.0,0.21617403042307726
addr_0002869,0.0,0.5555789318090034,0.12361292599069407,0.0,0.0,0.21611884993897865
addr_0004524,0.0,0.2702764265259432,0.3375594521260201,0.0,0.0,0.216106708808191
addr_0002264,0.0,0.2702764265259432,0.3375594521260201,0.0,0.0,0.216106708808191
addr_0001518,3.0,0.5739810646246124,0.013806335472279843,0.0,0.38095238095238093,0.21581209167153376
addr_0004775,2.0,0.34726911301591123,0.18354709729475488,0.0,0.38095238095238093,0.2156948109179134
addr_0000810,0.0,0.1868505693658992,0.398440323203914,0.0,0.0,0.21543130009133538
addr_0004424,0.0,0.2675330993248508,0.3375594521260201,0.0,0.0,0.21528371064786328
addr_0001548,3.0,0.46872336979832335,0.04971431480753863,0.0,0.5476190476190476,0.21526464162441722
addr_0003636,2.0,0.05854079456028161,0.3984423836641722,0.0,0.38095238095238093,0.21503442992899147
addr_0003219,2.0,0.5276704664099933,0.02269412989419021,0.0,0.4761904761904762,0.21499783949972168
addr_0001195,0.0,0.1851326375899773,0.398440323203914,0.0,0.0,0.2149159205585588
addr_0004432,2.0,0.050233939492746835,0.4043239826635966,0.0,0.38095238095238093,0.2148950130085008
addr_0004906,2.0,0.5318512064385557,0.0013222333176859083,0.0,0.5476190476190476,0.21484616002054582
addr_0000887,3.0,0.1484061344624587,0.3303276836972219,0.0,0.38095238095238093,0.21474815191286445
addr_0003616,2.0,0.527146365261433,0.0044414576487992775,0.0,0.5476190476190476,0.21468239739985437
addr_0002653,3.0,0.3403578583786289,0.18582150112038984,0.0,0.38095238095238093,0.2145311960569827
addr_0000176,0.0,0.18384053782465545,0.398440323203914,0.0,0.0,0.21452829062896225
addr_0003141,0.0,0.672702989136864,0.031780841189481726,0.0,0.0,0.2145232332168519
addr_0003395,0.0,0.1836029583823534,0.398440323203914,0.0,0.0,0.21445701679627163
addr_0004476,3.0,0.37783646315890296,0.15698637308224875,0.0,0.38095238095238093,0.21424072627580848
addr_0002029,2.0,0.530337017065872,0.0007655572006278819,0.0,0.5476190476190476,0.2141692327619175
addr_0003634,2.0,0.2774599606758687,0.19026913896233238,0.0,0.5476190476190476,0.21410754854959832
addr_0003720,0.0,0.5344186424812398,0.13379738920115045,0.0,0.0,0.21384454842483214
addr_0004813,0.0,0.18134084114384133,0.398440323203914,0.0,0.0,0.21377838162471802
addr_0004442,2.0,0.4272926917107502,0.07703642368627173,0.0,0.5476190476190476,0.21376428174963852
addr_0004321,2.0,0.008899809999920408,0.43245109301486756,0.0,0.38095238095238093,0.21374561830116123
addr_0003359,3.0,0.44097818766481456,0.10826721489101797,0.0,0.38095238095238093,0.21369558035108965
addr_0004970,2.0,0.0783710445318458,0.38019489786181954,0.0,0.38095238095238093,0.21368451059951968
addr_0001373,3.0,0.3783738357888715,0.10160907869463977,0.0,0.5952380952380952,0.2136795917383269
addr_0002566,2.0,0.5286696235119559,0.00041048401786665756,0.0,0.5476190476190476,0.2135269854226382
addr_0002656,2.0,0.37641385041209197,0.11438688118433123,0.0,0.5476190476190476,0.21344081235926485
addr_0002541,2.0,0.008555872999808893,0.43193608079786117,0.0,0.38095238095238093,0.21343643231432524
addr_0003505,2.0,0.5205059776528338,0.020053398574487916,0.0,0.4920523809523809,0.2133783908208834
addr_0002413,2.0,0.24363130774274425,0.2548133038720867,0.0,0.38095238095238093,0.21310995196689606
addr_0003180,2.0,0.12490842820015968,0.34337207397229924,0.0,0.38095238095238093,0.2129165961442057
addr_0001050,2.0,0.2265442736533693,0.24331569727121505,0.0,0.4761904761904762,0.21290860862354444
addr_0000062,2.0,0.4678114597302856,0.044426009123650814,0.0,0.5476190476190476,0.21287574633045078
addr_0003484,3.0,0.06813755609335463,0.3855639065444379,0.0,0.38095238095238093,0.21276206754101967
addr_0001154,2.0,0.2736310049918885,0.23136609754710344,0.0,0.38095238095238093,0.21273097861164605
addr_0003666,0.0,0.5286626363268164,0.13478844055940317,0.0,0.0,0.2125141671218062
addr_0000270,2.0,0.43268254794153654,0.05773916389685239,0.0,0.5952380952380952,0.21242423946501146
addr_0000674,2.0,0.3888450058677231,0.1320997070367979,0.0,0.42857142857142855,0.21235052743217891
addr_0000839,3.0,0.11212463897156169,0.3515153959797908,0.0,0.38095238095238093,0.21233878817862295
addr_0002258,3.0,0.23854490809803391,0.2565737532081154,0.0,0.38095238095238093,0.21228821180789445
addr_0004415,3.0,0.34982607837821655,0.17294183949281147,0.0,0.38095238095238093,0.21221979740582766
addr_0003837,1.0,0.2635771744584846,0.23674222715173268,0.0,0.38095238095238093,0.21186528129347657
addr_0001901,2.0,0.4905553075456476,0.0010033269980016305,0.0,0.6428571428571429,0.21185363734860924
addr_0002342,0.0,0.5550631323642291,0.1133298511776678,0.0,0.0,0.21185088018033585
addr_0000020,2.0,0.015065395627707555,0.4227212104445309,0.0,0.38095238095238093,0.21170334096136276
addr_0001434,2.0,0.34410425567550706,0.15147097756261046,0.0,0.4761904761904762,0.2114387153467439
addr_0003948,0.0,0.5536821718722136,0.1133298511776678,0.0,0.0,0.21143659203273119
addr_0002948,2.0,0.3633957195359457,0.11906443011193094,0.0,0.5476190476190476,0.21140639266746084
addr_0003898,0.0,0.6645437873546521,0.030067445503193853,0.0,0.0,0.2113901144076732
addr_0002657,2.0,0.04984590986437947,0.39540286185950185,0.0,0.38095238095238093,0.2112101557983527
addr_0000329,2.0,0.3430573577616005,0.1274969974701781,0.0,0.5714285714285715,0.21105886345940855
addr_0002794,2.0,0.3781901422666023,0.14854804553933176,0.0,0.38095238095238093,0.2109714989909515
addr_0004832,2.0,0.3368177807150798,0.1377284084828425,0.0,0.5476190476190476,0.2108986023695657
addr_0001468,0.0,0.6949329296891285,0.00589557034699188,0.0,0.0,0.21083810704553527
addr_0003198,2.0,0.561966914556033,0.009928699725879309,0.0,0.38095238095238093,0.21065679235239973
addr_0002729,3.0,0.13415184579069608,0.3307657374091028,0.0,0.38095238095238093,0.21064708679608804
addr_0000342,3.0,0.31632429346573765,0.1523339595774087,0.0,0.5476190476190476,0.21059277663258955
addr_0001728,3.0,0.0658504292296802,0.3818094616468767,0.0,0.38095238095238093,0.21057415152289286
addr_0003119,2.0,0.5119380407708551,0.005531655348074733,0.0,0.5476190476190476,0.21055597913239119
addr_0004202,2.0,0.2834985730207636,0.21844523316172296,0.0,0.38095238095238093,0.21052290326615636
addr_0003705,0.0,0.46868470794317607,0.1745441838202768,0.0,0.0,0.21042308591106357
addr_0002039,2.0,0.20592602267164734,0.23968896360205064,0.0,0.5238095238095238,0.21003434462326684
addr_0003081,2.0,0.05896998553766168,0.3855639065444379,0.0,0.38095238095238093,0.21001179637431178
addr_0001009,0.0,0.5985207299273165,0.07468134341727498,0.0,0.0,0.20942875634510494
addr_0002437,3.0,0.33647355632367687,0.17583994536437458,0.0,0.38095238095238093,0.20937328313809098
addr_0004889,3.0,0.16331985852266676,0.30561499271246684,0.0,0.38095238095238093,0.20933719273702486
addr_0000505,3.0,0.02167969440192312,0.41178761784446194,0.0,0.38095238095238093,0.20931419355359981
addr_0000523,3.0,0.46160428280574684,0.04009562184549829,0.0,0.5476190476190476,0.2092814383418281
addr_0004250,2.0,0.03123133597281525,0.4037365038846923,0.0,0.38095238095238093,0.2089592404409596
addr_0002803,2.0,0.012761318595501852,0.4174452353454389,0.0,0.38095238095238093,0.20890172781206423
addr_0002892,2.0,0.3760489437576075,0.10316222408260659,0.0,0.5476190476190476,0.20884147752222965
addr_0004590,2.0,0.03040703247578956,0.4037365038846923,0.0,0.38095238095238093,0.2087119493918519
addr_0003869,0.0,0.6649669531446629,0.02292131327612921,0.0,0.0,0.20865861125385055
addr_0004185,0.0,0.6511894429335393,0.03317046641293281,0.0,0.0,0.2086250194452349
addr_0000269,0.0,0.13280208650521536,0.17191178995233222,0.5,0.0,0.2086053419324975
addr_0004443,2.0,0.48149054676794406,0.022822410917286023,0.0,0.5476190476190476,0.20833803315920238
addr_0001498,0.0,0.5158952900993216,0.13379738920115045,0.0,0.0,0.20828754271025662
addr_0001864,0.0,0.11541443318959708,0.184002577853119,0.5,0.0,0.20822536109812673
addr_0001099,2.0,0.06763069172516183,0.3741293308628509,0.0,0.38095238095238093,0.208036177957927
addr_0004788,3.0,0.17661677823308009,0.2913593532794279,0.0,0.38095238095238093,0.2076240128769333
addr_0002464,0.0,0.6610555168568365,0.023091694913904705,0.0,0.0,0.20755333302261283
addr_0002832,3.0,0.4492733109100966,0.044954564975811996,0.0,0.5476190476190476,0.20752572402525854
addr_0004435,2.0,0.394730786203613,0.08522455380485043,0.0,0.5476190476190476,0.20727096214492882
addr_0002750,2.0,0.1782197365504572,0.28891023992807724,0.0,0.38095238095238093,0.20712525503160617
addr_0002841,3.0,0.16999292938103877,0.2947935897327211,0.0,0.38095238095238093,0.20701055280263816
addr_0002558,2.0,0.5469281548496917,0.011827836402305884,0.0,0.38095238095238093,0.20690481911106798
addr_0000208,2.0,0.39379306217223825,0.12605993047371927,0.0,0.38095238095238093,0.2066571289363973
addr_0001591,2.0,0.15261022667921356,0.28283918956638016,0.0,0.4761904761904762,0.20653779144936374
addr_0001779,0.0,0.3737627070757091,0.23599139796540916,0.0,0.0,0.20652537130887638
addr_0002615,2.0,0.2071619835129274,0.26548007806357277,0.0,0.38095238095238093,0.20643586437454542
addr_0004718,3.0,0.29662928851676645,0.1566118114908066,0.0,0.5476190476190476,0.20639541591325736
addr_0001524,2.0,0.2913043943071109,0.17809555065279092,0.0,0.4761904761904762,0.20624858617229724
addr_0004117,3.0,0.35197387857879325,0.1556728484018579,0.0,0.38095238095238093,0.20595654102961924
addr_0002609,2.0,0.27577519054737265,0.2128108301980874,0.0,0.38095238095238093,0.20595212733868487
addr_0000625,0.0,0.6408833907504864,0.03420072151526736,0.0,0.0,0.20594530583125287
addr_0003431,1.0,0.40970644514196597,0.07065009332728239,0.0,0.5476190476190476,0.2059338756354075
addr_0001783,2.0,0.10527718985561674,0.3400721544761971,0.0,0.38095238095238093,0.20570725684240196
addr_0000792,0.0,0.6800598839873501,0.0038711178573234513,0.0,0.0,0.2055664123391344
addr_0004574,0.0,0.4331898478228053,0.18892113184536866,0.0,0.0,0.20552540708498904
addr_0004399,2.0,0.43714300310587123,0.048990396623160466,0.0,0.5476190476190476,0.20550096434293033
addr_0004623,0.0,0.1797435892738886,0.37870249233023057,0.0,0.0,0.2054040737142588
addr_0001032,0.0,0.4323196206489206,0.18892113184536866,0.0,0.0,0.20526433893282364
addr_0001897,2.0,0.13785877451441195,0.3145023297326535,0.0,0.38095238095238093,0.20525380234262308
addr_0002314,3.0,0.07833777330360846,0.357714747659409,0.0,0.38095238095238093,0.20468246915008426
addr_0001558,2.0,0.11930931220602557,0.3268917081361685,0.0,0.38095238095238093,0.20464471501151318
addr_0003338,2.0,0.13334297612633164,0.3163224410815423,0.0,0.38095238095238093,0.2046271073657545
addr_0003858,3.0,0.5045676029661625,0.013899653480739625,0.0,0.4761904761904762,0.20454918990119222
addr_0000315,2.0,0.227636353944973,0.24531600652131486,0.0,0.38095238095238093,0.20451254688725595
addr_0000575,0.0,0.3670471754560509,0.23599139796540916,0.0,0.0,0.20451071182297895
addr_0002946,0.0,0.13091928970805858,0.4126969903886878,0.0,0.0,0.2043545830678927
addr_0001510,3.0,0.09162592268917102,0.3348313066013415,0.0,0.42857142857142855,0.2042774423044308
addr_0001873,3.0,0.30727314685687607,0.16099265388822975,0.0,0.4761904761904762,0.20419805323140233
addr_0002573,2.0,0.5468387549396558,0.0050578674389728795,0.0,0.38095238095238093,0.204170011552724
addr_0000509,1.0,0.11252024697782392,0.33067493660380015,0.0,0.38095238095238093,0.20412128683010536
addr_0004527,0.0,0.36556318528334014,0.23599139796540916,0.0,0.0,0.20406551477116572
addr_0000566,0.0,0.36556318528334014,0.23599139796540916,0.0,0.0,0.20406551477116572
addr_0003890,0.0,0.6499965342462138,0.022558847985638293,0.0,0.0,0.20402249946811946
addr_0000312,3.0,0.4807835711420835,0.01761159462421441,0.0,0.5238095238095238,0.20366066157326318
addr_0000353,2.0,0.4904804852838605,0.04604703598162037,0.0,0.38095238095238093,0.2036581980730444
addr_0001381,0.0,0.12795992474822004,0.4126969903886878,0.0,0.0,0.20346677357994114
addr_0003624,0.0,0.12795992474822004,0.4126969903886878,0.0,0.0,0.20346677357994114
addr_0000532,3.0,0.3274049865771832,0.16774257219242938,0.0,0.38095238095238093,0.2034137629453648
addr_0001953,2.0,0.3178267050402118,0.12719502910182498,0.0,0.5714285714285715,0.2033688802956507
addr_0004611,0.0,0.6332228236047585,0.032996053149560334,0.0,0.0,0.20316526834125165
addr_0002530,0.0,0.6332228236047585,0.032996053149560334,0.0,0.0,0.20316526834125165
addr_0001235,0.0,0.3625177140294781,0.23599139796540916,0.0,0.0,0.2031518733950071
addr_0003101,0.0,0.415038470202219,0.19623486152870004,0.0,0.0,0.2030054856721457
addr_0000374,0.0,0.5422976689633584,0.1003139879558742,0.0,0.0,0.2028148958713572
addr_0002749,2.0,0.4082162017708408,0.06392186773015121,0.0,0.5476190476190476,0.20279551238521748
addr_0000000,0.0,0.12506580440216028,0.4126969903886878,0.0,0.0,0.20259853747612322
addr_0001232,2.0,0.003792902538566263,0.408228224672115,0.0,0.38095238095238093,0.20252439872565398
addr_0000752,0.0,0.12426428203998213,0.4126969903886878,0.0,0.0,0.20235808076746978
addr_0003419,2.0,0.22458782664213317,0.20633230677422892,0.0,0.5238095238095238,0.2022902230832839
addr_0003463,0.0,0.12389579609086364,0.4126969903886878,0.0,0.0,0.20224753498273423
addr_0002306,3.0,0.4218848375991575,0.05198512664603245,0.0,0.5476190476190476,0.20212140670006498
addr_0002690,2.0,0.4119501443587131,0.07706226446678083,0.0,0.4761904761904762,0.20202899671337388
addr_0002430,3.0,0.07519461876523473,0.35321742822710445,0.0,0.38095238095238093,0.2019405950156503
addr_0004286,3.0,0.12239678107825085,0.31721906917006215,0.0,0.38095238095238093,0.20170190008673822
addr_0001348,2.0,0.3788410938802942,0.12484860689338667,0.0,0.38095238095238093,0.20168700901668102
addr_0000739,2.0,0.18487293185662498,0.270100803423912,0.0,0.38095238095238093,0.20159743902179042
addr_0002788,3.0,0.360365980018423,0.13834551867388595,0.0,0.38095238095238093,0.2015432395703194
addr_0003787,2.0,0.09942830511120898,0.33379299506451454,0.0,0.38095238095238093,0.20144092765440663
addr_0003278,0.0,0.5452116553474928,0.09456590433988063,0.0,0.0,0.2013898583402001
addr_0002971,0.0,0.1917281027816756,0.35944474267042914,0.0,0.0,0.20129632790267432
addr_0002879,2.0,0.013196867660609372,0.39799786116889163,0.0,0.38095238095238093,0.20125344286097757
addr_0000607,2.0,0.40537854152778124,0.06168984604465093,0.0,0.5476190476190476,0.2010514056380995
addr_0004290,0.0,0.22478107900379518,0.33339323324169096,0.0,0.0,0.20079161699781495
addr_0004584,0.0,0.6500693299926803,0.014202885866947998,0.0,0.0,0.2007019533445833
addr_0002871,2.0,0.432301283143369,0.03427511353174764,0.0,0.5714285714285715,0.2005432874985669
addr_0003241,2.0,0.2862232014287257,0.14964787398166235,0.0,0.5476190476190476,0.20048801478318742
addr_0000264,3.0,0.2923453796044234,0.1389141806473229,0.0,0.5714285714285715,0.20041214328311335
addr_0000724,1.0,0.12438766228028418,0.03863372263515176,0.5,0.4761904761904762,0.2003888353571936
addr_0001424,0.0,0.2230103324313066,0.33339323324169096,0.0,0.0,0.20026039302606838
addr_0003604,3.0,0.10179547818817257,0.32900766550112015,0.0,0.38095238095238093,0.20023694775213793
addr_0001461,2.0,0.12840663076331982,0.30870251645154184,0.0,0.38095238095238093,0.2000982339048508
addr_0002898,0.0,0.6480449288000251,0.014202885866947998,0.0,0.0,0.20009463298678673
addr_0004696,2.0,0.325480485861404,0.1605933621822184,0.0,0.38095238095238093,0.19997672872654665
addr_0003460,3.0,0.32273374889696277,0.12073983575922607,0.0,0.5476190476190476,0.19987796373468403
addr_0003511,0.0,0.22171544780596852,0.33339323324169096,0.0,0.0,0.19987192763846695
addr_0000565,0.0,0.622231856987161,0.032996053149560334,0.0,0.0,0.19986797835597242
addr_0000604,3.0,0.47893824145722635,0.0035162938185788156,0.0,0.5476190476190476,0.1998498947265042
addr_0001205,0.0,0.22134638040075347,0.33339323324169096,0.0,0.0,0.19976120741690243
addr_0002576,2.0,0.3187005344914978,0.1649802841391988,0.0,0.38095238095238093,0.19969751209836697
addr_0001609,0.0,0.6216307673250964,0.032996053149560334,0.0,0.0,0.19968765145735304
addr_0001866,0.0,0.6216307673250964,0.032996053149560334,0.0,0.0,0.19968765145735304
addr_0001316,3.0,0.07011315227769332,0.35112652403502664,0.0,0.38095238095238093,0.19957979339255674
addr_0000168,2.0,0.36439251757529,0.11819077660770787,0.0,0.42857142857142855,0.19945120877281303
addr_0003561,0.0,0.6392687512471621,0.01900817134826778,0.0,0.0,0.19938389391345573
addr_0002672,3.0,0.15972642446741928,0.27147451302685305,0.0,0.42857142857142855,0.19936487540810988
addr_0003296,0.0,0.6264041005776194,0.028599476754824514,0.0,0.0,0.19936102087521562
addr_0003820,2.0,0.04491135144560728,0.368865635770751,0.0,0.38095238095238093,0.1991148978372207
addr_0003327,2.0,0.26682382999663584,0.20224971056942465,0.0,0.38095238095238093,0.19904227132199873
addr_0002681,2.0,0.5271117347023967,0.006784242250608,0.0,0.38095238095238093,0.1989424554062003
addr_0002626,2.0,0.46387731328583465,0.05353056843974726,0.0,0.38095238095238093,0.1986706594568874
addr_0000094,2.0,0.3959266482333873,0.10438679640217965,0.0,0.38095238095238093,0.19862795112612616
addr_0004360,2.0,0.013762972941884295,0.39021365496465116,0.0,0.38095238095238093,0.19830959196366388
addr_0003954,3.0,0.03242978031819818,0.37561335853582145,0.0,0.38095238095238093,0.19806951560502614
addr_0000797,0.0,0.42538519727053303,0.17598753820465055,0.0,0.0,0.19801057446302012
addr_0002652,0.0,0.4255218302923255,0.17549453045396846,0.0,0.0,0.19785436126928502
addr_0002717,0.0,0.6512529631778062,0.005859911248130011,0.0,0.0,0.19771985345259388
addr_0000777,2.0,0.040063285062311944,0.368865635770751,0.0,0.38095238095238093,0.19766047792223207
addr_0001790,3.0,0.19009812868658174,0.2563011453284015,0.0,0.38095238095238093,0.1976451348325732
addr_0003415,0.0,0.6351271554409204,0.017663104619953456,0.0,0.0,0.1976033884802575
addr_0002005,2.0,0.39058676279632126,0.10572900536967378,0.0,0.38095238095238093,0.197562869082004
addr_0004580,2.0,0.3590118053835704,0.08771821657902612,0.0,0.5476190476190476,0.19755273300858633
addr_0003497,3.0,0.17830752634276495,0.26471719850649605,0.0,0.38095238095238093,0.197474375400666
addr_0001796,0.0,0.21348438347834947,0.33339323324169096,0.0,0.0,0.19740260834018125
addr_0002274,2.0,0.03551157755725662,0.3711556481569796,0.0,0.38095238095238093,0.19721097062520695
addr_0001494,0.0,0.21272986649216905,0.33339323324169096,0.0,0.0,0.1971762532443271
addr_0000068,0.0,0.21208539982637237,0.33339323324169096,0.0,0.0,0.1969829132445881
addr_0003763,0.0,0.21194512282242584,0.33339323324169096,0.0,0.0,0.19694083014340413
addr_0002058,3.0,0.3128475006553967,0.16241646965877135,0.0,0.38095238095238093,0.19691607615536563
addr_0004957,3.0,0.312199254125728,0.15085551980102632,0.0,0.42857142857142855,0.1968591270152718
addr_0003522,1.0,0.4993996068251562,0.022221315028477757,0.0,0.38095238095238093,0.19680364615417606
addr_0001990,2.0,0.09666822377666222,0.3234924708083559,0.0,0.38095238095238093,0.19649269355157914
addr_0001054,1.0,0.20381991387098758,0.23110625010498784,0.0,0.42857142857142855,0.19644561706043429
addr_0000944,0.0,0.6423429265728446,0.008821664332693116,0.0,0.0,0.19623154370493065
addr_0003001,2.0,0.5262864216286588,0.0004919052684869695,0.0,0.38095238095238093,0.19617792669123052
addr_0004682,0.0,0.19465784317587648,0.3443748123894395,0.0,0.0,0.19614727790853875
addr_0004921,0.0,0.4210242048120013,0.17456265803540322,0.0,0.0,0.19613232465776168
addr_0002155,2.0,0.5082453449149845,0.001749568487711942,0.0,0.42857142857142855,0.196030573726723
addr_0004830,2.0,0.3192974501940476,0.1553646847003998,0.0,0.38095238095238093,0.1960303470336123
addr_0004319,2.0,0.5192272008006427,0.005337014669484143,0.0,0.38095238095238093,0.19599820420322456
addr_0001667,2.0,0.5062258957263001,0.015057887858041605,0.0,0.38095238095238093,0.19598616195634475
addr_0000092,0.0,0.19374506004529496,0.3443748123894395,0.0,0.0,0.1958734429693643
addr_0001291,2.0,0.01584118773568071,0.3825570329973666,0.0,0.38095238095238093,0.19587040761488897
addr_0002884,2.0,0.23769372675180275,0.19217355091776228,0.0,0.4761904761904762,0.19579658601169336
addr_0000193,2.0,0.5145256635341631,0.008065113019970272,0.0,0.38095238095238093,0.1956789823634751
addr_0001197,1.0,0.5241720396382377,0.0007451117277567131,0.0,0.38095238095238093,0.19564489467781207
addr_0003234,3.0,0.30954370418312277,0.1199760540437408,0.0,0.5476190476190476,0.19561543763433792
addr_0004607,2.0,0.09290569084117632,0.32407130426131486,0.0,0.38095238095238093,0.19559546705211694
addr_0001423,2.0,0.13796432713474205,0.26643932593649045,0.0,0.4761904761904762,0.19558407613406642
addr_0004354,0.0,0.6347100049690878,0.012806257164768195,0.0,0.0,0.19553550435663364
addr_0000788,0.0,0.19247843880761162,0.3443748123894395,0.0,0.0,0.1954934565980593
addr_0000282,0.0,0.19241815870559495,0.3443748123894395,0.0,0.0,0.1954753725674543
addr_0002417,2.0,0.46826382859666066,0.0004642773763175408,0.0,0.5476190476190476,0.19542676429142997
addr_0003861,0.0,0.19224514325963696,0.3443748123894395,0.0,0.0,0.19542346793366688
addr_0003188,3.0,0.30720377506579977,0.12104334708802718,0.0,0.5476190476190476,0.19534037611685556
addr_0000940,3.0,0.4585972217773325,0.00746081955536059,0.0,0.5476190476190476,0.19532539911724872
addr_0000821,3.0,0.47528965495468445,0.036229413992865764,0.0,0.38095238095238093,0.19517390017878972
addr_0003906,2.0,0.46720066045360636,0.042244192007180034,0.0,0.38095238095238093,0.19515311303419203
addr_0004863,2.0,0.048185717125138486,0.3564084542648345,0.0,0.38095238095238093,0.19511433493871344
addr_0000079,0.0,0.19101729660430147,0.3443748123894395,0.0,0.0,0.19505511393706626
addr_0000874,3.0,0.4943116010377432,0.021660580496112445,0.0,0.38095238095238093,0.19505295060500602
addr_0000856,2.0,0.023753772391803443,0.3742943788945927,0.0,0.38095238095238093,0.19493912137061623
addr_0003529,0.0,0.19056205920564181,0.3443748123894395,0.0,0.0,0.19491854271746836
addr_0000602,2.0,0.03193779581720832,0.36779557045510525,0.0,0.38095238095238093,0.1947948050224427
addr_0004792,2.0,0.3900092580651971,0.057563370736463115,0.0,0.5476190476190476,0.19479003047604912
addr_0000050,2.0,0.34091046009632686,0.09413712207841249,0.0,0.5476190476190476,0.1946898916221678
addr_0004853,2.0,0.19203546083800213,0.22362608574484422,0.0,0.4761904761904762,0.19468012016838596
addr_0003970,0.0,0.1618073799609026,0.11512366733688048,0.5,0.0,0.19459168092302298
addr_0000958,0.0,0.6313837857322826,0.012806257164768195,0.0,0.0,0.19453763858559206
addr_0001224,0.0,0.4241104247750967,0.16804110475802939,0.0,0.0,0.19444956933574076
addr_0000348,2.0,0.30933974361411737,0.15872413125370652,0.0,0.38095238095238093,0.19438681368095592
addr_0003052,2.0,0.13085646796322906,0.2923701038677338,0.0,0.38095238095238093,0.19430022003130035
addr_0004221,3.0,0.4401893324705207,0.018658207717814488,0.0,0.5476190476190476,0.19428198759018678
addr_0004271,2.0,0.06446513539846517,0.3417601118382105,0.0,0.38095238095238093,0.19413882345006184
addr_0000025,2.0,0.044645061479774886,0.35659026625279744,0.0,0.38095238095238093,0.19412486304028956
addr_0000745,2.0,0.4385418123852794,0.018843514159346677,0.0,0.5476190476190476,0.19386185414122725
addr_0004869,2.0,0.5138589228254333,0.00344747920092738,0.0,0.38095238095238093,0.19363190662323904
addr_0000587,2.0,0.10344563976513176,0.29826605765122766,0.0,0.42857142857142855,0.19319725784717345
addr_0002385,2.0,0.42246336525245265,0.029077968428285573,0.0,0.5476190476190476,0.19313210170895476
addr_0003089,0.0,0.430793658663449,0.15934709630554814,0.0,0.0,0.19297693612125394
addr_0003167,2.0,0.2723400126913336,0.1828079736350635,0.0,0.38095238095238093,0.19292043135666356
addr_0001386,3.0,0.46051850990629467,0.04150211860692196,0.0,0.38095238095238093,0.19285163850989528
addr_0004113,3.0,0.389403356042913,0.09451486607460995,0.0,0.38095238095238093,0.19272219133795596
addr_0004678,2.0,0.44414372611973557,0.011660587245543318,0.0,0.5476190476190476,0.19266925749604275
addr_0002777,2.0,0.004239120125606325,0.3832243907407914,0.0,0.38095238095238093,0.1926567304292366
addr_0002789,3.0,0.46326917985178545,0.03864376053534957,0.0,0.38095238095238093,0.19253349626491356
addr_0000046,3.0,0.39377305742461,0.09075164793992063,0.0,0.38095238095238093,0.19252781449858933
addr_0001803,3.0,0.2274895086661022,0.19109738182846456,0.0,0.4761904761904762,0.19230485295026412
addr_0004403,2.0,0.11017853965069264,0.2906949050195901,0.0,0.42857142857142855,0.1921886667601867
addr_0004996,2.0,0.12250778587304949,0.2932052931137425,0.0,0.38095238095238093,0.19212969110264996
addr_0003305,3.0,0.5066672888134353,0.005042273799613639,0.0,0.38095238095238093,0.19211233425911411
addr_0000313,3.0,0.08224933928302305,0.32303025554582565,0.0,0.38095238095238093,0.19198214209847528
addr_0000664,3.0,0.08224933928302305,0.32303025554582565,0.0,0.38095238095238093,0.19198214209847528
addr_0003069,2.0,0.15035924835123612,0.2716519373141929,0.0,0.38095238095238093,0.1918637875262861
addr_0001333,0.0,0.5668446318243135,0.054224506120847824,0.0,0.0,0.1917431919956332
addr_0000309,2.0,0.3991785684232934,0.04249618200664599,0.0,0.5476190476190476,0.19151394809155117
addr_0001116,2.0,0.3547439575336357,0.11703635727049876,0.0,0.38095238095238093,0.1913329682635283
addr_0002714,0.0,0.5526277255717662,0.0633479324520627,0.0,0.0,0.19112749065235493
addr_0003323,2.0,0.4529623840196793,0.018455348258499416,0.0,0.4761904761904762,0.19088990212835116
addr_0002398,0.0,0.6286509482555508,0.005685823284005669,0.0,0.0,0.1908696137902675
addr_0002329,3.0,0.06851968003752848,0.33047112663953987,0.0,0.38095238095238093,0.19083959276231258
addr_0000258,0.0,0.6100819910351206,0.019279730015216975,0.0,0.0,0.190736489316623
addr_0001368,2.0,0.01928423684362451,0.3671152895381923,0.0,0.38095238095238093,0.19072662496360238
addr_0000598,2.0,0.017994344438786315,0.36768295031572895,0.0,0.38095238095238093,0.1905667215531656
addr_0000460,2.0,0.017994344438786315,0.36768295031572895,0.0,0.38095238095238093,0.1905667215531656
addr_0004371,0.0,0.6316022841049207,0.002642582465915421,0.0,0.0,0.19053771821784238
addr_0001397,2.0,0.048530202622621,0.34451257806107327,0.0,0.38095238095238093,0.1904593301064537
addr_0004958,2.0,0.341795345397438,0.08229966816438922,0.0,0.5476190476190476,0.19022037564689184
addr_0002084,0.0,0.11826311933484515,0.052880159310318316,0.6666666666666666,0.0,0.1899643328579142
addr_0004228,2.0,0.2724895973932671,0.17461654320174233,0.0,0.38095238095238093,0.18968873459391516
addr_0000541,2.0,0.30549710084264947,0.14953023539901011,0.0,0.38095238095238093,0.189556462507637
addr_0001977,0.0,0.6059073679836106,0.019279730015216975,0.0,0.0,0.18948410240116995
addr_0003454,3.0,0.27795858311158866,0.169985695116735,0.0,0.38095238095238093,0.1894770910754087
addr_0001270,2.0,0.019446127591176487,0.3637056648290659,0.0,0.38095238095238093,0.1894113423042174
addr_0002083,0.0,0.42155740120315366,0.15677729658334524,0.0,0.0,0.1891781389942842
addr_0001017,2.0,0.47497873484705644,0.020818750463570703,0.0,0.38095238095238093,0.1889163587347833
addr_0001473,0.0,0.5831912192530619,0.03486842148242349,0.0,0.0,0.18890473436888797
addr_0004862,3.0,0.2249980470427435,0.20822080481975772,0.0,0.38095238095238093,0.18888297413596425
addr_0001406,2.0,0.3299357655566809,0.129355878772695,0.0,0.38095238095238093,0.18881831927132037
addr_0001061,2.0,0.29714862510331325,0.1537443396660007,0.0,0.38095238095238093,0.18873756149263235
addr_0004396,2.0,0.14923826186966352,0.26445747034658007,0.0,0.38095238095238093,0.1886497047947692
addr_0003778,3.0,0.42881953514260546,0.01303120643496374,0.0,0.5476190476190476,0.18862024787867188
addr_0003733,2.0,0.3738226938343946,0.05411227092855018,0.0,0.5476190476190476,0.1885536212836432
addr_0000233,0.0,0.5641472661816395,0.04776031372036073,0.0,0.0,0.18834830534263614
addr_0004606,3.0,0.41998931040548054,0.060065732976479234,0.0,0.38095238095238093,0.18811832440747395
addr_0004679,2.0,0.03921400298265447,0.3449581682533585,0.0,0.38095238095238093,0.18784270629137786
addr_0003630,3.0,0.41693958783724105,0.019762223145271426,0.0,0.5476190476190476,0.18774867037118564
addr_0002960,2.0,0.3759419852477291,0.05049475439019823,0.0,0.5476190476190476,0.18774240209230278
addr_0002467,0.0,0.6197818699556218,0.004374239878365352,0.0,0.0,0.18768425693803267
addr_0001845,0.0,0.44129897686305725,0.13793596739132027,0.0,0.0,0.18756408001544528
addr_0000209,2.0,0.3315154013738807,0.08221373934447483,0.0,0.5476190476190476,0.1871020209118589
addr_0001417,0.0,0.13116071520363018,0.36912271757282955,0.0,0.0,0.18699730159022088
addr_0000507,0.0,0.13091928970805858,0.36912271757282955,0.0,0.0,0.18692487394154939
addr_0003492,2.0,0.43374434438963744,0.04618215438344111,0.0,0.38095238095238093,0.18669140316550578
addr_0002506,0.0,0.12911464842359907,0.36912271757282955,0.0,0.0,0.18638348155621154
addr_0001971,3.0,0.29463911539623316,0.12575759668770367,0.0,0.4761904761904762,0.18631382091299903
addr_0001020,2.0,0.03923726014784842,0.34088485871986574,0.0,0.38095238095238093,0.1862203596275389
addr_0002238,2.0,0.01682226641266559,0.3576831482281837,0.0,0.38095238095238093,0.18621517731031126
addr_0000514,2.0,0.325346411687214,0.12603574815083032,0.0,0.38095238095238093,0.18611346086173444
addr_0000764,2.0,0.31063460477446797,0.1369508849094571,0.0,0.38095238095238093,0.1860659734913613
addr_0001193,2.0,0.42184884056424304,0.005494959659829184,0.0,0.5714285714285715,0.18589549317606174
addr_0000713,3.0,0.22708100808488493,0.1991765542722874,0.0,0.38095238095238093,0.18589016222961854
addr_0003708,2.0,0.041404636768551946,0.3383542000131732,0.0,0.38095238095238093,0.18585830913107296
addr_0002673,2.0,0.27472988603074217,0.1630229352697902,0.0,0.38095238095238093,0.18572337801237684
addr_0000178,0.0,0.6155224608525202,0.002642582465915421,0.0,0.0,0.1857137712421222
addr_0002575,0.0,0.6065085501992595,0.009102197158677328,0.0,0.0,0.18559344392324878
addr_0001306,2.0,0.04401804359258361,0.334735449128378,0.0,0.38095238095238093,0.1851948308243644
addr_0000895,2.0,0.15135015039551733,0.25395533121840946,0.0,0.38095238095238093,0.18508241570125708
addr_0004819,0.0,0.49920667127005636,0.08812356697205255,0.0,0.0,0.1850114281698379
addr_0004803,0.0,0.604600131897317,0.009032588538992383,0.0,0.0,0.18499307498479206
addr_0004447,2.0,0.3282993540076445,0.1200983846101736,0.0,0.38095238095238093,0.1846243981416009
addr_0001854,2.0,0.43097248444919517,0.001377315706283414,0.0,0.5476190476190476,0.18460457637917665
addr_0002711,2.0,0.43288953137966873,0.005628716919527842,0.0,0.5238095238095238,0.18449929856266414
addr_0004101,0.0,0.5483435740926886,0.049143615064149215,0.0,0.0,0.18416051825346627
addr_0004726,0.0,0.1804615037017534,0.3250075360699699,0.0,0.0,0.184141465538514
addr_0001294,0.0,0.1804615037017534,0.3250075360699699,0.0,0.0,0.184141465538514
addr_0002358,2.0,0.46671898647924187,0.01432268372242979,0.0,0.38095238095238093,0.18384000752798257
addr_0004714,2.0,0.17804939165059128,0.2306710440637105,0.0,0.38095238095238093,0.18377847321589968
addr_0001328,0.0,0.17914457340739776,0.3250075360699699,0.0,0.0,0.1837463864502073
addr_0000929,0.0,0.17914457340739776,0.3250075360699699,0.0,0.0,0.1837463864502073
addr_0003501,0.0,0.6061255823016529,0.0045696660472507745,0.0,0.0,0.18366554110939617
addr_0002972,3.0,0.017575742591204216,0.350672511751971,0.0,0.38095238095238093,0.18363696557338777
addr_0002509,0.0,0.5734860738076284,0.028774745858444587,0.0,0.0,0.18355572048566635
addr_0002825,2.0,0.009136304230866664,0.3560795059230494,0.0,0.38095238095238093,0.18326793173371786
addr_0003328,2.0,0.1413916329098783,0.24472213733065196,0.0,0.42857142857142855,0.18316348766236712
addr_0002578,3.0,0.25313429767034806,0.17261109915440265,0.0,0.38095238095238093,0.18307996705810356
addr_0003157,0.0,0.6024701934570954,0.005816187193795808,0.0,0.0,0.18306753291464695
addr_0002864,0.0,0.5236068028672265,0.06487656723346195,0.0,0.0,0.18303266775355273
addr_0004074,3.0,0.4069151028881136,0.04523482591915484,0.0,0.42857142857142855,0.18302560409123886
addr_0001832,0.0,0.604127281711476,0.0042992787455688455,0.0,0.0,0.1829578960116703
addr_0001259,2.0,0.005763214879526251,0.3574177577744322,0.0,0.38095238095238093,0.18279130566886884
addr_0002659,2.0,0.3437858152035606,0.062201133589261264,0.0,0.5476190476190476,0.18277810275867745
addr_0002087,3.0,0.08775230907523672,0.2956069302317666,0.0,0.38095238095238093,0.18266370291051576
addr_0000665,2.0,0.03870397181632737,0.3323509063546144,0.0,0.38095238095238093,0.18264679218198207
addr_0004948,1.0,0.3852544115651177,0.030571400114483862,0.0,0.5476190476190476,0.1825667882772336
addr_0004823,2.0,0.30691839061129894,0.08907504208714828,0.0,0.5476190476190476,0.18246743878015376
addr_0002611,0.0,0.6029375508624244,0.003598719899019104,0.0,0.0,0.18232075321833494
addr_0000423,2.0,0.40348573891036743,0.016183350548917227,0.0,0.5476190476190476,0.18228096665458188
addr_0000059,0.0,0.5979775195828543,0.007027864277539804,0.0,0.0,0.1822044015858722
addr_0002730,3.0,0.4584197365943971,0.016405068406449556,0.0,0.38095238095238093,0.18218318643613704
addr_0003163,0.0,0.3983335327680678,0.1564222814615385,0.0,0.0,0.18206897241503572
addr_0000595,0.0,0.3983335327680678,0.1564222814615385,0.0,0.0,0.18206897241503572
addr_0002571,0.0,0.1734761349273896,0.3250075360699699,0.0,0.0,0.18204585490620487
addr_0004239,0.0,0.5719454518711609,0.026125360017568412,0.0,0.0,0.18203377956837563
addr_0004054,0.0,0.39780817356679976,0.1564222814615385,0.0,0.0,0.18191136465465532
addr_0002433,3.0,0.0953611489807948,0.28792924823116567,0.0,0.38095238095238093,0.1818752820819428
addr_0001208,2.0,0.12678701832493067,0.2643131818474084,0.0,0.38095238095238093,0.18185661633168065
addr_0001431,0.0,0.4231545896097181,0.13723530715045854,0.0,0.0,0.18184049974309882
addr_0004336,0.0,0.5008737896835403,0.07886598985058671,0.0,0.0,0.1818085328452968
addr_0004027,0.0,0.5576467039685479,0.036162439926451434,0.0,0.0,0.18175898716114494
addr_0001957,0.0,0.13838692047562637,0.35056114324525384,0.0,0.0,0.18174053344078944
addr_0003149,0.0,0.5800765325912703,0.019279730015216975,0.0,0.0,0.1817348517834679
addr_0003279,2.0,0.34185046933458246,0.10253363769181986,0.0,0.38095238095238093,0.1816638339723408
addr_0002699,0.0,0.4225142332932771,0.13723530715045854,0.0,0.0,0.18164839284816653
addr_0002167,2.0,0.06509265176354907,0.309862932975851,0.0,0.38095238095238093,0.18156820681464322
addr_0002502,2.0,0.40051783581222855,0.016518386414774378,0.0,0.5476190476190476,0.18152461007148307
addr_0001924,0.0,0.5449616337397979,0.0450762119352591,0.0,0.0,0.181518974896043
addr_0000457,2.0,0.3516798772843076,0.05301291396295818,0.0,0.5476190476190476,0.1814710335323803
addr_0004498,0.0,0.13677162749785185,0.35056114324525384,0.0,0.0,0.1812559455474571
addr_0003384,0.0,0.1364864702507882,0.35056114324525384,0.0,0.0,0.18117039837333798
addr_0001158,0.0,0.1364864702507882,0.35056114324525384,0.0,0.0,0.18117039837333798
addr_0001979,0.0,0.1364864702507882,0.35056114324525384,0.0,0.0,0.18117039837333798
addr_0004945,2.0,0.16531536909847477,0.23289691311533292,0.0,0.38095238095238093,0.1808486140709137
addr_0002032,2.0,0.39484990348216814,0.019018151227149168,0.0,0.5476190476190476,0.18082413629741487
addr_0003540,2.0,0.3279026516036145,0.06914086128759754,0.0,0.5476190476190476,0.18078904475802812
addr_0000938,2.0,0.004785050387639524,0.3528249439233552,0.0,0.38095238095238093,0.18066073078087205
addr_0003582,0.0,0.5440071618327876,0.042615594375822394,0.0,0.0,0.18024838630016524
addr_0003689,3.0,0.055961803609116095,0.31326394423197124,0.0,0.38095238095238093,0.18018935687076143
addr_0001993,2.0,0.0409934827226715,0.32434294936466146,0.0,0.38095238095238093,0.18013046265790414
addr_0002912,0.0,0.4203817657505104,0.13458636143288935,0.0,0.0,0.17994907429830886
addr_0004942,2.0,0.33321179426294045,0.10449522080715562,0.0,0.38095238095238093,0.17985686469698248
addr_0002143,0.0,0.49128242638621444,0.08063310984380923,0.0,0.0,0.179637971853388
addr_0002414,3.0,0.3630470413717552,0.08116907089299669,0.0,0.38095238095238093,0.17947697886396333
addr_0003903,2.0,0.38030371814764924,0.02641404308607869,0.0,0.5476190476190476,0.179418637440631
addr_0003464,2.0,0.42458484131705987,0.034803635617187495,0.0,0.38095238095238093,0.17939214473723106
addr_0004917,0.0,0.571671394954744,0.019279730015216975,0.0,0.0,0.17921331049250996
addr_0003404,0.0,0.42738263945470223,0.12703593627970278,0.0,0.0,0.17902916634829177
addr_0003885,3.0,0.21870442737333928,0.18820580284491384,0.0,0.38095238095238093,0.17898888744520544
addr_0002926,2.0,0.3022104169742807,0.08361737172337479,0.0,0.5476190476190476,0.17887197854353887
addr_0000201,3.0,0.16905282446403855,0.22513601326539887,0.0,0.38095238095238093,0.1788654907406092
addr_0004158,2.0,0.04301743588217886,0.3196438502987006,0.0,0.38095238095238093,0.178858008979372
addr_0003824,0.0,0.5197846842661199,0.056635028791900174,0.0,0.0,0.17858941679659604
addr_0000642,3.0,0.32905754616127664,0.10433748938176307,0.0,0.38095238095238093,0.1785474976963263
addr_0004258,3.0,0.04444365168530031,0.31735037468525107,0.0,0.38095238095238093,0.17836848347492862
addr_0000379,2.0,0.35752162642183627,0.07026898559837298,0.0,0.42857142857142855,0.17822122502304294
addr_0003143,2.0,0.005454034091947586,0.34565715850786155,0.0,0.38095238095238093,0.177994311725967
addr_0001929,0.0,0.5673970767184813,0.019279730015216975,0.0,0.0,0.17793101502163117
addr_0003677,0.0,0.5207381458873763,0.054177414361061646,0.0,0.0,0.17789240951063756
addr_0001464,2.0,0.2357300265165373,0.17261109915440265,0.0,0.38095238095238093,0.17785868571196034
addr_0002067,0.0,0.568562753232597,0.018195311703996447,0.0,0.0,0.17784695065137768
addr_0003515,0.0,0.5862571604931003,0.0048904722844197645,0.0,0.0,0.17783333706169796
addr_0001999,2.0,0.3641828903290294,0.06409206957223673,0.0,0.42857142857142855,0.17774883778474637
addr_0002526,0.0,0.41976566758814243,0.12885793090044376,0.0,0.0,0.17747287263662023
addr_0002599,0.0,0.3879901757790514,0.1523061752626631,0.0,0.0,0.17731952283878066
addr_0004789,2.0,0.460653603051307,0.0023297496409789174,0.0,0.38095238095238093,0.17722321886702175
addr_0003100,3.0,0.012292904117158807,0.33846745733190353,0.0,0.38095238095238093,0.17717009226314714
addr_0000024,2.0,0.33957729923484675,0.09282100896501584,0.0,0.38095238095238093,0.17709683145169847
addr_0001719,3.0,0.0768297152836627,0.28984435480812504,0.0,0.38095238095238093,0.17708189460358692
addr_0001723,0.0,0.38694663087877,0.1523061752626631,0.0,0.0,0.17700645936869625
addr_0001209,2.0,0.3319776343525353,0.05650182974380658,0.0,0.5476190476190476,0.17695592696518797
addr_0002817,2.0,0.17288969831125325,0.205456385458998,0.0,0.42857142857142855,0.17690660653411805
addr_0004508,0.0,0.3856246722575629,0.1523061752626631,0.0,0.0,0.17660987178233412
addr_0003899,2.0,0.18459114432697196,0.20778955819130765,0.0,0.38095238095238093,0.17658840466985273
addr_0001530,2.0,0.0674162944199618,0.29558715553885745,0.0,0.38095238095238093,0.17655498863676963
addr_0001540,0.0,0.5219032062450384,0.049598266642454966,0.0,0.0,0.17641026853049352
addr_0003975,2.0,0.3166204292070133,0.10810252650699295,0.0,0.38095238095238093,0.17632237746013926
addr_0004485,0.0,0.5215198053970185,0.049598266642454966,0.0,0.0,0.17629524827608753
addr_0004253,2.0,0.31741082461540104,0.10735404850673148,0.0,0.38095238095238093,0.176260104882551
addr_0001107,2.0,0.2642286535165596,0.12314233603057241,0.0,0.4761904761904762,0.17614457808624445
addr_0000660,2.0,0.11681687687752063,0.2573707343141162,0.0,0.38095238095238093,0.17608859488414078
addr_0004281,2.0,0.04082467059891982,0.3141936586034625,0.0,0.38095238095238093,0.17602010271629903
addr_0001083,1.0,0.02749199829040683,0.3241773223206058,0.0,0.38095238095238093,0.1760137665106025
addr_0002299,2.0,0.42733495442964453,0.023831299909929514,0.0,0.38095238095238093,0.17582824438810327
addr_0003417,2.0,0.45675716049311993,0.0016372634154208556,0.0,0.38095238095238093,0.1757772916093424
addr_0000992,3.0,0.033499740093350175,0.3188302131327463,0.0,0.38095238095238093,0.1756772453763417
addr_0002152,0.0,0.5551951283289903,0.022780158211247306,0.0,0.0,0.17567060178319602
addr_0001914,2.0,0.15795377465940777,0.22514989100484165,0.0,0.38095238095238093,0.1755413268949971
addr_0000952,0.0,0.5607283317775758,0.01788087633906263,0.0,0.0,0.17537085006889777
addr_0001165,2.0,0.25561411872301326,0.15121106982542057,0.0,0.38095238095238093,0.1752639016423103
addr_0001535,2.0,0.02417380413182004,0.3241773223206058,0.0,0.38095238095238093,0.17501830826302645
addr_0000250,0.0,0.5705558246500259,0.009019366743918344,0.0,0.0,0.1747744940925751
addr_0000878,2.0,0.3709488200995047,0.021688145559261903,0.0,0.5476190476190476,0.17472180901546092
addr_0002786,2.0,0.31150927875408496,0.10793053950394588,0.0,0.38095238095238093,0.17472023752304194
addr_0001376,2.0,0.10724262217452964,0.2611290412604887,0.0,0.38095238095238093,0.17471964125179248
addr_0001565,2.0,0.130589508217532,0.24354472922484374,0.0,0.38095238095238093,0.1746899822504352
addr_0002261,2.0,0.30062961529770577,0.1156297416077439,0.0,0.38095238095238093,0.17453601932764737
addr_0001470,3.0,0.38161940393668353,0.013183045577573844,0.0,0.5476190476190476,0.17452094417393937
addr_0002003,2.0,0.29135323836212257,0.08671659626465555,0.0,0.5238095238095238,0.1744735623954514
addr_0003520,0.0,0.5117571358025388,0.05197687347681317,0.0,0.0,0.1743178901314869
addr_0004244,2.0,0.3872747390989274,0.03775435559497748,0.0,0.42857142857142855,0.17414130682481205
addr_0001048,0.0,0.5598802389673021,0.015221962290356923,0.0,0.0,0.17405285660633338
addr_0000735,2.0,0.09676405800602493,0.26715431602609385,0.0,0.38095238095238093,0.17398618190748313
addr_0001886,2.0,0.33501357226800427,0.04040285986751844,0.0,0.5714285714285715,0.1738080727702658
addr_0002293,0.0,0.42320472082962146,0.1169958485440505,0.0,0.0,0.17375975566650664
addr_0001835,2.0,0.1310321627170342,0.2284589000433553,0.0,0.42857142857142855,0.17355035168959526
addr_0000307,2.0,0.38486321274923857,0.008176982799368846,0.0,0.5476190476190476,0.17349166170642388
addr_0001782,2.0,0.21799594665933242,0.1743323924224062,0.0,0.38095238095238093,0.1732269790620003
addr_0002727,0.0,0.5716720251961503,0.004186164851192023,0.0,0.0,0.17317607349932193
addr_0000609,3.0,0.18514705036376305,0.16303902474076995,0.0,0.5238095238095238,0.17314067738638927
addr_0004888,3.0,0.36908212265973217,0.060796580544074934,0.0,0.38095238095238093,0.17313850711078774
addr_0004216,2.0,0.305631464323004,0.10811057307674402,0.0,0.38095238095238093,0.1730289066228369
addr_0002121,2.0,0.3429424396114412,0.07996293272901474,0.0,0.38095238095238093,0.17296314307027635
addr_0004357,2.0,0.11522343737957615,0.2387373610814094,0.0,0.42857142857142855,0.17291911850357944
addr_0001519,0.0,0.5516256194940794,0.018195311703996447,0.0,0.0,0.1727658105298224
addr_0004539,2.0,0.43690320949186234,0.00877260839067343,0.0,0.38095238095238093,0.17267524429906617
addr_0002410,2.0,0.14762813253121537,0.212959093107798,0.0,0.42857142857142855,0.17232921985962668
addr_0002728,3.0,0.4232286935174161,0.017839219178463813,0.0,0.38095238095238093,0.17219953382184847
addr_0004448,3.0,0.013293574879306816,0.32528775692694334,0.0,0.38095238095238093,0.17219841332980748
addr_0002322,0.0,0.14267084572216168,0.07344032983543,0.5,0.0,0.17217738565082052
addr_0000029,0.0,0.41737896176640055,0.11655856175079593,0.0,0.0,0.17183711323023854
addr_0003224,0.0,0.13307339735619533,0.329749048668326,0.0,0.0,0.17182163867418898
addr_0000286,0.0,0.4809124359507149,0.06867812986380618,0.0,0.0,0.17174498273073693
addr_0004882,0.0,0.1325474289820993,0.329749048668326,0.0,0.0,0.17166384816196018
addr_0001671,0.0,0.1325474289820993,0.329749048668326,0.0,0.0,0.17166384816196018
addr_0004473,0.0,0.4562439751871272,0.08640245269278397,0.0,0.0,0.17143417363325175
addr_0004446,0.0,0.5698372392865282,0.001179670017288043,0.0,0.0,0.17142303979287365
addr_0004207,0.0,0.5468245004592058,0.018195311703996447,0.0,0.0,0.17132547481936033
addr_0001190,0.0,0.5359747020852652,0.026262632223848316,0.0,0.0,0.17129746351511888
addr_0001603,0.0,0.1308615706470822,0.329749048668326,0.0,0.0,0.17115809066145504
addr_0001343,0.0,0.4240803362870687,0.10940599570550515,0.0,0.0,0.17098649916832265
addr_0000581,2.0,0.30735206821029887,0.059922285221653396,0.0,0.5476190476190476,0.17093643931365576
addr_0000963,0.0,0.47450502527795774,0.07142977905985431,0.0,0.0,0.17092341920732906
addr_0004705,3.0,0.3090684487722861,0.10022643410314645,0.0,0.38095238095238093,0.17090634636818253
addr_0004372,2.0,0.4219149643353477,0.003319525673886975,0.0,0.42857142857142855,0.17075944242730196
addr_0003156,3.0,0.3556759688058478,0.06485171557410192,0.0,0.38095238095238093,0.1707387149666332
addr_0004087,2.0,0.1413939470021725,0.22514989100484165,0.0,0.38095238095238093,0.1705733785978265
addr_0003721,0.0,0.12886640042748188,0.329749048668326,0.0,0.0,0.17055953959557496
addr_0001077,0.0,0.12886640042748188,0.329749048668326,0.0,0.0,0.17055953959557496
addr_0002242,0.0,0.12882450152383446,0.329749048668326,0.0,0.0,0.17054696992448073
addr_0001103,0.0,0.514362843855127,0.040123570420929545,0.0,0.0,0.1703582813249099
addr_0004049,0.0,0.17686917746717584,0.04297540527776083,0.5,0.0,0.17025091535125708
addr_0002059,2.0,0.010370818484919575,0.3226028322593031,0.0,0.38095238095238093,0.1702476165444352
addr_0002654,0.0,0.1278143325347607,0.329749048668326,0.0,0.0,0.1702439192277586
addr_0004168,0.0,0.12768919749325452,0.329749048668326,0.0,0.0,0.17020637871530675
addr_0003638,0.0,0.12768919749325452,0.329749048668326,0.0,0.0,0.17020637871530675
addr_0001858,0.0,0.12768919749325452,0.329749048668326,0.0,0.0,0.17020637871530675
addr_0002981,2.0,0.4388408159261935,0.00099429624958828,0.0,0.38095238095238093,0.17014520137293146
addr_0004311,0.0,0.1270546523988363,0.329749048668326,0.0,0.0,0.17001601518698128
addr_0004630,0.0,0.1270546523988363,0.329749048668326,0.0,0.0,0.17001601518698128
addr_0002947,0.0,0.1269980988726323,0.329749048668326,0.0,0.0,0.1699990491291201
addr_0003575,2.0,0.08450896720931166,0.2661464397008518,0.0,0.38095238095238093,0.1699065041383723
addr_0002240,3.0,0.005079176861738461,0.3252548110732588,0.0,0.38095238095238093,0.16972091558306318
addr_0002880,0.0,0.1258171110248011,0.329749048668326,0.0,0.0,0.1696447527747707
addr_0000731,0.0,0.5291827829313642,0.026995184492526397,0.0,0.0,0.1695529086764198
addr_0004270,3.0,0.0969743855108903,0.255771365529376,0.0,0.38095238095238093,0.16949609996025558
addr_0004408,0.0,0.43749884497608016,0.09560666162396222,0.0,0.0,0.16949231814240895
addr_0003796,3.0,0.35813468791488207,0.059879873673177764,0.0,0.38095238095238093,0.1694875939389738
addr_0000253,2.0,0.0015147410550667166,0.3273284687310662,0.0,0.38095238095238093,0.16948104790418458
addr_0002761,0.0,0.12491076271547717,0.329749048668326,0.0,0.0,0.16937284828197355
addr_0000458,0.0,0.12491076271547717,0.329749048668326,0.0,0.0,0.16937284828197355
addr_0003494,0.0,0.12491076271547717,0.329749048668326,0.0,0.0,0.16937284828197355
addr_0004765,0.0,0.12476595061078895,0.329749048668326,0.0,0.0,0.16932940465056706
addr_0000871,0.0,0.15860448771172786,0.054271280991156426,0.5,0.0,0.16928985870998092
addr_0000105,0.0,0.4644106097523799,0.07487543237454954,0.0,0.0,0.16927335587553377
addr_0002050,0.0,0.5399660737638861,0.018195311703996447,0.0,0.0,0.1692679468107644
addr_0000184,3.0,0.2779085511083404,0.09561551645558777,0.0,0.4761904761904762,0.16923781953378486
addr_0001872,0.0,0.12426182629247386,0.329749048668326,0.0,0.0,0.16917816735507255
addr_0001138,3.0,0.35940529112175923,0.022412662036751813,0.0,0.5238095238095238,0.16916760453218088
addr_0000005,0.0,0.12422563586880454,0.329749048668326,0.0,0.0,0.16916731022797177
addr_0003966,0.0,0.12411452653314398,0.329749048668326,0.0,0.0,0.1691339774272736
addr_0004030,2.0,0.10316856772640746,0.2501204316694446,0.0,0.38095238095238093,0.16909398108093818
addr_0004136,0.0,0.12393476633334476,0.329749048668326,0.0,0.0,0.1690800493673338
addr_0000733,0.0,0.12348857235077804,0.329749048668326,0.0,0.0,0.1689461911725638
addr_0004011,0.0,0.1234246396255176,0.329749048668326,0.0,0.0,0.16892701135498567
addr_0002763,0.0,0.554036898924943,0.00670599134109958,0.0,0.0,0.16889346621392273
addr_0002831,2.0,0.2714895425002898,0.1233755686795991,0.0,0.38095238095238093,0.1688923283171647
addr_0002340,2.0,0.04133173503735187,0.29586899869155686,0.0,0.38095238095238093,0.1688423580830664
addr_0001297,0.0,0.48148015834485947,0.0607314078999041,0.0,0.0,0.16873661066341947
addr_0003912,0.0,0.5335858633448,0.021380507985010604,0.0,0.0,0.16862796219744422
addr_0001387,2.0,0.2940991025628662,0.10572900536967378,0.0,0.38095238095238093,0.16861657101196748
addr_0002679,2.0,0.21886011887252527,0.1614424705219872,0.0,0.38095238095238093,0.16833026196579057
addr_0000671,0.0,0.1214259418072171,0.329749048668326,0.0,0.0,0.16832740200949553
addr_0001451,0.0,0.1214259418072171,0.329749048668326,0.0,0.0,0.16832740200949553
addr_0000953,2.0,0.03459034999350647,0.29954925765087903,0.0,0.38095238095238093,0.16829204615364166
addr_0003848,2.0,0.2737673838015017,0.09633815486208067,0.0,0.4761904761904762,0.1682845247043304
addr_0000702,3.0,0.3536822667109279,0.04827060823580191,0.0,0.42857142857142855,0.168270066164742
addr_0002073,2.0,0.017994344438786315,0.31191002074694146,0.0,0.38095238095238093,0.1682575497256506
addr_0001767,3.0,0.22454504975019846,0.1568367356023672,0.0,0.38095238095238093,0.1681934472612445
addr_0000471,3.0,0.14757427484480276,0.2143261066032944,0.0,0.38095238095238093,0.1680979631899967
addr_0004482,2.0,0.3023343850739914,0.0979466167727585,0.0,0.38095238095238093,0.1679742003265389
addr_0000994,2.0,0.3748354190411898,0.04336787413022737,0.0,0.38095238095238093,0.167893013459686
addr_0001547,2.0,0.42563076793825466,0.005115407477132256,0.0,0.38095238095238093,0.16783063146756738
addr_0000365,2.0,0.38089839230303985,0.03838557359634679,0.0,0.38095238095238093,0.16771898522468878
addr_0001917,3.0,0.2987077242635174,0.057841674264475715,0.0,0.5476190476190476,0.16751089174675027
addr_0003386,2.0,0.013809752226691101,0.3127003864808124,0.0,0.38095238095238093,0.1673183183555704
addr_0000773,2.0,0.09608105308249179,0.25045834745129436,0.0,0.38095238095238093,0.16710289300050338
addr_0003003,2.0,0.06109485181091589,0.276231526204655,0.0,0.38095238095238093,0.16691630412037486
addr_0001814,0.0,0.47365011580078625,0.06199021483055149,0.0,0.0,0.16689112067245648
addr_0003507,2.0,0.3760428844277545,0.03994368107243989,0.0,0.38095238095238093,0.1668855758525404
addr_0001415,2.0,0.11658595098843212,0.23443165324733903,0.0,0.38095238095238093,0.16684368469070335
addr_0003671,2.0,0.11595551257216648,0.22294396761833338,0.0,0.42857142857142855,0.16682138367612614
addr_0002909,0.0,0.15021840537527179,0.054271280991156426,0.5,0.0,0.16677403400904411
addr_0001380,0.0,0.5008571890901666,0.04102146321058977,0.0,0.0,0.1666657420112859
addr_0004991,2.0,0.19112823737073656,0.15426878880245995,0.0,0.4761904761904762,0.16666503435125257
addr_0002515,1.0,0.11422543674354325,0.23568969635613177,0.0,0.38095238095238093,0.1666387476607538
addr_0002040,2.0,0.32286227701506487,0.036690304079269584,0.0,0.5476190476190476,0.16629670949813208
addr_0000762,2.0,0.07188624544086857,0.2544861477876019,0.0,0.42857142857142855,0.16621747560444422
addr_0004265,2.0,0.14316375419143113,0.21253849119066912,0.0,0.38095238095238093,0.1660597608289351
addr_0003766,2.0,0.00157249690791769,0.3185786039818025,0.0,0.38095238095238093,0.16599842876033438
addr_0000487,2.0,0.11351932821191361,0.23443165324733903,0.0,0.38095238095238093,0.1659236978577478
addr_0001620,0.0,0.538450528971024,0.010835504651998217,0.0,0.0,0.16586936055210647
addr_0001262,2.0,0.33669876544181204,0.024937247555676015,0.0,0.5476190476190476,0.16574643341671877
addr_0004007,0.0,0.4423941152509399,0.08207725773118042,0.0,0.0,0.16554913766775414
addr_0002986,2.0,0.02846102556410628,0.29724031226087316,0.0,0.38095238095238093,0.16552967066881924
addr_0001680,3.0,0.3588275069010693,0.0494532792118554,0.0,0.38095238095238093,0.16552480185030105
addr_0002380,2.0,0.030114539704400724,0.295462405354768,0.0,0.38095238095238093,0.16531456214846552
addr_0003964,2.0,0.3488955616399534,0.014187625504586939,0.0,0.5476190476190476,0.16510562345572555
addr_0002501,2.0,0.12472117551353519,0.22384786635067655,0.0,0.38095238095238093,0.1650507372895693
addr_0000988,2.0,0.3904239145395304,0.0003834180924473115,0.0,0.4761904761904762,0.16489958921788567
addr_0001686,0.0,0.5331416794925039,0.012390166065378842,0.0,0.0,0.1648985702739027
addr_0000142,2.0,0.009526517888114193,0.30970004482442276,0.0,0.38095238095238093,0.16483321139144147
addr_0003294,2.0,0.034221882806026095,0.2908251257965908,0.0,0.38095238095238093,0.16469185325568225
addr_0003194,3.0,0.00944030821490504,0.30930594979235587,0.0,0.38095238095238093,0.16464971047665197
addr_0000043,3.0,0.32630824128951263,0.07153076108952906,0.0,0.38095238095238093,0.16460001491790352
addr_0000573,3.0,0.3399310381812618,0.019574768610016512,0.0,0.5476190476190476,0.16457112366028992
addr_0000986,0.0,0.4948528426913991,0.04022549691127779,0.0,0.0,0.16454605157193086
addr_0000637,1.0,0.10989938275835161,0.2330397994901963,0.0,0.38095238095238093,0.1642809727188221
addr_0001309,2.0,0.2758557814997408,0.10828829126881227,0.0,0.38095238095238093,0.16416728905268527
addr_0001732,2.0,0.026593217097680918,0.29509293181618146,0.0,0.38095238095238093,0.16411037595101496
addr_0002941,2.0,0.3366678869282421,0.061736217160252196,0.0,0.38095238095238093,0.1637900910378116
addr_0000341,0.0,0.4821464992477545,0.04784447226328256,0.0,0.0,0.16378173867963938
addr_0001802,2.0,0.0222144772826824,0.29721662031938967,0.0,0.38095238095238093,0.1636462294077987
addr_0001031,2.0,0.3454042025619091,0.012972267344626982,0.0,0.5476190476190476,0.16357207246832828
addr_0000151,2.0,0.27359843355474667,0.10818536585974366,0.0,0.38095238095238093,0.16344891450555957
addr_0000212,2.0,0.13730669788282607,0.21039166491094266,0.0,0.38095238095238093,0.163443913424463
addr_0000263,2.0,0.3160075170120993,0.034587295739354235,0.0,0.5476190476190476,0.16339907816127625
addr_0001014,2.0,0.22783965044535448,0.14234089198326014,0.0,0.38095238095238093,0.1633834900221485
addr_0001811,0.0,0.468010950182456,0.057397099034421396,0.0,0.0,0.16336212466850536
addr_0002208,2.0,0.34447349247637205,0.012974378093224664,0.0,0.5476190476190476,0.16329370374210622
addr_0000594,0.0,0.4196793133379688,0.09346845733580586,0.0,0.0,0.163291176935713
addr_0004872,0.0,0.5357126114179412,0.006440635207332393,0.0,0.0,0.16329003750831533
addr_0004069,0.0,0.41965978272037896,0.09346845733580586,0.0,0.0,0.16328531775043603
addr_0004369,3.0,0.4091082261391905,0.005794189294746366,0.0,0.38095238095238093,0.16314538165489378
addr_0002482,0.0,0.5284555431055671,0.010835504651998217,0.0,0.0,0.1628708647924694
addr_0004095,0.0,0.22229642895347348,0.07368684456678257,0.3333333333333333,0.0,0.16283033317942175
addr_0004274,2.0,0.3390481170716102,0.01559408140365025,0.0,0.5476190476190476,0.16271397244484792
addr_0001088,2.0,0.34592818987006607,0.05209034588534497,0.0,0.38095238095238093,0.1627098334103959
addr_0002475,0.0,0.4215606407646473,0.09037976396621095,0.0,0.0,0.16262009781587855
addr_0000956,0.0,0.44856641866712327,0.06955277334899872,0.0,0.0,0.16239103493973647
addr_0000378,2.0,0.18723125846602184,0.16984969306201594,0.0,0.38095238095238093,0.16220449285985103
addr_0001261,0.0,0.4519714054440469,0.0664148845168075,0.0,0.0,0.16215737543993705
addr_0000271,2.0,0.2671450356832495,0.10965462030899727,0.0,0.38095238095238093,0.16210059692381185
addr_0002376,2.0,0.3176171402809446,0.029798659591895645,0.0,0.5476190476190476,0.1619665106829464
addr_0001241,0.0,0.490924619138984,0.03663983358125866,0.0,0.0,0.16193331917419865
addr_0004000,2.0,0.1551581479833166,0.19312652277089884,0.0,0.38095238095238093,0.16189329159859261
addr_0001581,0.0,0.49074070082566335,0.03663983358125866,0.0,0.0,0.16187814368020245
addr_0003958,0.0,0.49074070082566335,0.03663983358125866,0.0,0.0,0.16187814368020245
addr_0000554,0.0,0.49044865735477167,0.03663983358125866,0.0,0.0,0.16179053063893495
addr_0000278,2.0,0.03231145950958371,0.2847929272531947,0.0,0.38095238095238093,0.1617058468493911
addr_0004698,2.0,0.30403014036785186,0.0809002909720982,0.0,0.38095238095238093,0.16166439659443294
addr_0003057,0.0,0.4363210193538006,0.07684611065787483,0.0,0.0,0.16163475006929012
addr_0001787,2.0,0.035387427749964145,0.28203185382422336,0.0,0.38095238095238093,0.16152420794991668
addr_0002605,0.0,0.5135997284618656,0.018195311703996447,0.0,0.0,0.16135804322015826
addr_0000361,0.0,0.5135997284618656,0.018195311703996447,0.0,0.0,0.16135804322015826
addr_0002113,2.0,0.3241840908448607,0.02331074450871117,0.0,0.5476190476190476,0.16134142981884744
addr_0000421,3.0,0.3977357106095905,0.009254297580707121,0.0,0.38095238095238093,0.1611176703103981
addr_0001018,0.0,0.5275375380707276,0.006982196746952281,0.0,0.0,0.1610541401199992
addr_0004734,1.0,0.284491546154906,0.0939928921451364,0.0,0.38095238095238093,0.16103985879976446
addr_0000382,2.0,0.034336988547657155,0.2813519083572039,0.0,0.38095238095238093,0.16093709800241682
addr_0003816,0.0,0.5270810360838197,0.007015380393393274,0.0,0.0,0.16093046298250321
addr_0002253,2.0,0.2965943117988292,0.0843985133389068,0.0,0.38095238095238093,0.1608329369704496
addr_0000646,3.0,0.3733340971217499,0.026818765574860726,0.0,0.38095238095238093,0.16082297346170737
addr_0000749,2.0,0.19698736949578727,0.1590026456326644,0.0,0.38095238095238093,0.16079250719704002
addr_0000083,2.0,0.03766777087690268,0.2782184129018627,0.0,0.38095238095238093,0.160682934519054
addr_0001631,2.0,0.347757744185223,0.04556290268498496,0.0,0.38095238095238093,0.16064772242479897
addr_0001251,0.0,0.5285390145644745,0.0046142556141025,0.0,0.0,0.16040740661498334
addr_0001019,3.0,0.22443506668388105,0.13705801806917,0.0,0.38095238095238093,0.16024896532807043
addr_0004440,0.0,0.41824771012895945,0.08535187779447719,0.0,0.0,0.15961506415647872
addr_0001091,0.0,0.46446846668966685,0.050373292562350874,0.0,0.0,0.1594898570318404
addr_0002026,2.0,0.395339388686145,0.006797541201096773,0.0,0.38095238095238093,0.1594160711815203
addr_0001594,2.0,0.058004218876705343,0.2597484305145609,0.0,0.38095238095238093,0.15939587596407406
addr_0002601,2.0,0.35092566050349067,0.0397527443751598,0.0,0.38095238095238093,0.1592740339963492
addr_0003423,2.0,0.12300540088565111,0.21064816090724,0.0,0.38095238095238093,0.15925612272382944
addr_0002527,0.0,0.4710594422088728,0.04469532714641708,0.0,0.0,0.15919596352122867
addr_0004192,3.0,0.30948645138588377,0.028639591913115534,0.0,0.5476190476190476,0.1590636769429161
addr_0003949,2.0,0.2822038970774168,0.09075164793992063,0.0,0.38095238095238093,0.1590570663944314
addr_0004537,3.0,0.22607622281310225,0.1327560967703197,0.0,0.38095238095238093,0.15902054364729665
addr_0004650,0.0,0.517138246597744,0.009560264557572152,0.0,0.0,0.15896557980235204
addr_0002522,3.0,0.27720700168959783,0.08221659633020988,0.0,0.42857142857142855,0.15890588189610616
addr_0004302,3.0,0.17448196589838816,0.1707951628668413,0.0,0.38095238095238093,0.15875789301149107
addr_0003533,3.0,0.23204585631188288,0.1271572536171035,0.0,0.38095238095238093,0.15857189643564437
addr_0003955,2.0,0.24237693357361,0.11912542996685054,0.0,0.38095238095238093,0.15845849015406133
addr_0001456,0.0,0.4464006478280291,0.061268184067332636,0.0,0.0,0.15842746797534177
addr_0001247,2.0,0.28563274699117286,0.05068475578978196,0.0,0.5238095238095238,0.15834467879421704
addr_0001133,3.0,0.17215958643265664,0.1714355815256661,0.0,0.38095238095238093,0.15831734663530153
addr_0003901,2.0,0.04272398705908984,0.26815321811787696,0.0,0.38095238095238093,0.15817372146011582
addr_0003851,0.0,0.19456258315043973,0.08268770924454796,0.3333333333333333,0.0,0.15811052530961778
addr_0000769,3.0,0.3397476620229783,0.04486524360624085,0.0,0.38095238095238093,0.15796563414462794
addr_0003524,3.0,0.0028231134100551118,0.2974443649997308,0.0,0.38095238095238093,0.15791991811814696
addr_0000760,0.0,0.4443196566666007,0.061268184067332636,0.0,0.0,0.15780317062691326
addr_0001218,0.0,0.4532325315625435,0.05458156270612419,0.0,0.0,0.15780238455121273
addr_0004763,0.0,0.12211380845771799,0.052880159310318316,0.5,0.0,0.15778620626144274
addr_0002241,0.0,0.4192650103972435,0.07966790343763734,0.0,0.0,0.15764666449422798
addr_0002399,2.0,0.2719592143158411,0.09484946940422824,0.0,0.38095238095238093,0.15762279015168174
addr_0003412,2.0,0.03072694041382641,0.2756917506760004,0.0,0.38095238095238093,0.15759002048978615
addr_0004595,2.0,0.3436482300378638,0.005117481034499267,0.0,0.5238095238095238,0.15752241380611123
addr_0003240,0.0,0.43378945710149436,0.06808624247801229,0.0,0.0,0.15737133412165322
addr_0000008,0.0,0.4887815253449271,0.026791019923362296,0.0,0.0,0.15735086557282305
addr_0003262,2.0,0.22047646018424902,0.132073132481624,0.0,0.38095238095238093,0.1570674291431624
addr_0003459,3.0,0.27177724755700644,0.09334901676343199,0.0,0.38095238095238093,0.15696801906771282
addr_0001564,2.0,0.09679263647225082,0.22378571514279874,0.0,0.38095238095238093,0.15664731509403285
addr_0002660,2.0,0.10325180705813326,0.2189163657311213,0.0,0.38095238095238093,0.1566373265051266
addr_0002792,0.0,0.48972739709584157,0.024160450547894653,0.0,0.0,0.15658239934791032
addr_0000542,2.0,0.3608091814737413,0.025512725270758305,0.0,0.38095238095238093,0.1565430826456638
addr_0001823,0.0,0.4383287561698881,0.06249619930065644,0.0,0.0,0.156497106571229
addr_0004972,1.0,0.37918836178553844,0.01118961016780422,0.0,0.38095238095238093,0.15632759069802132
addr_0001606,2.0,0.3250742214344152,0.05088881119324445,0.0,0.38095238095238093,0.15597302900286045
addr_0004787,2.0,0.21333529328979497,0.13466240307080682,0.0,0.38095238095238093,0.1559607873104993
addr_0003284,3.0,0.18055350871583176,0.1590026456326644,0.0,0.38095238095238093,0.1558623489630534
addr_0003308,0.0,0.4474620602925047,0.0538338490234053,0.0,0.0,0.1557721576971135
addr_0001952,0.0,0.43562341007488137,0.06249619930065644,0.0,0.0,0.15568550274272697
addr_0003150,2.0,0.3902198330305126,0.0011145031383824223,0.0,0.38095238095238093,0.15560698925974487
addr_0001239,2.0,0.35733814238911826,0.013738495599785667,0.0,0.42857142857142855,0.1555539838137926
addr_0001471,0.0,0.4941910640598379,0.018195311703996447,0.0,0.0,0.15553544389954996
addr_0003260,0.0,0.4941910640598379,0.018195311703996447,0.0,0.0,0.15553544389954996
addr_0002930,0.0,0.4941910640598379,0.018195311703996447,0.0,0.0,0.15553544389954996
addr_0000155,0.0,0.42365972788399414,0.07073958185906953,0.0,0.0,0.15539375110882606
addr_0003038,0.0,0.4723507933122836,0.03390419955110552,0.0,0.0,0.15526691781412727
addr_0002977,0.0,0.43278375306476413,0.06340240952836111,0.0,0.0,0.15519608973077367
addr_0001501,0.0,0.47524827142476844,0.0314073552032956,0.0,0.0,0.1551374235087488
addr_0002236,2.0,0.051516358165524204,0.2534334166521209,0.0,0.38095238095238093,0.1549235122057437
addr_0003652,0.0,0.48378966480997093,0.024160450547894653,0.0,0.0,0.15480107966214912
addr_0003079,2.0,0.1559068380783066,0.150978034206561,0.0,0.4761904761904762,0.154782312725164
addr_0000815,2.0,0.11175379801955562,0.20787312919942172,0.0,0.38095238095238093,0.15477062918087348
addr_0004688,2.0,0.03744905800201384,0.2634261595082515,0.0,0.38095238095238093,0.15470041929914286
addr_0001913,2.0,0.32716546433908733,0.022050327607431825,0.0,0.4761904761904762,0.15458881796374654
addr_0004851,0.0,0.4068568603412883,0.08094950153869307,0.0,0.0,0.15443685871786372
addr_0002191,3.0,0.3488295752284817,0.029044516841441402,0.0,0.38095238095238093,0.15436191740035915
addr_0001722,3.0,0.09690102611907477,0.20607652153885386,0.0,0.42857142857142855,0.15435805930840685
addr_0002461,0.0,0.48726016808650013,0.020264073074405448,0.0,0.0,0.1542836796557122
addr_0001899,0.0,0.42023459018948806,0.07042635273231712,0.0,0.0,0.15424091814977325
addr_0002671,0.0,0.48347892173222,0.022893588413183476,0.0,0.0,0.15420111188493937
addr_0004739,0.0,0.45478499680138523,0.044397452312460395,0.0,0.0,0.15419447996539973
addr_0003039,0.0,0.4623582691150737,0.03866902988409536,0.0,0.0,0.15417509268816024
addr_0003210,2.0,0.12613714223267808,0.194855614416723,0.0,0.38095238095238093,0.15387862653173073
addr_0004703,2.0,0.1842376190576378,0.15120737952280022,0.0,0.38095238095238093,0.15384947562164952
addr_0003798,2.0,0.3743679928587479,0.00849729809033755,0.0,0.38095238095238093,0.1538045551889975
addr_0004200,0.0,0.43012488042309277,0.06115814903981952,0.0,0.0,0.15350072374285562
addr_0002175,0.0,0.4035053175657933,0.08094950153869307,0.0,0.0,0.1534313958852152
addr_0004143,0.0,0.4035053175657933,0.08094950153869307,0.0,0.0,0.1534313958852152
addr_0004100,0.0,0.44439208562461124,0.049999488676712105,0.0,0.0,0.1533174211580682
addr_0000708,2.0,0.18394455536823306,0.1500928820516287,0.0,0.38095238095238093,0.1533157575263595
addr_0000903,3.0,0.36103391390502093,0.004728838564909399,0.0,0.42857142857142855,0.1530588524546129
addr_0000639,2.0,0.1106736234628708,0.20435771445227602,0.0,0.38095238095238093,0.15304041091500975
addr_0001928,0.0,0.10783278259769213,0.1349549747076431,0.3333333333333333,0.0,0.15299849132903154
addr_0004287,2.0,0.30240439326876944,0.06035981043518085,0.0,0.38095238095238093,0.15296048024994127
addr_0003133,0.0,0.4686697221329772,0.030215819243460715,0.0,0.0,0.15268724433727746
addr_0002174,2.0,0.09077205135489487,0.20638019488326176,0.0,0.42857142857142855,0.15264083621691604
addr_0003245,2.0,0.32650309312078907,0.04095884449749945,0.0,0.38095238095238093,0.1524297038304746
addr_0000732,0.0,0.4636742410575705,0.03306801901136446,0.0,0.0,0.15232947992181695
addr_0001553,0.0,0.4636742410575705,0.03306801901136446,0.0,0.0,0.15232947992181695
addr_0000356,0.0,0.4469931254667027,0.0449981802962963,0.0,0.0,0.15209720975852933
addr_0002716,2.0,0.3552859458498285,0.017447125612727044,0.0,0.38095238095238093,0.15165987209527745
addr_0000496,0.0,0.12643360119704433,0.28417317149407484,0.0,0.0,0.15159934895674324
addr_0001985,0.0,0.4317310593158912,0.054321066713614946,0.0,0.0,0.15124774448021333
addr_0004561,0.0,0.42167744560327663,0.06184536155178797,0.0,0.0,0.15124137830169818
addr_0003168,2.0,0.3409665405270478,0.027046974506475856,0.0,0.38095238095238093,0.15120399005594276
addr_0004848,0.0,0.4742366806997974,0.022235646521388243,0.0,0.0,0.15116526281849452
addr_0001360,2.0,0.22847097523710005,0.11080622204443417,0.0,0.38095238095238093,0.15095901948414178
addr_0003185,2.0,0.22847097523710005,0.11080622204443417,0.0,0.38095238095238093,0.15095901948414178
addr_0001801,0.0,0.4590084358478091,0.03306801901136446,0.0,0.0,0.1509297383588885
addr_0000608,2.0,0.005427542552472481,0.27796935989156607,0.0,0.38095238095238093,0.15091124481760626
addr_0001022,3.0,0.3158090535366212,0.044463821728960816,0.0,0.38095238095238093,0.1506234828478088
addr_0000621,0.0,0.4571451287199222,0.03306801901136446,0.0,0.0,0.15037074622052243
addr_0004166,0.0,0.43238738638730695,0.05159113734060791,0.0,0.0,0.15035267085243526
addr_0000755,2.0,0.25131832360873757,0.09209226081997444,0.0,0.38095238095238093,0.15032763950584915
addr_0003527,2.0,0.32243190837751967,0.03859161640459148,0.0,0.38095238095238093,0.15026145717033057
addr_0003393,0.0,0.45659987732304613,0.03306801901136446,0.0,0.0,0.15020717080145962
addr_0004977,3.0,0.3730680281336001,0.0003807405167790031,0.0,0.38095238095238093,0.15016794274202974
addr_0001072,0.0,0.4366423947979955,0.04767845400083276,0.0,0.0,0.15006410003973175
addr_0004814,3.0,0.20499135109679978,0.11426112691465033,0.0,0.42857142857142855,0.15005899895204294
addr_0000990,2.0,0.29514356016250715,0.034412482399188045,0.0,0.4761904761904762,0.149927108627475
addr_0000434,2.0,0.11072854731308092,0.1963543037596063,0.0,0.38095238095238093,0.1498555237930049
addr_0002182,2.0,0.26388207563420607,0.0693969078632865,0.0,0.42857142857142855,0.1497805286927193
addr_0000013,0.0,0.4845822597953623,0.010736114288383374,0.0,0.0,0.149669123653962
addr_0004822,2.0,0.03362763631128156,0.2536066845731227,0.0,0.38095238095238093,0.14962620281787165
addr_0001011,3.0,0.10453292241579872,0.20033965070457516,0.0,0.38095238095238093,0.14959097510180777
addr_0003264,0.0,0.4814024162650032,0.012798863711560977,0.0,0.0,0.14954027036412534
addr_0004881,2.0,0.3497356297026815,0.004337130004139356,0.0,0.42857142857142855,0.14951268376960306
addr_0003650,2.0,0.2703546467829221,0.06355935739093861,0.0,0.42857142857142855,0.14938727984839495
addr_0000670,2.0,0.354848076693579,0.012002111832518581,0.0,0.38095238095238093,0.1493505058363192
addr_0003500,3.0,0.2590387484028228,0.0710202176916708,0.0,0.42857142857142855,0.14897685445465803
addr_0001520,2.0,0.26606895345447124,0.05335636497911032,0.0,0.4761904761904762,0.1487822796470331
addr_0003862,2.0,0.043462924681182284,0.2441056243039095,0.0,0.38095238095238093,0.1487763652211566
addr_0004044,2.0,0.005740474796003682,0.27198677550406936,0.0,0.38095238095238093,0.14861209073566695
addr_0000246,3.0,0.31600985446440666,0.015407888853267736,0.0,0.4761904761904762,0.1485851594996767
addr_0002531,2.0,0.13460716810456613,0.16333777991996107,0.0,0.42857142857142855,0.14857440525649712
addr_0001963,3.0,0.016617129881066207,0.26371576209538394,0.0,0.38095238095238093,0.14856668189771155
addr_0004609,0.0,0.4780896290821049,0.012798863711560977,0.0,0.0,0.14854643420925587
addr_0003774,3.0,0.3158188440829428,0.03924036025008923,0.0,0.38095238095238093,0.14853703542015662
addr_0003558,2.0,0.21086368986860568,0.10600261135888181,0.0,0.42857142857142855,0.1485172943612773
addr_0004564,3.0,0.005699764844718866,0.2717184719105031,0.0,0.38095238095238093,0.14849255631285502
addr_0000693,3.0,0.2206480106879748,0.11039144655695024,0.0,0.38095238095238093,0.14844621992441062
addr_0003615,0.0,0.4499067249663873,0.03306801901136446,0.0,0.0,0.14819922509446198
addr_0004684,2.0,0.1398197195427359,0.17036183107955669,0.0,0.38095238095238093,0.14818588638988153
addr_0001549,2.0,0.1494581369368744,0.16300190946526927,0.0,0.38095238095238093,0.14813344296240813
addr_0000311,2.0,0.004785050387639524,0.27140545025493834,0.0,0.38095238095238093,0.14809293331350531
addr_0000335,2.0,0.08237995132255126,0.212959093107798,0.0,0.38095238095238093,0.1479928607351227
addr_0002928,2.0,0.028100780666439413,0.253606284464635,0.0,0.38095238095238093,0.14796798608102393
addr_0002091,2.0,0.07751828077177844,0.2042005318602912,0.0,0.42857142857142855,0.14779283983279287
addr_0001290,0.0,0.4430646077381231,0.03703341154157068,0.0,0.0,0.1477327469380652
addr_0003864,0.0,0.4797295233809201,0.009498655217764957,0.0,0.0,0.14771831910138203
addr_0001962,3.0,0.010874263565487036,0.26576783420195244,0.0,0.38095238095238093,0.1476646508456652
addr_0003110,2.0,0.11122329681570771,0.19038684931504363,0.0,0.38095238095238093,0.14761696686596787
addr_0000427,3.0,0.013050728430210502,0.26371407678858383,0.0,0.38095238095238093,0.1474960873397348
addr_0002953,2.0,0.11231669816570601,0.1888881981271686,0.0,0.38095238095238093,0.14734552679581733
addr_0002273,2.0,0.3241575605958732,0.029122393236771623,0.0,0.38095238095238093,0.1469914635687087
addr_0002903,0.0,0.43587873159449353,0.04051436436800571,0.0,0.0,0.14696936522555035
addr_0001616,2.0,0.1867438835409368,0.11957359901316333,0.0,0.42857142857142855,0.14670974752468924
addr_0002770,0.0,0.443354012811002,0.03306801901136446,0.0,0.0,0.14623341144784638
addr_0002985,0.0,0.443354012811002,0.03306801901136446,0.0,0.0,0.14623341144784638
addr_0000170,0.0,0.4331775457099652,0.04051436436800571,0.0,0.0,0.14615900946019184
addr_0000835,0.0,0.4338201833895393,0.03967817670250814,0.0,0.0,0.14601732569786505
addr_0001284,3.0,0.05583606729551819,0.22778482917744483,0.0,0.38095238095238093,0.14595998995487147
addr_0002726,3.0,0.33030449290207886,0.021910846932164583,0.0,0.38095238095238093,0.1459509247387276
addr_0000511,0.0,0.4736073323149974,0.009498655217764957,0.0,0.0,0.14588166178160522
addr_0000088,3.0,0.09936236047756385,0.1948545384713838,0.0,0.38095238095238093,0.14584576162706075
addr_0004591,0.0,0.1328949654462037,0.2648263773507783,0.0,0.0,0.14579904057417242
addr_0003923,2.0,0.055619172058021,0.22739870190814102,0.0,0.38095238095238093,0.1457404704759008
addr_0002735,2.0,0.13613963057855238,0.1669931929877889,0.0,0.38095238095238093,0.1457344044639194
addr_0004500,2.0,0.3521027148669352,0.0048613716211773645,0.0,0.38095238095238093,0.1456706012037896
addr_0001996,0.0,0.23299056177062769,0.18914911181324318,0.0,0.0,0.14555681325648556
addr_0001159,0.0,0.4328606719747383,0.038878731540858226,0.0,0.0,0.14540969420876476
addr_0003027,0.0,0.23212145623743072,0.18914911181324318,0.0,0.0,0.1452960815965265
addr_0003737,0.0,0.23212145623743072,0.18914911181324318,0.0,0.0,0.1452960815965265
addr_0003363,0.0,0.42298733485048806,0.045916346858315596,0.0,0.0,0.14526273919847266
addr_0001605,2.0,0.016174048106368875,0.25546756151122296,0.0,0.38095238095238093,0.14513447713163796
addr_0002225,2.0,0.03973972357614187,0.23770358653325513,0.0,0.38095238095238093,0.1450985897813827
addr_0004969,0.0,0.1302060239933279,0.2648263773507783,0.0,0.0,0.14499235813830968
addr_0003383,0.0,0.1302060239933279,0.2648263773507783,0.0,0.0,0.14499235813830968
addr_0003309,0.0,0.1302060239933279,0.2648263773507783,0.0,0.0,0.14499235813830968
addr_0004359,0.0,0.1302060239933279,0.2648263773507783,0.0,0.0,0.14499235813830968
addr_0003462,0.0,0.1302060239933279,0.2648263773507783,0.0,0.0,0.14499235813830968
addr_0000227,0.0,0.23108609096955954,0.18914911181324318,0.0,0.0,0.14498547201616513
addr_0004515,0.0,0.24060520261841511,0.1819704631401265,0.0,0.0,0.14496974604157514
addr_0003121,0.0,0.43101469428460637,0.03912514485513129,0.0,0.0,0.1449544662274344
addr_0002503,2.0,0.3243389499611864,0.023831377190465134,0.0,0.38095238095238093,0.14492947395978006
addr_0001180,2.0,0.015483264356781826,0.25546756151122296,0.0,0.38095238095238093,0.14492724200676182
addr_0000143,3.0,0.018924112808154737,0.2527654065843242,0.0,0.38095238095238093,0.1448786345714142
addr_0000567,0.0,0.12976107068951034,0.2648263773507783,0.0,0.0,0.14485887214716442
addr_0003826,0.0,0.2397997478356115,0.1819704631401265,0.0,0.0,0.14472810960673405
addr_0000045,0.0,0.2397997478356115,0.1819704631401265,0.0,0.0,0.14472810960673405
addr_0003132,0.0,0.2397997478356115,0.1819704631401265,0.0,0.0,0.14472810960673405
addr_0003583,0.0,0.42420894060711717,0.043647001593345836,0.0,0.0,0.1447214828194735
addr_0004687,2.0,0.09083544558019316,0.1984118202017981,0.0,0.38095238095238093,0.14471059985001528
addr_0000222,0.0,0.23967464392725782,0.1819704631401265,0.0,0.0,0.14469057843422795
addr_0002288,0.0,0.4299420494293173,0.03912514485513129,0.0,0.0,0.1446326727708477
addr_0004275,0.0,0.4299420494293173,0.03912514485513129,0.0,0.0,0.1446326727708477
addr_0004941,2.0,0.014375357188713207,0.25546756151122296,0.0,0.38095238095238093,0.14459486985634126
addr_0001543,2.0,0.03833494557152717,0.23733468470727404,0.0,0.38095238095238093,0.14452959564960588
addr_0000945,2.0,0.11888329751991515,0.17687415925998334,0.0,0.38095238095238093,0.14450989105520598
addr_0004075,2.0,0.27638887083569436,0.046670219564443054,0.0,0.42857142857142855,0.14444189193362839
addr_0003888,2.0,0.10977580622946975,0.18334461316498132,0.0,0.38095238095238093,0.14436582523007155
addr_0000723,2.0,0.03451950086963504,0.23963037481458366,0.0,0.38095238095238093,0.14430323828196207
addr_0002567,2.0,0.20555788617053863,0.11095646453078796,0.0,0.38095238095238093,0.14414518975871488
addr_0001863,3.0,0.03390776956430348,0.23963037481458366,0.0,0.38095238095238093,0.14411971889036262
addr_0002117,0.0,0.4442261666696751,0.02699605427614499,0.0,0.0,0.14406627171136052
addr_0002028,0.0,0.4441459184997565,0.02699605427614499,0.0,0.0,0.14404219726038495
addr_0000645,2.0,0.28371097811824725,0.051788777109156796,0.0,0.38095238095238093,0.143924042374375
addr_0001206,0.0,0.12643360119704433,0.2648263773507783,0.0,0.0,0.1438606312994246
addr_0001660,2.0,0.21511425434721274,0.10278440842587187,0.0,0.38095238095238093,0.14374327776975065
addr_0001759,3.0,0.32855807424307104,0.017320877700741005,0.0,0.38095238095238093,0.14359101144845582
addr_0003479,3.0,0.3249247478268686,0.019932930218519877,0.0,0.38095238095238093,0.14354583453070663
addr_0003173,3.0,0.06027077383037467,0.2179120504580894,0.0,0.38095238095238093,0.14334129042758625
addr_0001347,0.0,0.2351607871094641,0.1819704631401265,0.0,0.0,0.14333642138888983
addr_0001189,3.0,0.3291805244748501,0.015794994270373806,0.0,0.38095238095238093,0.14316739314584265
addr_0001250,3.0,0.11459911372607386,0.1763914300392505,0.0,0.38095238095238093,0.14303154422876047
addr_0001627,0.0,0.4223641950815734,0.040601843055216545,0.0,0.0,0.14294999574655864
addr_0003808,2.0,0.1375299103464097,0.14685014070948257,0.0,0.42857142857142855,0.1428561722448588
addr_0000463,0.0,0.436348939309029,0.029687218238289872,0.0,0.0,0.14277956908802464
addr_0004741,2.0,0.31826954896561493,0.02295207009325913,0.0,0.38095238095238093,0.14275693082222624
addr_0000494,2.0,0.34222965218561646,0.004965283231323156,0.0,0.38095238095238093,0.1427502470434523
addr_0001529,3.0,0.09591844620743474,0.18904256181468046,0.0,0.38095238095238093,0.14248779668334072
addr_0004721,0.0,0.4307007550892877,0.03306801901136446,0.0,0.0,0.14243743413133209
addr_0002296,3.0,0.005864518841391676,0.25620396460426964,0.0,0.38095238095238093,0.14233617958936345
addr_0000255,2.0,0.04652719717297824,0.22492873513273928,0.0,0.38095238095238093,0.14202489130022727
addr_0004809,0.0,0.1324935895295947,0.17191178995233222,0.16666666666666666,0.0,0.14184612617314463
addr_0001944,3.0,0.027977114724923577,0.23827500898682544,0.0,0.38095238095238093,0.14179837610744536
addr_0003883,2.0,0.12376199798452898,0.16628621739798694,0.0,0.38095238095238093,0.14173832444979156
addr_0001636,2.0,0.3161645664094304,0.021910846932164583,0.0,0.38095238095238093,0.14170894679093304
addr_0004692,3.0,0.13078785122818767,0.16070948882163374,0.0,0.38095238095238093,0.1416153889923479
addr_0001818,3.0,0.009299844898647028,0.25090691136738047,0.0,0.38095238095238093,0.14124795611178442
addr_0003142,3.0,0.07341630093883057,0.2027784850391771,0.0,0.38095238095238093,0.1412315223925581
addr_0001414,3.0,0.21666222179242176,0.05924851691325259,0.0,0.5238095238095238,0.14107902568397995
addr_0001037,3.0,0.05647125495231196,0.2149370052434206,0.0,0.38095238095238093,0.14101141667829992
addr_0001770,0.0,0.4176414304056105,0.03912514485513129,0.0,0.0,0.14094248706373566
addr_0001100,2.0,0.14797886585473963,0.14607680222190272,0.0,0.38095238095238093,0.14091961874042108
addr_0003302,2.0,0.1299733800037548,0.15934709630554814,0.0,0.38095238095238093,0.1408260906185838
addr_0004393,2.0,0.0034342783152314597,0.2539699054175587,0.0,0.38095238095238093,0.14071348375683101
addr_0001112,2.0,0.17719906667528193,0.12306152272008503,0.0,0.38095238095238093,0.1404795671858567
addr_0004279,0.0,0.23367056964825167,0.17582974565283654,0.0,0.0,0.1404330691556101
addr_0002712,3.0,0.30811596761709903,0.024541794769687243,0.0,0.38095238095238093,0.1403467462882427
addr_0003186,3.0,0.14444895876058772,0.123475508310114,0.0,0.4761904761904762,0.14034393857126953
addr_0001508,0.0,0.23320090537956814,0.17582974565283654,0.0,0.0,0.14029216987500506
addr_0003259,2.0,0.18880411632570843,0.07814993808325002,0.0,0.5238095238095238,0.14028216251196493
addr_0001716,2.0,0.2888588030620122,0.01490093303511561,0.0,0.4761904761904762,0.14023706175169753
addr_0001638,3.0,0.0929753860285925,0.1852820348400054,0.0,0.38095238095238093,0.140100667839818
addr_0003915,2.0,0.27853504902985393,0.046059691963739054,0.0,0.38095238095238093,0.1400796295896899
addr_0000576,2.0,0.11351363917017565,0.16969798016870905,0.0,0.38095238095238093,0.1400285219137744
addr_0002840,0.0,0.23193048977240655,0.17582974565283654,0.0,0.0,0.13991104519285658
addr_0003764,0.0,0.23193048977240655,0.17582974565283654,0.0,0.0,0.13991104519285658
addr_0001490,0.0,0.11078529109073723,0.2665288407850573,0.0,0.0,0.1398471236412441
addr_0001418,0.0,0.11078529109073723,0.2665288407850573,0.0,0.0,0.1398471236412441
addr_0003061,0.0,0.11078529109073723,0.2665288407850573,0.0,0.0,0.1398471236412441
addr_0004164,3.0,0.09529654045669095,0.18271649743341198,0.0,0.38095238095238093,0.13977079920561017
addr_0000618,2.0,0.1802703973688058,0.10698785012688451,0.0,0.42857142857142855,0.1397334021185384
addr_0003298,3.0,0.295536975814131,0.03225245218893461,0.0,0.38095238095238093,0.13965731171505125
addr_0000417,2.0,0.19526990616196246,0.10741550850132162,0.0,0.38095238095238093,0.13964241334435548
addr_0001104,0.0,0.10988190626267116,0.2665288407850573,0.0,0.0,0.1395761081928243
addr_0001454,0.0,0.10988190626267116,0.2665288407850573,0.0,0.0,0.1395761081928243
addr_0002009,0.0,0.10988190626267116,0.2665288407850573,0.0,0.0,0.1395761081928243
addr_0004428,0.0,0.10988190626267116,0.2665288407850573,0.0,0.0,0.1395761081928243
addr_0003512,0.0,0.10928152798576357,0.2665288407850573,0.0,0.0,0.139395994709752
addr_0003199,0.0,0.10928152798576357,0.2665288407850573,0.0,0.0,0.139395994709752
addr_0004974,0.0,0.10868677800211655,0.2665288407850573,0.0,0.0,0.13921756971465787
addr_0002697,2.0,0.14460029537080518,0.14411396687407962,0.0,0.38095238095238093,0.1391209134561115
addr_0003654,3.0,0.049605200324756876,0.2149370052434206,0.0,0.38095238095238093,0.1389516002900334
addr_0001887,3.0,0.2845150288656324,0.038571636304643414,0.0,0.38095238095238093,0.1388784012767852
addr_0000039,3.0,0.31515034230007444,0.015287704584906574,0.0,0.38095238095238093,0.13875542261922305
addr_0004597,0.0,0.23066718197890068,0.17289342267142974,0.0,0.0,0.13835752366224208
addr_0003493,0.0,0.4232888824346401,0.028377793694658166,0.0,0.0,0.1383377822082553
addr_0004674,2.0,0.03430374932381668,0.224458317932715,0.0,0.38095238095238093,0.13816969006546911
addr_0003293,3.0,0.26596084061448544,0.05045707671513355,0.0,0.38095238095238093,0.13806632096563715
addr_0002388,3.0,0.10072521546286585,0.17339380049358594,0.0,0.38095238095238093,0.13767032293153222
addr_0002640,2.0,0.27443927382197025,0.04261741515309548,0.0,0.38095238095238093,0.13747398630306737
addr_0000865,2.0,0.025962043008889425,0.22822913821327512,0.0,0.38095238095238093,0.13717550628321498
addr_0000519,2.0,0.11655430839574837,0.1601618349520288,0.0,0.38095238095238093,0.13712626459477412
addr_0000782,3.0,0.07782799533671755,0.18875986069459139,0.0,0.38095238095238093,0.13694758097408993
addr_0004710,2.0,0.2063125722400618,0.09196572204391774,0.0,0.38095238095238093,0.13677529858482373
addr_0003830,2.0,0.051305823616662534,0.20806681797996912,0.0,0.38095238095238093,0.13671371237222452
addr_0001287,2.0,0.2995259636453615,0.021683677061652286,0.0,0.38095238095238093,0.13662649801350746
addr_0001551,2.0,0.2310373555426143,0.07303695038113571,0.0,0.38095238095238093,0.13662122491047668
addr_0003416,2.0,0.26923348806982045,0.04424902458727242,0.0,0.38095238095238093,0.1365648943510932
addr_0000711,2.0,0.117675314946402,0.15786496369312755,0.0,0.38095238095238093,0.13654381805640972
addr_0003078,2.0,0.13687475092415904,0.14340155716563097,0.0,0.38095238095238093,0.13651828623873818
addr_0001181,2.0,0.2276959466220777,0.07504150758796364,0.0,0.38095238095238093,0.13642062511704686
addr_0002179,2.0,0.18629322127409717,0.10577068088461959,0.0,0.38095238095238093,0.1362914768313151
addr_0002549,0.0,0.15906342508462612,0.054271280991156426,0.3333333333333333,0.0,0.13609420658851706
addr_0004511,3.0,0.07268559494352128,0.19037411372679697,0.0,0.38095238095238093,0.13605056206901328
addr_0004838,3.0,0.25457156105908146,0.053903361368344865,0.0,0.38095238095238093,0.1360280509603005
addr_0001129,3.0,0.07167201440785437,0.190882560917803,0.0,0.38095238095238093,0.13594986678471563
addr_0004911,3.0,0.29513053761078567,0.02299369898369579,0.0,0.38095238095238093,0.13583187897195212
addr_0003103,2.0,0.11288942981073985,0.15786496369312755,0.0,0.38095238095238093,0.13510805251571106
addr_0002177,2.0,0.2290635491306632,0.0464748292777726,0.0,0.4761904761904762,0.13492804406935563
addr_0004392,2.0,0.22777259282575968,0.07107417069995894,0.0,0.38095238095238093,0.13485668422294958
addr_0000592,3.0,0.21273962474328903,0.05798110053036779,0.0,0.4761904761904762,0.13463337525418145
addr_0002835,0.0,0.10965355891405068,0.2538922740781531,0.0,0.0,0.13445297730547645
addr_0000065,0.0,0.10965355891405068,0.2538922740781531,0.0,0.0,0.13445297730547645
addr_0003670,0.0,0.10928217364845456,0.2538922740781531,0.0,0.0,0.13434156172579761
addr_0004693,0.0,0.10928217364845456,0.2538922740781531,0.0,0.0,0.13434156172579761
addr_0004620,2.0,0.027288133503888545,0.22012591445578308,0.0,0.38095238095238093,0.1343320439287179
addr_0000164,2.0,0.11674439630082506,0.15192848631105613,0.0,0.38095238095238093,0.13388995150990807
addr_0001188,2.0,0.27086219851986093,0.03603489478690972,0.0,0.38095238095238093,0.13376785556596027
addr_0003235,2.0,0.27217528292736065,0.03497857065457823,0.0,0.38095238095238093,0.13373925123527758
addr_0000144,2.0,0.29955169400976234,0.014308201489571326,0.0,0.38095238095238093,0.13368402689399533
addr_0000280,3.0,0.0068783727962436645,0.23374725389476694,0.0,0.38095238095238093,0.13365765149201797
addr_0000133,3.0,0.26153069565752574,0.04256707189677091,0.0,0.38095238095238093,0.1335812755512042
addr_0002507,2.0,0.05087527245366853,0.19936591844227444,0.0,0.38095238095238093,0.13310418720824843
addr_0002542,3.0,0.1951041638149739,0.07841596464550513,0.0,0.42857142857142855,0.13275477785983708
addr_0003570,0.0,0.12166370368164758,0.2404992649917152,0.0,0.0,0.13269881710118037
addr_0000349,3.0,0.03117003583039963,0.2124484990372887,0.0,0.38095238095238093,0.13242564845927346
addr_0001303,3.0,0.17719195881800845,0.10261783884975602,0.0,0.38095238095238093,0.13229996128054305
addr_0003546,3.0,0.14944832182866857,0.12342115476177881,0.0,0.38095238095238093,0.13229819654855018
addr_0001708,0.0,0.11636300938426988,0.24332357933860854,0.0,0.0,0.1322383345507244
addr_0004730,0.0,0.2434110861221944,0.14800784126099753,0.0,0.0,0.13222646234105734
addr_0004966,3.0,0.01435547320944499,0.22400299711183355,0.0,0.38095238095238093,0.13200307890280502
addr_0000925,0.0,0.11484055909511105,0.24332357933860854,0.0,0.0,0.13178159946397675
addr_0004313,2.0,0.11595309973960122,0.14715822220043256,0.0,0.38095238095238093,0.1317444568972915
addr_0003489,0.0,0.1184437541226897,0.2404992649917152,0.0,0.0,0.131732832233493
addr_0004712,0.0,0.1184437541226897,0.2404992649917152,0.0,0.0,0.131732832233493
addr_0004088,0.0,0.1184437541226897,0.2404992649917152,0.0,0.0,0.131732832233493
addr_0001137,0.0,0.11454472582077696,0.24332357933860854,0.0,0.0,0.1316928494816765
addr_0004161,0.0,0.11811895178736649,0.2404992649917152,0.0,0.0,0.13163539153289605
addr_0004162,0.0,0.2675330993248508,0.12793336453658416,0.0,0.0,0.1314332756120889
addr_0003843,0.0,0.2675330993248508,0.12793336453658416,0.0,0.0,0.1314332756120889
addr_0000669,0.0,0.2675330993248508,0.12793336453658416,0.0,0.0,0.1314332756120889
addr_0004225,0.0,0.11364873808169959,0.24332357933860854,0.0,0.0,0.1314240531599533
addr_0000659,0.0,0.2433416562403124,0.14601443607177386,0.0,0.0,0.13140827130080326
addr_0001737,0.0,0.2433416562403124,0.14601443607177386,0.0,0.0,0.13140827130080326
addr_0002129,2.0,0.12826068532320184,0.11326994498247218,0.0,0.4761904761904762,0.13140523120899705
addr_0003908,0.0,0.2670519815315142,0.12793336453658416,0.0,0.0,0.13128894027408794
addr_0003048,2.0,0.11829698017614532,0.1442296720881147,0.0,0.38095238095238093,0.1312762009833276
addr_0000492,0.0,0.24284005923797777,0.14601443607177386,0.0,0.0,0.13125779220010286
addr_0000033,0.0,0.11302731754317939,0.24332357933860854,0.0,0.0,0.13123762699839725
addr_0004770,0.0,0.11302731754317939,0.24332357933860854,0.0,0.0,0.13123762699839725
addr_0003265,2.0,0.11422422453345873,0.14716949243389268,0.0,0.38095238095238093,0.1312303024288328
addr_0003823,0.0,0.1166057482440748,0.2404992649917152,0.0,0.0,0.13118143046990854
addr_0002842,0.0,0.11647233921306563,0.2404992649917152,0.0,0.0,0.1311414077606058
addr_0004896,2.0,0.08107660119499281,0.15988144541668445,0.0,0.42857142857142855,0.13113270138231448
addr_0004588,2.0,0.019157313602294376,0.21812782581528292,0.0,0.38095238095238093,0.13109356250203957
addr_0001173,0.0,0.11617567950563443,0.2404992649917152,0.0,0.0,0.1310524098483764
addr_0004740,0.0,0.11617567950563443,0.2404992649917152,0.0,0.0,0.1310524098483764
addr_0001228,0.0,0.11574879773654742,0.2404992649917152,0.0,0.0,0.13092434531765032
addr_0004486,0.0,0.11574879773654742,0.2404992649917152,0.0,0.0,0.13092434531765032
addr_0000855,0.0,0.2652455432977331,0.12793336453658416,0.0,0.0,0.1307470088039536
addr_0002233,2.0,0.04672044255239715,0.19650863268093505,0.0,0.38095238095238093,0.13071482393333128
addr_0002093,2.0,0.19698763716537365,0.08378053241492052,0.0,0.38095238095238093,0.1307037422108184
addr_0000396,2.0,0.003059788166116178,0.22922229014256773,0.0,0.38095238095238093,0.13070209060210006
addr_0000303,2.0,0.2258390153246391,0.061385641787066514,0.0,0.38095238095238093,0.13040119940745643
addr_0003916,2.0,0.030763272816114982,0.2076248474817341,0.0,0.38095238095238093,0.13037415893276622
addr_0000825,3.0,0.28725815053355896,0.002340159372091557,0.0,0.42857142857142855,0.12997065176604716
addr_0001459,2.0,0.2672299324282664,0.029213549588981234,0.0,0.38095238095238093,0.12994963765931053
addr_0004021,3.0,0.2015929143102061,0.07830622329568333,0.0,0.38095238095238093,0.12989560170657327
addr_0003960,2.0,0.006787141134801883,0.2243808559769158,0.0,0.38095238095238093,0.129883722826445
addr_0000449,2.0,0.2606824958120845,0.03365342785865383,0.0,0.38095238095238093,0.129761357982325
addr_0003545,2.0,0.2840542997990385,0.015540101523215439,0.0,0.38095238095238093,0.1295275686442358
addr_0001652,2.0,0.028473138006096785,0.2071514117906915,0.0,0.38095238095238093,0.12949774421334376
addr_0002826,2.0,0.11407104091000478,0.14288845090452945,0.0,0.38095238095238093,0.1294719307300513
addr_0004341,3.0,0.2824829085960622,0.01647399596937373,0.0,0.38095238095238093,0.12942970906180623
addr_0002604,2.0,0.1593265574348573,0.10868405703374932,0.0,0.38095238095238093,0.129366828139195
addr_0003253,2.0,0.015084552099607799,0.2164684400560462,0.0,0.38095238095238093,0.12920797974753895
addr_0002106,2.0,0.13643724934259072,0.125205136166331,0.0,0.38095238095238093,0.12910846736454773
addr_0004852,2.0,0.29252214925562575,0.007840027582414725,0.0,0.38095238095238093,0.1289878939048917
addr_0000288,0.0,0.25865408525975414,0.12793336453658416,0.0,0.0,0.1287695713925599
addr_0002099,3.0,0.3016550578588362,0.0003905349902761543,0.0,0.38095238095238093,0.1287479694489994
addr_0002973,2.0,0.28375625580184816,0.013739069286543622,0.0,0.38095238095238093,0.12871774255041
addr_0000135,2.0,0.209177733888982,0.069501849018776,0.0,0.38095238095238093,0.1286492978694431
addr_0000072,3.0,0.15203050042892283,0.10002103373068873,0.0,0.42857142857142855,0.1284747064780952
addr_0001260,2.0,0.018442084045788697,0.21146371276538647,0.0,0.38095238095238093,0.12821334841512932
addr_0003040,2.0,0.10212316026483463,0.1483459317785204,0.0,0.38095238095238093,0.12807055888609664
addr_0002608,2.0,0.03307773175469199,0.19969938479839672,0.0,0.38095238095238093,0.1278983115410044
addr_0000841,3.0,0.01732669824076642,0.21146371276538647,0.0,0.38095238095238093,0.12787873267362262
addr_0001493,3.0,0.20707584580081995,0.06899726547921789,0.0,0.38095238095238093,0.12781689802717122
addr_0004922,0.0,0.25404975723928735,0.12793336453658416,0.0,0.0,0.12738827298641986
addr_0003867,0.0,0.25404975723928735,0.12793336453658416,0.0,0.0,0.12738827298641986
addr_0001689,2.0,0.10689062178302276,0.14288845090452945,0.0,0.38095238095238093,0.12731780499195672
addr_0002674,0.0,0.25364388426523304,0.12793336453658416,0.0,0.0,0.1272665110942036
addr_0000093,0.0,0.2530686786217561,0.12793336453658416,0.0,0.0,0.12709394940116048
addr_0003074,0.0,0.2530686786217561,0.12793336453658416,0.0,0.0,0.12709394940116048
addr_0002760,2.0,0.10544608934307508,0.14288845090452945,0.0,0.38095238095238093,0.1268844452599724
addr_0001909,1.0,0.0827598266537085,0.15971830511786794,0.0,0.38095238095238093,0.12681050813849784
addr_0002228,2.0,0.1410577006835888,0.11591173515134132,0.0,0.38095238095238093,0.12677724236085128
addr_0000501,3.0,0.0069242536286287385,0.21633834000609603,0.0,0.38095238095238093,0.12670785018626513
addr_0003783,2.0,0.08198140324871458,0.1599805147344403,0.0,0.38095238095238093,0.1266818649636286
addr_0001426,3.0,0.18627226153750218,0.08092214660420666,0.0,0.38095238095238093,0.12634577519817142
addr_0000003,0.0,0.13735958836873471,0.2128253589749713,0.0,0.0,0.12633802010060893
addr_0004072,0.0,0.24994275397070448,0.12793336453658416,0.0,0.0,0.126156172005845
addr_0001746,0.0,0.20536126014251838,0.16115039379630666,0.0,0.0,0.12606853556127817
addr_0003873,0.0,0.20536126014251838,0.16115039379630666,0.0,0.0,0.12606853556127817
addr_0000120,3.0,0.16560865662375013,0.095710603488063,0.0,0.38095238095238093,0.12606207647758833
addr_0003249,0.0,0.13617688854519872,0.2128253589749713,0.0,0.0,0.12598321015354813
addr_0004612,0.0,0.13617688854519872,0.2128253589749713,0.0,0.0,0.12598321015354813
addr_0004994,0.0,0.13617688854519872,0.2128253589749713,0.0,0.0,0.12598321015354813
addr_0004897,2.0,0.24550101534305196,0.023424016234765636,0.0,0.42857142857142855,0.1258770539539647
addr_0004761,0.0,0.2484796022523306,0.12793336453658416,0.0,0.0,0.12571722649033285
addr_0004312,0.0,0.24812031460435463,0.12793336453658416,0.0,0.0,0.12560944019594006
addr_0004599,0.0,0.24812031460435463,0.12793336453658416,0.0,0.0,0.12560944019594006
addr_0002598,0.0,0.24812031460435463,0.12793336453658416,0.0,0.0,0.12560944019594006
addr_0004536,0.0,0.21020897235776254,0.15582640181039406,0.0,0.0,0.12539325243148639
addr_0001807,0.0,0.21020897235776254,0.15582640181039406,0.0,0.0,0.12539325243148639
addr_0003741,2.0,0.062390081032421975,0.17119285963022463,0.0,0.38095238095238093,0.12528940625705454
addr_0001131,2.0,0.051636862947721594,0.17923897493881558,0.0,0.38095238095238093,0.1252818869550808
addr_0002443,0.0,0.24665906096777362,0.12793336453658416,0.0,0.0,0.12517106410496576
addr_0003503,0.0,0.24665906096777362,0.12793336453658416,0.0,0.0,0.12517106410496576
addr_0002719,0.0,0.20943892905694036,0.15582640181039406,0.0,0.0,0.12516223944123972
addr_0000110,2.0,0.04141676480082932,0.18631071332168636,0.0,0.38095238095238093,0.12504455286416144
addr_0003963,2.0,0.04938372075972041,0.18022028388071387,0.0,0.38095238095238093,0.12499846787543976
addr_0000550,2.0,0.1714654269655304,0.07641009255131746,0.0,0.42857142857142855,0.12486080796732897
addr_0001539,2.0,0.07573925153355623,0.1599805147344403,0.0,0.38095238095238093,0.12480921944908109
addr_0003018,2.0,0.03931126212732806,0.18724585525029622,0.0,0.38095238095238093,0.124786958833555
addr_0002036,3.0,0.035043795532086475,0.1904323433625815,0.0,0.38095238095238093,0.12478131409989665
addr_0003041,0.0,0.20809625888308408,0.15582640181039406,0.0,0.0,0.12475943838908285
addr_0002589,0.0,0.20809625888308408,0.15582640181039406,0.0,0.0,0.12475943838908285
addr_0003694,0.0,0.20800506936636146,0.15582640181039406,0.0,0.0,0.12473208153406606
addr_0001013,0.0,0.20790188999606854,0.15582640181039406,0.0,0.0,0.12470112772297819
addr_0002186,0.0,0.20790188999606854,0.15582640181039406,0.0,0.0,0.12470112772297819
addr_0003828,0.0,0.244882702293873,0.12793336453658416,0.0,0.0,0.12463815650279556
addr_0002262,3.0,0.2604438684856953,0.02087558494166573,0.0,0.38095238095238093,0.12457863261761297
addr_0000907,3.0,0.13330738561503205,0.11618022885148427,0.0,0.38095238095238093,0.12455954532034141
addr_0000959,0.0,0.20708325873947994,0.15582640181039406,0.0,0.0,0.1244555383460016
addr_0004724,0.0,0.24360159528552394,0.12793336453658416,0.0,0.0,0.12425382440029084
addr_0003850,0.0,0.13744485805857307,0.20749727389314582,0.0,0.0,0.12423236697483026
addr_0003800,0.0,0.13744485805857307,0.20749727389314582,0.0,0.0,0.12423236697483026
addr_0002513,3.0,0.005294576619062698,0.2109816714407223,0.0,0.38095238095238093,0.12407627965724582
addr_0003528,0.0,0.1368313959405405,0.20749727389314582,0.0,0.0,0.12404832833942048
addr_0004430,3.0,0.10821862062016703,0.13343851112843655,0.0,0.38095238095238093,0.12393622873266283
addr_0000237,2.0,0.011504462920018698,0.20596176805143904,0.0,0.38095238095238093,0.12393128419181933
addr_0001939,2.0,0.09757329908186349,0.14119898478094123,0.0,0.38095238095238093,0.12384682173217364
addr_0000692,0.0,0.10782744917234552,0.2286284282176545,0.0,0.0,0.12379960603876547
addr_0002709,0.0,0.10782744917234552,0.2286284282176545,0.0,0.0,0.12379960603876547
addr_0000632,3.0,0.18350196419159454,0.06465316246485622,0.0,0.42857142857142855,0.1237689971005637
addr_0000582,0.0,0.10725896867996386,0.2286284282176545,0.0,0.0,0.12362906189105097
addr_0004201,0.0,0.10709863081003076,0.2286284282176545,0.0,0.0,0.12358096053007103
addr_0001612,0.0,0.24132267626347337,0.12793336453658416,0.0,0.0,0.12357014869367566
addr_0001692,0.0,0.13489235337294866,0.20749727389314582,0.0,0.0,0.12346661556914293
addr_0000845,3.0,0.015095201723376209,0.2020730400732298,0.0,0.38095238095238093,0.12345301464154289
addr_0000424,0.0,0.20320938660796986,0.15582640181039406,0.0,0.0,0.12329337670654858
addr_0001030,0.0,0.20320938660796986,0.15582640181039406,0.0,0.0,0.12329337670654858
addr_0002332,0.0,0.13429126718557882,0.20742164587892895,0.0,0.0,0.12325603850724523
addr_0001336,0.0,0.11873826724199626,0.21882300845664696,0.0,0.0,0.12315068355525767
addr_0002492,0.0,0.20253624277468527,0.15582640181039406,0.0,0.0,0.12309143355656321
addr_0002638,0.0,0.11851853697698748,0.21882300845664696,0.0,0.0,0.12308476447575503
addr_0002669,0.0,0.11851853697698748,0.21882300845664696,0.0,0.0,0.12308476447575503
addr_0003918,0.0,0.11848425100821289,0.21882300845664696,0.0,0.0,0.12307447868512267
addr_0004583,0.0,0.13348963547510884,0.20749727389314582,0.0,0.0,0.12304580019979097
addr_0002685,0.0,0.11830747720898185,0.21882300845664696,0.0,0.0,0.12302144654535335
addr_0000503,0.0,0.13339598266562785,0.20749727389314582,0.0,0.0,0.12301770435694669
addr_0004386,0.0,0.20195384879402226,0.15582640181039406,0.0,0.0,0.1229167153623643
addr_0003287,0.0,0.20195384879402226,0.15582640181039406,0.0,0.0,0.1229167153623643
addr_0003976,0.0,0.1330248661669933,0.20749727389314582,0.0,0.0,0.12290636940735633
addr_0002836,0.0,0.11695085150010107,0.052880159310318316,0.3333333333333333,0.0,0.12290398584082432
addr_0004916,3.0,0.13238023303395985,0.11264899266749667,0.0,0.38095238095238093,0.12286890507242472
addr_0004513,0.0,0.13288816429738537,0.20749727389314582,0.0,0.0,0.12286535884647394
addr_0004127,0.0,0.13288816429738537,0.20749727389314582,0.0,0.0,0.12286535884647394
addr_0001229,0.0,0.13288816429738537,0.20749727389314582,0.0,0.0,0.12286535884647394
addr_0003893,0.0,0.13219205543456294,0.20742164587892895,0.0,0.0,0.12262627498194045
addr_0002816,0.0,0.13219205543456294,0.20742164587892895,0.0,0.0,0.12262627498194045
addr_0001764,2.0,0.2758696793868865,0.0043069496268312284,0.0,0.38095238095238093,0.12257892176203654
addr_0001619,0.0,0.13163022548687114,0.20749727389314582,0.0,0.0,0.12248797720331966
addr_0004839,0.0,0.12071079147933687,0.21567544244867162,0.0,0.0,0.12248341442326971
addr_0000806,0.0,0.12071079147933687,0.21567544244867162,0.0,0.0,0.12248341442326971
addr_0004733,0.0,0.20048240869640455,0.15582640181039406,0.0,0.0,0.122475283333079
addr_0004943,0.0,0.116218865743881,0.21882300845664696,0.0,0.0,0.12239486310582309
addr_0002983,2.0,0.0035978859002421646,0.20801654707512385,0.0,0.38095238095238093,0.12238122269536028
addr_0004133,2.0,0.03588135326980862,0.18377441260161526,0.0,0.38095238095238093,0.12236940911682678
addr_0001701,0.0,0.13563168950534688,0.2034321854587515,0.0,0.0,0.12206238103510467
addr_0000381,0.0,0.13563168950534688,0.2034321854587515,0.0,0.0,0.12206238103510467
addr_0001383,0.0,0.19907279141419684,0.15582640181039406,0.0,0.0,0.12205239814841667
addr_0000044,0.0,0.19876457508571702,0.15582640181039406,0.0,0.0,0.12195993324987273
addr_0004118,2.0,0.12039776395376356,0.1192898673528917,0.0,0.38095238095238093,0.12193051422252385
addr_0000414,0.0,0.11466759731986778,0.21882300845664696,0.0,0.0,0.12192948257861913
addr_0000756,0.0,0.11466759731986778,0.21882300845664696,0.0,0.0,0.12192948257861913
addr_0004060,0.0,0.23531913365140683,0.12793336453658416,0.0,0.0,0.12176908591005572
addr_0001391,0.0,0.13375740364631902,0.2034321854587515,0.0,0.0,0.1215000952773963
addr_0004821,2.0,0.06821723592650762,0.1571233179505521,0.0,0.38095238095238093,0.12140973605341122
addr_0002294,0.0,0.13339598266562785,0.2034321854587515,0.0,0.0,0.12139166898318896
addr_0002703,2.0,0.0607048950442323,0.16263036612310125,0.0,0.38095238095238093,0.12135885305774828
addr_0001450,3.0,0.022802314945777356,0.19096644834348897,0.0,0.38095238095238093,0.12132251191636689
addr_0004284,2.0,0.23481340602538453,0.03174828391179281,0.0,0.38095238095238093,0.12123857346757058
addr_0001074,0.0,0.13286988255763751,0.2034321854587515,0.0,0.0,0.12123383895079184
addr_0001812,2.0,0.03201994265567081,0.18377441260161526,0.0,0.38095238095238093,0.12121098593258545
addr_0004324,2.0,0.21946789479918488,0.03116409646287501,0.0,0.42857142857142855,0.12116314988204833
addr_0001926,0.0,0.13243431270439254,0.2034321854587515,0.0,0.0,0.12110316799481836
addr_0003788,2.0,0.2258728702635615,0.02585145741704955,0.0,0.42857142857142855,0.12095958690303113
addr_0000748,3.0,0.20542311817586778,0.05231634037754025,0.0,0.38095238095238093,0.12064870969901453
addr_0000473,0.0,0.3625177140294781,0.029669102269156068,0.0,0.0,0.12062295511650585
addr_0001538,3.0,0.26091840210840583,0.010335803779619878,0.0,0.38095238095238093,0.12050508023960779
addr_0004708,3.0,0.24754649095996253,0.020177264406880595,0.0,0.38095238095238093,0.12043009114597909
addr_0004805,2.0,0.21390241380187433,0.0451522236853667,0.0,0.38095238095238093,0.12032685170994707
addr_0001577,0.0,0.36138501226015,0.029669102269156068,0.0,0.0,0.12028314458570744
addr_0001225,2.0,0.26631030226754904,0.0053400174862227555,0.0,0.38095238095238093,0.1201243357699919
addr_0004762,2.0,0.16767035242752498,0.07907952779548656,0.0,0.38095238095238093,0.12002815494169022
addr_0000552,3.0,0.043350285825309406,0.17206061597379815,0.0,0.38095238095238093,0.11992457023235019
addr_0004409,0.0,0.3600252886180014,0.029669102269156068,0.0,0.0,0.11987522749306286
addr_0002364,2.0,0.01854130368619382,0.18967390283233979,0.0,0.38095238095238093,0.11952719033403215
addr_0000680,0.0,0.22759594313669154,0.12793336453658416,0.0,0.0,0.11945212875564112
addr_0000843,0.0,0.3584764871042648,0.029669102269156068,0.0,0.0,0.11941058703894186
addr_0004236,3.0,0.0121574321408997,0.19415225515690032,0.0,0.38095238095238093,0.11940336980026814
addr_0000517,2.0,0.13499149362842125,0.10189147937730123,0.0,0.38095238095238093,0.11934927793468497
addr_0001151,2.0,0.19948440906032666,0.04145210792591556,0.0,0.42857142857142855,0.11928330874560708
addr_0002421,3.0,0.019933092285571833,0.1876405395174746,0.0,0.38095238095238093,0.11913138158789949
addr_0002374,0.0,0.2258122593817588,0.12793336453658416,0.0,0.0,0.11891702362916132
addr_0003809,0.0,0.2258122593817588,0.12793336453658416,0.0,0.0,0.11891702362916132
addr_0002325,2.0,0.19575499013296338,0.055181753723076606,0.0,0.38095238095238093,0.11889443662435775
addr_0000780,3.0,0.03729816413934757,0.17386449632527637,0.0,0.38095238095238093,0.11883048586715292
addr_0000071,0.0,0.22524789442098173,0.12793336453658416,0.0,0.0,0.11874771414092819
addr_0004501,0.0,0.35613644406432604,0.029669102269156068,0.0,0.0,0.11870857412696025
addr_0004910,2.0,0.038500882975788894,0.17253117085503844,0.0,0.38095238095238093,0.11865797132999015
addr_0003907,0.0,0.35545173781584194,0.029669102269156068,0.0,0.0,0.11850316225241501
addr_0002030,0.0,0.13346658533327518,0.1959897225175226,0.0,0.0,0.11843586460699161
addr_0002440,2.0,0.05904138846459275,0.15594356895690323,0.0,0.38095238095238093,0.11818508221737722
addr_0004538,2.0,0.021798917006626888,0.1838108057765356,0.0,0.38095238095238093,0.11815923550784041
addr_0001597,3.0,0.21910974847804557,0.03549785696888587,0.0,0.38095238095238093,0.11802730542620612
addr_0003825,0.0,0.13183368870059828,0.1959897225175226,0.0,0.0,0.11794599561718855
addr_0003891,2.0,0.06796913223247555,0.14847411027324522,0.0,0.38095238095238093,0.11787562187427886
addr_0002344,0.0,0.1314630222486534,0.1959897225175226,0.0,0.0,0.11783479568160507
addr_0002606,2.0,0.06970011955902049,0.14685014070948257,0.0,0.38095238095238093,0.11774533024673728
addr_0001400,2.0,0.19560324183666486,0.05231634037754025,0.0,0.38095238095238093,0.11770274679725365
addr_0002401,0.0,0.12230492268326858,0.20233217798503403,0.0,0.0,0.11762434799899418
addr_0000277,0.0,0.10653648516145607,0.21369266391680158,0.0,0.0,0.11743801111515745
addr_0001191,2.0,0.03584735218436921,0.17111993946727508,0.0,0.38095238095238093,0.1172974195374589
addr_0002725,0.0,0.14078788682842358,0.18759333410782053,0.0,0.0,0.1172736996916553
addr_0004098,3.0,0.05559044383605223,0.15603378761464232,0.0,0.38095238095238093,0.1171858862919107
addr_0003987,0.0,0.12914973843337246,0.1959897225175226,0.0,0.0,0.1171408105370208
addr_0004689,0.0,0.12914973843337246,0.1959897225175226,0.0,0.0,0.1171408105370208
addr_0001146,0.0,0.12013619392535992,0.20233217798503403,0.0,0.0,0.1169737293716216
addr_0004652,0.0,0.12013619392535992,0.20233217798503403,0.0,0.0,0.1169737293716216
addr_0003998,0.0,0.12013619392535992,0.20233217798503403,0.0,0.0,0.1169737293716216
addr_0002713,0.0,0.12013619392535992,0.20233217798503403,0.0,0.0,0.1169737293716216
addr_0000922,0.0,0.12013619392535992,0.20233217798503403,0.0,0.0,0.1169737293716216
addr_0003035,0.0,0.12013619392535992,0.20233217798503403,0.0,0.0,0.1169737293716216
addr_0004439,0.0,0.1201324183234006,0.20233217798503403,0.0,0.0,0.1169725966910338
addr_0001422,0.0,0.1396354478084467,0.18759333410782053,0.0,0.0,0.11692796798566221
addr_0000675,0.0,0.1396354478084467,0.18759333410782053,0.0,0.0,0.11692796798566221
addr_0000840,3.0,0.0058617621175262044,0.19251157772140468,0.0,0.38095238095238093,0.11685839781905782
addr_0003651,2.0,0.21110319840725433,0.037679625797668675,0.0,0.38095238095238093,0.11649804793648186
addr_0002865,2.0,0.08221309752819281,0.13417133079289292,0.0,0.38095238095238093,0.11642769967085312
addr_0002060,3.0,0.11497335405486124,0.10959336362787975,0.0,0.38095238095238093,0.11642458976284836
addr_0002814,3.0,0.039631817632305534,0.16603153753045125,0.0,0.38095238095238093,0.11639739839711026
addr_0000678,2.0,0.03441234815049046,0.16963667123198825,0.0,0.38095238095238093,0.11627361103318054
addr_0000863,2.0,0.10125644973146425,0.10707810252326139,0.0,0.42857142857142855,0.11606531878588669
addr_0000770,2.0,0.06792426077827775,0.14395028545792535,0.0,0.38095238095238093,0.11605263051189156
addr_0001475,0.0,0.1404382926771102,0.18431047580694365,0.0,0.0,0.11585567812591052
addr_0001777,0.0,0.12456133573732425,0.1959897225175226,0.0,0.0,0.11576428972820632
addr_0000796,0.0,0.12456133573732425,0.1959897225175226,0.0,0.0,0.11576428972820632
addr_0000397,0.0,0.12412857613324706,0.1959897225175226,0.0,0.0,0.11563446184698317
addr_0000336,0.0,0.12412857613324706,0.1959897225175226,0.0,0.0,0.11563446184698317
addr_0002229,0.0,0.12412857613324706,0.1959897225175226,0.0,0.0,0.11563446184698317
addr_0004470,2.0,0.03360200374804491,0.16807392044950933,0.0,0.38095238095238093,0.1154054073994553
addr_0002354,0.0,0.1341386373418262,0.18759333410782053,0.0,0.0,0.11527892484567608
addr_0002357,0.0,0.1341386373418262,0.18759333410782053,0.0,0.0,0.11527892484567608
addr_0002915,0.0,0.1341386373418262,0.18759333410782053,0.0,0.0,0.11527892484567608
addr_0002283,0.0,0.1341386373418262,0.18759333410782053,0.0,0.0,0.11527892484567608
addr_0004886,0.0,0.17040960848932157,0.1603662213606933,0.0,0.0,0.1152693710910738
addr_0002303,0.0,0.17040960848932157,0.1603662213606933,0.0,0.0,0.1152693710910738
addr_0003034,3.0,0.17126610258537597,0.06431223712272506,0.0,0.38095238095238093,0.11519996371994091
addr_0001246,2.0,0.07794085470000686,0.13417133079289292,0.0,0.38095238095238093,0.11514602682239733
addr_0000145,0.0,0.1221674773638884,0.1959897225175226,0.0,0.0,0.11504613221617557
addr_0001751,0.0,0.11836687320844312,0.19871502488712853,0.0,0.0,0.11499607191738435
addr_0001829,2.0,0.008820118592832632,0.1855989430554693,0.0,0.38095238095238093,0.11498085089527561
addr_0000200,0.0,0.13312428663170423,0.18759333410782053,0.0,0.0,0.11497461963263948
addr_0003270,0.0,0.13312428663170423,0.18759333410782053,0.0,0.0,0.11497461963263948
addr_0003937,3.0,0.22628222253146704,0.02215937090605444,0.0,0.38095238095238093,0.11484365321709998
addr_0004153,0.0,0.11215385717244063,0.03618522575535895,0.3333333333333333,0.0,0.11478691412054243
addr_0004002,2.0,0.2549724334923613,0.0004062284926225257,0.0,0.38095238095238093,0.11474945953999549
addr_0003761,2.0,0.2217334620840689,0.0249424559583046,0.0,0.38095238095238093,0.11459225910378061
addr_0004912,0.0,0.13172110667623077,0.18759333410782053,0.0,0.0,0.11455366564599745
addr_0002006,2.0,0.055412534686985544,0.14918112726922084,0.0,0.38095238095238093,0.1143914494090221
addr_0001357,2.0,0.03512372938829425,0.16401957047210147,0.0,0.38095238095238093,0.11424018510056697
addr_0004130,2.0,0.056693965966038415,0.147742520881345,0.0,0.38095238095238093,0.11420043623758763
addr_0001329,0.0,0.11890070754617338,0.1959897225175226,0.0,0.0,0.11406610127086106
addr_0002254,3.0,0.21744617560246324,0.02666487327191731,0.0,0.38095238095238093,0.113995040084744
addr_0002613,0.0,0.11857406560350088,0.1959897225175226,0.0,0.0,0.11396810868805932
addr_0000101,0.0,0.11857406560350088,0.1959897225175226,0.0,0.0,0.11396810868805932
addr_0001440,0.0,0.11848472258454197,0.1959897225175226,0.0,0.0,0.11394130578237165
addr_0004266,0.0,0.11848472258454197,0.1959897225175226,0.0,0.0,0.11394130578237165
addr_0003071,0.0,0.11848472258454197,0.1959897225175226,0.0,0.0,0.11394130578237165
addr_0003420,0.0,0.11848472258454197,0.1959897225175226,0.0,0.0,0.11394130578237165
addr_0002675,0.0,0.12288064315534905,0.19219393222471587,0.0,0.0,0.11374176583649107
addr_0002221,0.0,0.11753163387367878,0.1959897225175226,0.0,0.0,0.1136553791691127
addr_0000767,0.0,0.13381320617583906,0.18356431923881084,0.0,0.0,0.11356968954827606
addr_0000470,0.0,0.12154285816892701,0.19219393222471587,0.0,0.0,0.11334043034056446
addr_0002772,0.0,0.12154285816892701,0.19219393222471587,0.0,0.0,0.11334043034056446
addr_0004190,0.0,0.12154285816892701,0.19219393222471587,0.0,0.0,0.11334043034056446
addr_0003442,0.0,0.12154285816892701,0.19219393222471587,0.0,0.0,0.11334043034056446
addr_0000483,0.0,0.11642761826209407,0.1959897225175226,0.0,0.0,0.11332417448563728
addr_0002927,0.0,0.1212167942609187,0.19219393222471587,0.0,0.0,0.11324261116816196
addr_0004635,0.0,0.11599760977361599,0.1959897225175226,0.0,0.0,0.11319517193909386
addr_0004450,0.0,0.12103075856642556,0.19219393222471587,0.0,0.0,0.11318680045981402
addr_0003982,0.0,0.12273982622060234,0.19048030919499043,0.0,0.0,0.11301407154417686
addr_0002441,0.0,0.12273982622060234,0.19048030919499043,0.0,0.0,0.11301407154417686
addr_0001733,2.0,0.23807208020754864,0.008706858448551381,0.0,0.38095238095238093,0.11299960553692323
addr_0001567,0.0,0.13163523541425523,0.18356431923881084,0.0,0.0,0.1129162983198009
addr_0001049,0.0,0.13163523541425523,0.18356431923881084,0.0,0.0,0.1129162983198009
addr_0001115,2.0,0.15360270572397186,0.07173501813479456,0.0,0.38095238095238093,0.11287005706634748
addr_0002389,0.0,0.12221807775834928,0.19048030919499043,0.0,0.0,0.11285754700550096
addr_0004179,0.0,0.12221807775834928,0.19048030919499043,0.0,0.0,0.11285754700550096
addr_0003687,2.0,0.018950956564694265,0.1726652505399231,0.0,0.38095238095238093,0.11284662528061562
addr_0004037,2.0,0.03296885821907093,0.1621098491050579,0.0,0.38095238095238093,0.11282983520298254
addr_0001458,0.0,0.11127609289144383,0.19849761636835037,0.0,0.0,0.1127818744147733
addr_0001778,0.0,0.11127609289144383,0.19849761636835037,0.0,0.0,0.1127818744147733
addr_0001598,0.0,0.13107153516764924,0.18356431923881084,0.0,0.0,0.11274718824581911
addr_0002382,0.0,0.13107153516764924,0.18356431923881084,0.0,0.0,0.11274718824581911
addr_0004716,0.0,0.13107153516764924,0.18356431923881084,0.0,0.0,0.11274718824581911
addr_0000590,0.0,0.11953988153756784,0.19219393222471587,0.0,0.0,0.1127395373511567
addr_0001149,0.0,0.11953988153756784,0.19219393222471587,0.0,0.0,0.1127395373511567
addr_0001008,0.0,0.1424053800972939,0.17490073862557962,0.0,0.0,0.11268190947942
addr_0004300,0.0,0.1192951717730848,0.19219393222471587,0.0,0.0,0.11266612442181179
addr_0003680,2.0,0.13328070596525146,0.0864206558134757,0.0,0.38095238095238093,0.11264771221020381
addr_0001841,3.0,0.04538050595545678,0.1522918397125507,0.0,0.38095238095238093,0.11262612576689542
addr_0000881,3.0,0.004048994446877652,0.1832750940077382,0.0,0.38095238095238093,0.11261997403239667
addr_0004257,3.0,0.19961793427770505,0.036590745681805426,0.0,0.38095238095238093,0.11261691665127178
addr_0001283,2.0,0.11211935982078773,0.10215218779102436,0.0,0.38095238095238093,0.11259192115788416
addr_0001500,0.0,0.1409619616640009,0.17490073862557962,0.0,0.0,0.11224888394943211
addr_0004671,0.0,0.12918135241170534,0.18356431923881084,0.0,0.0,0.11218013341903593
addr_0001390,0.0,0.14058203718934129,0.17490073862557962,0.0,0.0,0.11213490660703423
addr_0001810,0.0,0.1175198016668931,0.19219393222471587,0.0,0.0,0.11213351338995428
addr_0004548,0.0,0.1405236547787499,0.17490073862557962,0.0,0.0,0.1121173918838568
addr_0003153,0.0,0.12867252368556795,0.18356431923881084,0.0,0.0,0.11202748480119473
addr_0002370,0.0,0.12867252368556795,0.18356431923881084,0.0,0.0,0.11202748480119473
addr_0000524,0.0,0.12867252368556795,0.18356431923881084,0.0,0.0,0.11202748480119473
addr_0001874,0.0,0.11697213355953871,0.19219393222471587,0.0,0.0,0.11196921295774796
addr_0000248,2.0,0.08589030529774049,0.12013720296401063,0.0,0.38095238095238093,0.1119172108701645
addr_0003094,3.0,0.19925023956211524,0.035086955610267354,0.0,0.38095238095238093,0.1119050922079796
addr_0001141,0.0,0.1078992881737397,0.19849761636835037,0.0,0.0,0.11176883299946205
addr_0002858,0.0,0.13923710031984937,0.17490073862557962,0.0,0.0,0.11173142554618665
addr_0002215,0.0,0.13923710031984937,0.17490073862557962,0.0,0.0,0.11173142554618665
addr_0003979,0.0,0.13923710031984937,0.17490073862557962,0.0,0.0,0.11173142554618665
addr_0001472,0.0,0.13923710031984937,0.17490073862557962,0.0,0.0,0.11173142554618665
addr_0000861,2.0,0.07376003300267339,0.11683590460726838,0.0,0.42857142857142855,0.11171951460085223
addr_0000040,2.0,0.22113926742103468,0.018071664751813894,0.0,0.38095238095238093,0.11166568422227406
addr_0002886,0.0,0.1389401223136958,0.17490073862557962,0.0,0.0,0.11164233214434058
addr_0000383,0.0,0.1389401223136958,0.17490073862557962,0.0,0.0,0.11164233214434058
addr_0001419,0.0,0.13884206757033113,0.17490073862557962,0.0,0.0,0.11161291572133118
addr_0003894,0.0,0.10710851559345004,0.19849761636835037,0.0,0.0,0.11153160122537516
addr_0003252,3.0,0.058669658913472957,0.1394068901137171,0.0,0.38095238095238093,0.11145889181476683
addr_0003580,2.0,0.04764157652596738,0.14759848708724005,0.0,0.38095238095238093,0.11142710588792433
addr_0002645,0.0,0.10664187325930403,0.19849761636835037,0.0,0.0,0.11139160852513136
addr_0001098,0.0,0.1380319184243419,0.17490073862557962,0.0,0.0,0.11136987097753441
addr_0001669,0.0,0.1380319184243419,0.17490073862557962,0.0,0.0,0.11136987097753441
addr_0004582,0.0,0.1380319184243419,0.17490073862557962,0.0,0.0,0.11136987097753441
addr_0004260,2.0,0.19160960514464456,0.03905908548765241,0.0,0.38095238095238093,0.11120175383369243
addr_0001806,0.0,0.13735958836873471,0.17490073862557962,0.0,0.0,0.11116817196085226
addr_0000128,3.0,0.24108203277373527,0.0018659094852143277,0.0,0.38095238095238093,0.1111662117214444
addr_0000799,0.0,0.3457865323053585,0.018437516465002197,0.0,0.0,0.11111096627760843
addr_0003991,2.0,0.00966124766103068,0.1752039030987622,0.0,0.38095238095238093,0.11107517363305218
addr_0004285,3.0,0.2160060158202153,0.008507750397952563,0.0,0.42857142857142855,0.11106204776238847
addr_0003842,2.0,0.20990948187507583,0.02487060059703556,0.0,0.38095238095238093,0.11101632289657508
addr_0000185,2.0,0.025939664615074763,0.16268758896584973,0.0,0.38095238095238093,0.11095217306610042
addr_0004405,2.0,0.2392528085618159,0.001834627971476668,0.0,0.38095238095238093,0.11060493185237354
addr_0000438,1.0,0.039239307824779725,0.151614094652596,0.0,0.38095238095238093,0.11051266830371043
addr_0004155,0.0,0.3437761101387597,0.018437516465002197,0.0,0.0,0.11050783962762878
addr_0003012,2.0,0.15273747333626017,0.06615159173954935,0.0,0.38095238095238093,0.11037711679193589
addr_0004346,0.0,0.3432692042187745,0.018437516465002197,0.0,0.0,0.11035576785163322
addr_0000370,2.0,0.09887285757087466,0.10601186098607489,0.0,0.38095238095238093,0.11016183976093046
addr_0002925,0.0,0.34246861560776753,0.018437516465002197,0.0,0.0,0.11011559126833113
addr_0002365,3.0,0.15173395140082493,0.06545995405125829,0.0,0.38095238095238093,0.1097994051359889
addr_0004024,2.0,0.0470804862260806,0.14380636226755772,0.0,0.38095238095238093,0.10974192887008537
addr_0004388,2.0,0.14914702702198704,0.06709563429144479,0.0,0.38095238095238093,0.10967759991841212
addr_0003981,2.0,0.08956921481167424,0.11177675621462187,0.0,0.38095238095238093,0.10967670502458912
addr_0000629,0.0,0.3405247260698565,0.018437516465002197,0.0,0.0,0.10953242440695783
addr_0003075,2.0,0.17238481285239396,0.037359070432697324,0.0,0.42857142857142855,0.10951621488593997
addr_0001203,3.0,0.15757199717780976,0.06033571931937817,0.0,0.38095238095238093,0.1095011249763323
addr_0000409,3.0,0.12624958808840073,0.08340497387969598,0.0,0.38095238095238093,0.10933210407363671
addr_0004457,0.0,0.3397785377565995,0.018437516465002197,0.0,0.0,0.10930856791298073
addr_0002873,3.0,0.01890002224295361,0.16376615327242133,0.0,0.38095238095238093,0.10927170607709272
addr_0004018,0.0,0.13500464967678882,0.17191178995233222,0.0,0.0,0.10926611088396954
addr_0001889,0.0,0.3393307625023509,0.018437516465002197,0.0,0.0,0.10917423533670614
addr_0003805,0.0,0.13372175336967596,0.17191178995233222,0.0,0.0,0.10888124199183569
addr_0002744,0.0,0.13367858887276407,0.17191178995233222,0.0,0.0,0.10886829264276211
addr_0003152,0.0,0.1334081831806756,0.17191178995233222,0.0,0.0,0.10878717093513557
addr_0003707,0.0,0.1334081831806756,0.17191178995233222,0.0,0.0,0.10878717093513557
addr_0001221,0.0,0.1334081831806756,0.17191178995233222,0.0,0.0,0.10878717093513557
addr_0003695,0.0,0.11722425821898662,0.184002577853119,0.0,0.0,0.10876830860694359
addr_0003343,0.0,0.11722425821898662,0.184002577853119,0.0,0.0,0.10876830860694359
addr_0004351,0.0,0.13316779151557218,0.17191178995233222,0.0,0.0,0.10871505343560454
addr_0004326,3.0,0.12474508456220318,0.08282950605141844,0.0,0.38095238095238093,0.10865056588446642
addr_0003607,0.0,0.13283882930915086,0.17191178995233222,0.0,0.0,0.10861636477367814
addr_0001053,0.0,0.13283882930915086,0.17191178995233222,0.0,0.0,0.10861636477367814
addr_0000490,0.0,0.1328070495170873,0.17191178995233222,0.0,0.0,0.10860683083605908
addr_0003968,0.0,0.1328070495170873,0.17191178995233222,0.0,0.0,0.10860683083605908
addr_0003195,0.0,0.1328070495170873,0.17191178995233222,0.0,0.0,0.10860683083605908
addr_0004902,0.0,0.1328070495170873,0.17191178995233222,0.0,0.0,0.10860683083605908
addr_0001064,2.0,0.03989607465243916,0.14615349074887288,0.0,0.38095238095238093,0.108525456790519
addr_0002932,2.0,0.07670430092077653,0.11819209573510225,0.0,0.38095238095238093,0.10838336666551196
addr_0001978,0.0,0.10822680464464597,0.18949473894020286,0.0,0.0,0.10826593696947494
addr_0004421,0.0,0.10822680464464597,0.18949473894020286,0.0,0.0,0.10826593696947494
addr_0002854,0.0,0.10822680464464597,0.18949473894020286,0.0,0.0,0.10826593696947494
addr_0000658,0.0,0.10822680464464597,0.18949473894020286,0.0,0.0,0.10826593696947494
addr_0000156,2.0,0.02436776274705468,0.15714121087737903,0.0,0.38095238095238093,0.10826205127030612
addr_0004835,2.0,0.0412262971269468,0.1444407399818643,0.0,0.38095238095238093,0.10823942322606786
addr_0003372,2.0,0.07199476724589884,0.12127798803501513,0.0,0.38095238095238093,0.10820486348301381
addr_0001798,2.0,0.10647506218539192,0.09539392310380704,0.0,0.38095238095238093,0.1081953259923785
addr_0001156,2.0,0.13604388993286268,0.061284747361776366,0.0,0.42857142857142855,0.10818420878171221
addr_0002616,2.0,0.029768662109248143,0.15289065692674556,0.0,0.38095238095238093,0.10818209949871077
addr_0002216,0.0,0.1150194518001917,0.184002577853119,0.0,0.0,0.1081068666813051
addr_0002647,0.0,0.11473164741196726,0.184002577853119,0.0,0.0,0.10802052536483778
addr_0001199,0.0,0.33544582393712014,0.018437516465002197,0.0,0.0,0.10800875376713691
addr_0000011,0.0,0.11423941211389405,0.184002577853119,0.0,0.0,0.1078728547754158
addr_0001734,0.0,0.1141503732010224,0.184002577853119,0.0,0.0,0.10784614310155431
addr_0003631,2.0,0.1623728160386839,0.05255657586217889,0.0,0.38095238095238093,0.10782971325171482
addr_0003336,0.0,0.10664187325930403,0.1893282968819576,0.0,0.0,0.10772388073057426
addr_0000358,0.0,0.10664187325930403,0.1893282968819576,0.0,0.0,0.10772388073057426
addr_0000790,0.0,0.1134336248107378,0.184002577853119,0.0,0.0,0.10763111858446893
addr_0002446,0.0,0.1134336248107378,0.184002577853119,0.0,0.0,0.10763111858446893
addr_0000186,0.0,0.1134336248107378,0.184002577853119,0.0,0.0,0.10763111858446893
addr_0001111,2.0,0.2251801427144911,0.004853109244550626,0.0,0.38095238095238093,0.10759052460740569
addr_0004842,2.0,0.1955356564467244,0.027069072656141512,0.0,0.38095238095238093,0.10758356409171202
addr_0000829,1.0,0.18621809200699432,0.03351995633225101,0.0,0.38095238095238093,0.1073686482302368
addr_0001555,2.0,0.07281934769702961,0.11847394349887257,0.0,0.38095238095238093,0.10733061980389601
addr_0004651,2.0,0.2254754658353596,0.003725004772609934,0.0,0.38095238095238093,0.10722787975488994
addr_0004083,2.0,0.1499605226269867,0.059510695681537634,0.0,0.38095238095238093,0.10688767315594916
addr_0001172,2.0,0.09792502529822172,0.09852401449820349,0.0,0.38095238095238093,0.106882351483986
addr_0003373,2.0,0.05676908800576576,0.12937246629191207,0.0,0.38095238095238093,0.10687495101373265
addr_0002682,1.0,0.22630575779012319,0.0016457904104906966,0.0,0.38095238095238093,0.10664528159647133
addr_0000667,3.0,0.15182632632887397,0.057397099034421396,0.0,0.38095238095238093,0.10660197560766885
addr_0001512,2.0,0.049902940621878826,0.13345117268249151,0.0,0.38095238095238093,0.10644658935479835
addr_0001402,2.0,0.16126268621683762,0.0499021848415521,0.0,0.38095238095238093,0.10643491789691023
addr_0000048,2.0,0.142683046277123,0.05142500367409406,0.0,0.42857142857142855,0.10623205820991738
addr_0002586,0.0,0.32950835335905243,0.018437516465002197,0.0,0.0,0.1062275125937166
addr_0000067,0.0,0.3291649721281757,0.018437516465002197,0.0,0.0,0.10612449822445358
addr_0004833,0.0,0.3291649721281757,0.018437516465002197,0.0,0.0,0.10612449822445358
addr_0003491,0.0,0.11746672242851539,0.17710442295478357,0.0,0.0,0.10608178591046805
addr_0002137,0.0,0.32901624680123226,0.018437516465002197,0.0,0.0,0.10607988062637055
addr_0003730,0.0,0.32900627330723403,0.018437516465002197,0.0,0.0,0.10607688857817109
addr_0004924,0.0,0.10743373124467578,0.18450779420675137,0.0,0.0,0.10603323705610329
addr_0003066,0.0,0.11711310499124618,0.17710442295478357,0.0,0.0,0.10597570067928727
addr_0001582,0.0,0.10708321213254388,0.18450779420675137,0.0,0.0,0.1059280813224637
addr_0002630,2.0,0.05692050874615584,0.12669712821142945,0.0,0.38095238095238093,0.10585024200365663
addr_0001322,3.0,0.042699275635539366,0.13732445302590332,0.0,0.38095238095238093,0.10583480199626123
addr_0001853,0.0,0.10672177973083921,0.18450779420675137,0.0,0.0,0.10581965160195231
addr_0001186,0.0,0.10672177973083921,0.18450779420675137,0.0,0.0,0.10581965160195231
addr_0002944,0.0,0.10664336754377106,0.18450779420675137,0.0,0.0,0.10579612794583187
addr_0001411,0.0,0.10664336754377106,0.18450779420675137,0.0,0.0,0.10579612794583187
addr_0004067,0.0,0.10664336754377106,0.18450779420675137,0.0,0.0,0.10579612794583187
addr_0000479,0.0,0.10664336754377106,0.18450779420675137,0.0,0.0,0.10579612794583187
addr_0003179,0.0,0.10640739673206549,0.18450779420675137,0.0,0.0,0.1057253367023202
addr_0000443,0.0,0.10629505410580806,0.18450779420675137,0.0,0.0,0.10569163391444297
addr_0001976,0.0,0.10615326514414239,0.18450779420675137,0.0,0.0,0.10564909722594326
addr_0000223,0.0,0.11573598362318638,0.17710442295478357,0.0,0.0,0.10556256426886934
addr_0000798,0.0,0.11573598362318638,0.17710442295478357,0.0,0.0,0.10556256426886934
addr_0002618,0.0,0.11561591087942517,0.17710442295478357,0.0,0.0,0.10552654244574097
addr_0002371,0.0,0.11561591087942517,0.17710442295478357,0.0,0.0,0.10552654244574097
addr_0003370,0.0,0.11561591087942517,0.17710442295478357,0.0,0.0,0.10552654244574097
addr_0001063,2.0,0.07760360043599555,0.09837596730714562,0.0,0.42857142857142855,0.10548860991079977
addr_0003574,0.0,0.10550274263092359,0.18450779420675137,0.0,0.0,0.10545394047197762
addr_0000405,0.0,0.10521372877439737,0.18450779420675137,0.0,0.0,0.10536723631501976
addr_0004071,0.0,0.10521372877439737,0.18450779420675137,0.0,0.0,0.10536723631501976
addr_0001396,2.0,0.11151222157221048,0.08372710995749923,0.0,0.38095238095238093,0.10503974854990095
addr_0002899,0.0,0.10382329864866115,0.18450779420675137,0.0,0.0,0.10495010727729889
addr_0003935,2.0,0.029673448475318574,0.14447570917946845,0.0,0.38095238095238093,0.10478755630962105
addr_0004046,3.0,0.10364398575053026,0.0889557302869413,0.0,0.38095238095238093,0.1047707259351737
addr_0000847,2.0,0.1709156412242521,0.03827848334497423,0.0,0.38095238095238093,0.10468132380050342
addr_0002979,2.0,0.1330637935040687,0.06642989052402795,0.0,0.38095238095238093,0.10458633235606989
addr_0004077,0.0,0.3251719467182672,0.01730745967748556,0.0,0.0,0.10447456788647438
addr_0003746,2.0,0.0765456274230998,0.09568363650811994,0.0,0.42857142857142855,0.10409428568732078
addr_0001305,0.0,0.1425065247843072,0.15256085721845236,0.0,0.0,0.1037763003226731
addr_0003882,0.0,0.1425065247843072,0.15256085721845236,0.0,0.0,0.1037763003226731
addr_0004461,2.0,0.03966078216027069,0.13431481365154424,0.0,0.38095238095238093,0.103719398203937
addr_0000177,2.0,0.21167063411148218,0.005272090695204304,0.0,0.38095238095238093,0.10370526460676448
addr_0002065,2.0,0.09089111481423373,0.09574837614211933,0.0,0.38095238095238093,0.10366192299635596
addr_0004220,0.0,0.14131911438734598,0.15256085721845236,0.0,0.0,0.10342007720358475
addr_0002532,0.0,0.14131911438734598,0.15256085721845236,0.0,0.0,0.10342007720358475
addr_0000691,0.0,0.1406240024701286,0.15256085721845236,0.0,0.0,0.10321154362841953
addr_0002564,0.0,0.1406240024701286,0.15256085721845236,0.0,0.0,0.10321154362841953
addr_0000390,0.0,0.14050329926439756,0.15256085721845236,0.0,0.0,0.10317533266670022
addr_0003193,2.0,0.210282962090622,0.004985531911535723,0.0,0.38095238095238093,0.10317433948703898
addr_0004056,3.0,0.19187119207054346,0.018747685464211537,0.0,0.38095238095238093,0.10315566990208574
addr_0003584,0.0,0.3204026924375106,0.01730745967748556,0.0,0.0,0.1030437916022474
addr_0004816,2.0,0.03320616970613213,0.13727002094247145,0.0,0.38095238095238093,0.10296509738406633
addr_0001932,3.0,0.13835583021410613,0.04645541580309795,0.0,0.42857142857142855,0.10294605824261388
addr_0003135,2.0,0.1376400976125359,0.05848825804089905,0.0,0.38095238095238093,0.10278257059535849
addr_0001896,2.0,0.11751375493830991,0.07323555543655985,0.0,0.38095238095238093,0.10264358675135501
addr_0001738,0.0,0.13846428683534057,0.15256085721845236,0.0,0.0,0.10256362893798313
addr_0004289,0.0,0.13762986556709345,0.15256085721845236,0.0,0.0,0.10231330255750898
addr_0000030,0.0,0.13762986556709345,0.15256085721845236,0.0,0.0,0.10231330255750898
addr_0001503,2.0,0.1029850590738704,0.0830280645374943,0.0,0.38095238095238093,0.10220198163239694
addr_0002920,0.0,0.3174711746926098,0.01730745967748556,0.0,0.0,0.10216433627877718
addr_0000157,2.0,0.0140474407719317,0.14957820024947793,0.0,0.38095238095238093,0.10214075042660878
addr_0000989,2.0,0.1925935815672574,0.01545833505921795,0.0,0.38095238095238093,0.10205664658910249
addr_0002489,2.0,0.13545991591134904,0.058062053027984284,0.0,0.38095238095238093,0.10195803407983653
addr_0001742,3.0,0.08778561867249174,0.09377476767348053,0.0,0.38095238095238093,0.10194083076637783
addr_0002126,2.0,0.11564882532720455,0.07276791354636206,0.0,0.38095238095238093,0.10189705111194429
addr_0003950,3.0,0.14199158484751384,0.05293323852957489,0.0,0.38095238095238093,0.10186600896132221
addr_0003879,2.0,0.14083354803658008,0.05325799202677621,0.0,0.38095238095238093,0.1016484993169226
addr_0004742,2.0,0.1269279179776976,0.06321337107826949,0.0,0.38095238095238093,0.10145896191985518
addr_0001756,2.0,0.19973527075609737,0.007629711456728167,0.0,0.38095238095238093,0.10106770390475857
addr_0000010,2.0,0.18159922204558487,0.02109117949842294,0.0,0.38095238095238093,0.10101147650828274
addr_0004979,2.0,0.03735660064441559,0.12916145682188104,0.0,0.38095238095238093,0.1009668010173152
addr_0001857,2.0,0.1963668699341744,0.009448578224951406,0.0,0.38095238095238093,0.10078473036547098
addr_0002695,1.0,0.013841903766354335,0.14603937043368836,0.0,0.38095238095238093,0.10066355739861975
addr_0001919,0.0,0.3119858773413159,0.01730745967748556,0.0,0.0,0.100518747073389
addr_0000112,2.0,0.17890345434685254,0.021427262363417278,0.0,0.38095238095238093,0.10033717934466077
addr_0002612,0.0,0.31106730443796105,0.01730745967748556,0.0,0.0,0.10024317520238255
addr_0002524,3.0,0.09517792990769933,0.08386609215822209,0.0,0.38095238095238093,0.10019505393083673
addr_0001730,2.0,0.16258418368655334,0.033085713793884884,0.0,0.38095238095238093,0.10010477871875806
addr_0001398,0.0,0.22253450524881319,0.08274288411454107,0.0,0.0,0.09985750522046039
addr_0003594,2.0,0.16310619124838674,0.0317577975163566,0.0,0.38095238095238093,0.09973021447629676
addr_0002958,2.0,0.016848836801467627,0.14113932065171753,0.0,0.38095238095238093,0.09960561739636539
addr_0004668,0.0,0.22121270641971227,0.08274288411454107,0.0,0.0,0.0994609655717301
addr_0001923,0.0,0.30819174249791875,0.017472842273891447,0.0,0.0,0.0994466596589322
addr_0003880,2.0,0.03268958147008297,0.12827852577786317,0.0,0.38095238095238093,0.09921352284740825
addr_0003983,3.0,0.13561238299683687,0.050855428619489086,0.0,0.38095238095238093,0.09912112444208479
addr_0003227,3.0,0.09388726875708964,0.07018821445412364,0.0,0.42857142857142855,0.09909860926591921
addr_0000754,2.0,0.1902882138794418,0.009674296150110213,0.0,0.38095238095238093,0.09905142071911473
addr_0004795,2.0,0.17263242655586994,0.02283399356732085,0.0,0.38095238095238093,0.09901856348892742
addr_0002245,0.0,0.3067076345662391,0.017472842273891447,0.0,0.0,0.0990014272794283
addr_0003516,2.0,0.03888848031715042,0.12282324003897648,0.0,0.38095238095238093,0.09889107820597381
addr_0001325,0.0,0.30646407454730534,0.017152577059240875,0.0,0.0,0.09880025318788795
addr_0000996,3.0,0.010527234934806548,0.14384341958452582,0.0,0.38095238095238093,0.0987907764094904
addr_0002255,0.0,0.1082817017164402,0.1648447992945279,0.0,0.0,0.09842243023274322
addr_0000274,0.0,0.10804626335938873,0.1648447992945279,0.0,0.0,0.09835179872562777
addr_0002384,2.0,0.014987727531098186,0.13903905211261489,0.0,0.38095238095238093,0.0982071771996135
addr_0000526,2.0,0.14446849399886164,0.04165348281129113,0.0,0.38095238095238093,0.09809717941941304
addr_0004517,0.0,0.22192136115493846,0.0785617183433822,0.0,0.0,0.09800109568383442
addr_0004516,0.0,0.10549368305607117,0.1648447992945279,0.0,0.0,0.0975860246346325
addr_0001786,0.0,0.3019334569193006,0.017152577059240875,0.0,0.0,0.09744106789948653
addr_0004834,2.0,0.09276360148418687,0.07849997702678593,0.0,0.38095238095238093,0.09732430935120853
addr_0003656,0.0,0.17087579551075457,0.11512366733688048,0.0,0.0,0.09731220558797857
addr_0000730,0.0,0.17087579551075457,0.11512366733688048,0.0,0.0,0.09731220558797857
addr_0003272,0.0,0.11118612203615073,0.1595611595665479,0.0,0.0,0.09718030043746438
addr_0002636,0.0,0.11112226445418848,0.1595611595665479,0.0,0.0,0.0971611431628757
addr_0003647,0.0,0.11052803697841379,0.15981098067158214,0.0,0.0,0.097082803362157
addr_0002943,0.0,0.21859952633335247,0.0785617183433822,0.0,0.0,0.09700454523735863
addr_0001097,0.0,0.11056783663198994,0.1595611595665479,0.0,0.0,0.09699481481621613
addr_0000898,0.0,0.11052803697841379,0.1595611595665479,0.0,0.0,0.09698287492014329
addr_0001296,0.0,0.11052803697841379,0.1595611595665479,0.0,0.0,0.09698287492014329
addr_0000557,3.0,0.015364843090774256,0.13566407357321136,0.0,0.38095238095238093,0.09697032045175492
addr_0000408,2.0,0.010683486181671387,0.13903905211261489,0.0,0.38095238095238093,0.09691590479478547
addr_0000036,0.0,0.3001529167965416,0.017152577059240875,0.0,0.0,0.09690690586265883
addr_0001187,0.0,0.10963375567321006,0.15981098067158214,0.0,0.0,0.09681451897059587
addr_0004327,0.0,0.10963375567321006,0.15981098067158214,0.0,0.0,0.09681451897059587
addr_0004840,0.0,0.10963375567321006,0.15981098067158214,0.0,0.0,0.09681451897059587
addr_0000206,0.0,0.10963375567321006,0.15981098067158214,0.0,0.0,0.09681451897059587
addr_0003466,3.0,0.16131616357851636,0.025669519422389046,0.0,0.38095238095238093,0.09675789493774863
addr_0001906,0.0,0.2994566779471802,0.017152577059240875,0.0,0.0,0.09669803420785042
addr_0000805,0.0,0.2994566779471802,0.017152577059240875,0.0,0.0,0.09669803420785042
addr_0000960,0.0,0.29934609572370957,0.017152577059240875,0.0,0.0,0.09666485954080922
addr_0001432,2.0,0.16333469918059093,0.023686220195938856,0.0,0.38095238095238093,0.09657013592779093
addr_0003209,2.0,0.18573534706206704,0.006440635207332393,0.0,0.38095238095238093,0.09639209629679117
addr_0002046,0.0,0.10777388237561136,0.15981098067158214,0.0,0.0,0.09625655698131627
addr_0004553,2.0,0.05045587381307503,0.10738446079777231,0.0,0.38095238095238093,0.09618578455826954
addr_0000624,0.0,0.29766480975892523,0.017152577059240875,0.0,0.0,0.09616047375137392
addr_0002771,3.0,0.18378822275003898,0.006985385365477826,0.0,0.38095238095238093,0.09602585906644093
addr_0000822,2.0,0.021462089244524616,0.12807528888222264,0.0,0.38095238095238093,0.09576398042148454
addr_0002235,0.0,0.2208049627168295,0.07368684456678257,0.0,0.0,0.09571622664176188
addr_0000091,3.0,0.13370499128587388,0.043647001593345836,0.0,0.38095238095238093,0.0956655361183386
addr_0000138,0.0,0.21952673713501014,0.07368684456678257,0.0,0.0,0.09533275896721607
addr_0000426,0.0,0.16415450328561462,0.11512366733688048,0.0,0.0,0.09529581792043658
addr_0000314,0.0,0.16415450328561462,0.11512366733688048,0.0,0.0,0.09529581792043658
addr_0003004,0.0,0.16415450328561462,0.11512366733688048,0.0,0.0,0.09529581792043658
addr_0000047,0.0,0.16415450328561462,0.11512366733688048,0.0,0.0,0.09529581792043658
addr_0003657,0.0,0.21908100531547445,0.07368684456678257,0.0,0.0,0.09519903942135537
addr_0002400,0.0,0.21908100531547445,0.07368684456678257,0.0,0.0,0.09519903942135537
addr_0000035,0.0,0.2943187210852819,0.017152577059240875,0.0,0.0,0.09515664714928092
addr_0000771,0.0,0.2943187210852819,0.017152577059240875,0.0,0.0,0.09515664714928092
addr_0001215,0.0,0.2188515573063789,0.07368684456678257,0.0,0.0,0.09513020501862669
addr_0003174,0.0,0.16348566805760006,0.11512366733688048,0.0,0.0,0.09509516735203222
addr_0002408,0.0,0.16348566805760006,0.11512366733688048,0.0,0.0,0.09509516735203222
addr_0003549,3.0,0.07455937932315855,0.08636575098907433,0.0,0.38095238095238093,0.0950093522878154
addr_0002007,3.0,0.1810281955625718,0.006440635207332393,0.0,0.38095238095238093,0.09497995084694259
addr_0003855,0.0,0.1630782141782519,0.11512366733688048,0.0,0.0,0.09497293118822778
addr_0002883,0.0,0.16251380538530003,0.11512366733688048,0.0,0.0,0.0948036085503422
addr_0004479,0.0,0.16251380538530003,0.11512366733688048,0.0,0.0,0.0948036085503422
addr_0000229,0.0,0.16251380538530003,0.11512366733688048,0.0,0.0,0.0948036085503422
addr_0000962,3.0,0.05288955715460053,0.10151964891425802,0.0,0.38095238095238093,0.09456996480732147
addr_0004936,0.0,0.21197566543274235,0.07729167742888912,0.0,0.0,0.09450937060137835
addr_0004776,0.0,0.2921008890415315,0.017152577059240875,0.0,0.0,0.09449129753615579
addr_0001457,0.0,0.2916114615386765,0.017152577059240875,0.0,0.0,0.0943444692852993
addr_0003151,2.0,0.07270245878507374,0.07400006416208357,0.0,0.42857142857142855,0.09426790615749842
addr_0000927,0.0,0.16048706662328657,0.11512366733688048,0.0,0.0,0.09419558692173817
addr_0002247,0.0,0.2910207511072712,0.017152577059240875,0.0,0.0,0.09416725615587772
addr_0001237,0.0,0.2903717917078089,0.017152577059240875,0.0,0.0,0.09397256833603902
addr_0000256,0.0,0.1595973951530979,0.11512366733688048,0.0,0.0,0.09392868548068156
addr_0002504,0.0,0.1595973951530979,0.11512366733688048,0.0,0.0,0.09392868548068156
addr_0002523,0.0,0.1595973951530979,0.11512366733688048,0.0,0.0,0.09392868548068156
addr_0000376,0.0,0.1595973951530979,0.11512366733688048,0.0,0.0,0.09392868548068156
addr_0004147,2.0,0.01900696316624986,0.1252639634657519,0.0,0.38095238095238093,0.09390291243141381
addr_0003592,2.0,0.14273054407559133,0.03239443318055437,0.0,0.38095238095238093,0.09387217459013725
addr_0004123,2.0,0.13526300677460776,0.037756458091991386,0.0,0.38095238095238093,0.09377672336441698
addr_0002148,0.0,0.2299891980334062,0.06144151529574866,0.0,0.0,0.09357336552832132
addr_0004035,0.0,0.2299891980334062,0.06144151529574866,0.0,0.0,0.09357336552832132
addr_0000833,3.0,0.02600406359245655,0.11867465504764653,0.0,0.38095238095238093,0.09336631919203368
addr_0002952,0.0,0.22905251827661224,0.06144151529574866,0.0,0.0,0.09329236160128314
addr_0004269,0.0,0.2877696219426518,0.017152577059240875,0.0,0.0,0.0931919174064919
addr_0002914,0.0,0.15711706575813061,0.11512366733688048,0.0,0.0,0.09318458666219137
addr_0004475,3.0,0.07200000472051175,0.08371779909043266,0.0,0.38095238095238093,0.09318235914756469
addr_0002318,2.0,0.055941380017927186,0.09566426550358681,0.0,0.38095238095238093,0.09314335830205098
addr_0002649,1.0,0.025087935542332903,0.11867465504764653,0.0,0.38095238095238093,0.09309148077699658
addr_0004923,2.0,0.00585100264415791,0.13302454703685868,0.0,0.38095238095238093,0.09306035770322894
addr_0003295,0.0,0.15637820746805953,0.11512366733688048,0.0,0.0,0.09296292917517004
addr_0004913,0.0,0.15637820746805953,0.11512366733688048,0.0,0.0,0.09296292917517004
addr_0003513,2.0,0.07557345313190551,0.06856402472467149,0.0,0.42857142857142855,0.0929547886865831
addr_0003703,3.0,0.16507326755805196,0.013171300330983746,0.0,0.38095238095238093,0.0928857384950472
addr_0001358,0.0,0.20651940920744327,0.07729167742888912,0.0,0.0,0.09287249373378863
addr_0004106,0.0,0.15588163132562644,0.11512366733688048,0.0,0.0,0.09281395633244013
addr_0000955,2.0,0.1658392292460157,0.012410852856189092,0.0,0.38095238095238093,0.09281134801151844
addr_0003834,2.0,0.01434269501682625,0.12589036459817912,0.0,0.38095238095238093,0.09275419243955763
addr_0000774,2.0,0.15547754056176283,0.02003393440622161,0.0,0.38095238095238093,0.0927520740262556
addr_0001670,2.0,0.022281455854784228,0.11989350821927246,0.0,0.38095238095238093,0.09273707813938235
addr_0001318,0.0,0.1555371267818001,0.11512366733688048,0.0,0.0,0.09271060496929223
addr_0002319,0.0,0.1555371267818001,0.11512366733688048,0.0,0.0,0.09271060496929223
addr_0003632,0.0,0.22679900511865786,0.06144151529574866,0.0,0.0,0.09261630765389682
addr_0002072,2.0,0.022387581245326176,0.11867465504764653,0.0,0.38095238095238093,0.09228137448789457
addr_0004603,2.0,0.14224300701855064,0.02839729285776667,0.0,0.38095238095238093,0.09212705734390995
addr_0000848,2.0,0.1399393705481499,0.029705168280959038,0.0,0.38095238095238093,0.09195911657206668
addr_0000430,2.0,0.019720544610241145,0.11953801688794133,0.0,0.38095238095238093,0.09182660823348697
addr_0002111,2.0,0.0924706301478746,0.06476091159396759,0.0,0.38095238095238093,0.09174079177718751
addr_0001198,3.0,0.0056040657704028605,0.12962078410934835,0.0,0.38095238095238093,0.0916247714700983
addr_0003115,0.0,0.28211780179079515,0.017152577059240875,0.0,0.0,0.0914963713609349
addr_0000813,0.0,0.28211780179079515,0.017152577059240875,0.0,0.0,0.0914963713609349
addr_0002447,3.0,0.14993539250787377,0.020956151964359414,0.0,0.38095238095238093,0.091458316633344
addr_0000087,0.0,0.19456258315043973,0.08268770924454796,0.0,0.0,0.0914438586429511
addr_0001389,0.0,0.19456258315043973,0.08268770924454796,0.0,0.0,0.0914438586429511
addr_0001125,2.0,0.12262044173387995,0.041233745871572365,0.0,0.38095238095238093,0.09137486896403103
addr_0001264,3.0,0.02148610653495371,0.11683815969164411,0.0,0.38095238095238093,0.09127633393238185
addr_0003405,0.0,0.22613260739363839,0.05814194235783148,0.0,0.0,0.09109655916122411
addr_0004261,2.0,0.06861129901190315,0.06902283614043439,0.0,0.42857142857142855,0.09104966701688756
addr_0001628,0.0,0.22586448307271104,0.05814194235783148,0.0,0.0,0.0910161218649459
addr_0002383,0.0,0.22556863650739833,0.05814194235783148,0.0,0.0,0.0909273678953521
addr_0003398,0.0,0.2239322042952628,0.05814194235783148,0.0,0.0,0.09043643823171144
addr_0002721,0.0,0.22014684391187303,0.06061588340199783,0.0,0.0,0.09029040653436105
addr_0003208,0.0,0.27808742126448754,0.017152577059240875,0.0,0.0,0.0902872572030426
addr_0001384,0.0,0.27808742126448754,0.017152577059240875,0.0,0.0,0.0902872572030426
addr_0002349,0.0,0.27808742126448754,0.017152577059240875,0.0,0.0,0.0902872572030426
addr_0003306,0.0,0.27808742126448754,0.017152577059240875,0.0,0.0,0.0902872572030426
addr_0000041,0.0,0.2197507372777272,0.06061588340199783,0.0,0.0,0.0901715745441173
addr_0004283,0.0,0.146993201418803,0.11512366733688048,0.0,0.0,0.0901474273603931
addr_0000118,0.0,0.2775741187822801,0.017152577059240875,0.0,0.0,0.09013326645838038
addr_0003534,0.0,0.277261945272881,0.017152577059240875,0.0,0.0,0.09003961440556064
addr_0002192,3.0,0.0927439289398379,0.06029242789313487,0.0,0.38095238095238093,0.09003538793444342
addr_0002833,0.0,0.1914420057342732,0.08141752538506153,0.0,0.0,0.08999961187430658
addr_0001079,0.0,0.14644992467052328,0.11512366733688048,0.0,0.0,0.08998444433590919
addr_0002738,0.0,0.19137471470852352,0.08141752538506153,0.0,0.0,0.08997942456658167
addr_0002015,0.0,0.19137471470852352,0.08141752538506153,0.0,0.0,0.08997942456658167
addr_0002214,0.0,0.19137471470852352,0.08141752538506153,0.0,0.0,0.08997942456658167
addr_0002103,0.0,0.22219441210938953,0.05814194235783148,0.0,0.0,0.08991510057594945
addr_0003020,0.0,0.14614327172519917,0.11512366733688048,0.0,0.0,0.08989244845231195
addr_0001776,0.0,0.22205309774060225,0.05814194235783148,0.0,0.0,0.08987270626531327
addr_0002651,0.0,0.22205309774060225,0.05814194235783148,0.0,0.0,0.08987270626531327
addr_0003421,0.0,0.19098662468372057,0.08141752538506153,0.0,0.0,0.08986299755914079
addr_0003860,0.0,0.21859952633335247,0.06061588340199783,0.0,0.0,0.08982621126080488
addr_0000886,0.0,0.2218892036908922,0.05814194235783148,0.0,0.0,0.08982353805040025
addr_0001324,0.0,0.1166623765278256,0.13704873743540993,0.0,0.0,0.08981820793251166
addr_0002212,0.0,0.1166623765278256,0.13704873743540993,0.0,0.0,0.08981820793251166
addr_0001150,0.0,0.1166623765278256,0.13704873743540993,0.0,0.0,0.08981820793251166
addr_0004383,2.0,0.1029938224857914,0.04014906506131002,0.0,0.42857142857142855,0.08981491562740429
addr_0002594,0.0,0.2184591492177678,0.06061588340199783,0.0,0.0,0.08978409812612947
addr_0002597,0.0,0.2217286294896714,0.05814194235783148,0.0,0.0,0.089775365790034
addr_0001583,0.0,0.19052102551917405,0.08141752538506153,0.0,0.0,0.08972331780977683
addr_0002131,0.0,0.19052102551917405,0.08141752538506153,0.0,0.0,0.08972331780977683
addr_0000896,0.0,0.1904535089157186,0.08141752538506153,0.0,0.0,0.08970306282874019
addr_0000605,0.0,0.1904535089157186,0.08141752538506153,0.0,0.0,0.08970306282874019
addr_0004474,0.0,0.11593573628451607,0.13704873743540993,0.0,0.0,0.0896002158595188
addr_0004135,0.0,0.22096956668543508,0.05814194235783148,0.0,0.0,0.08954764694876312
addr_0003852,2.0,0.11070140819935793,0.03334262536839574,0.0,0.42857142857142855,0.08940461546430853
addr_0002336,0.0,0.1945798488450653,0.07734699536263016,0.0,0.0,0.08931275279857165
addr_0002347,0.0,0.22006620964688148,0.05814194235783148,0.0,0.0,0.08927663983719704
addr_0001980,0.0,0.11467229797996957,0.13704873743540993,0.0,0.0,0.08922118436815485
addr_0002185,0.0,0.14385669809561824,0.11512366733688048,0.0,0.0,0.08920647636343768
addr_0001362,0.0,0.14385669809561824,0.11512366733688048,0.0,0.0,0.08920647636343768
addr_0004846,0.0,0.14385669809561824,0.11512366733688048,0.0,0.0,0.08920647636343768
addr_0003051,0.0,0.18853906733500472,0.08141752538506153,0.0,0.0,0.08912873035452604
addr_0001142,0.0,0.10764324856974299,0.14202960487636526,0.0,0.0,0.08910481652146901
addr_0003853,0.0,0.10764324856974299,0.14202960487636526,0.0,0.0,0.08910481652146901
addr_0000834,0.0,0.10764324856974299,0.14202960487636526,0.0,0.0,0.08910481652146901
addr_0004613,0.0,0.18830386924540019,0.08141752538506153,0.0,0.0,0.08905817092764468
addr_0004467,0.0,0.18830386924540019,0.08141752538506153,0.0,0.0,0.08905817092764468
addr_0000429,2.0,0.03290538671119899,0.10251244512253303,0.0,0.38095238095238093,0.08897183215761101
addr_0002209,3.0,0.10132075465964015,0.03926195301090852,0.0,0.42857142857142855,0.08895815045939831
addr_0002071,0.0,0.2156634174321697,0.06061588340199783,0.0,0.0,0.08894537859045006
addr_0001409,0.0,0.2156634174321697,0.06061588340199783,0.0,0.0,0.08894537859045006
addr_0000338,0.0,0.19307588408802245,0.07734699536263016,0.0,0.0,0.0888615633714588
addr_0002931,2.0,0.09948632468661879,0.05220497010840441,0.0,0.38095238095238093,0.08882312354458549
addr_0004773,0.0,0.2152352816463574,0.06061588340199783,0.0,0.0,0.08881693785470636
addr_0003202,0.0,0.1063283413378428,0.14202960487636526,0.0,0.0,0.08871034435189895
addr_0001795,0.0,0.10590174878781725,0.14202960487636526,0.0,0.0,0.08858236658689128
addr_0002809,0.0,0.10590174878781725,0.14202960487636526,0.0,0.0,0.08858236658689128
addr_0004036,0.0,0.21427316696317208,0.06061588340199783,0.0,0.0,0.08852830344975077
addr_0001066,0.0,0.11235547462795269,0.13704873743540993,0.0,0.0,0.08852613736254977
addr_0004328,0.0,0.11235547462795269,0.13704873743540993,0.0,0.0,0.08852613736254977
addr_0003289,0.0,0.10543836423102991,0.14202960487636526,0.0,0.0,0.08844335121985508
addr_0000435,0.0,0.10804857157673801,0.14005374446278765,0.0,0.0,0.08843606925813646
addr_0004487,2.0,0.0058919181120398794,0.12138690640717097,0.0,0.38095238095238093,0.08841757609171846
addr_0000921,0.0,0.10519023299392966,0.14202960487636526,0.0,0.0,0.088368911848725
addr_0004927,0.0,0.10519023299392966,0.14202960487636526,0.0,0.0,0.088368911848725
addr_0000920,0.0,0.10519023299392966,0.14202960487636526,0.0,0.0,0.088368911848725
addr_0003946,0.0,0.14078788682842358,0.11512366733688048,0.0,0.0,0.08828583298327927
addr_0001672,0.0,0.10476402539305306,0.14202960487636526,0.0,0.0,0.08824104956846202
addr_0003579,0.0,0.10476402539305306,0.14202960487636526,0.0,0.0,0.08824104956846202
addr_0004367,0.0,0.2701220270647774,0.017152577059240875,0.0,0.0,0.08789763894312956
addr_0004636,0.0,0.10590174878781725,0.14005374446278765,0.0,0.0,0.08779202242146023
addr_0003829,0.0,0.10590174878781725,0.14005374446278765,0.0,0.0,0.08779202242146023
addr_0002579,0.0,0.10590174878781725,0.14005374446278765,0.0,0.0,0.08779202242146023
addr_0001248,0.0,0.21084006596599814,0.06061588340199783,0.0,0.0,0.08749837315059858
addr_0004949,0.0,0.21084006596599814,0.06061588340199783,0.0,0.0,0.08749837315059858
addr_0002632,0.0,0.2681090150269989,0.017152577059240875,0.0,0.0,0.08729373533179602
addr_0000741,0.0,0.1097562617073521,0.13446324574312915,0.0,0.0,0.0867121768094573
addr_0000345,0.0,0.10896447734035446,0.1349549747076431,0.0,0.0,0.08667133308516357
addr_0002497,0.0,0.10896447734035446,0.1349549747076431,0.0,0.0,0.08667133308516357
addr_0000775,0.0,0.10932850971144845,0.13446324574312915,0.0,0.0,0.0865838512106862
addr_0004104,2.0,0.10061898814709956,0.04557167873948747,0.0,0.38095238095238093,0.08650960603516294
addr_0000166,0.0,0.10792309303238895,0.1349549747076431,0.0,0.0,0.08635891779277392
addr_0001911,0.0,0.10783278259769213,0.1349549747076431,0.0,0.0,0.08633182466236489
addr_0004400,0.0,0.10653648516145607,0.1349549747076431,0.0,0.0,0.08594293543149406
addr_0000993,0.0,0.2619630675858571,0.018008357512537227,0.0,0.0,0.08579226328077201
addr_0002919,2.0,0.004239120125606325,0.11598100916186432,0.0,0.38095238095238093,0.08575937779766572
addr_0004531,0.0,0.2603942215485622,0.018008357512537227,0.0,0.0,0.08532160946958355
addr_0001080,0.0,0.2602508674882896,0.018008357512537227,0.0,0.0,0.08527860325150176
addr_0001171,2.0,0.0497453787015036,0.08030095169696877,0.0,0.38095238095238093,0.08513923238447668
addr_0000934,0.0,0.25967296375657317,0.018008357512537227,0.0,0.0,0.08510523213198684
addr_0002122,3.0,0.0722159893261313,0.06333682509054249,0.0,0.38095238095238093,0.08509476492929449
addr_0004481,3.0,0.08255750845659765,0.04315401645946026,0.0,0.42857142857142855,0.08488600197790626
addr_0001762,3.0,0.07755031194469021,0.058783364739535784,0.0,0.38095238095238093,0.08487367757445947
addr_0002130,2.0,0.042508768552586514,0.08410161484311406,0.0,0.38095238095238093,0.08448851459825968
addr_0002866,0.0,0.257442467990852,0.01784662584957949,0.0,0.0,0.0843713907370874
addr_0004197,2.0,0.0033773352078195398,0.112489683319994,0.0,0.38095238095238093,0.08410431198558156
addr_0001369,2.0,0.10785835509628112,0.03375430099081202,0.0,0.38095238095238093,0.08395446502044723
addr_0002315,0.0,0.2547436310141804,0.01784662584957949,0.0,0.0,0.08356173964408592
addr_0000599,3.0,0.05628752791010359,0.07127323450192787,0.0,0.38095238095238093,0.08349079026904033
addr_0001994,0.0,0.25386698646575273,0.01784662584957949,0.0,0.0,0.08329874627955762
addr_0002172,0.0,0.25386698646575273,0.01784662584957949,0.0,0.0,0.08329874627955762
addr_0000628,2.0,0.10527547698891819,0.03375430099081202,0.0,0.38095238095238093,0.08317960158823837
addr_0002415,2.0,0.12070957663218843,0.022048315641666268,0.0,0.38095238095238093,0.08312743734156114
addr_0001351,2.0,0.08005715652226096,0.05175424058017753,0.0,0.38095238095238093,0.0828140812839874
addr_0000109,2.0,0.01431086747414173,0.10037711381212344,0.0,0.38095238095238093,0.08253934386233
addr_0001047,2.0,0.03665227680186525,0.08325083052457752,0.0,0.38095238095238093,0.08239125334562869
addr_0000995,2.0,0.012680918679834539,0.10122668661635269,0.0,0.38095238095238093,0.08239018834572953
addr_0002739,2.0,0.02037758599999421,0.09536440242734404,0.0,0.38095238095238093,0.08235427486617397
addr_0002975,0.0,0.2504812239475729,0.01784662584957949,0.0,0.0,0.08228301752410366
addr_0004909,2.0,0.07195498535907183,0.056485667690511554,0.0,0.38095238095238093,0.08227600077916428
addr_0003053,3.0,0.06264199079855326,0.0632035797024816,0.0,0.38095238095238093,0.08216926721579672
addr_0000189,2.0,0.011522572143557994,0.10123434455133906,0.0,0.38095238095238093,0.08204574755884111
addr_0004406,2.0,0.08317241929820543,0.04717536881830032,0.0,0.38095238095238093,0.08191711141201985
addr_0004596,0.0,0.24922095295625582,0.01784662584957949,0.0,0.0,0.08190493622670854
addr_0002614,2.0,0.04629179791076641,0.07406183570833877,0.0,0.38095238095238093,0.08160751175180353
addr_0002173,2.0,0.010002470583521541,0.10123434455133906,0.0,0.38095238095238093,0.08158971709083018
addr_0000319,2.0,0.04289869875826842,0.07643310524933605,0.0,0.38095238095238093,0.08153808982245304
addr_0003920,0.0,0.1166623765278256,0.11614640728202097,0.0,0.0,0.08145727587115607
addr_0003031,0.0,0.1166623765278256,0.11614640728202097,0.0,0.0,0.08145727587115607
addr_0002000,0.0,0.1166623765278256,0.11614640728202097,0.0,0.0,0.08145727587115607
addr_0002333,0.0,0.11629792446083169,0.11614640728202097,0.0,0.0,0.0813479402510579
addr_0000387,2.0,0.09115346509804637,0.02742320788570709,0.0,0.42857142857142855,0.0811724655408396
addr_0002907,2.0,0.06343193128260116,0.059661952167419076,0.0,0.38095238095238093,0.08098959834698607
addr_0001460,3.0,0.04414088964600794,0.07406183570833877,0.0,0.38095238095238093,0.08096223927237599
addr_0003483,2.0,0.05861616235273796,0.06306099019525278,0.0,0.38095238095238093,0.0809044828791606
addr_0001128,2.0,0.06687267202740066,0.056485667690511554,0.0,0.38095238095238093,0.08075130677966291
addr_0002625,2.0,0.06351292106277721,0.05858500813866705,0.0,0.38095238095238093,0.08058311766953809
addr_0000716,2.0,0.06999350519606665,0.041339098903073544,0.0,0.42857142857142855,0.08039083397719227
addr_0000017,0.0,0.24381475163595523,0.01784662584957949,0.0,0.0,0.08028307583061836
addr_0001463,0.0,0.24381475163595523,0.01784662584957949,0.0,0.0,0.08028307583061836
addr_0001349,0.0,0.24285198958443546,0.01784662584957949,0.0,0.0,0.07999424721516243
addr_0002580,0.0,0.10700538747548807,0.11922328550668429,0.0,0.0,0.07979093044532015
addr_0002328,0.0,0.10664187325930403,0.11922328550668429,0.0,0.0,0.07968187618046493
addr_0004249,0.0,0.10664187325930403,0.11922328550668429,0.0,0.0,0.07968187618046493
addr_0002101,0.0,0.10612875987228648,0.11922328550668429,0.0,0.0,0.07952794216435966
addr_0001789,0.0,0.10612875987228648,0.11922328550668429,0.0,0.0,0.07952794216435966
addr_0000432,0.0,0.10612875987228648,0.11922328550668429,0.0,0.0,0.07952794216435966
addr_0002949,3.0,0.09112834080856194,0.035133607595382116,0.0,0.38095238095238093,0.07948718337595953
addr_0001299,3.0,0.0938822847402723,0.032791676805875365,0.0,0.38095238095238093,0.07937659423966993
addr_0003713,2.0,0.03973972357614187,0.07339196830407663,0.0,0.38095238095238093,0.0793739424897113
addr_0002867,2.0,0.09461949540294527,0.031993514068461244,0.0,0.38095238095238093,0.07927849234350617
addr_0001214,0.0,0.11570167248383191,0.11071443771942135,0.0,0.0,0.07899627683291811
addr_0004337,3.0,0.056641949647123525,0.05840819442367928,0.0,0.38095238095238093,0.07845110075884687
addr_0004026,2.0,0.07254981553297041,0.04643536946673422,0.0,0.38095238095238093,0.07843433054182292
addr_0004637,0.0,0.11381474508163604,0.11071443771942135,0.0,0.0,0.07843019861225936
addr_0001951,0.0,0.11381474508163604,0.11071443771942135,0.0,0.0,0.07843019861225936
addr_0000751,0.0,0.11334351002756625,0.11071443771942135,0.0,0.0,0.07828882809603842
addr_0003129,0.0,0.11334351002756625,0.11071443771942135,0.0,0.0,0.07828882809603842
addr_0000275,0.0,0.11334351002756625,0.11071443771942135,0.0,0.0,0.07828882809603842
addr_0003743,0.0,0.1088495668784604,0.11376002322388853,0.0,0.0,0.07815887935309354
addr_0002800,0.0,0.1088495668784604,0.11376002322388853,0.0,0.0,0.07815887935309354
addr_0000949,0.0,0.11289203245148208,0.11071443771942135,0.0,0.0,0.07815338482321316
addr_0003525,0.0,0.11289203245148208,0.11071443771942135,0.0,0.0,0.07815338482321316
addr_0001119,0.0,0.11289203245148208,0.11071443771942135,0.0,0.0,0.07815338482321316
addr_0003530,0.0,0.11289203245148208,0.11071443771942135,0.0,0.0,0.07815338482321316
addr_0002128,0.0,0.11289203245148208,0.11071443771942135,0.0,0.0,0.07815338482321316
addr_0004930,3.0,0.0,0.10005090739059623,0.0,0.38095238095238093,0.0781156010514766
addr_0003070,0.0,0.11237430552457403,0.11071443771942135,0.0,0.0,0.07799806674514076
addr_0003099,0.0,0.11164552075262933,0.11071443771942135,0.0,0.0,0.07777943131355734
addr_0004349,0.0,0.11164552075262933,0.11071443771942135,0.0,0.0,0.07777943131355734
addr_0004028,0.0,0.11065690555346755,0.11071443771942135,0.0,0.0,0.07748284675380882
addr_0003715,0.0,0.10653877845816624,0.11376002322388853,0.0,0.0,0.0774656428270053
addr_0003922,0.0,0.11056811797834502,0.11071443771942135,0.0,0.0,0.07745621048127205
addr_0001403,3.0,0.07250101717636613,0.04391741931233646,0.0,0.38095238095238093,0.07741251097308252
addr_0004533,0.0,0.11033426209806108,0.11071443771942135,0.0,0.0,0.07738605371718686
addr_0002961,2.0,0.03101538847798749,0.07457077020073942,0.0,0.38095238095238093,0.07722816271893011
addr_0002774,3.0,0.029979785240575985,0.07457077020073942,0.0,0.38095238095238093,0.07691748174770666
addr_0002272,0.0,0.10470674530637271,0.11376002322388853,0.0,0.0,0.07691603288146723
addr_0001401,0.0,0.10470674530637271,0.11376002322388853,0.0,0.0,0.07691603288146723
addr_0003598,2.0,0.04984984666948934,0.059661952167419076,0.0,0.38095238095238093,0.07691497296305252
addr_0002206,2.0,0.08256985901832486,0.034346061105564096,0.0,0.38095238095238093,0.07660462024296119
addr_0001861,2.0,0.034812108162419975,0.06939669941890131,0.0,0.38095238095238093,0.07629755031152462
addr_0000461,2.0,0.02081217253557037,0.07929013889434727,0.0,0.38095238095238093,0.07605494541364813
addr_0003633,2.0,0.004908572949395436,0.09118601243242094,0.0,0.38095238095238093,0.07604221495302511
addr_0001245,3.0,0.06591491660871887,0.04517549026660448,0.0,0.38095238095238093,0.07593990918449556
addr_0003593,3.0,0.025549147383326313,0.07457077020073942,0.0,0.38095238095238093,0.07558829039053176
addr_0002323,2.0,0.06430170703586557,0.04517549026660448,0.0,0.38095238095238093,0.07545594631263956
addr_0001624,3.0,0.08160885056759372,0.031993514068461244,0.0,0.38095238095238093,0.0753752988929007
addr_0000826,2.0,0.07066692991711616,0.039901979389544893,0.0,0.38095238095238093,0.07525610882619091
addr_0002409,3.0,0.0028795750698358763,0.09059615448082166,0.0,0.38095238095238093,0.07519757240851753
addr_0000106,2.0,0.044487871106552786,0.05466715085141866,0.0,0.38095238095238093,0.0733084597677714
addr_0001375,0.0,0.18693519603415906,0.04297540527776083,0.0,0.0,0.07327072092135205
addr_0000880,0.0,0.18693519603415906,0.04297540527776083,0.0,0.0,0.07327072092135205
addr_0004525,0.0,0.14580183913185465,0.07344032983543,0.0,0.0,0.0731166836737284
addr_0003640,2.0,0.039420098173707875,0.05765375525387265,0.0,0.38095238095238093,0.07298276964889952
addr_0004073,0.0,0.1450865605564006,0.07344032983543,0.0,0.0,0.07290210010109219
addr_0000521,0.0,0.1450865605564006,0.07344032983543,0.0,0.0,0.07290210010109219
addr_0004417,0.0,0.1450865605564006,0.07344032983543,0.0,0.0,0.07290210010109219
addr_0001073,3.0,0.08782879615416617,0.020803519898752693,0.0,0.38095238095238093,0.07276528490098902
addr_0001474,0.0,0.14450363119211887,0.07344032983543,0.0,0.0,0.07272722129180767
addr_0001482,0.0,0.18458247000966105,0.04297540527776083,0.0,0.0,0.07256490311400264
addr_0004570,0.0,0.18458247000966105,0.04297540527776083,0.0,0.0,0.07256490311400264
addr_0001726,0.0,0.16928387674586373,0.054271280991156426,0.0,0.0,0.0724936754202217
addr_0002967,0.0,0.14322828009426017,0.07344032983543,0.0,0.0,0.07234461596245005
addr_0000759,0.0,0.18335655091287892,0.04297540527776083,0.0,0.0,0.072197127384968
addr_0004455,0.0,0.14267084572216168,0.07344032983543,0.0,0.0,0.0721773856508205
addr_0001599,2.0,0.015999097633707604,0.07289949652086726,0.0,0.38095238095238093,0.07205476599369728
addr_0000218,0.0,0.18206616370452272,0.04297540527776083,0.0,0.0,0.07181001122246115
addr_0000216,0.0,0.18206616370452272,0.04297540527776083,0.0,0.0,0.07181001122246115
addr_0002187,0.0,0.14068068154980357,0.07344032983543,0.0,0.0,0.07158033639911307
addr_0000122,0.0,0.1811322867982844,0.04297540527776083,0.0,0.0,0.07152984815058964
addr_0002997,0.0,0.1811322867982844,0.04297540527776083,0.0,0.0,0.07152984815058964
addr_0002291,0.0,0.1811322867982844,0.04297540527776083,0.0,0.0,0.07152984815058964
addr_0004578,0.0,0.1811322867982844,0.04297540527776083,0.0,0.0,0.07152984815058964
addr_0004378,0.0,0.1811322867982844,0.04297540527776083,0.0,0.0,0.07152984815058964
addr_0001123,0.0,0.165927458273306,0.054271280991156426,0.0,0.0,0.07148674987845437
addr_0000455,0.0,0.165927458273306,0.054271280991156426,0.0,0.0,0.07148674987845437
addr_0002298,0.0,0.165927458273306,0.054271280991156426,0.0,0.0,0.07148674987845437
addr_0004915,3.0,0.03605351493984073,0.056345814392828666,0.0,0.38095238095238093,0.07144961833432178
addr_0000842,3.0,0.01611305943200643,0.071143572978981,0.0,0.38095238095238093,0.07138658511643242
addr_0004790,2.0,0.01333927278993578,0.07287427010073025,0.0,0.38095238095238093,0.07124672797251093
addr_0002479,3.0,0.05687343785655661,0.039808629782133155,0.0,0.38095238095238093,0.07108072136505834
addr_0004404,2.0,0.02870551627367522,0.06086877808890859,0.0,0.38095238095238093,0.0710544042129041
addr_0004675,0.0,0.164333775451621,0.054271280991156426,0.0,0.0,0.07100864503194887
addr_0004159,0.0,0.1638928077468832,0.054271280991156426,0.0,0.0,0.07087635472052753
addr_0003700,0.0,0.1776773194860928,0.04297540527776083,0.0,0.0,0.07049335795693218
addr_0000928,0.0,0.1776773194860928,0.04297540527776083,0.0,0.0,0.07049335795693218
addr_0004061,0.0,0.1776773194860928,0.04297540527776083,0.0,0.0,0.07049335795693218
addr_0003257,2.0,0.038122564030574686,0.052110998880934865,0.0,0.38095238095238093,0.07037640685678445
addr_0000301,0.0,0.17686917746717584,0.04297540527776083,0.0,0.0,0.07025091535125709
addr_0004999,0.0,0.1767218538633252,0.04297540527776083,0.0,0.0,0.07020671827010189
addr_0003678,0.0,0.17640984325691908,0.04297540527776083,0.0,0.0,0.07011311508818005
addr_0001611,0.0,0.17596842583374447,0.04297540527776083,0.0,0.0,0.06998068986122767
addr_0001175,0.0,0.17596842583374447,0.04297540527776083,0.0,0.0,0.06998068986122767
addr_0001005,0.0,0.17582120187331532,0.04297540527776083,0.0,0.0,0.06993652267309892
addr_0000146,0.0,0.17582120187331532,0.04297540527776083,0.0,0.0,0.06993652267309892
addr_0002510,0.0,0.17582120187331532,0.04297540527776083,0.0,0.0,0.06993652267309892
addr_0004503,3.0,0.023599565210855506,0.06189016540643668,0.0,0.38095238095238093,0.06993117382106942
addr_0004065,0.0,0.1756027462751249,0.04297540527776083,0.0,0.0,0.0698709859936418
addr_0003369,2.0,0.04810609862923866,0.04281350564932296,0.0,0.38095238095238093,0.06965246994373889
addr_0000108,2.0,0.010531666605063111,0.0709395951229927,0.0,0.38095238095238093,0.06963057612595411
addr_0002260,0.0,0.15959141076410946,0.054271280991156426,0.0,0.0,0.0695859356256954
addr_0002445,0.0,0.15950400965580133,0.054271280991156426,0.0,0.0,0.06955971529320297
addr_0004667,2.0,0.01350649741531746,0.06833013753768656,0.0,0.38095238095238093,0.06947924233490796
addr_0002013,0.0,0.15906342508462612,0.054271280991156426,0.0,0.0,0.06942753992185041
addr_0000638,0.0,0.15906342508462612,0.054271280991156426,0.0,0.0,0.06942753992185041
addr_0001174,0.0,0.1587682682471477,0.054271280991156426,0.0,0.0,0.06933899287060688
addr_0001355,0.0,0.15860448771172786,0.054271280991156426,0.0,0.0,0.06928985870998092
addr_0003742,0.0,0.15857070264168566,0.054271280991156426,0.0,0.0,0.06927972318896827
addr_0001269,0.0,0.15857070264168566,0.054271280991156426,0.0,0.0,0.06927972318896827
addr_0000750,0.0,0.15857070264168566,0.054271280991156426,0.0,0.0,0.06927972318896827
addr_0001888,0.0,0.17345109174978182,0.04297540527776083,0.0,0.0,0.06922548963603888
addr_0002791,0.0,0.17328584589831844,0.04297540527776083,0.0,0.0,0.06917591588059986
addr_0000662,0.0,0.16875400387044825,0.04632178956114789,0.0,0.0,0.06915491698559363
addr_0004883,0.0,0.16875400387044825,0.04632178956114789,0.0,0.0,0.06915491698559363
addr_0001905,0.0,0.16875400387044825,0.04632178956114789,0.0,0.0,0.06915491698559363
addr_0003136,2.0,0.06341096347210853,0.030075571112152068,0.0,0.38095238095238093,0.06914875558173149
addr_0003648,3.0,0.01193439610810494,0.06858786947515512,0.0,0.38095238095238093,0.06911070471773163
addr_0002295,2.0,0.044088915662212284,0.04438862197070656,0.0,0.38095238095238093,0.06907736158218442
addr_0001895,0.0,0.17290323841188987,0.04297540527776083,0.0,0.0,0.0690611336346713
addr_0004988,0.0,0.17290323841188987,0.04297540527776083,0.0,0.0,0.0690611336346713
addr_0000469,2.0,0.06308327069222332,0.030075571112152068,0.0,0.38095238095238093,0.06905044774776592
addr_0000402,2.0,0.014000423572908843,0.06641932948365989,0.0,0.38095238095238093,0.06886309696057472
addr_0002335,0.0,0.17216791905034398,0.04297540527776083,0.0,0.0,0.06884053782620753
addr_0002850,2.0,0.07029379597033844,0.02259470390443215,0.0,0.38095238095238093,0.0682212584481125
addr_0003999,2.0,0.044268839947313614,0.041846025166675356,0.0,0.38095238095238093,0.06811430014610233
addr_0000394,2.0,0.05989061278807857,0.030064683086944453,0.0,0.38095238095238093,0.06808829516643945
addr_0001506,3.0,0.027396251283352983,0.05412532282325454,0.0,0.38095238095238093,0.06796424260954581
addr_0001972,0.0,0.15390715837697277,0.054271280991156426,0.0,0.0,0.0678806599095544
addr_0004665,0.0,0.15390715837697277,0.054271280991156426,0.0,0.0,0.0678806599095544
addr_0000657,2.0,0.009354512475496419,0.06641932948365989,0.0,0.38095238095238093,0.06746932363135098
addr_0002164,3.0,0.033215133933136604,0.0469646702584735,0.0,0.38095238095238093,0.06684564637856849
addr_0000245,2.0,0.055606157831704736,0.030064683086944453,0.0,0.38095238095238093,0.06680295867952729
addr_0004758,0.0,0.15021840537527179,0.054271280991156426,0.0,0.0,0.06677403400904411
addr_0003161,3.0,0.02666052563014545,0.05115618629382062,0.0,0.38095238095238093,0.06655587030180998
addr_0001163,2.0,0.04973080119895966,0.03334262536839574,0.0,0.38095238095238093,0.0663515286022843
addr_0001956,3.0,0.0254517006265579,0.04932263329337573,0.0,0.38095238095238093,0.06545980160055576
addr_0001001,0.0,0.14207883451354703,0.05678422363299548,0.0,0.0,0.06533733980726229
addr_0001709,0.0,0.14207883451354703,0.05678422363299548,0.0,0.0,0.06533733980726229
addr_0004097,0.0,0.14207883451354703,0.05678422363299548,0.0,0.0,0.06533733980726229
addr_0000535,2.0,0.0166710311465831,0.054927042691823844,0.0,0.38095238095238093,0.06506736451594257
addr_0004629,0.0,0.13969979266630556,0.05678422363299548,0.0,0.0,0.06462362725308986
addr_0001988,2.0,0.0053636287267285615,0.06035222166535243,0.0,0.38095238095238093,0.06384521537939764
addr_0004238,3.0,0.003964644010745916,0.06037339567741688,0.0,0.38095238095238093,0.06343398956942863
addr_0004181,2.0,0.011492317859354995,0.054192438260569686,0.0,0.38095238095238093,0.06321990875727247
addr_0001288,0.0,0.11645251314358361,0.07031008949298072,0.0,0.0,0.06305978974026738
addr_0003913,2.0,0.028803402118789997,0.04070437303103648,0.0,0.38095238095238093,0.06301800794328968
addr_0003169,0.0,0.11602249623476159,0.07031008949298072,0.0,0.0,0.06293078466762077
addr_0002900,2.0,0.011676738434383407,0.05271112837623986,0.0,0.38095238095238093,0.06268271097604906
addr_0002350,0.0,0.11483167685596526,0.07031008949298072,0.0,0.0,0.06257353885398187
addr_0001113,0.0,0.11483167685596526,0.07031008949298072,0.0,0.0,0.06257353885398187
addr_0003621,0.0,0.11468807288596726,0.07031008949298072,0.0,0.0,0.06253045766298246
addr_0000465,0.0,0.11425865277425976,0.07031008949298072,0.0,0.0,0.06240163162947022
addr_0004954,0.0,0.11425865277425976,0.07031008949298072,0.0,0.0,0.06240163162947022
addr_0003900,3.0,0.03649677829802694,0.03334262536839574,0.0,0.38095238095238093,0.062381321732004474
addr_0004755,0.0,0.11381042522984296,0.07031008949298072,0.0,0.0,0.06226716336614518
addr_0002327,0.0,0.11381042522984296,0.07031008949298072,0.0,0.0,0.06226716336614518
addr_0002806,0.0,0.11346064425153916,0.07031008949298072,0.0,0.0,0.062162229072654035
addr_0003731,2.0,0.03267377595686904,0.035523682889454296,0.0,0.38095238095238093,0.06210684403808053
addr_0000601,0.0,0.11256280682118865,0.07031008949298072,0.0,0.0,0.06189287784354888
addr_0003927,0.0,0.11169540944566231,0.07031008949298072,0.0,0.0,0.06163265863089098
addr_0001544,0.0,0.11153933116917589,0.07031008949298072,0.0,0.0,0.06158583514794506
addr_0003551,0.0,0.1100627829505068,0.07031008949298072,0.0,0.0,0.06114287068234433
addr_0004264,3.0,0.008127441442533946,0.050300742595748314,0.0,0.38095238095238093,0.06065376756629761
addr_0004691,2.0,0.013768527736136968,0.04552403947407423,0.0,0.38095238095238093,0.060435412205708874
addr_0001684,3.0,0.00646299826806727,0.04993032658486967,0.0,0.38095238095238093,0.06000626820960615
addr_0003663,0.0,0.12474003621040552,0.055915802517502826,0.0,0.0,0.059788331870122786
addr_0000631,0.0,0.12474003621040552,0.055915802517502826,0.0,0.0,0.059788331870122786
addr_0004209,0.0,0.12423278213050132,0.055915802517502826,0.0,0.0,0.059636155646151524
addr_0002804,0.0,0.12406765073441896,0.055915802517502826,0.0,0.0,0.05958661622732682
addr_0000977,0.0,0.11183484403423935,0.06497971685542404,0.0,0.0,0.05954233995244142
addr_0003201,0.0,0.11183484403423935,0.06497971685542404,0.0,0.0,0.05954233995244142
addr_0003653,0.0,0.11183484403423935,0.06497971685542404,0.0,0.0,0.05954233995244142
addr_0000265,0.0,0.12387982443690855,0.055915802517502826,0.0,0.0,0.05953026833807369
addr_0000215,0.0,0.12387982443690855,0.055915802517502826,0.0,0.0,0.05953026833807369
addr_0000320,0.0,0.12353621959042106,0.055915802517502826,0.0,0.0,0.059427186884127445
addr_0000016,0.0,0.12326166065907972,0.055915802517502826,0.0,0.0,0.05934481920472504
addr_0000310,0.0,0.11103917166378431,0.06497971685542404,0.0,0.0,0.05930363824130491
addr_0004774,0.0,0.11103917166378431,0.06497971685542404,0.0,0.0,0.05930363824130491
addr_0002391,0.0,0.12306764276124525,0.055915802517502826,0.0,0.0,0.0592866138353747
addr_0003205,0.0,0.12306764276124525,0.055915802517502826,0.0,0.0,0.0592866138353747
addr_0001981,0.0,0.12302180590809114,0.055915802517502826,0.0,0.0,0.05927286277942847
addr_0001281,0.0,0.1227146998145659,0.055915802517502826,0.0,0.0,0.0591807309513709
addr_0001444,0.0,0.12251718160450606,0.055915802517502826,0.0,0.0,0.05912147548835295
addr_0001525,0.0,0.11041519921245786,0.06497971685542404,0.0,0.0,0.05911644650590697
addr_0003389,0.0,0.11041519921245786,0.06497971685542404,0.0,0.0,0.05911644650590697
addr_0003639,0.0,0.11041519921245786,0.06497971685542404,0.0,0.0,0.05911644650590697
addr_0000824,0.0,0.11041519921245786,0.06497971685542404,0.0,0.0,0.05911644650590697
addr_0004632,0.0,0.12237346501568498,0.055915802517502826,0.0,0.0,0.059078360511706625
addr_0000154,0.0,0.12237346501568498,0.055915802517502826,0.0,0.0,0.059078360511706625
addr_0004987,0.0,0.12231177364876795,0.055915802517502826,0.0,0.0,0.05905985310163152
addr_0001499,0.0,0.12223118182602773,0.055915802517502826,0.0,0.0,0.059035675554809444
addr_0000668,3.0,0.020973128288469447,0.03661692975492231,0.0,0.38095238095238093,0.05903394848374786
addr_0003175,0.0,0.10998836145182563,0.06497971685542404,0.0,0.0,0.05898839517771731
addr_0000866,0.0,0.10972546276914198,0.06497971685542404,0.0,0.0,0.05890952557291221
addr_0002887,0.0,0.12526958646220054,0.052880159310318316,0.0,0.0,0.05873293966278749
addr_0004178,0.0,0.12526958646220054,0.052880159310318316,0.0,0.0,0.05873293966278749
addr_0003760,0.0,0.12081597753313222,0.055915802517502826,0.0,0.0,0.058611114266940795
addr_0002704,0.0,0.12306764276124525,0.05415539539504202,0.0,0.0,0.05858245098639038
addr_0000649,0.0,0.12029647783430049,0.055915802517502826,0.0,0.0,0.05845526435729127
addr_0001934,2.0,0.03047337597722589,0.02742320788570709,0.0,0.38095238095238093,0.058206534042688704
addr_0003266,0.0,0.12334633198196429,0.052880159310318316,0.0,0.0,0.058155963318716614
addr_0003127,0.0,0.12161829238484625,0.05415539539504202,0.0,0.0,0.05814764587347068
addr_0003317,0.0,0.12161829238484625,0.05415539539504202,0.0,0.0,0.05814764587347068
addr_0001523,2.0,0.010002587755674842,0.04251517042327914,0.0,0.38095238095238093,0.05810208259125221
addr_0001973,0.0,0.11911612917389298,0.055915802517502826,0.0,0.0,0.058101159759169026
addr_0001075,0.0,0.11911612917389298,0.055915802517502826,0.0,0.0,0.058101159759169026
addr_0003565,0.0,0.12315677320041424,0.052880159310318316,0.0,0.0,0.058099095684251596
addr_0000323,0.0,0.12315677320041424,0.052880159310318316,0.0,0.0,0.058099095684251596
addr_0001219,2.0,0.005908065701787444,0.045299244182658564,0.0,0.38095238095238093,0.05798735547883776
addr_0002465,0.0,0.12081892887666915,0.05415539539504202,0.0,0.0,0.05790783682101755
addr_0000214,0.0,0.12081892887666915,0.05415539539504202,0.0,0.0,0.05790783682101755
addr_0000340,0.0,0.12081892887666915,0.05415539539504202,0.0,0.0,0.05790783682101755
addr_0003726,0.0,0.11816338302596459,0.055915802517502826,0.0,0.0,0.0578153359147905
addr_0003921,0.0,0.12205020263345048,0.052880159310318316,0.0,0.0,0.05776712451416247
addr_0001743,0.0,0.12205020263345048,0.052880159310318316,0.0,0.0,0.05776712451416247
addr_0004653,0.0,0.1219269770894861,0.052880159310318316,0.0,0.0,0.05773015685097316
addr_0002027,0.0,0.12116997167585351,0.052880159310318316,0.0,0.0,0.05750305522688338
addr_0002051,0.0,0.12110404893179594,0.052880159310318316,0.0,0.0,0.057483278403666106
addr_0001890,0.0,0.11699226846120722,0.055915802517502826,0.0,0.0,0.0574640015453633
addr_0003171,3.0,0.004005037062813565,0.045299244182658564,0.0,0.38095238095238093,0.05741644688714559
addr_0002881,0.0,0.11682893881209344,0.055915802517502826,0.0,0.0,0.05741500265062916
addr_0004068,0.0,0.11682893881209344,0.055915802517502826,0.0,0.0,0.05741500265062916
addr_0002493,0.0,0.12073835915299734,0.052880159310318316,0.0,0.0,0.05737357147002653
addr_0001629,0.0,0.12073835915299734,0.052880159310318316,0.0,0.0,0.05737357147002653
addr_0004237,2.0,0.003807520432643239,0.045299244182658564,0.0,0.38095238095238093,0.057357191898094496
addr_0003506,0.0,0.12067245870638105,0.052880159310318316,0.0,0.0,0.05735380133604164
addr_0001167,0.0,0.12067245870638105,0.052880159310318316,0.0,0.0,0.05735380133604164
addr_0003877,0.0,0.12058019083109554,0.052880159310318316,0.0,0.0,0.05732612097345599
addr_0004157,0.0,0.12043310225664028,0.052880159310318316,0.0,0.0,0.05728199440111941
addr_0001590,0.0,0.12042331206348526,0.052880159310318316,0.0,0.0,0.0572790573431729
addr_0004297,2.0,0.03661893808621302,0.020290556440697504,0.0,0.38095238095238093,0.057197142097381005
addr_0002041,0.0,0.11582820919355812,0.055915802517502826,0.0,0.0,0.057114783765068566
addr_0004376,2.0,0.008214391953866381,0.041339098903073544,0.0,0.38095238095238093,0.05709519524262743
addr_0001277,2.0,0.02557032424372836,0.02801001585723111,0.0,0.38095238095238093,0.05697034171124905
addr_0000351,3.0,0.027916260714317333,0.025257186083561166,0.0,0.38095238095238093,0.05657299074295777
addr_0000203,0.0,0.11707752190325053,0.052880159310318316,0.0,0.0,0.05627532029510249
addr_0001388,0.0,0.11707752190325053,0.052880159310318316,0.0,0.0,0.05627532029510249
addr_0001483,0.0,0.11707752190325053,0.052880159310318316,0.0,0.0,0.05627532029510249
addr_0000742,0.0,0.11695085150010107,0.052880159310318316,0.0,0.0,0.05623731917415765
addr_0001736,0.0,0.11695085150010107,0.052880159310318316,0.0,0.0,0.05623731917415765
addr_0002338,0.0,0.1167616562039585,0.052880159310318316,0.0,0.0,0.05618056058531487
addr_0002088,2.0,0.018399899341703933,0.031274278858044735,0.0,0.38095238095238093,0.056124919440967175
addr_0000484,2.0,0.02258664827930952,0.02801001585723111,0.0,0.38095238095238093,0.0560752389219234
addr_0000726,0.0,0.11636436159322815,0.052880159310318316,0.0,0.0,0.05606137220209577
addr_0001658,0.0,0.11628383311210327,0.052880159310318316,0.0,0.0,0.05603721365775831
addr_0003685,2.0,0.02524774111330841,0.025257186083561166,0.0,0.38095238095238093,0.05577243486265509
addr_0001568,0.0,0.1100627829505068,0.0566864639499663,0.0,0.0,0.05569342046513856
addr_0000717,2.0,0.016107701700111443,0.03183837775273496,0.0,0.38095238095238093,0.055662899706365516
addr_0003478,0.0,0.1150063395955476,0.052880159310318316,0.0,0.0,0.0556539656027916
addr_0004592,2.0,0.016092180159669144,0.03182687249327367,0.0,0.38095238095238093,0.05565364114044831
addr_0000425,3.0,0.012987599528458026,0.03415489721652437,0.0,0.38095238095238093,0.055653476840385255
addr_0000084,0.0,0.1150008958514467,0.052880159310318316,0.0,0.0,0.055652332479561334
addr_0002843,0.0,0.11475314060562818,0.052880159310318316,0.0,0.0,0.055578005905815776
addr_0000393,0.0,0.11448774925079061,0.052880159310318316,0.0,0.0,0.05549838849936451
addr_0003665,0.0,0.1140454398467238,0.052880159310318316,0.0,0.0,0.055365695678144464
addr_0001118,2.0,0.02387522147141241,0.025257186083561166,0.0,0.38095238095238093,0.055360678970086286
addr_0000939,3.0,0.01423119905609695,0.03183837775273496,0.0,0.38095238095238093,0.05509994891316117
addr_0000504,2.0,0.014022073873773714,0.03183837775273496,0.0,0.38095238095238093,0.0550372113584642
addr_0002663,0.0,0.10736087511455314,0.0566864639499663,0.0,0.0,0.05488284811435246
addr_0000873,2.0,0.02052351551533712,0.025257186083561166,0.0,0.38095238095238093,0.054355167183263706
addr_0002346,0.0,0.10515593886845707,0.0566864639499663,0.0,0.0,0.05422136724052364
addr_0001371,0.0,0.10515593886845707,0.0566864639499663,0.0,0.0,0.05422136724052364
addr_0004870,3.0,0.019462957445647945,0.025257186083561166,0.0,0.38095238095238093,0.05403699976235695
addr_0003495,3.0,0.014234371127982008,0.028152999126567487,0.0,0.38095238095238093,0.0536267490842597
addr_0002600,2.0,0.019786547259060257,0.017829679064719196,0.0,0.38095238095238093,0.05116307389884386
addr_0004971,2.0,0.018232226468478115,0.017836217623477514,0.0,0.38095238095238093,0.05069939308517254
addr_0004358,2.0,0.0178903738293818,0.017836217623477514,0.0,0.38095238095238093,0.05059683729344364
addr_0003940,2.0,0.009971383982722267,0.019260743560406857,0.0,0.38095238095238093,0.04879095071421752
addr_0003341,2.0,0.009589730246275307,0.01925369302346972,0.0,0.38095238095238093,0.04867363437850858
addr_0004944,3.0,0.007785046089899386,0.019814435133278727,0.0,0.38095238095238093,0.048356525975519406
addr_0003729,0.0,0.11041519921245786,0.03618522575535895,0.0,0.0,0.04759865006588094
addr_0003564,0.0,0.11016564689519524,0.03618522575535895,0.0,0.0,0.047523784370702156
addr_0000918,0.0,0.10879374655408788,0.03618522575535895,0.0,0.0,0.047112214268369944
addr_0001040,0.0,0.10879374655408788,0.03618522575535895,0.0,0.0,0.047112214268369944
addr_0004786,0.0,0.1076191498387615,0.03618522575535895,0.0,0.0,0.04675983525377203
addr_0003597,0.0,0.11190253645732087,0.032300308359503906,0.0,0.0,0.046490884280997825
addr_0003854,0.0,0.11190253645732087,0.032300308359503906,0.0,0.0,0.046490884280997825
addr_0004320,0.0,0.11190253645732087,0.032300308359503906,0.0,0.0,0.046490884280997825
addr_0002718,0.0,0.10656855212241174,0.036033499454499074,0.0,0.0,0.04638396541852315
addr_0001007,0.0,0.1110457254976271,0.032300308359503906,0.0,0.0,0.04623384099308969
addr_0002591,0.0,0.10548698600083715,0.036033499454499074,0.0,0.0,0.046059495582050775
addr_0004878,0.0,0.11045080666216049,0.032300308359503906,0.0,0.0,0.04605536534244971
addr_0004654,0.0,0.11045080666216049,0.032300308359503906,0.0,0.0,0.04605536534244971
addr_0000936,0.0,0.11003152812691064,0.032300308359503906,0.0,0.0,0.04592958178187475
addr_0001862,0.0,0.10465644800144973,0.036033499454499074,0.0,0.0,0.04581033418223455
addr_0004010,0.0,0.10449470245363766,0.036033499454499074,0.0,0.0,0.04576181051789093
addr_0001687,0.0,0.10449470245363766,0.036033499454499074,0.0,0.0,0.04576181051789093
addr_0003159,0.0,0.10923942032437034,0.032300308359503906,0.0,0.0,0.04569194944111266
addr_0004128,0.0,0.10896447734035446,0.032300308359503906,0.0,0.0,0.0456094665459079
addr_0003791,0.0,0.10886743786832749,0.032300308359503906,0.0,0.0,0.04558035470429981
addr_0004334,0.0,0.10866037409364468,0.032300308359503906,0.0,0.0,0.045518235571894966
addr_0004873,0.0,0.10866037409364468,0.032300308359503906,0.0,0.0,0.045518235571894966
addr_0001575,0.0,0.10833125473977524,0.032300308359503906,0.0,0.0,0.04541949976573413
addr_0003077,0.0,0.10797278472009166,0.032300308359503906,0.0,0.0,0.04531195875982906
addr_0003406,0.0,0.10797278472009166,0.032300308359503906,0.0,0.0,0.04531195875982906
addr_0003626,0.0,0.10685609002797371,0.032300308359503906,0.0,0.0,0.04497695035219367
addr_0000518,0.0,0.10645379410753021,0.032300308359503906,0.0,0.0,0.044856261576060624
addr_0000195,0.0,0.10645379410753021,0.032300308359503906,0.0,0.0,0.044856261576060624
addr_0000230,0.0,0.10626539350228158,0.032300308359503906,0.0,0.0,0.04479974139448603
addr_0001713,0.0,0.10613812347213446,0.032300308359503906,0.0,0.0,0.0447615603854419
addr_0001720,0.0,0.10613812347213446,0.032300308359503906,0.0,0.0,0.0447615603854419
addr_0003490,0.0,0.10613812347213446,0.032300308359503906,0.0,0.0,0.0447615603854419
addr_0004746,0.0,0.10587088681579132,0.032300308359503906,0.0,0.0,0.04468138938853896
addr_0002897,0.0,0.10567901582277485,0.032300308359503906,0.0,0.0,0.04462382809063402
addr_0003096,0.0,0.1056159295934324,0.032300308359503906,0.0,0.0,0.04460490222183128
addr_0003044,0.0,0.1052738612696909,0.032300308359503906,0.0,0.0,0.04450228172470883
addr_0000027,0.0,0.1052738612696909,0.032300308359503906,0.0,0.0,0.04450228172470883
addr_0001364,0.0,0.10517072877254799,0.032300308359503906,0.0,0.0,0.04447134197556596
addr_0004865,0.0,0.10517072877254799,0.032300308359503906,0.0,0.0,0.04447134197556596
addr_0003672,0.0,0.10517072877254799,0.032300308359503906,0.0,0.0,0.04447134197556596
addr_0003622,0.0,0.10464349645871633,0.032300308359503906,0.0,0.0,0.04431317228141646
addr_0001666,0.0,0.10417917305998335,0.032300308359503906,0.0,0.0,0.044173875261796565
addr_0000564,0.0,0.10342102960149463,0.032300308359503906,0.0,0.0,0.043946432224249946
addr_0000932,0.0,0.10323976377692298,0.032300308359503906,0.0,0.0,0.043892052476878454
addr_0002378,0.0,0.10305844810546118,0.032300308359503906,0.0,0.0,0.043837657775439916
addr_0000746,0.0,0.1023567904929334,0.032300308359503906,0.0,0.0,0.04362716049168158
addr_0003555,0.0,0.1023567904929334,0.032300308359503906,0.0,0.0,0.04362716049168158
addr_0002676,0.0,0.1023567904929334,0.032300308359503906,0.0,0.0,0.04362716049168158
addr_0003126,0.0,0.1023567904929334,0.032300308359503906,0.0,0.0,0.04362716049168158
addr_0004745,0.0,0.1022076189110973,0.032300308359503906,0.0,0.0,0.04358240901713075
addr_0001516,0.0,0.10118817689743428,0.032300308359503906,0.0,0.0,0.04327657641303184
addr_0001164,0.0,0.1010539686518587,0.032300308359503906,0.0,0.0,0.04323631393935917
