txId,output_address
tx_0001678,addr_0000064
tx_0001195,addr_0002346
tx_0000645,addr_0002242
tx_0000855,addr_0001711
tx_0000957,addr_0001405
tx_0001315,addr_0002710
tx_0002339,addr_0000521
tx_0000520,addr_0002142
tx_0002293,addr_0001094
tx_0000412,addr_0000060
tx_0001212,addr_0003041
tx_0002841,addr_0003002
tx_0000610,addr_0000374
tx_0000653,addr_0002271
tx_0002687,addr_0004516
tx_0002428,addr_0001810
tx_0001008,addr_0001251
tx_0000789,addr_0001067
tx_0000934,addr_0002322
tx_0000369,addr_0003793
tx_0001811,addr_0001194
tx_0002500,addr_0003720
tx_0001654,addr_0002538
tx_0001862,addr_0002445
tx_0002767,addr_0000670
tx_0000881,addr_0003035
tx_0002058,addr_0002437
tx_0000716,addr_0002732
tx_0002959,addr_0001221
tx_0001494,addr_0001384
tx_0000978,addr_0001288
tx_0001593,addr_0003761
tx_0002890,addr_0001844
tx_0002077,addr_0000986
tx_0000067,addr_0001482
tx_0001863,addr_0004739
tx_0001345,addr_0004351
tx_0000614,addr_0004893
tx_0002456,addr_0004200
tx_0002010,addr_0002176
tx_0000081,addr_0002830
tx_0001684,addr_0001777
tx_0002913,addr_0003853
tx_0001810,addr_0001823
tx_0000476,addr_0003493
tx_0001311,addr_0002997
tx_0002026,addr_0002586
tx_0001000,addr_0001669
tx_0002658,addr_0004313
tx_0001133,addr_0000813
tx_0002267,addr_0000853
tx_0001629,addr_0001391
tx_0000841,addr_0000203
tx_0001804,addr_0000259
tx_0002542,addr_0002424
tx_0002749,addr_0001426
tx_0001451,addr_0000386
tx_0000730,addr_0001376
tx_0000126,addr_0004459
tx_0002660,addr_0003597
tx_0000372,addr_0002083
tx_0000513,addr_0002618
tx_0001759,addr_0000242
tx_0002303,addr_0002998
tx_0001774,addr_0004752
tx_0001013,addr_0004705
tx_0002693,addr_0000805
tx_0002840,addr_0001140
tx_0001374,addr_0004999
tx_0000309,addr_0001349
tx_0000510,addr_0000030
tx_0001350,addr_0003398
tx_0000359,addr_0003163
tx_0001764,addr_0002087
tx_0001910,addr_0004741
tx_0001417,addr_0004069
tx_0000278,addr_0002575
tx_0001246,addr_0004632
tx_0000854,addr_0002571
tx_0001097,addr_0003842
tx_0002682,addr_0004492
tx_0002938,addr_0001833
tx_0001536,addr_0003184
tx_0000412,addr_0001710
tx_0000705,addr_0004030
tx_0001263,addr_0002332
tx_0002882,addr_0003737
tx_0002228,addr_0002823
tx_0001831,addr_0000044
tx_0002390,addr_0002601
tx_0001560,addr_0000043
tx_0002253,addr_0002522
tx_0001312,addr_0003323
tx_0002986,addr_0004873
tx_0000888,addr_0003473
tx_0001765,addr_0001280
tx_0001313,addr_0004733
tx_0001382,addr_0002580
tx_0002728,addr_0003594
tx_0000230,addr_0001231
tx_0001592,addr_0001061
tx_0000257,addr_0002734
tx_0000872,addr_0000248
tx_0000291,addr_0003421
tx_0002999,addr_0001373
tx_0001218,addr_0001159
tx_0000410,addr_0001924
tx_0002541,addr_0000847
tx_0001267,addr_0000949
tx_0001938,addr_0001321
tx_0000554,addr_0001468
tx_0001374,addr_0002170
tx_0000617,addr_0000043
tx_0001664,addr_0004028
tx_0000818,addr_0003004
tx_0001265,addr_0004556
tx_0000509,addr_0004021
tx_0001975,addr_0000882
tx_0002609,addr_0004813
tx_0000465,addr_0001409
tx_0001777,addr_0004810
tx_0001621,addr_0002770
tx_0002594,addr_0004763
tx_0002893,addr_0002652
tx_0002698,addr_0004675
tx_0000008,addr_0001400
tx_0002280,addr_0002699
tx_0000421,addr_0001831
tx_0001608,addr_0001079
tx_0001089,addr_0000903
tx_0001031,addr_0002869
tx_0000247,addr_0003098
tx_0001844,addr_0001158
tx_0001890,addr_0001184
tx_0001690,addr_0002589
tx_0002750,addr_0004485
tx_0001832,addr_0004882
tx_0000404,addr_0003604
tx_0002187,addr_0004056
tx_0000701,addr_0003377
tx_0002528,addr_0002436
tx_0002923,addr_0002168
tx_0002326,addr_0004561
tx_0000294,addr_0003561
tx_0000136,addr_0002869
tx_0001716,addr_0001803
tx_0000680,addr_0002291
tx_0002383,addr_0003217
tx_0001109,addr_0004650
tx_0002699,addr_0002006
tx_0000029,addr_0003763
tx_0002879,addr_0002185
tx_0000782,addr_0001725
tx_0001238,addr_0000251
tx_0000175,addr_0001273
tx_0002326,addr_0001084
tx_0002813,addr_0003885
tx_0001613,addr_0001832
tx_0001966,addr_0003160
tx_0001627,addr_0002927
tx_0000397,addr_0002784
tx_0002856,addr_0003012
tx_0002487,addr_0001488
tx_0002313,addr_0000625
tx_0001232,addr_0003703
tx_0000080,addr_0003404
tx_0001906,addr_0000922
tx_0001294,addr_0001197
tx_0001078,addr_0002835
tx_0002242,addr_0002143
tx_0001633,addr_0000670
tx_0000813,addr_0003973
tx_0000094,addr_0001444
tx_0002194,addr_0001501
tx_0000792,addr_0001380
tx_0001224,addr_0002967
tx_0000460,addr_0001067
tx_0001594,addr_0003867
tx_0002138,addr_0003789
tx_0002722,addr_0003530
tx_0001545,addr_0000315
tx_0002560,addr_0001814
tx_0002695,addr_0001406
tx_0001947,addr_0003859
tx_0001454,addr_0004060
tx_0001700,addr_0000058
tx_0001367,addr_0000029
tx_0002306,addr_0003553
tx_0002999,addr_0003716
tx_0001964,addr_0000797
tx_0000147,addr_0003937
tx_0002238,addr_0000872
tx_0000868,addr_0001619
tx_0002646,addr_0000642
tx_0001734,addr_0002575
tx_0000357,addr_0003309
tx_0000044,addr_0000958
tx_0001603,addr_0004277
tx_0001305,addr_0003997
tx_0000839,addr_0001186
tx_0001039,addr_0002441
tx_0001196,addr_0002103
tx_0001854,addr_0002372
tx_0002446,addr_0001680
tx_0001320,addr_0004680
tx_0001280,addr_0002866
tx_0002835,addr_0003284
tx_0002199,addr_0001890
tx_0001530,addr_0000516
tx_0002982,addr_0000813
tx_0001972,addr_0004830
tx_0001255,addr_0003946
tx_0000013,addr_0000481
tx_0002728,addr_0002506
tx_0002217,addr_0001488
tx_0002456,addr_0001757
tx_0002013,addr_0003442
tx_0002979,addr_0003787
tx_0002207,addr_0001499
tx_0002943,addr_0002376
tx_0000793,addr_0001096
tx_0000829,addr_0004473
tx_0001548,addr_0002298
tx_0000046,addr_0001930
tx_0000297,addr_0003363
tx_0001367,addr_0001958
tx_0002035,addr_0002652
tx_0000432,addr_0001798
tx_0001305,addr_0002146
tx_0001895,addr_0000718
tx_0001439,addr_0003895
tx_0001533,addr_0000170
tx_0000359,addr_0001364
tx_0000796,addr_0001820
tx_0000583,addr_0002772
tx_0002831,addr_0004290
tx_0000435,addr_0004623
tx_0000838,addr_0000269
tx_0000660,addr_0003917
tx_0001163,addr_0001567
tx_0000250,addr_0003894
tx_0001100,addr_0000562
tx_0002824,addr_0000566
tx_0001065,addr_0004600
tx_0000216,addr_0001830
tx_0000119,addr_0000639
tx_0002688,addr_0002558
tx_0001372,addr_0001795
tx_0000975,addr_0002791
tx_0002500,addr_0003576
tx_0002913,addr_0004632
tx_0001321,addr_0001978
tx_0001170,addr_0001713
tx_0002598,addr_0003422
tx_0002891,addr_0004324
tx_0002678,addr_0000871
tx_0000399,addr_0001730
tx_0001872,addr_0001534
tx_0001555,addr_0000380
tx_0001314,addr_0004901
tx_0002893,addr_0003845
tx_0001779,addr_0003349
tx_0002765,addr_0001801
tx_0001396,addr_0002988
tx_0002418,addr_0003210
tx_0001588,addr_0000625
tx_0000117,addr_0003805
tx_0002077,addr_0002368
tx_0002916,addr_0004609
tx_0001433,addr_0000348
tx_0001520,addr_0002854
tx_0002552,addr_0002885
tx_0002956,addr_0003667
tx_0002926,addr_0003583
tx_0002811,addr_0001224
tx_0002008,addr_0004548
tx_0000349,addr_0001737
tx_0002627,addr_0001720
tx_0000395,addr_0001183
tx_0000535,addr_0000105
tx_0002636,addr_0004629
tx_0001079,addr_0004840
tx_0000842,addr_0004713
tx_0002106,addr_0002745
tx_0002471,addr_0000310
tx_0000907,addr_0001380
tx_0002545,addr_0002919
tx_0001582,addr_0004795
tx_0000825,addr_0004354
tx_0002813,addr_0004705
tx_0002046,addr_0000352
tx_0000003,addr_0004071
tx_0000136,addr_0003107
tx_0002680,addr_0002201
tx_0001108,addr_0002370
tx_0000603,addr_0004485
tx_0000924,addr_0004002
tx_0002822,addr_0004405
tx_0000083,addr_0001461
tx_0001069,addr_0000479
tx_0001959,addr_0003832
tx_0002935,addr_0004100
tx_0000630,addr_0000993
tx_0001901,addr_0001454
tx_0002664,addr_0004457
tx_0002059,addr_0003040
tx_0000280,addr_0004226
tx_0002899,addr_0004220
tx_0001901,addr_0002175
tx_0001906,addr_0000068
tx_0002157,addr_0001561
tx_0000398,addr_0003778
tx_0000607,addr_0003274
tx_0000699,addr_0001355
tx_0002790,addr_0002750
tx_0000606,addr_0000771
tx_0000234,addr_0001028
tx_0001822,addr_0000242
tx_0001650,addr_0003229
tx_0000428,addr_0000630
tx_0001517,addr_0001388
tx_0001113,addr_0002652
tx_0002701,addr_0004847
tx_0000678,addr_0002342
tx_0002054,addr_0003466
tx_0000060,addr_0004768
tx_0000290,addr_0001853
tx_0001180,addr_0001561
tx_0001321,addr_0003921
tx_0001832,addr_0002084
tx_0000583,addr_0003209
tx_0001334,addr_0002361
tx_0001142,addr_0001858
tx_0002402,addr_0001786
tx_0002467,addr_0003626
tx_0002470,addr_0003729
tx_0001758,addr_0003975
tx_0000399,addr_0004693
tx_0000708,addr_0004749
tx_0002227,addr_0004200
tx_0002348,addr_0002333
tx_0002431,addr_0002500
tx_0000309,addr_0002156
tx_0001397,addr_0002229
tx_0002041,addr_0003237
tx_0000766,addr_0002815
tx_0002210,addr_0002755
tx_0002616,addr_0004827
tx_0000340,addr_0002397
tx_0001192,addr_0001579
tx_0001127,addr_0001383
tx_0000638,addr_0001524
tx_0002669,addr_0002060
tx_0001956,addr_0002767
tx_0002207,addr_0003657
tx_0000373,addr_0000726
tx_0002445,addr_0003296
tx_0001922,addr_0004091
tx_0002262,addr_0001650
tx_0000763,addr_0001500
tx_0000822,addr_0000596
tx_0000348,addr_0000079
tx_0000752,addr_0000000
tx_0001524,addr_0000449
tx_0001191,addr_0003667
tx_0000272,addr_0003150
tx_0000476,addr_0001832
tx_0000527,addr_0004561
tx_0001117,addr_0001273
tx_0002652,addr_0000141
tx_0002951,addr_0004582
tx_0002546,addr_0000913
tx_0002388,addr_0004386
tx_0000204,addr_0003359
tx_0001847,addr_0004964
tx_0002979,addr_0002894
tx_0001422,addr_0001742
tx_0002638,addr_0001796
tx_0001752,addr_0002223
tx_0001529,addr_0003198
tx_0001292,addr_0002188
tx_0000139,addr_0000731
tx_0002487,addr_0001010
tx_0001642,addr_0004584
tx_0000447,addr_0000994
tx_0000954,addr_0003546
tx_0001377,addr_0003720
tx_0001626,addr_0000473
tx_0000417,addr_0003701
tx_0002907,addr_0000884
tx_0001272,addr_0001705
tx_0001641,addr_0004143
tx_0000985,addr_0000432
tx_0000862,addr_0001146
tx_0001278,addr_0004167
tx_0002474,addr_0000441
tx_0001014,addr_0001948
tx_0001496,addr_0000802
tx_0002338,addr_0000954
tx_0002559,addr_0001299
tx_0002927,addr_0001897
tx_0002932,addr_0004341
tx_0000249,addr_0003417
tx_0002637,addr_0003858
tx_0000535,addr_0004065
tx_0000699,addr_0004207
tx_0002841,addr_0004926
tx_0000545,addr_0004239
tx_0001897,addr_0002599
tx_0002665,addr_0001207
tx_0002944,addr_0002898
tx_0002326,addr_0001885
tx_0001671,addr_0000079
tx_0000278,addr_0002727
tx_0002147,addr_0002793
tx_0000867,addr_0003948
tx_0000860,addr_0003323
tx_0002493,addr_0000594
tx_0001302,addr_0000463
tx_0002679,addr_0004397
tx_0002732,addr_0004724
tx_0002415,addr_0003596
tx_0001244,addr_0004608
tx_0002194,addr_0003088
tx_0001486,addr_0003456
tx_0001248,addr_0000925
tx_0001445,addr_0004359
tx_0000242,addr_0003389
tx_0002664,addr_0000774
tx_0000979,addr_0000671
tx_0001531,addr_0002041
tx_0001075,addr_0000008
tx_0002903,addr_0001048
tx_0002784,addr_0000952
tx_0002311,addr_0000193
tx_0002162,addr_0000277
tx_0000225,addr_0002229
tx_0000856,addr_0003149
tx_0002173,addr_0003101
tx_0001292,addr_0003958
tx_0001816,addr_0002912
tx_0001101,addr_0004583
tx_0000315,addr_0001343
tx_0001246,addr_0002464
tx_0000608,addr_0000284
tx_0001137,addr_0002363
tx_0000667,addr_0003987
tx_0000815,addr_0000706
tx_0002629,addr_0003970
tx_0002296,addr_0003268
tx_0001897,addr_0001922
tx_0001022,addr_0002378
tx_0002329,addr_0004551
tx_0001072,addr_0001123
tx_0002401,addr_0003559
tx_0000961,addr_0000242
tx_0002797,addr_0003520
tx_0001945,addr_0004727
tx_0000689,addr_0001381
tx_0001944,addr_0003743
tx_0001832,addr_0001776
tx_0002143,addr_0004504
tx_0000900,addr_0004988
tx_0000249,addr_0002528
tx_0000426,addr_0000076
tx_0002219,addr_0004977
tx_0002877,addr_0004539
tx_0000607,addr_0004180
tx_0000387,addr_0004532
tx_0001276,addr_0000128
tx_0002368,addr_0003308
tx_0000489,addr_0004371
tx_0001042,addr_0004179
tx_0001317,addr_0003899
tx_0000300,addr_0004644
tx_0002867,addr_0001912
tx_0001527,addr_0004537
tx_0000074,addr_0004754
tx_0002343,addr_0000076
tx_0001989,addr_0003850
tx_0002662,addr_0002118
tx_0000973,addr_0002626
tx_0002458,addr_0002261
tx_0002838,addr_0004279
tx_0000749,addr_0000086
tx_0000401,addr_0003715
tx_0000039,addr_0004510
tx_0002815,addr_0001703
tx_0001246,addr_0001257
tx_0002508,addr_0001736
tx_0002445,addr_0002880
tx_0002471,addr_0000523
tx_0002942,addr_0004763
tx_0002008,addr_0003469
tx_0002451,addr_0000404
tx_0002995,addr_0004650
tx_0001504,addr_0003201
tx_0000285,addr_0001358
tx_0001508,addr_0004061
tx_0000486,addr_0000838
tx_0002247,addr_0002704
tx_0002077,addr_0003433
tx_0001009,addr_0001194
tx_0000932,addr_0003397
tx_0001100,addr_0000520
tx_0002323,addr_0002128
tx_0000391,addr_0002524
tx_0001229,addr_0001457
tx_0002200,addr_0001540
tx_0002862,addr_0000811
tx_0002249,addr_0003574
tx_0001095,addr_0004597
tx_0001309,addr_0004530
tx_0002943,addr_0001269
tx_0000519,addr_0000800
tx_0000562,addr_0002397
tx_0000279,addr_0002269
tx_0000150,addr_0002955
tx_0000656,addr_0003057
tx_0001933,addr_0002008
tx_0000464,addr_0000393
tx_0000584,addr_0000011
tx_0001535,addr_0000332
tx_0000034,addr_0002240
tx_0002114,addr_0001343
tx_0001652,addr_0001227
tx_0002207,addr_0004483
tx_0002793,addr_0002898
tx_0001028,addr_0004440
tx_0001375,addr_0002714
tx_0000831,addr_0003824
tx_0001725,addr_0000649
tx_0002146,addr_0004580
tx_0000204,addr_0000221
tx_0002543,addr_0000835
tx_0000296,addr_0000340
tx_0000721,addr_0002727
tx_0000259,addr_0000776
tx_0002230,addr_0000928
tx_0001069,addr_0000076
tx_0001485,addr_0000486
tx_0002768,addr_0004574
tx_0000414,addr_0001142
tx_0000220,addr_0001553
tx_0002481,addr_0000950
tx_0002311,addr_0003953
tx_0002861,addr_0004531
tx_0002234,addr_0001556
tx_0001977,addr_0004074
tx_0002772,addr_0003537
tx_0001085,addr_0000701
tx_0000297,addr_0002157
tx_0002823,addr_0004636
tx_0000115,addr_0000713
tx_0001239,addr_0003829
tx_0001904,addr_0002131
tx_0000906,addr_0003711
tx_0002920,addr_0004500
tx_0000359,addr_0004434
tx_0000423,addr_0000959
tx_0000493,addr_0003816
tx_0000227,addr_0000195
tx_0001740,addr_0002182
tx_0000111,addr_0001899
tx_0002356,addr_0003370
tx_0002388,addr_0004417
tx_0002703,addr_0000191
tx_0000806,addr_0001235
tx_0001491,addr_0000902
tx_0002218,addr_0000493
tx_0002698,addr_0002766
tx_0002277,addr_0003554
tx_0001108,addr_0001118
tx_0001073,addr_0004740
tx_0002447,addr_0004464
tx_0000850,addr_0002067
tx_0002388,addr_0001817
tx_0001159,addr_0000935
tx_0002378,addr_0001511
tx_0002743,addr_0001417
tx_0001359,addr_0003423
tx_0001880,addr_0002028
tx_0002796,addr_0001996
tx_0001495,addr_0004819
tx_0000376,addr_0003997
tx_0002778,addr_0004161
tx_0000262,addr_0003536
tx_0001917,addr_0000738
tx_0002470,addr_0003231
tx_0001894,addr_0002419
tx_0001594,addr_0003056
tx_0000980,addr_0001150
tx_0000127,addr_0004603
tx_0001269,addr_0000792
tx_0001903,addr_0004408
tx_0001728,addr_0000555
tx_0001331,addr_0001770
tx_0002930,addr_0000233
tx_0001311,addr_0004959
tx_0000815,addr_0002015
tx_0000669,addr_0004570
tx_0000780,addr_0001708
tx_0002542,addr_0003201
tx_0001931,addr_0002517
tx_0002400,addr_0004809
tx_0000095,addr_0003266
tx_0002181,addr_0000184
tx_0000092,addr_0001125
tx_0002689,addr_0001390
tx_0002297,addr_0000887
tx_0000001,addr_0000956
tx_0000991,addr_0000133
tx_0000228,addr_0003707
tx_0001275,addr_0004095
tx_0000442,addr_0002636
tx_0001216,addr_0003647
tx_0002306,addr_0001342
tx_0000528,addr_0003672
tx_0001236,addr_0003789
tx_0000192,addr_0000637
tx_0000592,addr_0000155
tx_0002555,addr_0001013
tx_0000361,addr_0003789
tx_0000765,addr_0003070
tx_0002297,addr_0003666
tx_0002916,addr_0000946
tx_0001727,addr_0003052
tx_0002161,addr_0003264
tx_0002837,addr_0002315
tx_0001487,addr_0003724
tx_0001411,addr_0002626
tx_0000071,addr_0004319
tx_0000761,addr_0004573
tx_0000443,addr_0002864
tx_0001542,addr_0001952
tx_0001057,addr_0002504
tx_0001681,addr_0001092
tx_0000340,addr_0004808
tx_0002043,addr_0000990
tx_0001654,addr_0003462
tx_0002164,addr_0000857
tx_0002868,addr_0004027
tx_0000818,addr_0003800
tx_0000989,addr_0001132
tx_0002006,addr_0000041
tx_0001073,addr_0002869
tx_0002902,addr_0004307
tx_0000892,addr_0001676
tx_0001926,addr_0004733
tx_0002526,addr_0002581
tx_0000638,addr_0003925
tx_0000238,addr_0002000
tx_0001181,addr_0001600
tx_0002547,addr_0001558
tx_0001006,addr_0001598
tx_0002042,addr_0001386
tx_0000462,addr_0000963
tx_0002254,addr_0002582
tx_0002646,addr_0003899
tx_0002932,addr_0002714
tx_0000014,addr_0001866
tx_0001808,addr_0000621
tx_0001726,addr_0004673
tx_0002451,addr_0000053
tx_0002499,addr_0002319
tx_0001340,addr_0000735
tx_0001283,addr_0000982
tx_0002366,addr_0000783
tx_0001027,addr_0001336
tx_0002921,addr_0003057
tx_0001064,addr_0002457
tx_0000673,addr_0002581
tx_0002234,addr_0003802
tx_0001909,addr_0000341
tx_0002348,addr_0001046
tx_0002895,addr_0001149
tx_0002791,addr_0001333
tx_0002804,addr_0002044
tx_0001733,addr_0002944
tx_0001925,addr_0000945
tx_0001440,addr_0004571
tx_0002531,addr_0002293
tx_0002681,addr_0004285
tx_0000823,addr_0003441
tx_0002391,addr_0002027
tx_0002523,addr_0000381
tx_0001958,addr_0004536
tx_0000264,addr_0001752
tx_0000217,addr_0004817
tx_0000482,addr_0003906
tx_0002272,addr_0001889
tx_0000979,addr_0003278
tx_0000650,addr_0000455
tx_0000996,addr_0002358
tx_0002165,addr_0002168
tx_0001555,addr_0003147
tx_0002478,addr_0002371
tx_0002172,addr_0003630
tx_0002157,addr_0000543
tx_0002564,addr_0004166
tx_0002746,addr_0004135
tx_0001928,addr_0003589
tx_0001757,addr_0001565
tx_0001996,addr_0003199
tx_0002874,addr_0002926
tx_0001541,addr_0001561
tx_0001380,addr_0000458
tx_0001086,addr_0000246
tx_0001564,addr_0004132
tx_0001392,addr_0003317
tx_0000857,addr_0002357
tx_0001582,addr_0000528
tx_0002926,addr_0004808
tx_0000632,addr_0003824
tx_0002047,addr_0004691
tx_0001647,addr_0004500
tx_0000065,addr_0002809
tx_0002773,addr_0003503
tx_0001550,addr_0004473
tx_0002467,addr_0001726
tx_0001632,addr_0004860
tx_0002340,addr_0000985
tx_0000166,addr_0001001
tx_0002511,addr_0002183
tx_0001558,addr_0002312
tx_0001721,addr_0003595
tx_0002932,addr_0000668
tx_0000583,addr_0003982
tx_0002209,addr_0000154
tx_0000954,addr_0004719
tx_0000624,addr_0004500
tx_0002105,addr_0001416
tx_0000700,addr_0001165
tx_0002083,addr_0002155
tx_0002387,addr_0000341
tx_0001244,addr_0004899
tx_0002213,addr_0003860
tx_0002312,addr_0001575
tx_0000887,addr_0001032
tx_0002920,addr_0001186
tx_0002131,addr_0002573
tx_0002739,addr_0000288
tx_0002269,addr_0004400
tx_0001293,addr_0004790
tx_0002153,addr_0001471
tx_0000474,addr_0002792
tx_0002163,addr_0004880
tx_0000486,addr_0001355
tx_0000058,addr_0002142
tx_0001847,addr_0003022
tx_0001944,addr_0001788
tx_0000893,addr_0003809
tx_0002973,addr_0004151
tx_0000012,addr_0003870
tx_0001969,addr_0001844
tx_0000518,addr_0000526
tx_0000829,addr_0000171
tx_0000428,addr_0001016
tx_0002508,addr_0004187
tx_0002986,addr_0000177
tx_0001484,addr_0000511
tx_0002223,addr_0000637
tx_0002835,addr_0003918
tx_0000099,addr_0000974
tx_0002911,addr_0000421
tx_0000121,addr_0000796
tx_0001143,addr_0003180
tx_0001215,addr_0004015
tx_0000811,addr_0003532
tx_0000906,addr_0002436
tx_0002238,addr_0004855
tx_0002271,addr_0000601
tx_0001132,addr_0003695
tx_0002465,addr_0002651
tx_0001689,addr_0000075
tx_0000221,addr_0002408
tx_0002567,addr_0001296
tx_0000366,addr_0004074
tx_0000830,addr_0001473
tx_0002405,addr_0003990
tx_0002358,addr_0001627
tx_0002040,addr_0000936
tx_0000115,addr_0002975
tx_0002214,addr_0000414
tx_0001446,addr_0002728
tx_0001126,addr_0000899
tx_0001936,addr_0002250
tx_0002100,addr_0000327
tx_0000200,addr_0001844
tx_0000286,addr_0001905
tx_0002369,addr_0001398
tx_0002645,addr_0001717
tx_0001007,addr_0000261
tx_0001518,addr_0002464
tx_0001889,addr_0000577
tx_0000349,addr_0000050
tx_0000131,addr_0000834
tx_0000600,addr_0002836
tx_0000398,addr_0003945
tx_0002320,addr_0001052
tx_0001110,addr_0003065
tx_0002117,addr_0001564
tx_0000990,addr_0001107
tx_0001792,addr_0002676
tx_0002111,addr_0000345
tx_0001511,addr_0003650
tx_0002225,addr_0001458
tx_0000748,addr_0001985
tx_0002369,addr_0003892
tx_0000878,addr_0003208
tx_0000288,addr_0000790
tx_0002963,addr_0001463
tx_0002474,addr_0002015
tx_0001638,addr_0004912
tx_0002844,addr_0001248
tx_0001978,addr_0004123
tx_0000939,addr_0000111
tx_0000612,addr_0002690
tx_0001146,addr_0002859
tx_0000252,addr_0001164
tx_0000627,addr_0004479
tx_0002314,addr_0002848
tx_0001723,addr_0001739
tx_0001157,addr_0004308
tx_0002050,addr_0001764
tx_0001218,addr_0001566
tx_0000844,addr_0003071
tx_0000724,addr_0004609
tx_0002912,addr_0000880
tx_0002373,addr_0003502
tx_0001277,addr_0003099
tx_0000895,addr_0000986
tx_0000291,addr_0004510
tx_0002317,addr_0004421
tx_0002313,addr_0003951
tx_0001447,addr_0001175
tx_0001746,addr_0000659
tx_0002259,addr_0003404
tx_0001706,addr_0002467
tx_0001489,addr_0003907
tx_0000785,addr_0001544
tx_0001510,addr_0001800
tx_0000068,addr_0001490
tx_0001713,addr_0003493
tx_0001159,addr_0004036
tx_0000068,addr_0004763
tx_0002235,addr_0003739
tx_0000887,addr_0003744
tx_0002387,addr_0004051
tx_0000475,addr_0004662
tx_0002573,addr_0004954
tx_0002487,addr_0001940
tx_0000034,addr_0000771
tx_0000018,addr_0004479
tx_0001897,addr_0002099
tx_0002595,addr_0002156
tx_0000532,addr_0001793
tx_0000506,addr_0004775
tx_0001935,addr_0003869
tx_0000478,addr_0001324
tx_0000175,addr_0001768
tx_0002973,addr_0002171
tx_0002948,addr_0002299
tx_0002339,addr_0003618
tx_0000349,addr_0002303
tx_0000983,addr_0001845
tx_0002704,addr_0000065
tx_0002979,addr_0003408
tx_0000364,addr_0001066
tx_0001816,addr_0004799
tx_0002608,addr_0003998
tx_0000166,addr_0001982
tx_0002671,addr_0002530
tx_0000074,addr_0001296
tx_0001927,addr_0001753
tx_0000447,addr_0004622
tx_0000629,addr_0003513
tx_0002533,addr_0001251
tx_0002154,addr_0004533
tx_0002603,addr_0001979
tx_0002071,addr_0003652
tx_0000479,addr_0000561
tx_0000228,addr_0001466
tx_0002742,addr_0002990
tx_0002733,addr_0000783
tx_0002231,addr_0004975
tx_0000858,addr_0004926
tx_0002241,addr_0000759
tx_0002535,addr_0003400
tx_0001026,addr_0003515
tx_0002217,addr_0000921
tx_0002442,addr_0001019
tx_0000937,addr_0002152
tx_0001482,addr_0004443
tx_0002119,addr_0001750
tx_0002996,addr_0001518
tx_0000181,addr_0000764
tx_0001229,addr_0000950
tx_0001289,addr_0003525
tx_0000103,addr_0003415
tx_0001174,addr_0000607
tx_0000588,addr_0001811
tx_0001760,addr_0004068
tx_0002326,addr_0004695
tx_0002445,addr_0001383
tx_0002700,addr_0003260
tx_0002696,addr_0002424
tx_0000232,addr_0002302
tx_0001827,addr_0001290
tx_0000256,addr_0000312
tx_0002420,addr_0001292
tx_0001192,addr_0000970
tx_0001455,addr_0002269
tx_0000572,addr_0002903
tx_0000148,addr_0001103
tx_0000711,addr_0002397
tx_0001476,addr_0000605
tx_0002653,addr_0001100
tx_0001910,addr_0000381
tx_0001975,addr_0004733
tx_0002509,addr_0003642
tx_0001817,addr_0001127
tx_0001368,addr_0004415
tx_0000751,addr_0000506
tx_0001021,addr_0001481
tx_0000671,addr_0003020
tx_0001885,addr_0004065
tx_0000063,addr_0003189
tx_0001331,addr_0002861
tx_0000169,addr_0002669
tx_0001646,addr_0000850
tx_0002757,addr_0002187
tx_0002992,addr_0004363
tx_0001550,addr_0004946
tx_0000795,addr_0000093
tx_0000351,addr_0004607
tx_0002688,addr_0003762
tx_0001256,addr_0004848
tx_0001944,addr_0003360
tx_0002418,addr_0003701
tx_0000990,addr_0001344
tx_0001782,addr_0004803
tx_0001129,addr_0001672
tx_0001320,addr_0004062
tx_0000265,addr_0002672
tx_0001885,addr_0004652
tx_0000548,addr_0002678
tx_0001618,addr_0002493
tx_0002815,addr_0004898
tx_0002943,addr_0002622
tx_0002592,addr_0003898
tx_0002755,addr_0003828
tx_0002855,addr_0001642
tx_0001121,addr_0002398
tx_0002021,addr_0002898
tx_0000091,addr_0002344
tx_0000444,addr_0000132
tx_0000138,addr_0000230
tx_0001033,addr_0002975
tx_0000374,addr_0002550
tx_0001967,addr_0004015
tx_0000439,addr_0004611
tx_0002369,addr_0004831
tx_0001947,addr_0002875
tx_0002605,addr_0001362
tx_0002152,addr_0003174
tx_0000544,addr_0004354
tx_0000634,addr_0003582
tx_0002634,addr_0001671
tx_0002003,addr_0004843
tx_0002606,addr_0002121
tx_0002681,addr_0002931
tx_0002446,addr_0004259
tx_0002542,addr_0003807
tx_0002073,addr_0004493
tx_0002720,addr_0001551
tx_0002145,addr_0003031
tx_0000829,addr_0001139
tx_0001134,addr_0003478
tx_0000798,addr_0004764
tx_0002914,addr_0000627
tx_0002250,addr_0000042
tx_0001396,addr_0002294
tx_0000129,addr_0002412
tx_0002440,addr_0000514
tx_0000142,addr_0002930
tx_0001364,addr_0002250
tx_0002069,addr_0001939
tx_0002855,addr_0003682
tx_0002160,addr_0001375
tx_0002295,addr_0002806
tx_0001091,addr_0004336
tx_0001876,addr_0004439
tx_0002022,addr_0003917
tx_0000632,addr_0002230
tx_0002506,addr_0001261
tx_0002195,addr_0002257
tx_0001151,addr_0004569
tx_0000802,addr_0000950
tx_0001083,addr_0000739
tx_0001649,addr_0003024
tx_0000515,addr_0001783
tx_0002065,addr_0004422
tx_0002576,addr_0001024
tx_0002920,addr_0002084
tx_0002109,addr_0000413
tx_0000459,addr_0001456
tx_0002811,addr_0002904
tx_0002401,addr_0000584
tx_0002470,addr_0004318
tx_0002839,addr_0000522
tx_0000085,addr_0000275
tx_0001615,addr_0003088
tx_0002899,addr_0004659
tx_0002275,addr_0003726
tx_0001968,addr_0001960
tx_0002669,addr_0000812
tx_0002932,addr_0002575
tx_0001945,addr_0002756
tx_0002680,addr_0003513
tx_0001846,addr_0004635
tx_0001712,addr_0001151
tx_0001251,addr_0002989
tx_0001538,addr_0004460
tx_0002053,addr_0002275
tx_0000624,addr_0001850
tx_0002129,addr_0001800
tx_0001773,addr_0002611
tx_0002309,addr_0003791
tx_0001259,addr_0002152
tx_0001821,addr_0001493
tx_0002584,addr_0000467
tx_0002613,addr_0000071
tx_0000815,addr_0001674
tx_0000364,addr_0004582
tx_0000411,addr_0002723
tx_0002231,addr_0001926
tx_0001914,addr_0001501
tx_0000861,addr_0000512
tx_0002249,addr_0002396
tx_0000868,addr_0001022
tx_0001923,addr_0002959
tx_0002865,addr_0000144
tx_0001935,addr_0000278
tx_0001482,addr_0003962
tx_0000905,addr_0002433
tx_0000299,addr_0001048
tx_0001980,addr_0001989
tx_0002991,addr_0000988
tx_0001350,addr_0003488
tx_0000642,addr_0001432
tx_0000907,addr_0002321
tx_0002925,addr_0002528
tx_0002901,addr_0002763
tx_0002219,addr_0003426
tx_0002444,addr_0004758
tx_0001917,addr_0000053
tx_0001279,addr_0002573
tx_0002447,addr_0003798
tx_0000488,addr_0000985
tx_0001671,addr_0004041
tx_0001837,addr_0002398
tx_0000525,addr_0003361
tx_0000969,addr_0004721
tx_0002413,addr_0002148
tx_0001825,addr_0000301
tx_0001293,addr_0001702
tx_0001260,addr_0004396
tx_0001190,addr_0001480
tx_0000565,addr_0002800
tx_0001807,addr_0001823
tx_0002760,addr_0000935
tx_0002322,addr_0000734
tx_0002203,addr_0004318
tx_0000259,addr_0004661
tx_0001820,addr_0004328
tx_0002559,addr_0004206
tx_0002313,addr_0003210
tx_0000886,addr_0000401
tx_0001984,addr_0002788
tx_0000370,addr_0000446
tx_0000204,addr_0001499
tx_0000965,addr_0000511
tx_0001990,addr_0004969
tx_0000333,addr_0001103
tx_0002286,addr_0003044
tx_0001473,addr_0000732
tx_0002758,addr_0003141
tx_0000472,addr_0004486
tx_0000847,addr_0003638
tx_0002818,addr_0004096
tx_0000106,addr_0002186
tx_0000062,addr_0001738
tx_0000097,addr_0001792
tx_0000715,addr_0001547
tx_0002123,addr_0000578
tx_0002706,addr_0000788
tx_0000349,addr_0000997
tx_0001569,addr_0000356
tx_0000392,addr_0003124
tx_0001315,addr_0003437
tx_0000885,addr_0004136
tx_0002545,addr_0004294
tx_0001462,addr_0004734
tx_0001491,addr_0001022
tx_0001499,addr_0004946
tx_0002417,addr_0000453
tx_0001056,addr_0000338
tx_0000539,addr_0003115
tx_0002587,addr_0003441
tx_0002452,addr_0002453
tx_0000982,addr_0003668
tx_0001153,addr_0000017
tx_0001095,addr_0004565
tx_0002596,addr_0000248
tx_0002586,addr_0001389
tx_0002765,addr_0001267
tx_0002479,addr_0004524
tx_0001392,addr_0000438
tx_0002663,addr_0001807
tx_0001764,addr_0000384
tx_0000808,addr_0001518
tx_0001595,addr_0000983
tx_0001847,addr_0000474
tx_0001910,addr_0001837
tx_0002448,addr_0004806
tx_0002148,addr_0001919
tx_0001983,addr_0001073
tx_0000820,addr_0003187
tx_0001556,addr_0001676
tx_0001072,addr_0003139
tx_0000495,addr_0000614
tx_0001780,addr_0003551
tx_0001030,addr_0002503
tx_0001041,addr_0002842
tx_0000078,addr_0001556
tx_0000989,addr_0000301
tx_0002328,addr_0002956
tx_0001150,addr_0000629
tx_0002033,addr_0000509
tx_0000118,addr_0000229
tx_0000462,addr_0004626
tx_0000517,addr_0000059
tx_0002834,addr_0000409
tx_0002242,addr_0002478
tx_0001516,addr_0003159
tx_0000040,addr_0004952
tx_0001107,addr_0004819
tx_0000139,addr_0001754
tx_0002632,addr_0004280
tx_0001186,addr_0000116
tx_0000597,addr_0003738
tx_0002728,addr_0002194
tx_0000198,addr_0003189
tx_0001577,addr_0000059
tx_0001698,addr_0004717
tx_0000603,addr_0004625
tx_0002904,addr_0002767
tx_0001781,addr_0000565
tx_0000267,addr_0004035
tx_0002854,addr_0002576
tx_0000020,addr_0002325
tx_0000078,addr_0003266
tx_0001263,addr_0003389
tx_0000817,addr_0003193
tx_0002182,addr_0003242
tx_0001786,addr_0001074
tx_0000927,addr_0002925
tx_0000554,addr_0004444
tx_0002488,addr_0000401
tx_0000273,addr_0000760
tx_0001806,addr_0000645
tx_0000923,addr_0003781
tx_0002379,addr_0002956
tx_0000403,addr_0002254
tx_0002870,addr_0004515
tx_0000563,addr_0001456
tx_0002859,addr_0001112
tx_0000759,addr_0003251
tx_0002722,addr_0004759
tx_0000434,addr_0001348
tx_0001293,addr_0000601
tx_0001199,addr_0003529
tx_0002622,addr_0001659
tx_0001110,addr_0003299
tx_0001801,addr_0003846
tx_0001156,addr_0001032
tx_0000137,addr_0003219
tx_0001602,addr_0000977
tx_0002288,addr_0004606
tx_0001642,addr_0004422
tx_0000840,addr_0003133
tx_0002820,addr_0004336
tx_0002289,addr_0002797
tx_0002077,addr_0001339
tx_0001104,addr_0002121
tx_0000699,addr_0003367
tx_0001237,addr_0000230
tx_0000678,addr_0003337
tx_0000246,addr_0004957
tx_0000807,addr_0002899
tx_0000991,addr_0004805
tx_0000371,addr_0003948
tx_0001157,addr_0004441
tx_0001129,addr_0002551
tx_0002104,addr_0002327
tx_0001941,addr_0004332
tx_0002734,addr_0003445
tx_0000771,addr_0004424
tx_0002536,addr_0002714
tx_0002123,addr_0001177
tx_0001076,addr_0001895
tx_0000607,addr_0003474
tx_0002405,addr_0000054
tx_0002954,addr_0000960
tx_0002171,addr_0002617
tx_0001064,addr_0002630
tx_0000981,addr_0002416
tx_0000030,addr_0001141
tx_0001147,addr_0004216
tx_0001494,addr_0004201
tx_0001166,addr_0000035
tx_0001815,addr_0003898
tx_0002121,addr_0004477
tx_0001882,addr_0002026
tx_0002403,addr_0004196
tx_0002830,addr_0001459
tx_0002837,addr_0001665
tx_0000085,addr_0000461
tx_0000268,addr_0003150
tx_0001133,addr_0003586
tx_0002742,addr_0001463
tx_0002289,addr_0000278
tx_0000576,addr_0003751
tx_0001710,addr_0004668
tx_0002742,addr_0004833
tx_0000140,addr_0002612
tx_0002051,addr_0002093
tx_0002324,addr_0004388
tx_0002417,addr_0000190
tx_0000791,addr_0004916
tx_0001373,addr_0000301
tx_0001747,addr_0003920
tx_0001176,addr_0002718
tx_0002747,addr_0001040
tx_0001432,addr_0000047
tx_0000773,addr_0004905
tx_0002026,addr_0001427
tx_0001874,addr_0001174
tx_0001208,addr_0000604
tx_0002756,addr_0001210
tx_0000693,addr_0000352
tx_0002314,addr_0001107
tx_0000034,addr_0004898
tx_0002940,addr_0004190
tx_0002081,addr_0004379
tx_0001435,addr_0003823
tx_0001752,addr_0000976
tx_0002103,addr_0001976
tx_0002971,addr_0003080
tx_0002394,addr_0003363
tx_0002490,addr_0001928
tx_0002498,addr_0004018
tx_0002811,addr_0002783
tx_0000957,addr_0000350
tx_0000695,addr_0000203
tx_0000023,addr_0003651
tx_0002626,addr_0001474
tx_0001303,addr_0004730
tx_0001838,addr_0002885
tx_0000288,addr_0000791
tx_0000136,addr_0000997
tx_0002273,addr_0001724
tx_0002117,addr_0004389
tx_0002192,addr_0000843
tx_0000138,addr_0003929
tx_0000767,addr_0004905
tx_0000420,addr_0001994
tx_0000255,addr_0003350
tx_0001935,addr_0004500
tx_0000915,addr_0002199
tx_0002342,addr_0002567
tx_0001675,addr_0002228
tx_0002176,addr_0000698
tx_0000629,addr_0002020
tx_0001030,addr_0000079
tx_0000739,addr_0000760
tx_0002205,addr_0004356
tx_0001284,addr_0000631
tx_0001904,addr_0004242
tx_0000948,addr_0000274
tx_0001569,addr_0004064
tx_0000719,addr_0003385
tx_0000539,addr_0004079
tx_0000636,addr_0001514
tx_0001516,addr_0003431
tx_0000597,addr_0003571
tx_0000906,addr_0003761
tx_0001988,addr_0003528
tx_0001489,addr_0001043
tx_0001657,addr_0002306
tx_0002730,addr_0004865
tx_0002134,addr_0004657
tx_0002838,addr_0000268
tx_0002491,addr_0002713
tx_0002706,addr_0004783
tx_0000214,addr_0004705
tx_0001089,addr_0000911
tx_0001705,addr_0001827
tx_0000537,addr_0003111
tx_0000565,addr_0000440
tx_0002122,addr_0003546
tx_0002528,addr_0004891
tx_0001977,addr_0001818
tx_0001268,addr_0003479
tx_0002893,addr_0004195
tx_0000852,addr_0001424
tx_0002570,addr_0001080
tx_0002303,addr_0002554
tx_0002718,addr_0002509
tx_0002656,addr_0004934
tx_0001841,addr_0002985
tx_0002591,addr_0003029
tx_0002696,addr_0002605
tx_0002935,addr_0000436
tx_0000695,addr_0004589
tx_0002151,addr_0004946
tx_0002074,addr_0002241
tx_0000587,addr_0003764
tx_0000490,addr_0002881
tx_0002736,addr_0000397
tx_0000116,addr_0003501
tx_0000721,addr_0004685
tx_0002893,addr_0000564
tx_0001012,addr_0000767
tx_0000132,addr_0003350
tx_0000214,addr_0003660
tx_0002682,addr_0002814
tx_0002077,addr_0004510
tx_0002522,addr_0002813
tx_0001572,addr_0001577
tx_0002184,addr_0004122
tx_0002944,addr_0002322
tx_0001225,addr_0002631
tx_0000014,addr_0002356
tx_0001599,addr_0000209
tx_0002654,addr_0002598
tx_0000146,addr_0002475
tx_0001249,addr_0001832
tx_0002369,addr_0000308
tx_0001986,addr_0004577
tx_0001279,addr_0001977
tx_0001764,addr_0001161
tx_0001409,addr_0003826
tx_0000099,addr_0000439
tx_0002675,addr_0002755
tx_0000821,addr_0003163
tx_0002408,addr_0001918
tx_0001295,addr_0001318
tx_0000114,addr_0003089
tx_0000956,addr_0004177
tx_0001986,addr_0004149
tx_0000095,addr_0004819
tx_0002712,addr_0000039
tx_0001506,addr_0002740
tx_0001869,addr_0001752
tx_0000867,addr_0000484
tx_0002278,addr_0004313
tx_0002513,addr_0004994
tx_0002752,addr_0004770
tx_0000205,addr_0003501
tx_0000647,addr_0001716
tx_0002477,addr_0004881
tx_0002004,addr_0003621
tx_0002419,addr_0004860
tx_0000610,addr_0002784
tx_0000694,addr_0002475
tx_0002983,addr_0004185
tx_0001561,addr_0003836
tx_0002086,addr_0000751
tx_0000956,addr_0004248
tx_0002133,addr_0004229
tx_0000326,addr_0003835
tx_0000632,addr_0001168
tx_0001052,addr_0000932
tx_0000955,addr_0001050
tx_0002390,addr_0001197
tx_0002403,addr_0002340
tx_0000215,addr_0002262
tx_0001585,addr_0002880
tx_0001516,addr_0002475
tx_0002715,addr_0003129
tx_0000109,addr_0003051
tx_0000824,addr_0000617
tx_0000601,addr_0004072
tx_0002861,addr_0001498
tx_0000719,addr_0000555
tx_0002558,addr_0001034
tx_0000413,addr_0002654
tx_0002454,addr_0000562
tx_0001040,addr_0004712
tx_0001473,addr_0001361
tx_0002433,addr_0002727
tx_0001019,addr_0003624
tx_0002913,addr_0004760
tx_0000872,addr_0002741
tx_0000143,addr_0002461
tx_0001329,addr_0001751
tx_0001426,addr_0004369
tx_0002621,addr_0000798
tx_0002438,addr_0000789
tx_0000969,addr_0001718
tx_0000817,addr_0004022
tx_0001274,addr_0001923
tx_0002922,addr_0000458
tx_0001435,addr_0003757
tx_0001309,addr_0002524
tx_0000322,addr_0004995
tx_0001921,addr_0000403
tx_0002726,addr_0003682
tx_0002049,addr_0003788
tx_0001026,addr_0002878
tx_0001102,addr_0001431
tx_0002707,addr_0003694
tx_0000521,addr_0000855
tx_0000313,addr_0004450
tx_0000468,addr_0003176
tx_0000909,addr_0003302
tx_0002882,addr_0001698
tx_0000192,addr_0004462
tx_0001727,addr_0004393
tx_0000990,addr_0002030
tx_0000805,addr_0000934
tx_0000824,addr_0002675
tx_0000178,addr_0003385
tx_0002688,addr_0002777
tx_0000141,addr_0004269
tx_0001424,addr_0003151
tx_0000000,addr_0000576
tx_0000842,addr_0003408
tx_0000662,addr_0001820
tx_0002746,addr_0004682
tx_0000086,addr_0003462
tx_0002724,addr_0000898
tx_0002613,addr_0000976
tx_0002618,addr_0004049
tx_0000532,addr_0002689
tx_0001707,addr_0001004
tx_0000944,addr_0000524
tx_0000296,addr_0003764
tx_0002803,addr_0000235
tx_0001352,addr_0001022
tx_0001185,addr_0001224
tx_0002834,addr_0004074
tx_0001964,addr_0004896
tx_0001241,addr_0004341
tx_0002192,addr_0000810
tx_0002784,addr_0004790
tx_0002833,addr_0001011
tx_0001769,addr_0004225
tx_0002079,addr_0000771
tx_0001172,addr_0002051
tx_0002303,addr_0002541
tx_0000810,addr_0000567
tx_0001505,addr_0001187
tx_0002621,addr_0000635
tx_0001400,addr_0004655
tx_0002612,addr_0004851
tx_0000522,addr_0001347
tx_0001333,addr_0004852
tx_0000021,addr_0004739
tx_0002221,addr_0002009
tx_0000578,addr_0004289
tx_0000526,addr_0003657
tx_0002272,addr_0000384
tx_0001082,addr_0004381
tx_0000390,addr_0001475
tx_0001566,addr_0002998
tx_0000304,addr_0002007
tx_0002674,addr_0001210
tx_0001053,addr_0004101
tx_0001370,addr_0001004
tx_0002594,addr_0000304
tx_0002835,addr_0002118
tx_0002074,addr_0003623
tx_0000751,addr_0002000
tx_0002955,addr_0000675
tx_0000745,addr_0002084
tx_0001932,addr_0000206
tx_0000007,addr_0003034
tx_0001705,addr_0003863
tx_0002775,addr_0000917
tx_0002335,addr_0000835
tx_0000252,addr_0002498
tx_0000319,addr_0002685
tx_0002070,addr_0003632
tx_0001419,addr_0002632
tx_0000701,addr_0004997
tx_0002400,addr_0000211
tx_0001688,addr_0002081
tx_0000442,addr_0004332
tx_0002957,addr_0004848
tx_0002558,addr_0001880
tx_0001740,addr_0003170
tx_0001877,addr_0001687
tx_0001626,addr_0003859
tx_0002146,addr_0003001
tx_0001639,addr_0004343
tx_0001289,addr_0004293
tx_0000103,addr_0000589
tx_0001684,addr_0002061
tx_0000508,addr_0004921
tx_0002111,addr_0001575
tx_0002542,addr_0001531
tx_0002251,addr_0001340
tx_0000772,addr_0003584
tx_0000330,addr_0003952
tx_0001811,addr_0003875
tx_0002241,addr_0001724
tx_0000756,addr_0001290
tx_0001096,addr_0004517
tx_0001227,addr_0003491
tx_0002353,addr_0001429
tx_0002543,addr_0000448
tx_0000804,addr_0003864
tx_0001317,addr_0003362
tx_0001026,addr_0002994
tx_0001606,addr_0003615
tx_0000820,addr_0002753
tx_0001830,addr_0002883
tx_0001268,addr_0001388
tx_0002284,addr_0004372
tx_0002702,addr_0001038
tx_0001883,addr_0002613
tx_0002455,addr_0001926
tx_0000576,addr_0003936
tx_0000130,addr_0002503
tx_0001756,addr_0003890
tx_0001050,addr_0000024
tx_0000534,addr_0002443
tx_0002077,addr_0001108
tx_0002063,addr_0000091
tx_0002238,addr_0004253
tx_0002517,addr_0001297
tx_0000104,addr_0000286
tx_0001447,addr_0004829
tx_0000207,addr_0002717
tx_0001551,addr_0000250
tx_0001308,addr_0000774
tx_0000700,addr_0000115
tx_0002076,addr_0001014
tx_0002834,addr_0004547
tx_0002993,addr_0001999
tx_0002563,addr_0000236
tx_0000111,addr_0000919
tx_0001085,addr_0002271
tx_0001135,addr_0001008
tx_0000525,addr_0000636
tx_0000718,addr_0004591
tx_0001208,addr_0004746
tx_0002031,addr_0002956
tx_0000745,addr_0003589
tx_0002296,addr_0001833
tx_0002617,addr_0004270
tx_0002147,addr_0001548
tx_0001615,addr_0003826
tx_0001580,addr_0000068
tx_0002521,addr_0000013
tx_0001632,addr_0000047
tx_0000175,addr_0000677
tx_0000354,addr_0001231
tx_0002714,addr_0004173
tx_0000194,addr_0000392
tx_0001770,addr_0001628
tx_0002396,addr_0000021
tx_0000578,addr_0000704
tx_0001612,addr_0003642
tx_0000235,addr_0002247
tx_0000665,addr_0002338
tx_0001335,addr_0003101
tx_0000755,addr_0003436
tx_0002574,addr_0001686
tx_0001785,addr_0001787
tx_0001194,addr_0004883
tx_0000582,addr_0000832
tx_0002743,addr_0003360
tx_0000792,addr_0000293
tx_0002772,addr_0000881
tx_0000479,addr_0002672
tx_0002750,addr_0000502
tx_0002406,addr_0004493
tx_0002145,addr_0004270
tx_0002071,addr_0003792
tx_0000700,addr_0001967
tx_0000929,addr_0004787
tx_0002371,addr_0001756
tx_0001860,addr_0000963
tx_0000423,addr_0001577
tx_0001460,addr_0000256
tx_0000184,addr_0004794
tx_0000743,addr_0004743
tx_0000422,addr_0000087
tx_0002969,addr_0004209
tx_0001727,addr_0004799
tx_0002963,addr_0002992
tx_0002840,addr_0004988
tx_0002977,addr_0002952
tx_0000010,addr_0003798
tx_0001934,addr_0000701
tx_0000362,addr_0004036
tx_0002206,addr_0004846
tx_0002267,addr_0003648
tx_0001450,addr_0004349
tx_0001072,addr_0001472
tx_0000477,addr_0000016
tx_0000110,addr_0004378
tx_0001449,addr_0001709
tx_0001443,addr_0000908
tx_0001346,addr_0002947
tx_0000855,addr_0001872
tx_0000979,addr_0003228
tx_0000752,addr_0000307
tx_0000534,addr_0001110
tx_0002458,addr_0001031
tx_0000740,addr_0000386
tx_0002246,addr_0002049
tx_0000359,addr_0002421
tx_0001179,addr_0000157
tx_0001342,addr_0003579
tx_0001307,addr_0004827
tx_0002702,addr_0002512
tx_0001824,addr_0000752
tx_0002741,addr_0000217
tx_0001437,addr_0004455
tx_0000143,addr_0000164
tx_0002282,addr_0002917
tx_0002491,addr_0002681
tx_0000481,addr_0001666
tx_0000654,addr_0000426
tx_0002092,addr_0004247
tx_0002235,addr_0004024
tx_0001409,addr_0002612
tx_0001680,addr_0000899
tx_0000169,addr_0003643
tx_0001342,addr_0001102
tx_0000354,addr_0000476
tx_0000629,addr_0002044
tx_0002708,addr_0001678
tx_0002181,addr_0001324
tx_0000998,addr_0002168
tx_0001128,addr_0000692
tx_0001589,addr_0001032
tx_0001395,addr_0004083
tx_0002071,addr_0004091
tx_0001802,addr_0003229
tx_0001218,addr_0003059
tx_0000586,addr_0000646
tx_0001578,addr_0000677
tx_0000878,addr_0004383
tx_0002144,addr_0000177
tx_0002670,addr_0001026
tx_0000651,addr_0003266
tx_0001084,addr_0003293
tx_0001427,addr_0000346
tx_0001666,addr_0002117
tx_0001138,addr_0003419
tx_0002902,addr_0004440
tx_0001765,addr_0002830
tx_0001489,addr_0000442
tx_0000290,addr_0002408
tx_0000825,addr_0001983
tx_0002373,addr_0003655
tx_0002339,addr_0002503
tx_0001300,addr_0000348
tx_0001068,addr_0000092
tx_0001039,addr_0004054
tx_0000559,addr_0001695
tx_0000003,addr_0000598
tx_0001014,addr_0004034
tx_0002251,addr_0000205
tx_0000511,addr_0001009
tx_0000468,addr_0000722
tx_0002328,addr_0003686
tx_0002730,addr_0003387
tx_0002550,addr_0003973
tx_0001761,addr_0004987
tx_0000605,addr_0000878
tx_0002027,addr_0002368
tx_0002504,addr_0002887
tx_0000319,addr_0001235
tx_0001579,addr_0003958
tx_0002070,addr_0002234
tx_0002896,addr_0004539
tx_0000211,addr_0003882
tx_0000764,addr_0002347
tx_0001588,addr_0001762
tx_0002216,addr_0002903
tx_0001883,addr_0001043
tx_0000171,addr_0001096
tx_0002175,addr_0003415
tx_0002816,addr_0003175
tx_0002788,addr_0004786
tx_0001664,addr_0004631
tx_0001703,addr_0002028
tx_0002738,addr_0004312
tx_0000387,addr_0004698
tx_0001658,addr_0000417
tx_0000182,addr_0001583
tx_0002716,addr_0002478
tx_0001813,addr_0002515
tx_0001996,addr_0002788
tx_0000675,addr_0001218
tx_0002113,addr_0003722
tx_0001636,addr_0004513
tx_0001908,addr_0001061
tx_0002282,addr_0000261
tx_0001022,addr_0001781
tx_0002307,addr_0000092
tx_0001405,addr_0003274
tx_0001244,addr_0004013
tx_0002798,addr_0001130
tx_0000616,addr_0003135
tx_0000061,addr_0001519
tx_0001742,addr_0001077
tx_0000077,addr_0004689
tx_0000926,addr_0002752
tx_0001216,addr_0002351
tx_0001723,addr_0003192
tx_0001942,addr_0000662
tx_0002093,addr_0003278
tx_0000544,addr_0000740
tx_0002374,addr_0003110
tx_0001129,addr_0003563
tx_0001581,addr_0000604
tx_0002015,addr_0000074
tx_0002169,addr_0002579
tx_0001110,addr_0003076
tx_0002840,addr_0003873
tx_0000496,addr_0001697
tx_0002971,addr_0003887
tx_0000797,addr_0000147
tx_0002721,addr_0004022
tx_0001479,addr_0004415
tx_0000087,addr_0000374
tx_0000212,addr_0000397
tx_0002753,addr_0002083
tx_0001119,addr_0001451
tx_0000444,addr_0000140
tx_0001883,addr_0000366
tx_0001575,addr_0004285
tx_0000755,addr_0001084
tx_0001186,addr_0001458
tx_0000409,addr_0001244
tx_0002092,addr_0003297
tx_0002679,addr_0001731
tx_0000299,addr_0002666
tx_0001195,addr_0002821
tx_0001231,addr_0000918
tx_0000537,addr_0003808
tx_0002748,addr_0003705
tx_0000292,addr_0004653
tx_0000893,addr_0001553
tx_0000150,addr_0004540
tx_0002927,addr_0000176
tx_0001947,addr_0003547
tx_0000844,addr_0000984
tx_0002856,addr_0000515
tx_0000458,addr_0002353
tx_0001003,addr_0003518
tx_0001804,addr_0003335
tx_0002427,addr_0003027
tx_0001840,addr_0003197
tx_0002879,addr_0000122
tx_0001445,addr_0003026
tx_0002649,addr_0002948
tx_0001933,addr_0004372
tx_0001298,addr_0002362
tx_0002934,addr_0002283
tx_0001313,addr_0003111
tx_0001568,addr_0000806
tx_0002377,addr_0003464
tx_0001637,addr_0001563
tx_0000926,addr_0004253
tx_0002733,addr_0000728
tx_0002790,addr_0003879
tx_0001643,addr_0003669
tx_0000650,addr_0002883
tx_0002905,addr_0001218
tx_0001698,addr_0001917
tx_0000678,addr_0003975
tx_0001511,addr_0003840
tx_0001416,addr_0002294
tx_0001549,addr_0001115
tx_0002141,addr_0004773
tx_0001829,addr_0001137
tx_0000382,addr_0002989
tx_0001422,addr_0004360
tx_0001192,addr_0000256
tx_0002279,addr_0003780
tx_0002299,addr_0002264
tx_0002703,addr_0004990
tx_0000861,addr_0000058
tx_0002990,addr_0004029
tx_0001511,addr_0003195
tx_0001093,addr_0003157
tx_0002779,addr_0001453
tx_0000768,addr_0004599
tx_0001563,addr_0001374
tx_0000401,addr_0004997
tx_0001196,addr_0003710
tx_0000291,addr_0003117
tx_0002255,addr_0001980
tx_0000416,addr_0002185
tx_0002047,addr_0004669
tx_0002104,addr_0001285
tx_0001021,addr_0001586
tx_0000159,addr_0000298
tx_0000643,addr_0000582
tx_0001771,addr_0001077
tx_0002796,addr_0000671
tx_0000261,addr_0000431
tx_0002411,addr_0002423
tx_0000162,addr_0004778
tx_0001385,addr_0004456
tx_0000050,addr_0003666
tx_0000418,addr_0001548
tx_0000591,addr_0002598
tx_0000512,addr_0001765
tx_0002910,addr_0002883
tx_0002797,addr_0001959
tx_0000186,addr_0001629
tx_0000770,addr_0004886
tx_0002118,addr_0004606
tx_0001565,addr_0001975
tx_0000009,addr_0003098
tx_0001179,addr_0001150
tx_0001669,addr_0002208
tx_0001444,addr_0003569
tx_0000361,addr_0000544
tx_0000067,addr_0002904
tx_0000110,addr_0003774
tx_0002285,addr_0004249
tx_0001283,addr_0001126
tx_0002800,addr_0003383
tx_0001292,addr_0000291
tx_0002220,addr_0001498
tx_0000096,addr_0002213
tx_0000606,addr_0002972
tx_0000021,addr_0001551
tx_0001908,addr_0003758
tx_0000640,addr_0000753
tx_0000446,addr_0004472
tx_0002595,addr_0001252
tx_0002276,addr_0002556
tx_0000139,addr_0001967
tx_0000744,addr_0004007
tx_0002528,addr_0002463
tx_0002552,addr_0002482
tx_0000754,addr_0001692
tx_0001074,addr_0000624
tx_0001286,addr_0001184
tx_0001509,addr_0003876
tx_0000607,addr_0002603
tx_0002744,addr_0001559
tx_0002351,addr_0003912
tx_0002562,addr_0001314
tx_0000759,addr_0000657
tx_0000702,addr_0001315
tx_0002271,addr_0000618
tx_0002216,addr_0002911
tx_0000798,addr_0001475
tx_0000653,addr_0001205
tx_0000709,addr_0001898
tx_0000262,addr_0000584
tx_0000178,addr_0002689
tx_0002394,addr_0001734
tx_0000338,addr_0004805
tx_0002644,addr_0002003
tx_0001573,addr_0000759
tx_0002540,addr_0002424
tx_0000810,addr_0003639
tx_0000531,addr_0002645
tx_0000008,addr_0001735
tx_0000874,addr_0003169
tx_0001792,addr_0002508
tx_0000699,addr_0004885
tx_0002470,addr_0003736
tx_0002538,addr_0002977
tx_0001995,addr_0004151
tx_0000619,addr_0004613
tx_0002385,addr_0003922
tx_0000980,addr_0003438
tx_0002045,addr_0003854
tx_0002119,addr_0004489
tx_0000124,addr_0000186
tx_0002065,addr_0001767
tx_0002698,addr_0002089
tx_0001298,addr_0004917
tx_0002888,addr_0002687
tx_0002469,addr_0003711
tx_0002352,addr_0002743
tx_0001077,addr_0004054
tx_0000771,addr_0002086
tx_0000000,addr_0002434
tx_0001438,addr_0003565
tx_0001696,addr_0003667
tx_0001791,addr_0004201
tx_0002475,addr_0001665
tx_0002916,addr_0000230
tx_0000895,addr_0004866
tx_0000183,addr_0002716
tx_0000291,addr_0001102
tx_0000220,addr_0003011
tx_0002303,addr_0003426
tx_0000462,addr_0003835
tx_0002698,addr_0003234
tx_0001162,addr_0004011
tx_0002954,addr_0000586
tx_0001323,addr_0001335
tx_0000873,addr_0001127
tx_0000549,addr_0002675
tx_0001126,addr_0004360
tx_0001036,addr_0000510
tx_0000901,addr_0001873
tx_0001454,addr_0002772
tx_0000135,addr_0001402
tx_0001307,addr_0000769
tx_0000160,addr_0001723
tx_0002768,addr_0002021
tx_0000177,addr_0001734
tx_0001050,addr_0001121
tx_0001025,addr_0004369
tx_0002768,addr_0003187
tx_0002773,addr_0001107
tx_0002649,addr_0000833
tx_0001323,addr_0004870
tx_0002308,addr_0004897
tx_0001523,addr_0002501
tx_0002927,addr_0001733
tx_0001801,addr_0001053
tx_0001747,addr_0004770
tx_0002964,addr_0001339
tx_0000739,addr_0004512
tx_0000473,addr_0000921
tx_0000733,addr_0003592
tx_0002017,addr_0002735
tx_0002324,addr_0004513
tx_0001831,addr_0000930
tx_0000553,addr_0001161
tx_0000533,addr_0000492
tx_0001435,addr_0002356
tx_0001193,addr_0003132
tx_0002281,addr_0001642
tx_0000223,addr_0004698
tx_0000458,addr_0000055
tx_0002811,addr_0001725
tx_0001399,addr_0002257
tx_0000740,addr_0000810
tx_0002634,addr_0003141
tx_0000301,addr_0001806
tx_0000979,addr_0001830
tx_0002135,addr_0001231
tx_0001934,addr_0000298
tx_0000401,addr_0000098
tx_0002930,addr_0001486
tx_0002108,addr_0004510
tx_0001686,addr_0003048
tx_0002696,addr_0004085
tx_0000982,addr_0002817
tx_0002423,addr_0001075
tx_0000138,addr_0002371
tx_0001634,addr_0003039
tx_0000106,addr_0002478
tx_0000453,addr_0001208
tx_0002116,addr_0003209
tx_0002621,addr_0003799
tx_0002083,addr_0001046
tx_0002528,addr_0003038
tx_0001380,addr_0004619
tx_0000166,addr_0004863
tx_0002039,addr_0001827
tx_0000343,addr_0001136
tx_0000795,addr_0002738
tx_0002514,addr_0003825
tx_0002505,addr_0004604
tx_0001314,addr_0000265
tx_0001331,addr_0002826
tx_0002539,addr_0000734
tx_0000709,addr_0000297
tx_0001269,addr_0003248
tx_0002942,addr_0003780
tx_0002118,addr_0003239
tx_0000600,addr_0004283
tx_0000306,addr_0004571
tx_0000465,addr_0003731
tx_0002378,addr_0002238
tx_0002410,addr_0000537
tx_0001059,addr_0000999
tx_0000942,addr_0003656
tx_0001802,addr_0001322
tx_0001521,addr_0004091
tx_0000576,addr_0004361
tx_0002770,addr_0004803
tx_0002799,addr_0002336
tx_0002953,addr_0004913
tx_0000121,addr_0001732
tx_0000445,addr_0003927
tx_0000228,addr_0002552
tx_0000013,addr_0001612
tx_0000218,addr_0004761
tx_0000795,addr_0001326
tx_0001466,addr_0003232
tx_0002420,addr_0004260
tx_0000253,addr_0004460
tx_0002268,addr_0001394
tx_0000377,addr_0003279
tx_0001625,addr_0003543
tx_0001184,addr_0002639
tx_0001360,addr_0000216
tx_0002633,addr_0001376
tx_0002767,addr_0001841
tx_0001085,addr_0002813
tx_0001849,addr_0002303
tx_0001559,addr_0002725
tx_0002596,addr_0003679
tx_0001789,addr_0000638
tx_0000838,addr_0001883
tx_0000248,addr_0001779
tx_0001026,addr_0003812
tx_0000950,addr_0000519
tx_0000137,addr_0002502
tx_0001281,addr_0000273
tx_0000497,addr_0001007
tx_0002674,addr_0003730
tx_0000312,addr_0001842
tx_0000102,addr_0003873
tx_0000875,addr_0004575
tx_0000536,addr_0001068
tx_0001422,addr_0001940
tx_0002424,addr_0002890
tx_0001229,addr_0003573
tx_0001144,addr_0004447
tx_0001530,addr_0001297
tx_0000715,addr_0002321
tx_0000496,addr_0001163
tx_0001921,addr_0001137
tx_0002514,addr_0003011
tx_0000625,addr_0001009
tx_0001035,addr_0003943
tx_0000064,addr_0004260
tx_0002499,addr_0003746
tx_0001857,addr_0004069
tx_0001140,addr_0000233
tx_0001703,addr_0001353
tx_0001210,addr_0004417
tx_0001703,addr_0000561
tx_0001112,addr_0004446
tx_0001256,addr_0003383
tx_0001157,addr_0001856
tx_0000738,addr_0002320
tx_0002081,addr_0001893
tx_0002409,addr_0002282
tx_0001275,addr_0000149
tx_0002267,addr_0003940
tx_0001403,addr_0004951
tx_0001207,addr_0000139
tx_0001504,addr_0001409
tx_0002797,addr_0002814
tx_0002951,addr_0001346
tx_0000688,addr_0002222
tx_0000396,addr_0000494
tx_0000253,addr_0002705
tx_0002818,addr_0003867
tx_0001539,addr_0001053
tx_0001955,addr_0004202
tx_0001032,addr_0004440
tx_0000665,addr_0002774
tx_0000895,addr_0002645
tx_0002870,addr_0004958
tx_0001945,addr_0001389
tx_0000932,addr_0004538
tx_0001249,addr_0003948
tx_0001517,addr_0004604
tx_0000650,addr_0004748
tx_0000557,addr_0001789
tx_0000334,addr_0003506
tx_0000750,addr_0000955
tx_0001458,addr_0003665
tx_0002818,addr_0003673
tx_0002431,addr_0004958
tx_0000998,addr_0001718
tx_0001883,addr_0004182
tx_0002285,addr_0004491
tx_0001898,addr_0002461
tx_0002180,addr_0004390
tx_0001319,addr_0001654
tx_0000122,addr_0002039
tx_0001090,addr_0004022
tx_0000343,addr_0002597
tx_0002419,addr_0003509
tx_0001368,addr_0001299
tx_0000288,addr_0002281
tx_0001683,addr_0002980
tx_0002503,addr_0001973
tx_0002570,addr_0002088
tx_0000497,addr_0001061
tx_0001015,addr_0004689
tx_0001626,addr_0004392
tx_0001147,addr_0004669
tx_0002290,addr_0001227
tx_0000221,addr_0004230
tx_0001375,addr_0004727
tx_0001780,addr_0001573
tx_0001347,addr_0004467
tx_0001669,addr_0004955
tx_0001449,addr_0004684
tx_0002703,addr_0003362
tx_0000724,addr_0000418
tx_0000259,addr_0001269
tx_0000310,addr_0003489
tx_0000659,addr_0004283
tx_0001358,addr_0004106
tx_0001732,addr_0001269
tx_0001560,addr_0000024
tx_0000709,addr_0003865
tx_0000493,addr_0000043
tx_0000070,addr_0000914
tx_0001891,addr_0002921
tx_0002570,addr_0001056
tx_0002352,addr_0001316
tx_0002085,addr_0000265
tx_0001181,addr_0003254
tx_0000845,addr_0000518
tx_0001662,addr_0000027
tx_0000790,addr_0002558
tx_0000106,addr_0002829
tx_0002527,addr_0004778
tx_0000351,addr_0004820
tx_0001041,addr_0000324
tx_0000191,addr_0000129
tx_0002464,addr_0003078
tx_0002711,addr_0002817
tx_0001461,addr_0000036
tx_0001374,addr_0003756
tx_0000510,addr_0002800
tx_0000023,addr_0004596
tx_0000954,addr_0001137
tx_0000948,addr_0002187
tx_0000901,addr_0003171
tx_0001452,addr_0004155
tx_0000173,addr_0003306
tx_0001765,addr_0004392
tx_0001076,addr_0002760
tx_0000380,addr_0002663
tx_0001768,addr_0000507
tx_0001225,addr_0004613
tx_0002537,addr_0001190
tx_0002417,addr_0002503
tx_0002999,addr_0001123
tx_0001426,addr_0000893
tx_0000554,addr_0002704
tx_0001407,addr_0001161
tx_0002188,addr_0002678
tx_0002335,addr_0001991
tx_0001889,addr_0001926
tx_0001785,addr_0004244
tx_0001892,addr_0004367
tx_0000029,addr_0003108
tx_0002972,addr_0002829
tx_0002065,addr_0000573
tx_0000517,addr_0000017
tx_0000210,addr_0004028
tx_0000169,addr_0004657
tx_0002490,addr_0003526
tx_0000213,addr_0004975
tx_0002137,addr_0003261
tx_0002332,addr_0004101
tx_0000254,addr_0004311
tx_0000855,addr_0004884
tx_0000689,addr_0003458
tx_0001644,addr_0004127
tx_0002601,addr_0002313
tx_0002526,addr_0002865
tx_0000839,addr_0002295
tx_0001782,addr_0000421
tx_0002628,addr_0004086
tx_0002543,addr_0003742
tx_0000353,addr_0003950
tx_0000927,addr_0000646
tx_0000432,addr_0003958
tx_0000417,addr_0001031
tx_0001515,addr_0004195
tx_0001464,addr_0001195
tx_0001794,addr_0002933
tx_0001927,addr_0000556
tx_0001782,addr_0002773
tx_0000550,addr_0004578
tx_0001162,addr_0004276
tx_0002111,addr_0003762
tx_0002655,addr_0000024
tx_0001749,addr_0004880
tx_0000695,addr_0003630
tx_0002790,addr_0002505
tx_0000497,addr_0000709
tx_0000661,addr_0000067
tx_0002534,addr_0003503
tx_0002676,addr_0001199
tx_0001120,addr_0001483
tx_0001522,addr_0000102
tx_0000311,addr_0002771
tx_0000766,addr_0001949
tx_0002973,addr_0003610
tx_0002926,addr_0000163
tx_0002441,addr_0002711
tx_0000283,addr_0000353
tx_0002698,addr_0004703
tx_0002792,addr_0003272
tx_0000848,addr_0001733
tx_0001394,addr_0003456
tx_0001417,addr_0001479
tx_0002982,addr_0000434
tx_0000289,addr_0004157
tx_0001319,addr_0004655
tx_0002950,addr_0001305
tx_0001748,addr_0002744
tx_0001844,addr_0003986
tx_0002287,addr_0000135
tx_0002905,addr_0000734
tx_0002493,addr_0003832
tx_0002338,addr_0001545
tx_0000018,addr_0002383
tx_0002157,addr_0003518
tx_0000506,addr_0001146
tx_0000585,addr_0004207
tx_0001084,addr_0000453
tx_0002087,addr_0000405
tx_0001362,addr_0002342
tx_0001183,addr_0003666
tx_0001570,addr_0003968
tx_0000430,addr_0004788
tx_0001544,addr_0004765
tx_0000798,addr_0003847
tx_0001956,addr_0004954
tx_0000908,addr_0004905
tx_0000189,addr_0000957
tx_0002025,addr_0002446
tx_0000543,addr_0004746
tx_0002870,addr_0000694
tx_0001305,addr_0003212
tx_0002034,addr_0002444
tx_0002037,addr_0002353
tx_0000732,addr_0000193
tx_0000700,addr_0000797
tx_0002238,addr_0001719
tx_0001441,addr_0000775
tx_0001640,addr_0002272
tx_0001474,addr_0001746
tx_0002308,addr_0001080
tx_0000977,addr_0002833
tx_0000862,addr_0000950
tx_0000313,addr_0004962
tx_0002113,addr_0002018
tx_0002217,addr_0001739
tx_0000171,addr_0004806
tx_0000063,addr_0001471
tx_0000369,addr_0003050
tx_0000094,addr_0004992
tx_0002488,addr_0003827
tx_0001819,addr_0000376
tx_0002647,addr_0002526
tx_0001094,addr_0004905
tx_0000587,addr_0004558
tx_0000256,addr_0002270
tx_0002078,addr_0004326
tx_0002486,addr_0001701
tx_0001885,addr_0000230
tx_0000227,addr_0002101
tx_0002122,addr_0000598
tx_0000477,addr_0003827
tx_0002433,addr_0000135
tx_0001472,addr_0002352
tx_0000621,addr_0001035
tx_0000755,addr_0004975
tx_0001292,addr_0004945
tx_0000739,addr_0004044
tx_0001397,addr_0001702
tx_0001336,addr_0001957
tx_0001017,addr_0000590
tx_0000474,addr_0004410
tx_0000371,addr_0003669
tx_0000978,addr_0001847
tx_0001110,addr_0000883
tx_0001069,addr_0002114
tx_0001277,addr_0000060
tx_0002875,addr_0002212
tx_0001824,addr_0000845
tx_0002002,addr_0001611
tx_0001686,addr_0002464
tx_0002864,addr_0000750
tx_0000697,addr_0003990
tx_0002731,addr_0004974
tx_0000764,addr_0001479
tx_0000845,addr_0003500
tx_0002105,addr_0004913
tx_0001819,addr_0004255
tx_0002642,addr_0003966
tx_0001521,addr_0002885
tx_0002163,addr_0003939
tx_0002513,addr_0003038
tx_0001368,addr_0003239
tx_0001978,addr_0004322
tx_0001894,addr_0000477
tx_0000684,addr_0004365
tx_0002700,addr_0002345
tx_0002783,addr_0001811
tx_0000704,addr_0002532
tx_0001689,addr_0003380
tx_0001065,addr_0000283
tx_0001408,addr_0000170
tx_0002281,addr_0004520
tx_0000038,addr_0001215
tx_0001157,addr_0001562
tx_0000191,addr_0000251
tx_0000032,addr_0002510
tx_0001445,addr_0001434
tx_0002260,addr_0004917
tx_0001145,addr_0002977
tx_0002774,addr_0002420
tx_0000250,addr_0000207
tx_0001105,addr_0003877
tx_0002529,addr_0004744
tx_0000949,addr_0001406
tx_0000861,addr_0000124
tx_0001374,addr_0004945
tx_0001090,addr_0002340
tx_0002623,addr_0002453
tx_0002348,addr_0000689
tx_0002788,addr_0000208
tx_0000425,addr_0002809
tx_0001441,addr_0001939
tx_0000979,addr_0000916
tx_0000021,addr_0004524
tx_0000115,addr_0002092
tx_0002141,addr_0001845
tx_0001533,addr_0004436
tx_0000839,addr_0002921
tx_0002246,addr_0000055
tx_0001921,addr_0000889
tx_0002640,addr_0001913
tx_0001365,addr_0000176
tx_0002854,addr_0000481
tx_0000584,addr_0004741
tx_0002465,addr_0002750
tx_0000883,addr_0002216
tx_0000668,addr_0002311
tx_0002261,addr_0002638
tx_0001063,addr_0000773
tx_0000327,addr_0004436
tx_0000197,addr_0001372
tx_0000849,addr_0004833
tx_0002566,addr_0004272
tx_0002238,addr_0003876
tx_0001238,addr_0002392
tx_0002052,addr_0000927
tx_0002299,addr_0001233
tx_0000198,addr_0001173
tx_0000675,addr_0001627
tx_0002112,addr_0000792
tx_0000002,addr_0003061
tx_0002559,addr_0001513
tx_0002579,addr_0002294
tx_0001021,addr_0004524
tx_0000289,addr_0000075
tx_0002834,addr_0004686
tx_0001726,addr_0001870
tx_0000261,addr_0002315
tx_0002697,addr_0000474
tx_0001861,addr_0004384
tx_0001966,addr_0004227
tx_0001560,addr_0002039
tx_0000511,addr_0003893
tx_0002352,addr_0004729
tx_0002731,addr_0003199
tx_0002505,addr_0004656
tx_0001332,addr_0003890
tx_0000509,addr_0000947
tx_0001202,addr_0002582
tx_0001709,addr_0001214
tx_0000462,addr_0002891
tx_0001211,addr_0004221
tx_0002684,addr_0003496
tx_0001359,addr_0000406
tx_0002232,addr_0003915
tx_0002880,addr_0003080
tx_0000004,addr_0002815
tx_0000948,addr_0003688
tx_0002030,addr_0003736
tx_0000064,addr_0003205
tx_0002508,addr_0000648
tx_0001843,addr_0002214
tx_0002348,addr_0001301
tx_0002581,addr_0004117
tx_0001757,addr_0001371
tx_0001286,addr_0003191
tx_0002401,addr_0001078
tx_0002393,addr_0002050
tx_0000556,addr_0002752
tx_0001886,addr_0000619
tx_0000110,addr_0000282
tx_0002946,addr_0001331
tx_0002523,addr_0002254
tx_0001828,addr_0001261
tx_0002519,addr_0000649
tx_0001935,addr_0004920
tx_0000875,addr_0001879
tx_0001233,addr_0002489
tx_0002388,addr_0002261
tx_0002895,addr_0000368
tx_0002659,addr_0002523
tx_0001757,addr_0003159
tx_0001360,addr_0000773
tx_0002562,addr_0003533
tx_0001781,addr_0004969
tx_0000811,addr_0000198
tx_0000264,addr_0002804
tx_0001670,addr_0004327
tx_0000181,addr_0001789
tx_0002622,addr_0001971
tx_0001684,addr_0004837
tx_0001824,addr_0002036
tx_0000719,addr_0002096
tx_0001396,addr_0002411
tx_0002015,addr_0004957
tx_0002230,addr_0003759
tx_0001152,addr_0004825
tx_0000973,addr_0004743
tx_0002730,addr_0000983
tx_0002124,addr_0004972
tx_0000639,addr_0002875
tx_0001802,addr_0002237
tx_0000100,addr_0003077
tx_0000065,addr_0001844
tx_0002970,addr_0003677
tx_0002456,addr_0004448
tx_0000429,addr_0002245
tx_0001703,addr_0001533
tx_0001589,addr_0000819
tx_0002541,addr_0002315
tx_0000511,addr_0002818
tx_0000187,addr_0003631
tx_0002276,addr_0001330
tx_0000412,addr_0003177
tx_0001740,addr_0000286
tx_0000749,addr_0002087
tx_0001573,addr_0002501
tx_0000331,addr_0001981
tx_0000386,addr_0002943
tx_0002858,addr_0000512
tx_0000325,addr_0004838
tx_0001504,addr_0001369
tx_0001395,addr_0002958
tx_0000748,addr_0003676
tx_0000811,addr_0002170
tx_0001412,addr_0000250
tx_0002976,addr_0001092
tx_0000154,addr_0003249
tx_0002601,addr_0000240
tx_0002265,addr_0002353
tx_0000802,addr_0001874
tx_0002982,addr_0002493
tx_0000050,addr_0001332
tx_0000439,addr_0001526
tx_0000628,addr_0004583
tx_0001772,addr_0002203
tx_0001703,addr_0003363
tx_0001246,addr_0004301
tx_0002144,addr_0000128
tx_0001941,addr_0003190
tx_0000298,addr_0000754
tx_0002203,addr_0002819
tx_0002725,addr_0003262
tx_0002759,addr_0003141
tx_0001971,addr_0003879
tx_0002519,addr_0004259
tx_0000817,addr_0003338
tx_0002749,addr_0000845
tx_0000063,addr_0002226
tx_0000714,addr_0002544
tx_0002866,addr_0004922
tx_0000637,addr_0001711
tx_0000804,addr_0000373
tx_0001774,addr_0003113
tx_0000030,addr_0000147
tx_0000980,addr_0001533
tx_0002208,addr_0004185
tx_0000549,addr_0004079
tx_0001037,addr_0003800
tx_0002017,addr_0001104
tx_0002410,addr_0001443
tx_0000060,addr_0002167
tx_0002554,addr_0000965
tx_0000051,addr_0003825
tx_0000969,addr_0004315
tx_0002760,addr_0004985
tx_0000600,addr_0003536
tx_0002322,addr_0004878
tx_0001878,addr_0003385
tx_0001004,addr_0000596
tx_0001694,addr_0002099
tx_0002499,addr_0002630
tx_0002647,addr_0000702
tx_0001455,addr_0003999
tx_0000177,addr_0004487
tx_0000039,addr_0003742
tx_0001708,addr_0003038
tx_0002994,addr_0001568
tx_0001880,addr_0000713
tx_0000527,addr_0000717
tx_0001901,addr_0004014
tx_0002896,addr_0004702
tx_0000088,addr_0000989
tx_0001777,addr_0002737
tx_0002970,addr_0004400
tx_0002375,addr_0004091
tx_0002484,addr_0000355
tx_0001044,addr_0002956
tx_0001710,addr_0001067
tx_0002730,addr_0003995
tx_0002916,addr_0004770
tx_0000100,addr_0001705
tx_0000904,addr_0001287
tx_0000030,addr_0000235
tx_0002201,addr_0000987
tx_0002856,addr_0000319
tx_0001948,addr_0004710
tx_0000084,addr_0002509
tx_0000223,addr_0002114
tx_0002452,addr_0004671
tx_0000817,addr_0001422
tx_0000734,addr_0004344
tx_0002086,addr_0001301
tx_0001775,addr_0001184
tx_0002897,addr_0003405
tx_0001004,addr_0004460
tx_0000323,addr_0003500
tx_0002197,addr_0001590
tx_0002244,addr_0003668
tx_0000396,addr_0000903
tx_0001347,addr_0000555
tx_0002440,addr_0001620
tx_0000138,addr_0004901
tx_0000563,addr_0002923
tx_0001696,addr_0000388
tx_0002629,addr_0004935
tx_0000225,addr_0002648
tx_0000189,addr_0003990
tx_0001991,addr_0003583
tx_0002696,addr_0001468
tx_0002244,addr_0000134
tx_0001955,addr_0004327
tx_0001215,addr_0002232
tx_0000072,addr_0004286
tx_0002378,addr_0003504
tx_0001905,addr_0002137
tx_0000930,addr_0001115
tx_0002942,addr_0002430
tx_0001967,addr_0004014
tx_0001045,addr_0004067
tx_0002784,addr_0003141
tx_0002792,addr_0001221
tx_0000449,addr_0001782
tx_0002761,addr_0002585
tx_0002247,addr_0000826
tx_0002787,addr_0000361
tx_0001823,addr_0004275
tx_0002391,addr_0003954
tx_0001917,addr_0002433
tx_0002497,addr_0004346
tx_0000405,addr_0004878
tx_0000628,addr_0001349
tx_0001278,addr_0003112
tx_0002480,addr_0001896
tx_0002830,addr_0000806
tx_0000346,addr_0001373
tx_0000601,addr_0000595
tx_0001753,addr_0000029
tx_0000417,addr_0000787
tx_0002446,addr_0000866
tx_0002802,addr_0002875
tx_0002630,addr_0000730
tx_0000627,addr_0001612
tx_0000731,addr_0004726
tx_0001139,addr_0000146
tx_0001848,addr_0002605
tx_0002926,addr_0000260
tx_0000108,addr_0003279
tx_0000733,addr_0001144
tx_0001225,addr_0001277
tx_0001113,addr_0001805
tx_0000220,addr_0000235
tx_0001889,addr_0001326
tx_0002365,addr_0004842
tx_0000157,addr_0001097
tx_0002086,addr_0001938
tx_0002229,addr_0003622
tx_0002422,addr_0000320
tx_0001268,addr_0002050
tx_0002563,addr_0000978
tx_0002542,addr_0002437
tx_0002871,addr_0002007
tx_0000614,addr_0000514
tx_0002347,addr_0004651
tx_0001234,addr_0004264
tx_0002259,addr_0000628
tx_0002340,addr_0001749
tx_0001678,addr_0003160
tx_0001798,addr_0004302
tx_0001384,addr_0004902
tx_0002082,addr_0004630
tx_0002340,addr_0004990
tx_0000814,addr_0002258
tx_0002459,addr_0000884
tx_0001447,addr_0004185
tx_0001518,addr_0003404
tx_0002471,addr_0001628
tx_0002459,addr_0000773
tx_0002390,addr_0004233
tx_0000285,addr_0001221
tx_0001395,addr_0002802
tx_0001655,addr_0000178
tx_0000464,addr_0004557
tx_0001504,addr_0003298
tx_0002385,addr_0001323
tx_0001627,addr_0000612
tx_0000051,addr_0004317
tx_0000261,addr_0002062
tx_0001217,addr_0002871
tx_0000160,addr_0003009
tx_0002965,addr_0004648
tx_0000542,addr_0000627
tx_0001455,addr_0002488
tx_0001126,addr_0002855
tx_0002578,addr_0000444
tx_0002598,addr_0000348
tx_0002337,addr_0003582
tx_0002947,addr_0002275
tx_0001766,addr_0003663
tx_0000877,addr_0004847
tx_0001401,addr_0001417
tx_0001856,addr_0002856
tx_0000102,addr_0000022
tx_0000714,addr_0002906
tx_0000260,addr_0002255
tx_0001017,addr_0004363
tx_0001931,addr_0003108
tx_0001743,addr_0001581
tx_0000062,addr_0004484
tx_0000362,addr_0000496
tx_0001933,addr_0000379
tx_0002463,addr_0000210
tx_0002095,addr_0000111
tx_0000580,addr_0002048
tx_0000887,addr_0000884
tx_0001167,addr_0003179
tx_0002721,addr_0001601
tx_0002242,addr_0004175
tx_0001933,addr_0002246
tx_0001838,addr_0003491
tx_0000615,addr_0000798
tx_0002512,addr_0003704
tx_0001695,addr_0002015
tx_0001999,addr_0001871
tx_0001860,addr_0002764
tx_0000612,addr_0002927
tx_0001846,addr_0002864
tx_0002469,addr_0000027
tx_0000328,addr_0002183
tx_0001013,addr_0004862
tx_0001423,addr_0004075
tx_0002665,addr_0004756
tx_0001470,addr_0004272
tx_0000665,addr_0000423
tx_0001493,addr_0000261
tx_0002078,addr_0001701
tx_0002600,addr_0001518
tx_0001675,addr_0000339
tx_0001951,addr_0004380
tx_0002385,addr_0002698
tx_0002477,addr_0000686
tx_0002622,addr_0000798
tx_0001824,addr_0002484
tx_0002205,addr_0002820
tx_0001730,addr_0002631
tx_0002379,addr_0000041
tx_0002334,addr_0002418
tx_0002713,addr_0001874
tx_0002622,addr_0000573
tx_0002829,addr_0002604
tx_0002224,addr_0004024
tx_0002530,addr_0000825
tx_0000461,addr_0002239
tx_0002592,addr_0000317
tx_0000392,addr_0004547
tx_0002033,addr_0004239
tx_0002889,addr_0000060
tx_0002955,addr_0002802
tx_0002106,addr_0001688
tx_0002746,addr_0003162
tx_0001541,addr_0001232
tx_0002171,addr_0002397
tx_0002573,addr_0004883
tx_0000075,addr_0004129
tx_0000426,addr_0001214
tx_0000242,addr_0001739
tx_0001683,addr_0001913
tx_0000675,addr_0001331
tx_0000624,addr_0004234
tx_0002815,addr_0001970
tx_0001578,addr_0000595
tx_0002849,addr_0002678
tx_0002822,addr_0003609
tx_0002408,addr_0000942
tx_0002291,addr_0001237
tx_0000684,addr_0001463
tx_0002547,addr_0002991
tx_0001940,addr_0002526
tx_0002433,addr_0000337
tx_0001009,addr_0000925
tx_0000689,addr_0001527
tx_0001917,addr_0000101
tx_0000906,addr_0001572
tx_0000552,addr_0001333
tx_0000618,addr_0002188
tx_0001271,addr_0003287
tx_0002811,addr_0000399
tx_0000055,addr_0004347
tx_0001754,addr_0004924
tx_0000612,addr_0002906
tx_0001741,addr_0000821
tx_0000598,addr_0002413
tx_0000753,addr_0001622
tx_0002805,addr_0001321
tx_0000368,addr_0003463
tx_0001592,addr_0000769
tx_0001585,addr_0004633
tx_0000421,addr_0000459
tx_0002521,addr_0001843
tx_0000891,addr_0000291
tx_0000813,addr_0002867
tx_0000967,addr_0000802
tx_0001686,addr_0000828
tx_0001524,addr_0004046
tx_0000508,addr_0002335
tx_0001253,addr_0000178
tx_0000909,addr_0003248
tx_0000887,addr_0000247
tx_0002256,addr_0001814
tx_0000339,addr_0003730
tx_0001266,addr_0003267
tx_0000033,addr_0004575
tx_0001155,addr_0000058
tx_0002275,addr_0003828
tx_0000527,addr_0000919
tx_0000587,addr_0002855
tx_0001756,addr_0001676
tx_0001050,addr_0002096
tx_0002936,addr_0002816
tx_0001339,addr_0000120
tx_0000653,addr_0004284
tx_0001152,addr_0003802
tx_0000874,addr_0001193
tx_0002424,addr_0004457
tx_0002150,addr_0000138
tx_0000011,addr_0002506
tx_0002747,addr_0000997
tx_0002566,addr_0001401
tx_0001437,addr_0003010
tx_0001494,addr_0002820
tx_0002153,addr_0001720
tx_0002143,addr_0001654
tx_0000342,addr_0001113
tx_0000833,addr_0000470
tx_0001309,addr_0004528
tx_0000232,addr_0003629
tx_0000158,addr_0001072
tx_0000785,addr_0000841
tx_0001487,addr_0000943
tx_0000169,addr_0000399
tx_0001616,addr_0004862
tx_0002811,addr_0001389
tx_0000884,addr_0001552
tx_0001540,addr_0002415
tx_0001421,addr_0001673
tx_0000680,addr_0001406
tx_0001032,addr_0001609
tx_0000280,addr_0002731
tx_0002686,addr_0001776
tx_0000802,addr_0000770
tx_0002620,addr_0001448
tx_0001966,addr_0003972
tx_0001158,addr_0004685
tx_0002383,addr_0003214
tx_0000170,addr_0003479
tx_0000559,addr_0003721
tx_0000650,addr_0004701
tx_0002271,addr_0003611
tx_0000749,addr_0003053
tx_0001487,addr_0000942
tx_0002256,addr_0001189
tx_0001784,addr_0001793
tx_0002828,addr_0001104
tx_0001855,addr_0003908
tx_0002784,addr_0003993
tx_0000522,addr_0001394
tx_0002467,addr_0001311
tx_0000906,addr_0000117
tx_0001937,addr_0000483
tx_0000533,addr_0002155
tx_0000855,addr_0000093
tx_0002514,addr_0002259
tx_0002606,addr_0003960
tx_0002068,addr_0001645
tx_0002501,addr_0003588
tx_0002205,addr_0001568
tx_0001214,addr_0001241
tx_0001222,addr_0000227
tx_0001215,addr_0001672
tx_0001906,addr_0002362
tx_0000809,addr_0003273
tx_0002446,addr_0004608
tx_0002415,addr_0003574
tx_0000204,addr_0000859
tx_0001237,addr_0001772
tx_0001097,addr_0002079
tx_0002281,addr_0002246
tx_0000672,addr_0003775
tx_0001240,addr_0001658
tx_0000122,addr_0003797
tx_0001124,addr_0002215
tx_0002513,addr_0000567
tx_0000644,addr_0000594
tx_0000875,addr_0000649
tx_0001464,addr_0004333
tx_0000541,addr_0004112
tx_0002083,addr_0004367
tx_0002026,addr_0004450
tx_0002337,addr_0004659
tx_0000082,addr_0003760
tx_0000759,addr_0002092
tx_0001305,addr_0001948
tx_0001750,addr_0004757
tx_0000656,addr_0002676
tx_0001435,addr_0000659
tx_0001915,addr_0001448
tx_0001680,addr_0001414
tx_0002950,addr_0002603
tx_0000203,addr_0002533
tx_0002851,addr_0000680
tx_0002187,addr_0001749
tx_0002124,addr_0000797
tx_0000292,addr_0002885
tx_0000658,addr_0004157
tx_0002434,addr_0001825
tx_0002221,addr_0004880
tx_0000348,addr_0001933
tx_0002247,addr_0003181
tx_0000816,addr_0000554
tx_0002904,addr_0002564
tx_0002205,addr_0003177
tx_0001742,addr_0001031
tx_0002187,addr_0000439
tx_0001635,addr_0001990
tx_0002948,addr_0004942
tx_0002220,addr_0004886
tx_0001711,addr_0000556
tx_0002275,addr_0003628
tx_0000107,addr_0002897
tx_0001870,addr_0003270
tx_0002457,addr_0004300
tx_0000387,addr_0002313
tx_0001501,addr_0001538
tx_0000678,addr_0003689
tx_0002418,addr_0000640
tx_0001619,addr_0000990
tx_0002474,addr_0004430
tx_0001068,addr_0004497
tx_0002606,addr_0002089
tx_0001529,addr_0004871
tx_0002793,addr_0002582
tx_0002948,addr_0001857
tx_0002051,addr_0002890
tx_0000795,addr_0004511
tx_0000233,addr_0004251
tx_0002469,addr_0004262
tx_0001706,addr_0001507
tx_0002366,addr_0002920
tx_0000294,addr_0004913
tx_0001644,addr_0000117
tx_0002560,addr_0000474
tx_0002963,addr_0004892
tx_0001573,addr_0000498
tx_0000959,addr_0003074
tx_0002448,addr_0004586
tx_0000723,addr_0003121
tx_0000471,addr_0002886
tx_0002433,addr_0002141
tx_0001334,addr_0001098
tx_0000645,addr_0004091
tx_0000941,addr_0002528
tx_0002004,addr_0002921
tx_0000836,addr_0003653
tx_0001560,addr_0002524
tx_0000540,addr_0002316
tx_0001064,addr_0003844
tx_0002088,addr_0004168
tx_0000284,addr_0003515
tx_0000227,addr_0001314
tx_0000462,addr_0004123
tx_0001628,addr_0000424
tx_0002512,addr_0004927
tx_0002819,addr_0003258
tx_0000006,addr_0002219
tx_0001287,addr_0002628
tx_0001658,addr_0003528
tx_0001655,addr_0000520
tx_0000534,addr_0003209
tx_0001406,addr_0002797
tx_0002387,addr_0001152
tx_0001296,addr_0002719
tx_0002428,addr_0004050
tx_0001626,addr_0000025
tx_0001505,addr_0004009
tx_0000458,addr_0000939
tx_0000881,addr_0001953
tx_0001061,addr_0002709
tx_0000359,addr_0004426
tx_0000841,addr_0004709
tx_0000430,addr_0002327
tx_0000224,addr_0002699
tx_0001408,addr_0001763
tx_0002244,addr_0000309
tx_0000619,addr_0001638
tx_0001653,addr_0000058
tx_0000233,addr_0000449
tx_0000794,addr_0003994
tx_0002138,addr_0003198
tx_0000683,addr_0000444
tx_0001439,addr_0002695
tx_0000471,addr_0001113
tx_0000218,addr_0002490
tx_0000577,addr_0003295
tx_0000665,addr_0003553
tx_0000212,addr_0004738
tx_0000329,addr_0002060
tx_0000152,addr_0000810
tx_0002426,addr_0001228
tx_0000587,addr_0002364
tx_0002101,addr_0002946
tx_0000953,addr_0003381
tx_0001414,addr_0000660
tx_0001223,addr_0000282
tx_0001960,addr_0002971
tx_0001560,addr_0002119
tx_0002263,addr_0002909
tx_0001659,addr_0002028
tx_0001730,addr_0003684
tx_0002680,addr_0000973
tx_0000371,addr_0003074
tx_0001832,addr_0000528
tx_0000743,addr_0002127
tx_0002044,addr_0004943
tx_0000715,addr_0001155
tx_0001224,addr_0001407
tx_0000716,addr_0003062
tx_0001624,addr_0003721
tx_0000392,addr_0002472
tx_0000783,addr_0002168
tx_0001759,addr_0002802
tx_0002416,addr_0003001
tx_0000486,addr_0001528
tx_0002778,addr_0000874
tx_0001396,addr_0004600
tx_0002886,addr_0002354
tx_0002222,addr_0004946
tx_0002774,addr_0004551
tx_0002091,addr_0003308
tx_0002518,addr_0002311
tx_0002138,addr_0000861
tx_0002593,addr_0004949
tx_0000323,addr_0004964
tx_0002374,addr_0003104
tx_0001813,addr_0002553
tx_0001797,addr_0003039
tx_0000757,addr_0000200
tx_0000113,addr_0002715
tx_0000661,addr_0004333
tx_0000711,addr_0001247
tx_0001069,addr_0004719
tx_0002028,addr_0003855
tx_0002528,addr_0003144
tx_0001295,addr_0002836
tx_0000482,addr_0001797
tx_0002081,addr_0000411
tx_0001243,addr_0000967
tx_0002878,addr_0002892
tx_0001192,addr_0000577
tx_0002771,addr_0003943
tx_0001491,addr_0000786
tx_0000657,addr_0002023
tx_0000745,addr_0001769
tx_0001601,addr_0002953
tx_0000719,addr_0004644
tx_0001629,addr_0002971
tx_0002519,addr_0004123
tx_0000389,addr_0000088
tx_0000904,addr_0001214
tx_0001631,addr_0000926
tx_0002524,addr_0000431
tx_0002230,addr_0000551
tx_0001332,addr_0000450
tx_0001687,addr_0000929
tx_0000397,addr_0003942
tx_0001884,addr_0000799
tx_0002655,addr_0004165
tx_0001869,addr_0002252
tx_0002988,addr_0004083
tx_0000595,addr_0003224
tx_0001265,addr_0001369
tx_0002973,addr_0000152
tx_0001225,addr_0001419
tx_0002726,addr_0004197
tx_0000640,addr_0000227
tx_0002813,addr_0000867
tx_0000069,addr_0003420
tx_0001356,addr_0001952
tx_0000431,addr_0004319
tx_0001264,addr_0003809
tx_0002308,addr_0004388
tx_0000886,addr_0004137
tx_0000780,addr_0000281
tx_0000301,addr_0001279
tx_0002847,addr_0003406
tx_0002801,addr_0001669
tx_0000405,addr_0001563
tx_0000157,addr_0004297
tx_0002149,addr_0000463
tx_0000993,addr_0004872
tx_0001696,addr_0001464
tx_0000036,addr_0000756
tx_0000946,addr_0002671
tx_0001511,addr_0003089
tx_0000365,addr_0004430
tx_0002736,addr_0000311
tx_0001593,addr_0001327
tx_0001037,addr_0001164
tx_0002393,addr_0000801
tx_0002212,addr_0002241
tx_0002475,addr_0000939
tx_0001831,addr_0003995
tx_0000598,addr_0001881
tx_0001195,addr_0000848
tx_0001558,addr_0001990
tx_0002174,addr_0002864
tx_0000957,addr_0004358
tx_0000962,addr_0001713
tx_0001474,addr_0001666
tx_0000111,addr_0004093
tx_0000899,addr_0002193
tx_0000407,addr_0001321
tx_0000092,addr_0004187
tx_0000382,addr_0002319
tx_0002453,addr_0004627
tx_0000171,addr_0002735
tx_0002589,addr_0001711
tx_0000260,addr_0002660
tx_0001615,addr_0004352
tx_0001533,addr_0000872
tx_0001196,addr_0003315
tx_0002968,addr_0002293
tx_0000225,addr_0000660
tx_0002881,addr_0003096
tx_0000962,addr_0004206
tx_0002102,addr_0002030
tx_0000175,addr_0003890
tx_0002084,addr_0000658
tx_0000474,addr_0001575
tx_0000312,addr_0004390
tx_0000314,addr_0004365
tx_0001522,addr_0001561
tx_0002026,addr_0001509
tx_0000792,addr_0001477
tx_0001402,addr_0004349
tx_0000957,addr_0000827
tx_0000148,addr_0003598
tx_0002440,addr_0000968
tx_0001668,addr_0000118
tx_0001587,addr_0000691
tx_0000880,addr_0002002
tx_0000487,addr_0002288
tx_0001623,addr_0002509
tx_0000301,addr_0001443
tx_0001531,addr_0002228
tx_0000802,addr_0000277
tx_0001024,addr_0001612
tx_0002337,addr_0002075
tx_0001621,addr_0001647
tx_0001114,addr_0002763
tx_0001251,addr_0000607
tx_0002127,addr_0003170
tx_0000152,addr_0002018
tx_0001312,addr_0004150
tx_0000634,addr_0001070
tx_0001761,addr_0001031
tx_0002043,addr_0000095
tx_0000071,addr_0002595
tx_0002134,addr_0000072
tx_0001975,addr_0002768
tx_0002313,addr_0004727
tx_0000909,addr_0000778
tx_0001697,addr_0001494
tx_0000233,addr_0004437
tx_0000856,addr_0003473
tx_0001636,addr_0000627
tx_0001332,addr_0000894
tx_0002639,addr_0003307
tx_0001547,addr_0000642
tx_0002513,addr_0002909
tx_0001523,addr_0000418
tx_0002470,addr_0002147
tx_0002926,addr_0004395
tx_0000069,addr_0003926
tx_0000686,addr_0000784
tx_0001550,addr_0003925
tx_0000170,addr_0004855
tx_0001495,addr_0003463
tx_0001299,addr_0001325
tx_0000519,addr_0004669
tx_0000716,addr_0001748
tx_0001900,addr_0004474
tx_0002612,addr_0002574
tx_0002581,addr_0002023
tx_0001428,addr_0001266
tx_0001190,addr_0000162
tx_0002302,addr_0000139
tx_0001522,addr_0000093
tx_0001835,addr_0002353
tx_0002125,addr_0002761
tx_0002005,addr_0000215
tx_0001617,addr_0004527
tx_0000960,addr_0001364
tx_0002912,addr_0004955
tx_0001198,addr_0002256
tx_0000167,addr_0002315
tx_0002813,addr_0003062
tx_0001362,addr_0001607
tx_0002337,addr_0000220
tx_0000820,addr_0003656
tx_0000556,addr_0001249
tx_0002272,addr_0002441
tx_0002193,addr_0004575
tx_0001525,addr_0002641
tx_0002045,addr_0004604
tx_0000038,addr_0001139
tx_0001832,addr_0002174
tx_0002276,addr_0002684
tx_0000008,addr_0002075
tx_0002464,addr_0000805
tx_0000992,addr_0000225
tx_0002548,addr_0001119
tx_0002185,addr_0003066
tx_0000272,addr_0000644
tx_0000657,addr_0001157
tx_0002992,addr_0000027
tx_0001044,addr_0000244
tx_0001412,addr_0001370
tx_0000925,addr_0004889
tx_0001165,addr_0002576
tx_0001594,addr_0001733
tx_0000244,addr_0003441
tx_0002380,addr_0000997
tx_0000995,addr_0003864
tx_0002678,addr_0003676
tx_0001632,addr_0000033
tx_0002199,addr_0003473
tx_0002031,addr_0004712
tx_0002889,addr_0003877
tx_0000082,addr_0002239
tx_0001032,addr_0004922
tx_0001908,addr_0003282
tx_0000716,addr_0002465
tx_0002546,addr_0004657
tx_0000498,addr_0004716
tx_0000183,addr_0001951
tx_0001471,addr_0001124
tx_0000473,addr_0002995
tx_0001474,addr_0001877
tx_0000500,addr_0002464
tx_0000988,addr_0000749
tx_0002840,addr_0004075
tx_0002568,addr_0000564
tx_0001271,addr_0001750
tx_0002181,addr_0001393
tx_0002964,addr_0003751
tx_0002181,addr_0001456
tx_0002920,addr_0000100
tx_0002753,addr_0000740
tx_0002461,addr_0002920
tx_0000848,addr_0004412
tx_0000910,addr_0002389
tx_0001933,addr_0003478
tx_0002411,addr_0004051
tx_0001613,addr_0001430
tx_0000199,addr_0003883
tx_0000719,addr_0001710
tx_0002459,addr_0002843
tx_0000288,addr_0004518
tx_0001495,addr_0001422
tx_0001936,addr_0002749
tx_0000569,addr_0000440
tx_0000503,addr_0004007
tx_0001340,addr_0004667
tx_0001521,addr_0001925
tx_0002458,addr_0002282
tx_0000342,addr_0004496
tx_0001241,addr_0003992
tx_0001791,addr_0001185
tx_0001529,addr_0002055
tx_0001637,addr_0001157
tx_0001438,addr_0002829
tx_0001967,addr_0003765
tx_0000073,addr_0000572
tx_0001744,addr_0002026
tx_0002729,addr_0000323
tx_0001132,addr_0001118
tx_0000537,addr_0002120
tx_0001211,addr_0004771
tx_0001419,addr_0000535
tx_0000698,addr_0000262
tx_0002818,addr_0004125
tx_0000257,addr_0002389
tx_0001888,addr_0001225
tx_0001833,addr_0003608
tx_0001584,addr_0002744
tx_0002122,addr_0003872
tx_0002394,addr_0003063
tx_0001954,addr_0004010
tx_0000337,addr_0004656
tx_0001726,addr_0000416
tx_0000207,addr_0002415
tx_0000615,addr_0001051
tx_0001692,addr_0004624
tx_0000901,addr_0000407
tx_0000234,addr_0002484
tx_0001320,addr_0002014
tx_0000396,addr_0002189
tx_0000821,addr_0001546
tx_0001689,addr_0004894
tx_0002331,addr_0000040
tx_0002173,addr_0001227
tx_0000791,addr_0003830
tx_0001062,addr_0002383
tx_0001962,addr_0004919
tx_0002352,addr_0004078
tx_0001645,addr_0002099
tx_0000345,addr_0001470
tx_0002603,addr_0003569
tx_0002079,addr_0002422
tx_0000722,addr_0001950
tx_0001028,addr_0004472
tx_0001044,addr_0001524
tx_0001311,addr_0000270
tx_0001318,addr_0002538
tx_0002363,addr_0002717
tx_0002314,addr_0002223
tx_0002407,addr_0000669
tx_0000011,addr_0003315
tx_0000758,addr_0003187
tx_0002185,addr_0001306
tx_0002009,addr_0002213
tx_0002991,addr_0000420
tx_0000826,addr_0004433
tx_0001655,addr_0003129
tx_0000308,addr_0004266
tx_0002330,addr_0002841
tx_0002467,addr_0002792
tx_0000649,addr_0001790
tx_0001796,addr_0003570
tx_0002536,addr_0002438
tx_0001901,addr_0002073
tx_0001044,addr_0003855
tx_0002039,addr_0000972
tx_0001642,addr_0004360
tx_0002422,addr_0004859
tx_0002947,addr_0000107
tx_0002500,addr_0001496
tx_0002088,addr_0002920
tx_0000378,addr_0000105
tx_0000779,addr_0001604
tx_0000001,addr_0002566
tx_0001489,addr_0000965
tx_0001412,addr_0004360
tx_0000944,addr_0001408
tx_0001747,addr_0001503
tx_0001923,addr_0002227
tx_0000657,addr_0000375
tx_0002994,addr_0001853
tx_0000289,addr_0001420
tx_0001224,addr_0004115
tx_0000452,addr_0002497
tx_0001866,addr_0003264
tx_0002596,addr_0003744
tx_0002825,addr_0000421
tx_0000649,addr_0002532
tx_0002169,addr_0004836
tx_0001580,addr_0003967
tx_0000645,addr_0003105
tx_0001374,addr_0002245
tx_0001400,addr_0001903
tx_0002419,addr_0001115
tx_0002629,addr_0001659
tx_0001338,addr_0001508
tx_0000800,addr_0000523
tx_0000568,addr_0001422
tx_0002285,addr_0000774
tx_0000989,addr_0004913
tx_0000293,addr_0002792
tx_0002164,addr_0004963
tx_0001028,addr_0002312
tx_0002157,addr_0003277
tx_0000319,addr_0001846
tx_0001067,addr_0004596
tx_0001644,addr_0001517
tx_0002543,addr_0004615
tx_0002612,addr_0004173
tx_0002485,addr_0004208
tx_0000392,addr_0003075
tx_0001624,addr_0002938
tx_0001736,addr_0003751
tx_0001824,addr_0000909
tx_0000174,addr_0003564
tx_0000961,addr_0000994
tx_0002785,addr_0002401
tx_0001523,addr_0001567
tx_0001996,addr_0002814
tx_0001494,addr_0003040
tx_0001197,addr_0004789
tx_0002455,addr_0004632
tx_0002898,addr_0003089
tx_0001962,addr_0003590
tx_0002579,addr_0002119
tx_0001854,addr_0002665
tx_0001510,addr_0002090
tx_0001341,addr_0001972
tx_0001520,addr_0003830
tx_0002113,addr_0003388
tx_0001971,addr_0000335
tx_0001842,addr_0001567
tx_0001395,addr_0003805
tx_0001301,addr_0003888
tx_0000372,addr_0000533
tx_0000840,addr_0004087
tx_0002532,addr_0003627
tx_0002630,addr_0004833
tx_0001700,addr_0001069
tx_0001580,addr_0002201
tx_0002249,addr_0000736
tx_0002312,addr_0004301
tx_0001688,addr_0004854
tx_0001052,addr_0004244
tx_0000324,addr_0004755
tx_0000520,addr_0002654
tx_0000091,addr_0001982
tx_0001546,addr_0001950
tx_0001437,addr_0004479
tx_0002290,addr_0003027
tx_0002739,addr_0002793
tx_0000431,addr_0000544
tx_0001804,addr_0003007
tx_0002754,addr_0004088
tx_0000528,addr_0003872
tx_0002893,addr_0003523
tx_0000989,addr_0001228
tx_0001353,addr_0003902
tx_0002334,addr_0001327
tx_0000129,addr_0001052
tx_0000320,addr_0001173
tx_0001005,addr_0002424
tx_0000558,addr_0002527
tx_0000843,addr_0003133
tx_0000324,addr_0002187
tx_0002593,addr_0003050
tx_0002562,addr_0004476
tx_0002475,addr_0000535
tx_0002616,addr_0001767
tx_0002974,addr_0002549
tx_0000217,addr_0003710
tx_0001800,addr_0000634
tx_0002901,addr_0002858
tx_0001835,addr_0002848
tx_0000164,addr_0003861
tx_0002116,addr_0002829
tx_0000407,addr_0001062
tx_0000311,addr_0002357
tx_0002997,addr_0004222
tx_0001649,addr_0000931
tx_0002288,addr_0002814
tx_0000181,addr_0003348
tx_0002410,addr_0002291
tx_0002080,addr_0002374
tx_0002708,addr_0002802
tx_0002014,addr_0000005
tx_0002891,addr_0004540
tx_0001521,addr_0000149
tx_0000157,addr_0002851
tx_0002465,addr_0004297
tx_0001066,addr_0000682
tx_0000413,addr_0000409
tx_0001042,addr_0004439
tx_0002224,addr_0000373
tx_0000190,addr_0003745
tx_0002874,addr_0002450
tx_0000306,addr_0000508
tx_0001475,addr_0002400
tx_0000310,addr_0000490
tx_0002526,addr_0002462
tx_0002411,addr_0002673
tx_0001501,addr_0004854
tx_0002329,addr_0000436
tx_0000458,addr_0002961
tx_0001857,addr_0004425
tx_0000013,addr_0003959
tx_0000215,addr_0001555
tx_0001122,addr_0000577
tx_0000099,addr_0004716
tx_0000887,addr_0000038
tx_0001583,addr_0000112
tx_0000422,addr_0001099
tx_0002368,addr_0000210
tx_0001017,addr_0000884
tx_0002788,addr_0001758
tx_0000430,addr_0004539
tx_0000300,addr_0003664
tx_0000564,addr_0004320
tx_0002952,addr_0003511
tx_0002114,addr_0001218
tx_0002179,addr_0001971
tx_0002958,addr_0004026
tx_0001178,addr_0000552
tx_0000389,addr_0000631
tx_0000847,addr_0004009
tx_0000340,addr_0003286
tx_0001273,addr_0002527
tx_0002089,addr_0002143
tx_0000807,addr_0003558
tx_0002165,addr_0001814
tx_0000400,addr_0002875
tx_0001176,addr_0000114
tx_0002827,addr_0004637
tx_0001089,addr_0002155
tx_0002485,addr_0001135
tx_0002350,addr_0000967
tx_0000869,addr_0001468
tx_0002722,addr_0000865
tx_0002886,addr_0003525
tx_0001664,addr_0003391
tx_0002349,addr_0002101
tx_0000475,addr_0004725
tx_0002672,addr_0002804
tx_0001039,addr_0001741
tx_0000374,addr_0001155
tx_0002861,addr_0000719
tx_0001975,addr_0000297
tx_0002249,addr_0001001
tx_0000872,addr_0002700
tx_0000710,addr_0004657
tx_0001227,addr_0002025
tx_0001969,addr_0002008
tx_0001571,addr_0002235
tx_0000927,addr_0001961
tx_0000675,addr_0001837
tx_0000381,addr_0003152
tx_0002620,addr_0000803
tx_0002858,addr_0004972
tx_0001995,addr_0001944
tx_0001919,addr_0001540
tx_0000863,addr_0002745
tx_0001871,addr_0004399
tx_0002996,addr_0001717
tx_0002689,addr_0001254
tx_0001902,addr_0000428
tx_0001308,addr_0002621
tx_0002972,addr_0003736
tx_0000811,addr_0002922
tx_0001997,addr_0004293
tx_0001573,addr_0001550
tx_0002582,addr_0004456
tx_0002836,addr_0003202
tx_0001909,addr_0001350
tx_0001666,addr_0004197
tx_0000344,addr_0002382
tx_0001047,addr_0002526
tx_0000135,addr_0003452
tx_0002955,addr_0003908
tx_0001326,addr_0003817
tx_0000984,addr_0002450
tx_0000985,addr_0003442
tx_0001935,addr_0001630
tx_0000412,addr_0002182
tx_0002616,addr_0004514
tx_0002687,addr_0003957
tx_0002142,addr_0001899
tx_0002039,addr_0000417
tx_0001513,addr_0004942
tx_0002511,addr_0002825
tx_0001002,addr_0002106
tx_0001662,addr_0004647
tx_0000985,addr_0000867
tx_0002459,addr_0001007
tx_0001353,addr_0003074
tx_0000610,addr_0002093
tx_0001543,addr_0000734
tx_0002143,addr_0002306
tx_0000785,addr_0001278
tx_0001014,addr_0004119
tx_0000950,addr_0000855
tx_0001941,addr_0001710
tx_0002205,addr_0003514
tx_0002524,addr_0001479
tx_0000603,addr_0003856
tx_0002829,addr_0002582
tx_0001985,addr_0000595
tx_0000251,addr_0004522
tx_0001712,addr_0003758
tx_0001655,addr_0002151
tx_0002159,addr_0001057
tx_0000809,addr_0002717
tx_0001173,addr_0000427
tx_0000851,addr_0000956
tx_0001687,addr_0002183
tx_0000994,addr_0001977
tx_0002175,addr_0000446
tx_0002829,addr_0002872
tx_0002835,addr_0004522
tx_0002802,addr_0001248
tx_0000340,addr_0004815
tx_0001573,addr_0004387
tx_0000389,addr_0000943
tx_0002987,addr_0004742
tx_0000490,addr_0003471
tx_0000852,addr_0002126
tx_0001181,addr_0001156
tx_0002221,addr_0004535
tx_0001300,addr_0000930
tx_0000403,addr_0004146
tx_0001702,addr_0003869
tx_0002276,addr_0002122
tx_0000770,addr_0004889
tx_0001950,addr_0003979
tx_0002508,addr_0001700
tx_0002218,addr_0002990
tx_0000067,addr_0003929
tx_0002488,addr_0000761
tx_0002926,addr_0001163
tx_0001435,addr_0000082
tx_0002656,addr_0000841
tx_0001836,addr_0004525
tx_0000923,addr_0004860
tx_0001335,addr_0003696
tx_0001777,addr_0001116
tx_0002290,addr_0004017
tx_0002035,addr_0002514
tx_0000106,addr_0003236
tx_0000590,addr_0003240
tx_0000784,addr_0000807
tx_0002997,addr_0004575
tx_0000730,addr_0002021
tx_0000528,addr_0004946
tx_0002726,addr_0000157
tx_0000245,addr_0000164
tx_0001195,addr_0000280
tx_0002214,addr_0001647
tx_0002716,addr_0004500
tx_0002448,addr_0004149
tx_0001746,addr_0002009
tx_0000505,addr_0001603
tx_0001783,addr_0001205
tx_0000499,addr_0001167
tx_0000512,addr_0001805
tx_0000678,addr_0001292
tx_0000863,addr_0003836
tx_0001796,addr_0001551
tx_0001130,addr_0004472
tx_0001657,addr_0003885
tx_0000527,addr_0000244
tx_0001716,addr_0001381
tx_0000569,addr_0003074
tx_0000197,addr_0004348
tx_0000055,addr_0000756
tx_0002081,addr_0000647
tx_0002110,addr_0000303
tx_0000885,addr_0003796
tx_0002239,addr_0000356
tx_0001362,addr_0001685
tx_0001392,addr_0000409
tx_0000546,addr_0001638
tx_0001672,addr_0001750
tx_0001535,addr_0004757
tx_0001621,addr_0002908
tx_0000788,addr_0002492
tx_0000240,addr_0003678
tx_0001851,addr_0004276
tx_0000704,addr_0003643
tx_0000610,addr_0002046
tx_0000191,addr_0002264
tx_0000242,addr_0001677
tx_0001916,addr_0000551
tx_0002496,addr_0001369
tx_0001859,addr_0002980
tx_0001392,addr_0003489
tx_0000884,addr_0000914
tx_0000752,addr_0002122
tx_0000226,addr_0000003
tx_0002676,addr_0002996
tx_0000952,addr_0003670
tx_0002048,addr_0001466
tx_0000323,addr_0000410
tx_0001723,addr_0000368
tx_0000208,addr_0002349
tx_0001014,addr_0000736
tx_0000010,addr_0001530
tx_0001872,addr_0000440
tx_0001497,addr_0000896
tx_0000155,addr_0002328
tx_0001247,addr_0001116
tx_0002776,addr_0003851
tx_0000608,addr_0004736
tx_0001589,addr_0001472
tx_0002873,addr_0002467
tx_0002249,addr_0001617
tx_0000201,addr_0000282
tx_0002925,addr_0003163
tx_0000887,addr_0000178
tx_0000447,addr_0000195
tx_0002173,addr_0004627
tx_0000741,addr_0000944
tx_0000813,addr_0004083
tx_0000618,addr_0003805
tx_0002615,addr_0003261
tx_0000080,addr_0002289
tx_0000329,addr_0001473
tx_0000943,addr_0000752
tx_0001075,addr_0003930
tx_0002119,addr_0004236
tx_0000337,addr_0003556
tx_0000918,addr_0001411
tx_0002117,addr_0004046
tx_0002482,addr_0003195
tx_0002526,addr_0003619
tx_0002449,addr_0000045
tx_0002309,addr_0004099
tx_0001476,addr_0003798
tx_0000956,addr_0002953
tx_0000228,addr_0001877
tx_0000408,addr_0004873
tx_0001101,addr_0001060
tx_0001277,addr_0002607
tx_0001289,addr_0003630
tx_0000415,addr_0000646
tx_0001993,addr_0001091
tx_0000978,addr_0003791
tx_0002690,addr_0001206
tx_0002802,addr_0003828
tx_0000235,addr_0001778
tx_0000362,addr_0002720
tx_0001714,addr_0001520
tx_0000322,addr_0004582
tx_0001184,addr_0000697
tx_0001191,addr_0000980
tx_0000482,addr_0001867
tx_0001499,addr_0001727
tx_0002765,addr_0002700
tx_0000191,addr_0001223
tx_0002649,addr_0000336
tx_0001205,addr_0003555
tx_0001461,addr_0004772
tx_0001444,addr_0002733
tx_0001026,addr_0003883
tx_0000178,addr_0004108
tx_0000291,addr_0000687
tx_0000824,addr_0000577
tx_0001415,addr_0000958
tx_0001694,addr_0004934
tx_0001085,addr_0001198
tx_0001036,addr_0004851
tx_0002222,addr_0000112
tx_0001638,addr_0002258
tx_0001607,addr_0004574
tx_0001771,addr_0003808
tx_0001104,addr_0001690
tx_0002511,addr_0002927
tx_0001093,addr_0004193
tx_0002389,addr_0002117
tx_0002813,addr_0001144
tx_0002174,addr_0003169
tx_0001714,addr_0004844
tx_0000671,addr_0002983
tx_0001224,addr_0003525
tx_0000145,addr_0002391
tx_0002619,addr_0000746
tx_0002548,addr_0002786
tx_0002953,addr_0003203
tx_0001702,addr_0003686
tx_0001397,addr_0004392
tx_0002259,addr_0001556
tx_0002142,addr_0002802
tx_0000670,addr_0004949
tx_0002788,addr_0004599
tx_0000852,addr_0002230
tx_0000664,addr_0000112
tx_0002446,addr_0003402
tx_0002223,addr_0003269
tx_0001611,addr_0000685
tx_0002507,addr_0000104
tx_0000400,addr_0001586
tx_0001296,addr_0000439
tx_0001201,addr_0002923
tx_0002157,addr_0002120
tx_0002138,addr_0003825
tx_0000095,addr_0000961
tx_0000959,addr_0000114
tx_0001955,addr_0001502
tx_0001771,addr_0000976
tx_0001867,addr_0001584
tx_0001241,addr_0003543
tx_0000145,addr_0002940
tx_0001340,addr_0002583
tx_0001994,addr_0003024
tx_0001618,addr_0002513
tx_0001187,addr_0003305
tx_0001799,addr_0001929
tx_0000554,addr_0002356
tx_0002891,addr_0001895
tx_0001504,addr_0000585
tx_0001196,addr_0003222
tx_0000990,addr_0002110
tx_0001309,addr_0004112
tx_0001858,addr_0002538
tx_0001105,addr_0002745
tx_0001003,addr_0001547
tx_0000180,addr_0002071
tx_0000035,addr_0004776
tx_0001155,addr_0000445
tx_0000263,addr_0001525
tx_0001656,addr_0004671
tx_0001404,addr_0000786
tx_0000266,addr_0004708
tx_0000315,addr_0000546
tx_0001673,addr_0003512
tx_0002714,addr_0000567
tx_0000823,addr_0001886
tx_0001846,addr_0000514
tx_0001393,addr_0001329
tx_0002095,addr_0000386
tx_0000086,addr_0003477
tx_0000639,addr_0001721
tx_0002120,addr_0002818
tx_0001372,addr_0001319
tx_0002614,addr_0004278
tx_0000965,addr_0002223
tx_0001058,addr_0004392
tx_0002025,addr_0001792
tx_0000979,addr_0000122
tx_0000022,addr_0001673
tx_0001604,addr_0001005
tx_0000117,addr_0002883
tx_0002295,addr_0004635
tx_0000965,addr_0002990
tx_0002125,addr_0004944
tx_0000563,addr_0004291
tx_0002917,addr_0001857
tx_0001801,addr_0000611
tx_0001799,addr_0000259
tx_0000628,addr_0002614
tx_0001989,addr_0004535
tx_0002938,addr_0000910
tx_0002177,addr_0002233
tx_0002945,addr_0004861
tx_0000916,addr_0000503
tx_0002408,addr_0003875
tx_0000742,addr_0001473
tx_0002616,addr_0004864
tx_0000407,addr_0003304
tx_0000080,addr_0000597
tx_0002506,addr_0004897
tx_0002416,addr_0003489
tx_0001331,addr_0003287
tx_0002044,addr_0004295
tx_0001795,addr_0002197
tx_0002483,addr_0000490
tx_0001563,addr_0003032
tx_0001450,addr_0002737
tx_0002754,addr_0000108
tx_0002033,addr_0002228
tx_0002957,addr_0003895
tx_0002300,addr_0002752
tx_0002948,addr_0004803
tx_0002009,addr_0001914
tx_0001943,addr_0003816
tx_0001453,addr_0000769
tx_0001157,addr_0002350
tx_0000214,addr_0003966
tx_0000409,addr_0000911
tx_0001935,addr_0000220
tx_0002301,addr_0002933
tx_0000040,addr_0000387
tx_0000379,addr_0000033
tx_0000285,addr_0001070
tx_0000070,addr_0000031
tx_0001333,addr_0003405
tx_0001028,addr_0001435
tx_0001855,addr_0002106
tx_0002269,addr_0003443
tx_0002318,addr_0001744
tx_0002881,addr_0004068
tx_0000348,addr_0001807
tx_0002079,addr_0000817
tx_0000968,addr_0002755
tx_0001176,addr_0003912
tx_0001037,addr_0004623
tx_0000500,addr_0002313
tx_0002156,addr_0001138
tx_0002891,addr_0001934
tx_0001402,addr_0001350
tx_0001817,addr_0004639
tx_0001875,addr_0000611
tx_0001104,addr_0000068
tx_0002241,addr_0001908
tx_0000833,addr_0002363
tx_0000724,addr_0003599
tx_0000433,addr_0000070
tx_0002661,addr_0001111
tx_0000957,addr_0003163
tx_0001628,addr_0001014
tx_0000548,addr_0001865
tx_0001841,addr_0000175
tx_0000861,addr_0002044
tx_0001052,addr_0002290
tx_0001573,addr_0001048
tx_0002014,addr_0000251
tx_0002983,addr_0000584
tx_0001272,addr_0004710
tx_0001505,addr_0000572
tx_0001284,addr_0002252
tx_0002309,addr_0004701
tx_0002496,addr_0000876
tx_0001260,addr_0004364
tx_0001939,addr_0001955
tx_0002581,addr_0004432
tx_0002923,addr_0003835
tx_0002828,addr_0003389
tx_0001396,addr_0002490
tx_0001197,addr_0002833
tx_0001153,addr_0004378
tx_0001525,addr_0001743
tx_0002556,addr_0001924
tx_0002758,addr_0004350
tx_0000086,addr_0002462
tx_0000807,addr_0002693
tx_0002440,addr_0001232
tx_0000828,addr_0001431
tx_0000214,addr_0004996
tx_0002645,addr_0000422
tx_0002575,addr_0004272
tx_0002192,addr_0002864
tx_0000135,addr_0004972
tx_0000708,addr_0004280
tx_0001026,addr_0004952
tx_0001326,addr_0002769
tx_0000693,addr_0004780
tx_0000351,addr_0003298
tx_0002783,addr_0002436
tx_0000319,addr_0000304
tx_0001887,addr_0003596
tx_0002246,addr_0001389
tx_0001590,addr_0000501
tx_0001374,addr_0003466
tx_0000953,addr_0002188
tx_0001512,addr_0003836
tx_0001509,addr_0004403
tx_0001503,addr_0000738
tx_0002419,addr_0002188
tx_0002747,addr_0001088
tx_0000959,addr_0001333
tx_0000416,addr_0000615
tx_0002114,addr_0003207
tx_0000566,addr_0002647
tx_0000906,addr_0003554
tx_0002820,addr_0000071
tx_0002215,addr_0001203
tx_0000799,addr_0001726
tx_0001633,addr_0001800
tx_0000500,addr_0002854
tx_0002507,addr_0001936
tx_0001623,addr_0003657
tx_0000043,addr_0003961
tx_0000745,addr_0000431
tx_0001558,addr_0001167
tx_0000035,addr_0004270
tx_0000738,addr_0004347
tx_0000303,addr_0000465
tx_0002869,addr_0000952
tx_0001568,addr_0000336
tx_0000744,addr_0003723
tx_0000697,addr_0000101
tx_0000512,addr_0001787
tx_0000540,addr_0002941
tx_0000829,addr_0001885
tx_0000022,addr_0004004
tx_0001564,addr_0004405
tx_0000552,addr_0004265
tx_0002893,addr_0001786
tx_0000437,addr_0000670
tx_0002215,addr_0003257
tx_0000559,addr_0003203
tx_0002832,addr_0000914
tx_0002507,addr_0001879
tx_0000304,addr_0004499
tx_0000362,addr_0004006
tx_0002903,addr_0004748
tx_0000525,addr_0000885
tx_0002160,addr_0002023
tx_0000111,addr_0000057
tx_0001874,addr_0002375
tx_0002648,addr_0002788
tx_0001242,addr_0001018
tx_0000154,addr_0003547
tx_0000435,addr_0004047
tx_0000731,addr_0003320
tx_0000272,addr_0001375
tx_0001521,addr_0003566
tx_0000095,addr_0004001
tx_0000030,addr_0003068
tx_0002785,addr_0001247
tx_0000089,addr_0000819
tx_0000549,addr_0000891
tx_0001835,addr_0002377
tx_0000342,addr_0004919
tx_0001545,addr_0001716
tx_0001328,addr_0003343
tx_0002715,addr_0002794
tx_0000742,addr_0002083
tx_0000525,addr_0000984
tx_0000581,addr_0001906
tx_0001486,addr_0004228
tx_0000286,addr_0002667
tx_0000411,addr_0001144
tx_0000047,addr_0003553
tx_0000159,addr_0001498
tx_0002651,addr_0001627
tx_0001164,addr_0003990
tx_0001843,addr_0002295
tx_0000900,addr_0003923
tx_0001579,addr_0003060
tx_0001195,addr_0002342
tx_0001793,addr_0002716
tx_0002986,addr_0001739
tx_0000992,addr_0004185
tx_0002074,addr_0000383
tx_0000459,addr_0004696
tx_0000159,addr_0000842
tx_0002594,addr_0002986
tx_0001381,addr_0004860
tx_0001717,addr_0003895
tx_0001889,addr_0003545
tx_0002382,addr_0004745
tx_0001916,addr_0002306
tx_0002361,addr_0003240
tx_0000118,addr_0004203
tx_0000332,addr_0002437
tx_0002502,addr_0001620
tx_0002296,addr_0000466
tx_0001664,addr_0000872
tx_0001694,addr_0004751
tx_0001720,addr_0002072
tx_0001884,addr_0004712
tx_0002866,addr_0002111
tx_0001706,addr_0001247
tx_0001814,addr_0002566
tx_0000207,addr_0000366
tx_0000902,addr_0004132
tx_0002479,addr_0002974
tx_0002476,addr_0004203
tx_0000990,addr_0004220
tx_0002516,addr_0004283
tx_0000494,addr_0002624
tx_0000110,addr_0004007
tx_0002299,addr_0003555
tx_0001181,addr_0003931
tx_0002977,addr_0000856
tx_0002164,addr_0000608
tx_0000525,addr_0000069
tx_0001539,addr_0001712
tx_0000027,addr_0000741
tx_0000301,addr_0002855
tx_0001880,addr_0004619
tx_0002543,addr_0000635
tx_0002007,addr_0001252
tx_0000607,addr_0000010
tx_0002822,addr_0001327
tx_0000525,addr_0004654
tx_0001195,addr_0004162
tx_0002294,addr_0002682
tx_0001244,addr_0001535
tx_0001155,addr_0002082
tx_0002154,addr_0003161
tx_0002601,addr_0004975
tx_0001243,addr_0001121
tx_0000456,addr_0000013
tx_0000031,addr_0001872
tx_0000755,addr_0004554
tx_0002731,addr_0002255
tx_0001281,addr_0000822
tx_0001824,addr_0001414
tx_0001266,addr_0004592
tx_0001683,addr_0000259
tx_0001655,addr_0001807
tx_0001503,addr_0000460
tx_0001834,addr_0000390
tx_0002272,addr_0003405
tx_0002707,addr_0003056
tx_0002383,addr_0002264
tx_0002137,addr_0000676
tx_0001717,addr_0004613
tx_0001592,addr_0001412
tx_0001046,addr_0004623
tx_0002104,addr_0002377
tx_0000453,addr_0002074
tx_0000860,addr_0001686
tx_0002945,addr_0002261
tx_0000819,addr_0003552
tx_0002204,addr_0001951
tx_0001727,addr_0001813
tx_0000017,addr_0001274
tx_0001770,addr_0002335
tx_0001863,addr_0001384
tx_0002306,addr_0000340
tx_0000076,addr_0000155
tx_0002949,addr_0001923
tx_0000409,addr_0001729
tx_0000431,addr_0003492
tx_0001735,addr_0003157
tx_0002440,addr_0003298
tx_0002451,addr_0003543
tx_0000369,addr_0004978
tx_0001919,addr_0000297
tx_0001663,addr_0004508
tx_0001970,addr_0004284
tx_0000371,addr_0002916
tx_0002144,addr_0002625
tx_0002101,addr_0004625
tx_0001531,addr_0001495
tx_0001365,addr_0000082
tx_0002145,addr_0000845
tx_0002785,addr_0002572
tx_0002745,addr_0000839
tx_0002907,addr_0002761
tx_0002561,addr_0003278
tx_0001226,addr_0002692
tx_0001925,addr_0004476
tx_0000738,addr_0002357
tx_0002184,addr_0001037
tx_0000108,addr_0004613
tx_0002967,addr_0001888
tx_0002901,addr_0002017
tx_0001826,addr_0002611
tx_0001196,addr_0000542
tx_0002509,addr_0003697
tx_0002712,addr_0003599
tx_0000804,addr_0002135
tx_0002749,addr_0003674
tx_0001007,addr_0004701
tx_0000225,addr_0003987
tx_0001515,addr_0003390
tx_0000220,addr_0001281
tx_0001348,addr_0001725
tx_0001793,addr_0002564
tx_0000387,addr_0001770
tx_0001330,addr_0004524
tx_0002882,addr_0004577
tx_0001062,addr_0001748
tx_0000898,addr_0002715
tx_0001548,addr_0002222
tx_0001408,addr_0001505
tx_0000699,addr_0000091
tx_0001814,addr_0004714
tx_0002160,addr_0002796
tx_0000641,addr_0002142
tx_0000795,addr_0003733
tx_0002590,addr_0002260
tx_0000225,addr_0002503
tx_0000552,addr_0004737
tx_0000232,addr_0003696
tx_0001380,addr_0004414
tx_0000662,addr_0004282
tx_0002127,addr_0004535
tx_0000236,addr_0002482
tx_0002462,addr_0004409
tx_0002967,addr_0000574
tx_0000486,addr_0004188
tx_0002251,addr_0003292
tx_0001719,addr_0001294
tx_0000582,addr_0001238
tx_0002824,addr_0000465
tx_0002647,addr_0004934
tx_0000250,addr_0000093
tx_0000823,addr_0004259
tx_0000833,addr_0003794
tx_0001332,addr_0004752
tx_0001858,addr_0004605
tx_0001123,addr_0001686
tx_0001969,addr_0001696
tx_0001544,addr_0004083
tx_0002772,addr_0000637
tx_0000232,addr_0001620
tx_0000288,addr_0000028
tx_0001202,addr_0001654
tx_0002389,addr_0002053
tx_0002344,addr_0004703
tx_0002621,addr_0002141
tx_0000501,addr_0002745
tx_0000158,addr_0004313
tx_0002511,addr_0000765
tx_0000413,addr_0001687
tx_0001599,addr_0001551
tx_0001341,addr_0000775
tx_0002233,addr_0003289
tx_0001500,addr_0000824
tx_0000012,addr_0001744
tx_0000829,addr_0000808
tx_0002588,addr_0001498
tx_0002093,addr_0001040
tx_0002618,addr_0003944
tx_0001378,addr_0000815
tx_0001079,addr_0003809
tx_0002020,addr_0004839
tx_0000857,addr_0001133
tx_0002758,addr_0002783
tx_0000722,addr_0004407
tx_0001911,addr_0001764
tx_0001285,addr_0004159
tx_0002679,addr_0001834
tx_0000666,addr_0004334
tx_0001360,addr_0004692
tx_0001405,addr_0003035
tx_0002183,addr_0003502
tx_0002345,addr_0001932
tx_0001790,addr_0002721
tx_0002467,addr_0002712
tx_0002720,addr_0000710
tx_0000786,addr_0004921
tx_0001370,addr_0002167
tx_0000616,addr_0001323
tx_0001021,addr_0004792
tx_0001525,addr_0001763
tx_0001105,addr_0004359
tx_0002418,addr_0001428
tx_0002225,addr_0001977
tx_0000089,addr_0000742
tx_0000279,addr_0001413
tx_0000333,addr_0001405
tx_0002898,addr_0004891
tx_0002082,addr_0004799
tx_0001340,addr_0003237
tx_0000842,addr_0002057
tx_0000882,addr_0000886
tx_0002614,addr_0003909
tx_0001750,addr_0004883
tx_0002796,addr_0003748
tx_0001275,addr_0001288
tx_0002792,addr_0000130
tx_0001115,addr_0000464
tx_0000000,addr_0003381
tx_0000614,addr_0001232
tx_0000342,addr_0003037
tx_0000177,addr_0003871
tx_0001007,addr_0003788
tx_0001471,addr_0001980
tx_0001553,addr_0002681
tx_0000039,addr_0002624
tx_0002470,addr_0000538
tx_0001081,addr_0001668
tx_0000151,addr_0004027
tx_0000724,addr_0004991
tx_0001077,addr_0003496
tx_0001120,addr_0003886
tx_0002389,addr_0004224
tx_0001455,addr_0002190
tx_0001852,addr_0004830
tx_0002616,addr_0000590
tx_0002332,addr_0003806
tx_0002929,addr_0004073
tx_0002169,addr_0002246
tx_0002294,addr_0004198
tx_0000954,addr_0002428
tx_0000469,addr_0003265
tx_0002256,addr_0002791
tx_0002871,addr_0003546
tx_0002378,addr_0001755
tx_0000516,addr_0000748
tx_0001705,addr_0000976
tx_0001122,addr_0002869
tx_0000009,addr_0003341
tx_0000567,addr_0002500
tx_0000076,addr_0002848
tx_0001290,addr_0000815
tx_0002510,addr_0003677
tx_0001796,addr_0004257
tx_0001502,addr_0004447
tx_0002072,addr_0003322
tx_0002211,addr_0001650
tx_0002036,addr_0004239
tx_0002547,addr_0002654
tx_0000082,addr_0003592
tx_0000419,addr_0000611
tx_0002810,addr_0000205
tx_0000887,addr_0003411
tx_0001427,addr_0001766
tx_0002505,addr_0000671
tx_0000030,addr_0002063
tx_0001215,addr_0003105
tx_0000276,addr_0003494
tx_0002332,addr_0001310
tx_0002410,addr_0001875
tx_0000044,addr_0004535
tx_0001304,addr_0001371
tx_0001160,addr_0001770
tx_0002027,addr_0001175
tx_0001917,addr_0002055
tx_0001129,addr_0001788
tx_0002717,addr_0001313
tx_0000881,addr_0001005
tx_0002008,addr_0004097
tx_0001489,addr_0002281
tx_0000300,addr_0002978
tx_0001010,addr_0004265
tx_0001580,addr_0003948
tx_0001110,addr_0001196
tx_0002028,addr_0003109
tx_0001649,addr_0004120
tx_0000784,addr_0000389
tx_0002625,addr_0004644
tx_0002428,addr_0002270
tx_0000035,addr_0002952
tx_0000150,addr_0003567
tx_0001694,addr_0004779
tx_0000753,addr_0004664
tx_0000364,addr_0001888
tx_0001272,addr_0003113
tx_0001701,addr_0001864
tx_0000300,addr_0002841
tx_0002439,addr_0001030
tx_0002637,addr_0002200
tx_0001817,addr_0003807
tx_0002323,addr_0002026
tx_0000509,addr_0001057
tx_0000361,addr_0000670
tx_0002689,addr_0003159
tx_0002682,addr_0002097
tx_0000317,addr_0001616
tx_0000431,addr_0003560
tx_0002359,addr_0002840
tx_0001608,addr_0001062
tx_0002160,addr_0003814
tx_0000651,addr_0001293
tx_0002865,addr_0004140
tx_0000786,addr_0000563
tx_0002186,addr_0003243
tx_0001099,addr_0001862
tx_0002355,addr_0002797
tx_0001253,addr_0004783
tx_0002683,addr_0000990
tx_0001885,addr_0000353
tx_0000913,addr_0004415
tx_0001696,addr_0004631
tx_0002166,addr_0004693
tx_0002088,addr_0000875
tx_0002442,addr_0004299
tx_0002287,addr_0000122
tx_0000680,addr_0001596
tx_0001220,addr_0004149
tx_0002676,addr_0003732
tx_0000457,addr_0003122
tx_0002575,addr_0001420
tx_0000362,addr_0004369
tx_0001742,addr_0004662
tx_0001436,addr_0002199
tx_0000189,addr_0003126
tx_0001386,addr_0001159
tx_0002488,addr_0004166
tx_0000776,addr_0003336
tx_0001176,addr_0004894
tx_0002286,addr_0002644
tx_0000826,addr_0001545
tx_0000034,addr_0001774
tx_0002964,addr_0002813
tx_0002396,addr_0004106
tx_0000450,addr_0002482
tx_0002954,addr_0001125
tx_0000119,addr_0001238
tx_0002705,addr_0002013
tx_0001377,addr_0000611
tx_0000428,addr_0002493
tx_0000406,addr_0000145
tx_0002212,addr_0000394
tx_0000792,addr_0003039
tx_0000033,addr_0004666
tx_0001934,addr_0000277
tx_0002672,addr_0000358
tx_0000494,addr_0000275
tx_0001470,addr_0000946
tx_0000837,addr_0003742
tx_0000344,addr_0002097
tx_0001380,addr_0003042
tx_0001127,addr_0004457
tx_0002133,addr_0002318
tx_0000872,addr_0002207
tx_0000584,addr_0004318
tx_0000130,addr_0001722
tx_0000871,addr_0000434
tx_0001084,addr_0000452
tx_0000942,addr_0003490
tx_0002082,addr_0003416
tx_0001849,addr_0001059
tx_0001728,addr_0003058
tx_0000886,addr_0004483
tx_0000547,addr_0003700
tx_0001216,addr_0001080
tx_0002013,addr_0001957
tx_0000578,addr_0002635
tx_0001754,addr_0000351
tx_0000083,addr_0003339
tx_0001976,addr_0000210
tx_0000739,addr_0003947
tx_0001643,addr_0004413
tx_0000947,addr_0001367
tx_0002059,addr_0001686
tx_0002163,addr_0000266
tx_0002179,addr_0002444
tx_0002590,addr_0001863
tx_0002380,addr_0000588
tx_0000624,addr_0001199
tx_0001648,addr_0002370
tx_0002485,addr_0002470
tx_0001107,addr_0000124
tx_0002369,addr_0002229
tx_0000377,addr_0002395
tx_0002632,addr_0002480
tx_0002701,addr_0002300
tx_0000177,addr_0001642
tx_0001145,addr_0004252
tx_0002902,addr_0004316
tx_0000512,addr_0003497
tx_0000952,addr_0000934
tx_0001990,addr_0000459
tx_0001656,addr_0003102
tx_0002317,addr_0004817
tx_0001511,addr_0002758
tx_0002483,addr_0001663
tx_0001217,addr_0004008
tx_0001876,addr_0004902
tx_0002727,addr_0000314
tx_0001146,addr_0000656
tx_0000183,addr_0002458
tx_0000934,addr_0002243
tx_0001149,addr_0004757
tx_0001995,addr_0003913
tx_0001978,addr_0001955
tx_0002174,addr_0002620
tx_0001175,addr_0003652
tx_0001288,addr_0000978
tx_0001620,addr_0004428
tx_0002845,addr_0000358
tx_0002893,addr_0003948
tx_0000290,addr_0000121
tx_0001892,addr_0001237
tx_0000177,addr_0000870
tx_0000178,addr_0000377
tx_0002256,addr_0002400
tx_0002718,addr_0003632
tx_0000669,addr_0002517
tx_0002797,addr_0001569
tx_0002984,addr_0002386
tx_0002115,addr_0000122
tx_0001613,addr_0004654
tx_0001966,addr_0002079
tx_0000402,addr_0002727
tx_0002633,addr_0004598
tx_0001762,addr_0002858
tx_0000397,addr_0000205
tx_0002893,addr_0004575
tx_0000572,addr_0002057
tx_0001184,addr_0000638
tx_0001006,addr_0002566
tx_0002444,addr_0001162
tx_0001721,addr_0002562
tx_0002855,addr_0000228
tx_0002781,addr_0004946
tx_0001445,addr_0000509
tx_0001661,addr_0003912
tx_0000607,addr_0004846
tx_0000917,addr_0003349
tx_0000654,addr_0002095
tx_0002265,addr_0000527
tx_0001470,addr_0003229
tx_0000494,addr_0003584
tx_0001467,addr_0002764
tx_0002803,addr_0004555
tx_0001579,addr_0004372
tx_0002849,addr_0002737
tx_0001213,addr_0003338
tx_0002643,addr_0000101
tx_0001881,addr_0002560
tx_0000390,addr_0004921
tx_0001480,addr_0000270
tx_0000030,addr_0000976
tx_0001905,addr_0002932
tx_0000330,addr_0000316
tx_0001169,addr_0004090
tx_0001938,addr_0001840
tx_0002562,addr_0003071
tx_0000875,addr_0003554
tx_0001435,addr_0000958
tx_0002563,addr_0003929
tx_0000557,addr_0001625
tx_0002758,addr_0004713
tx_0002725,addr_0004752
tx_0001673,addr_0002911
tx_0002630,addr_0000503
tx_0001237,addr_0004836
tx_0000120,addr_0002564
tx_0002951,addr_0001736
tx_0000479,addr_0003620
tx_0002195,addr_0001266
tx_0002587,addr_0001034
tx_0001355,addr_0000010
tx_0002495,addr_0004698
tx_0000209,addr_0003424
tx_0000677,addr_0002597
tx_0000133,addr_0000909
tx_0002993,addr_0003556
tx_0000565,addr_0001864
tx_0002887,addr_0000443
tx_0001726,addr_0004693
tx_0001437,addr_0001030
tx_0000479,addr_0000235
tx_0001044,addr_0002261
tx_0002301,addr_0002083
tx_0002770,addr_0003564
tx_0002748,addr_0004252
tx_0002919,addr_0000336
tx_0000376,addr_0004501
tx_0000300,addr_0004158
tx_0000012,addr_0002812
tx_0001969,addr_0001887
tx_0002128,addr_0002681
tx_0000457,addr_0003154
tx_0000356,addr_0004472
tx_0000939,addr_0000879
tx_0000926,addr_0002088
tx_0001703,addr_0004468
tx_0001199,addr_0000094
tx_0001910,addr_0003771
tx_0001466,addr_0001418
tx_0002476,addr_0004319
tx_0002027,addr_0002413
tx_0000884,addr_0003113
tx_0000551,addr_0003918
tx_0001441,addr_0003907
tx_0002967,addr_0004966
tx_0000146,addr_0004399
tx_0001130,addr_0002535
tx_0002104,addr_0004285
tx_0001591,addr_0002734
tx_0001115,addr_0003625
tx_0001141,addr_0000084
tx_0000932,addr_0003338
tx_0002907,addr_0003043
tx_0002670,addr_0004864
tx_0001047,addr_0001253
tx_0002184,addr_0002504
tx_0002605,addr_0004201
tx_0002984,addr_0001683
tx_0001629,addr_0003214
tx_0001903,addr_0001715
tx_0002484,addr_0002060
tx_0002952,addr_0001552
tx_0000084,addr_0001524
tx_0000314,addr_0002427
tx_0002114,addr_0003082
tx_0001975,addr_0000409
tx_0001214,addr_0004993
tx_0000216,addr_0004790
tx_0002582,addr_0002717
tx_0002017,addr_0001527
tx_0000386,addr_0000413
tx_0002440,addr_0001499
tx_0002089,addr_0003032
tx_0002679,addr_0004708
tx_0002802,addr_0002220
tx_0000731,addr_0002525
tx_0002705,addr_0003286
tx_0002655,addr_0000532
tx_0000995,addr_0002765
tx_0002473,addr_0002914
tx_0000315,addr_0000648
tx_0000543,addr_0003893
tx_0002552,addr_0003260
tx_0001637,addr_0000724
tx_0000660,addr_0000878
tx_0000751,addr_0001952
tx_0001776,addr_0003375
tx_0001472,addr_0003181
tx_0000856,addr_0004425
tx_0001320,addr_0002196
tx_0002592,addr_0003488
tx_0001734,addr_0001114
tx_0001531,addr_0003780
tx_0000226,addr_0000707
tx_0001380,addr_0002821
tx_0002380,addr_0002820
tx_0000197,addr_0003691
tx_0002905,addr_0001774
tx_0002382,addr_0002033
tx_0002642,addr_0003644
tx_0000598,addr_0002399
tx_0001990,addr_0000818
tx_0002937,addr_0003627
tx_0002685,addr_0003843
tx_0002285,addr_0002029
tx_0002787,addr_0004281
tx_0000335,addr_0001229
tx_0001768,addr_0003114
tx_0001459,addr_0002843
tx_0000152,addr_0002896
tx_0000858,addr_0004575
tx_0002967,addr_0001702
tx_0001595,addr_0004455
tx_0000574,addr_0003534
tx_0001741,addr_0001177
tx_0001754,addr_0004842
tx_0000831,addr_0000322
tx_0001461,addr_0004841
tx_0002422,addr_0001040
tx_0001449,addr_0002364
tx_0000775,addr_0002671
tx_0001091,addr_0003264
tx_0002558,addr_0002479
tx_0002274,addr_0002912
tx_0000550,addr_0002006
tx_0001142,addr_0004465
tx_0000330,addr_0000518
tx_0000043,addr_0001077
tx_0001697,addr_0001294
tx_0001634,addr_0001664
tx_0002090,addr_0002594
tx_0001589,addr_0000417
tx_0000302,addr_0002175
tx_0000644,addr_0000535
tx_0000390,addr_0004192
tx_0002141,addr_0001574
tx_0000479,addr_0004111
tx_0002080,addr_0000249
tx_0002864,addr_0000057
tx_0000220,addr_0001961
tx_0000988,addr_0000797
tx_0000667,addr_0002543
tx_0000623,addr_0000578
tx_0001540,addr_0002365
tx_0000968,addr_0004378
tx_0002300,addr_0003901
tx_0000865,addr_0003575
tx_0002951,addr_0003736
tx_0000418,addr_0001021
tx_0002550,addr_0003398
tx_0000762,addr_0003558
tx_0000631,addr_0004584
tx_0001230,addr_0002414
tx_0001588,addr_0000067
tx_0002969,addr_0003149
tx_0000131,addr_0002024
tx_0000645,addr_0000257
tx_0001926,addr_0001182
tx_0001003,addr_0002401
tx_0002120,addr_0001821
tx_0001298,addr_0003782
tx_0000416,addr_0003030
tx_0001640,addr_0002757
tx_0002986,addr_0004485
tx_0001075,addr_0004110
tx_0001467,addr_0001214
tx_0002758,addr_0002182
tx_0001934,addr_0000014
tx_0002389,addr_0003759
tx_0002119,addr_0000124
tx_0000607,addr_0004986
tx_0002154,addr_0004461
tx_0002223,addr_0004589
tx_0000306,addr_0000769
tx_0001170,addr_0000603
tx_0000276,addr_0002560
tx_0001424,addr_0000864
tx_0001952,addr_0003781
tx_0000099,addr_0003889
tx_0000765,addr_0003076
tx_0000161,addr_0000896
tx_0001423,addr_0001042
tx_0000095,addr_0003602
tx_0002386,addr_0004096
tx_0001888,addr_0002602
tx_0001864,addr_0003219
tx_0002753,addr_0002090
tx_0000225,addr_0000577
tx_0002117,addr_0001036
tx_0001345,addr_0004938
tx_0001054,addr_0004936
tx_0002706,addr_0001867
tx_0000434,addr_0002978
tx_0000621,addr_0000633
tx_0002123,addr_0001341
tx_0002394,addr_0003275
tx_0000378,addr_0004324
tx_0001172,addr_0003333
tx_0002555,addr_0004227
tx_0002308,addr_0001075
tx_0001002,addr_0000947
tx_0001049,addr_0002221
tx_0000438,addr_0004662
tx_0002021,addr_0004204
tx_0001174,addr_0003893
tx_0000365,addr_0001956
tx_0001920,addr_0000838
tx_0001796,addr_0002452
tx_0002815,addr_0002430
tx_0001360,addr_0002734
tx_0000772,addr_0000335
tx_0002407,addr_0001255
tx_0001612,addr_0000618
tx_0002615,addr_0000832
tx_0001112,addr_0003330
tx_0001544,addr_0003816
tx_0002334,addr_0002590
tx_0000130,addr_0002379
tx_0002272,addr_0002585
tx_0002774,addr_0002944
tx_0000636,addr_0001639
tx_0001463,addr_0000701
tx_0000693,addr_0002139
tx_0001078,addr_0000400
tx_0000995,addr_0001120
tx_0000322,addr_0003339
tx_0001592,addr_0004610
tx_0000714,addr_0001722
tx_0000914,addr_0004778
tx_0000627,addr_0002061
tx_0000124,addr_0000176
tx_0000436,addr_0001680
tx_0002302,addr_0001730
tx_0001575,addr_0002201
tx_0000493,addr_0000918
tx_0002667,addr_0000874
tx_0002815,addr_0004881
tx_0000195,addr_0002998
tx_0002717,addr_0004511
tx_0000040,addr_0001906
tx_0002562,addr_0004409
tx_0001686,addr_0001850
tx_0001758,addr_0004976
tx_0002354,addr_0002876
tx_0002815,addr_0003162
tx_0000250,addr_0000900
tx_0002487,addr_0003912
tx_0002002,addr_0000322
tx_0000098,addr_0001845
tx_0002574,addr_0004981
tx_0001630,addr_0004408
tx_0000100,addr_0002787
tx_0001260,addr_0002557
tx_0001670,addr_0004582
tx_0000692,addr_0002335
tx_0001365,addr_0000626
tx_0002131,addr_0002524
tx_0000288,addr_0000136
tx_0000610,addr_0002292
tx_0002326,addr_0001881
tx_0001724,addr_0003384
tx_0001586,addr_0000920
tx_0001592,addr_0001438
tx_0000373,addr_0002571
tx_0002782,addr_0004077
tx_0000536,addr_0004669
tx_0000678,addr_0004351
tx_0000808,addr_0003459
tx_0002409,addr_0001667
tx_0002930,addr_0004853
tx_0001189,addr_0004778
tx_0002026,addr_0002123
tx_0001313,addr_0003335
tx_0002872,addr_0000647
tx_0001681,addr_0004997
tx_0000813,addr_0002654
tx_0001152,addr_0000529
tx_0002240,addr_0000577
tx_0000930,addr_0004902
tx_0001571,addr_0003489
tx_0000149,addr_0003507
tx_0002040,addr_0001126
tx_0002222,addr_0000601
tx_0001046,addr_0004085
tx_0002251,addr_0002800
tx_0000745,addr_0002302
tx_0000280,addr_0004782
tx_0001168,addr_0003898
tx_0002355,addr_0002715
tx_0002671,addr_0000023
tx_0001184,addr_0003004
tx_0001521,addr_0002020
tx_0001299,addr_0000112
tx_0001122,addr_0004690
tx_0002445,addr_0001777
tx_0001856,addr_0003957
tx_0002606,addr_0002320
tx_0001419,addr_0001438
tx_0002130,addr_0003094
tx_0001850,addr_0000794
tx_0002764,addr_0004595
tx_0001751,addr_0002253
tx_0000143,addr_0004827
tx_0001736,addr_0001830
tx_0000092,addr_0004306
tx_0001386,addr_0004544
tx_0001650,addr_0000728
tx_0002806,addr_0003207
tx_0001627,addr_0000451
tx_0000917,addr_0001886
tx_0001584,addr_0003322
tx_0000466,addr_0001457
tx_0000323,addr_0001616
tx_0000603,addr_0001899
tx_0000146,addr_0004149
tx_0001738,addr_0004683
tx_0001573,addr_0002482
tx_0000108,addr_0004294
tx_0001010,addr_0001194
tx_0000826,addr_0003628
tx_0000241,addr_0002691
tx_0002610,addr_0002172
tx_0000396,addr_0002490
tx_0000324,addr_0003657
tx_0001371,addr_0004872
tx_0001017,addr_0004746
tx_0002620,addr_0002369
tx_0001419,addr_0000363
tx_0000555,addr_0002915
tx_0000442,addr_0003347
tx_0000176,addr_0000214
tx_0000310,addr_0004609
tx_0002676,addr_0003640
tx_0001878,addr_0004007
tx_0001346,addr_0003052
tx_0002019,addr_0001582
tx_0000461,addr_0001407
tx_0002602,addr_0000742
tx_0001492,addr_0004927
tx_0000181,addr_0001283
tx_0001544,addr_0003190
tx_0000205,addr_0003205
tx_0002749,addr_0001819
tx_0002781,addr_0001644
tx_0001997,addr_0001872
tx_0001827,addr_0001709
tx_0001682,addr_0002927
tx_0002567,addr_0001167
tx_0002218,addr_0000328
tx_0001946,addr_0000218
tx_0001497,addr_0004939
tx_0000593,addr_0004680
tx_0000179,addr_0002593
tx_0000447,addr_0001131
tx_0000757,addr_0002268
tx_0000883,addr_0002639
tx_0001431,addr_0001440
tx_0000150,addr_0001846
tx_0001346,addr_0001665
tx_0002320,addr_0004164
tx_0001570,addr_0001643
tx_0002879,addr_0000491
tx_0000395,addr_0004788
tx_0000157,addr_0004205
tx_0000670,addr_0001631
tx_0002851,addr_0004169
tx_0002175,addr_0003579
tx_0001926,addr_0003841
tx_0000858,addr_0002599
tx_0000653,addr_0002528
tx_0000894,addr_0000743
tx_0000594,addr_0001174
tx_0001379,addr_0002436
tx_0002978,addr_0003639
tx_0002893,addr_0000370
tx_0000003,addr_0002527
tx_0002864,addr_0002803
tx_0000039,addr_0001889
tx_0002391,addr_0003527
tx_0000358,addr_0002386
tx_0001925,addr_0001772
tx_0000060,addr_0004348
tx_0001731,addr_0001724
tx_0001599,addr_0004105
tx_0000593,addr_0000334
tx_0000941,addr_0001593
tx_0001431,addr_0001471
tx_0000382,addr_0003458
tx_0001380,addr_0001639
tx_0002364,addr_0003067
tx_0001804,addr_0001364
tx_0000263,addr_0000444
tx_0001968,addr_0003113
tx_0002365,addr_0001640
tx_0001393,addr_0000979
tx_0000578,addr_0000338
tx_0000496,addr_0004334
tx_0001501,addr_0000793
tx_0002011,addr_0001072
tx_0002906,addr_0000102
tx_0001334,addr_0002445
tx_0001895,addr_0000912
tx_0002594,addr_0004665
tx_0001726,addr_0002091
tx_0001036,addr_0004094
tx_0000815,addr_0004476
tx_0002646,addr_0002577
tx_0002221,addr_0000125
tx_0001477,addr_0002472
tx_0002480,addr_0003234
tx_0001709,addr_0000406
tx_0000041,addr_0001911
tx_0001387,addr_0004745
tx_0001782,addr_0000665
tx_0001067,addr_0000452
tx_0001566,addr_0001553
tx_0000524,addr_0003395
tx_0001172,addr_0001191
tx_0000730,addr_0003591
tx_0000624,addr_0004721
tx_0001922,addr_0004557
tx_0001698,addr_0003108
tx_0000517,addr_0000368
tx_0000373,addr_0001682
tx_0001101,addr_0004930
tx_0000434,addr_0001499
tx_0001321,addr_0001178
tx_0000337,addr_0001415
tx_0001318,addr_0000428
tx_0002291,addr_0003898
tx_0000668,addr_0000332
tx_0002433,addr_0002846
tx_0002652,addr_0001125
tx_0000479,addr_0003560
tx_0001522,addr_0000860
tx_0002007,addr_0002160
tx_0002680,addr_0002373
tx_0002366,addr_0001851
tx_0000324,addr_0002492
tx_0001613,addr_0000766
tx_0002984,addr_0000846
tx_0002249,addr_0004351
tx_0002547,addr_0000427
tx_0002368,addr_0000768
tx_0002711,addr_0003312
tx_0001968,addr_0002100
tx_0001179,addr_0002006
tx_0000766,addr_0002838
tx_0002486,addr_0000451
tx_0001173,addr_0000764
tx_0000843,addr_0004799
tx_0000470,addr_0004001
tx_0000737,addr_0003561
tx_0000342,addr_0001132
tx_0001083,addr_0000954
tx_0002053,addr_0003779
tx_0000331,addr_0000743
tx_0000056,addr_0001054
tx_0002128,addr_0000492
tx_0001064,addr_0000472
tx_0002307,addr_0003216
tx_0001024,addr_0000765
tx_0000820,addr_0002852
tx_0001540,addr_0003851
tx_0001063,addr_0004320
tx_0001729,addr_0002973
tx_0000418,addr_0002238
tx_0002856,addr_0000327
tx_0002397,addr_0001985
tx_0000339,addr_0004296
tx_0002745,addr_0001260
tx_0002615,addr_0000483
tx_0001376,addr_0002444
tx_0000580,addr_0002075
tx_0001372,addr_0003493
tx_0002705,addr_0002426
tx_0002056,addr_0003217
tx_0002792,addr_0003082
tx_0001626,addr_0003158
tx_0000823,addr_0003300
tx_0002817,addr_0002697
tx_0000492,addr_0003533
tx_0001345,addr_0001340
tx_0001693,addr_0000517
tx_0002700,addr_0002091
tx_0001184,addr_0002656
tx_0000906,addr_0004591
tx_0002575,addr_0002640
tx_0002616,addr_0003206
tx_0000317,addr_0001341
tx_0001827,addr_0003242
tx_0000650,addr_0003768
tx_0002175,addr_0002349
tx_0000925,addr_0002811
tx_0001382,addr_0003433
tx_0001657,addr_0002508
tx_0001722,addr_0002277
tx_0001014,addr_0003794
tx_0001806,addr_0003897
tx_0002422,addr_0004285
tx_0002612,addr_0000459
tx_0001771,addr_0003840
tx_0001331,addr_0004605
tx_0001831,addr_0000613
tx_0001342,addr_0002930
tx_0000668,addr_0000702
tx_0002513,addr_0000193
tx_0000091,addr_0004629
tx_0000935,addr_0000223
tx_0000992,addr_0001764
tx_0000724,addr_0003503
tx_0000693,addr_0001307
tx_0002613,addr_0000574
tx_0000141,addr_0000110
tx_0000036,addr_0001661
tx_0000411,addr_0003710
tx_0000922,addr_0000222
tx_0002046,addr_0003636
tx_0000132,addr_0003585
tx_0000091,addr_0004510
tx_0000704,addr_0003882
tx_0000052,addr_0003976
tx_0000037,addr_0000510
tx_0001213,addr_0002462
tx_0002506,addr_0002678
tx_0000498,addr_0004535
tx_0001448,addr_0002350
tx_0001366,addr_0001114
tx_0001238,addr_0003636
tx_0001372,addr_0003066
tx_0000556,addr_0001686
tx_0000685,addr_0000428
tx_0002625,addr_0004408
tx_0002266,addr_0000797
tx_0000574,addr_0003439
tx_0001992,addr_0000731
tx_0000690,addr_0002689
tx_0002360,addr_0004498
tx_0000320,addr_0001629
tx_0002741,addr_0004679
tx_0000132,addr_0004418
tx_0002768,addr_0003711
tx_0002861,addr_0001669
tx_0002186,addr_0003054
tx_0001820,addr_0002919
tx_0000465,addr_0004574
tx_0000655,addr_0003490
tx_0002059,addr_0002561
tx_0002182,addr_0002185
tx_0000556,addr_0004463
tx_0001539,addr_0003635
tx_0002416,addr_0003878
tx_0000873,addr_0000680
tx_0000214,addr_0002994
tx_0001866,addr_0004964
tx_0000313,addr_0004860
tx_0001394,addr_0002103
tx_0002870,addr_0004147
tx_0000626,addr_0003410
tx_0002517,addr_0004078
tx_0000167,addr_0003498
tx_0000870,addr_0000225
tx_0000481,addr_0002482
tx_0001485,addr_0003568
tx_0002626,addr_0001585
tx_0000328,addr_0002964
tx_0002983,addr_0001177
tx_0002446,addr_0003368
tx_0002637,addr_0001877
tx_0000932,addr_0000100
tx_0001637,addr_0000972
tx_0000179,addr_0002217
tx_0001164,addr_0000902
tx_0001542,addr_0002704
tx_0002686,addr_0003915
tx_0001846,addr_0001841
tx_0001898,addr_0004278
tx_0002626,addr_0000247
tx_0000989,addr_0001757
tx_0000733,addr_0003339
tx_0001330,addr_0002015
tx_0000108,addr_0000930
tx_0001796,addr_0002752
tx_0000865,addr_0002592
tx_0002279,addr_0002522
tx_0000912,addr_0004847
tx_0001659,addr_0003076
tx_0000489,addr_0002076
tx_0000424,addr_0002444
tx_0002041,addr_0002315
tx_0002216,addr_0001664
tx_0002458,addr_0000548
tx_0002624,addr_0002830
tx_0002607,addr_0001778
tx_0001088,addr_0001949
tx_0001786,addr_0000579
tx_0001958,addr_0004102
tx_0000904,addr_0001705
tx_0002351,addr_0001123
tx_0002143,addr_0004220
tx_0001839,addr_0002591
tx_0002205,addr_0004990
tx_0002513,addr_0004018
tx_0000026,addr_0003921
tx_0002154,addr_0000276
tx_0000514,addr_0001328
tx_0000428,addr_0004581
tx_0001671,addr_0004564
tx_0001741,addr_0001234
tx_0002789,addr_0003153
tx_0002324,addr_0004869
tx_0000247,addr_0004387
tx_0002009,addr_0000284
tx_0001300,addr_0000329
tx_0002312,addr_0002200
tx_0001678,addr_0003795
tx_0001886,addr_0002666
tx_0000100,addr_0003576
tx_0002475,addr_0001439
tx_0002925,addr_0001855
tx_0000316,addr_0004201
tx_0002127,addr_0001098
tx_0002591,addr_0000676
tx_0001194,addr_0002234
tx_0001132,addr_0000835
tx_0002388,addr_0001974
tx_0000578,addr_0000354
tx_0002289,addr_0004530
tx_0000514,addr_0001028
tx_0001259,addr_0001978
tx_0000854,addr_0003209
tx_0000610,addr_0000219
tx_0001235,addr_0001091
tx_0000124,addr_0004941
tx_0002627,addr_0000767
tx_0000053,addr_0003467
tx_0001303,addr_0000267
tx_0001147,addr_0002891
tx_0001730,addr_0001415
tx_0000336,addr_0003159
tx_0000191,addr_0001564
tx_0000201,addr_0001774
tx_0000649,addr_0004223
tx_0001663,addr_0001000
tx_0000087,addr_0000555
tx_0001933,addr_0004362
tx_0001929,addr_0004097
tx_0000543,addr_0002871
tx_0002169,addr_0002093
tx_0000898,addr_0003481
tx_0002653,addr_0001858
tx_0000472,addr_0002315
tx_0001069,addr_0002746
tx_0002182,addr_0003743
tx_0000549,addr_0004485
tx_0001964,addr_0003914
tx_0000190,addr_0004593
tx_0002041,addr_0003551
tx_0001019,addr_0004399
tx_0000265,addr_0001753
tx_0001663,addr_0003579
tx_0000262,addr_0002045
tx_0001855,addr_0002855
tx_0002483,addr_0003638
tx_0000859,addr_0003607
tx_0001206,addr_0001281
tx_0002772,addr_0000636
tx_0001929,addr_0004884
tx_0001456,addr_0000383
tx_0002087,addr_0001244
tx_0002636,addr_0002042
tx_0001980,addr_0002442
tx_0001020,addr_0001753
tx_0002873,addr_0000388
tx_0001270,addr_0003393
tx_0002596,addr_0003789
tx_0000956,addr_0003278
tx_0002069,addr_0000310
tx_0001745,addr_0000131
tx_0001006,addr_0000694
tx_0000976,addr_0003989
tx_0000365,addr_0000854
tx_0002504,addr_0002142
tx_0000028,addr_0004402
tx_0002898,addr_0002730
tx_0002805,addr_0003945
tx_0000623,addr_0004179
tx_0002802,addr_0001568
tx_0002159,addr_0004747
tx_0002108,addr_0002216
tx_0000354,addr_0003303
tx_0000371,addr_0004719
tx_0002040,addr_0001454
tx_0002748,addr_0004488
tx_0001835,addr_0003526
tx_0001576,addr_0002674
tx_0001944,addr_0004090
tx_0001534,addr_0003705
tx_0000337,addr_0001546
tx_0000568,addr_0003532
tx_0002741,addr_0000095
tx_0000375,addr_0004126
tx_0002911,addr_0002266
tx_0000140,addr_0000212
tx_0000533,addr_0001820
tx_0002022,addr_0004773
tx_0002900,addr_0003801
tx_0001321,addr_0002653
tx_0001994,addr_0002901
tx_0001539,addr_0004069
tx_0002157,addr_0000759
tx_0002011,addr_0003003
tx_0001233,addr_0001014
tx_0002095,addr_0001160
tx_0002125,addr_0003049
tx_0000915,addr_0003357
tx_0001426,addr_0003672
tx_0001697,addr_0002813
tx_0000106,addr_0003058
tx_0000559,addr_0001310
tx_0002625,addr_0001981
tx_0001622,addr_0004128
tx_0001656,addr_0003456
tx_0002887,addr_0000343
tx_0000461,addr_0004690
tx_0001857,addr_0004619
tx_0002280,addr_0003600
tx_0000361,addr_0003901
tx_0002447,addr_0004345
tx_0002187,addr_0001233
tx_0000852,addr_0004798
tx_0000993,addr_0003898
tx_0000437,addr_0003524
tx_0001232,addr_0002805
tx_0000629,addr_0003948
tx_0001661,addr_0003905
tx_0000336,addr_0000604
tx_0001177,addr_0001609
tx_0000782,addr_0004285
tx_0000121,addr_0002961
tx_0001900,addr_0001960
tx_0002319,addr_0001190
tx_0001119,addr_0002551
tx_0002356,addr_0001294
tx_0000124,addr_0001593
tx_0002106,addr_0000950
tx_0002347,addr_0000969
tx_0000807,addr_0000021
tx_0000920,addr_0004520
tx_0000675,addr_0003414
tx_0001225,addr_0004831
tx_0002343,addr_0000876
tx_0000704,addr_0003356
tx_0000211,addr_0001627
tx_0000166,addr_0000511
tx_0000418,addr_0004398
tx_0002667,addr_0002027
tx_0000778,addr_0004945
tx_0002223,addr_0001315
tx_0002733,addr_0002091
tx_0000155,addr_0004216
tx_0002634,addr_0003438
tx_0002593,addr_0002867
tx_0000637,addr_0001799
tx_0001259,addr_0001241
tx_0001564,addr_0004839
tx_0000378,addr_0003060
tx_0002990,addr_0000973
tx_0001620,addr_0003276
tx_0000557,addr_0001167
tx_0001953,addr_0003057
tx_0000719,addr_0000605
tx_0002222,addr_0002986
tx_0000307,addr_0004100
tx_0002123,addr_0001058
tx_0002763,addr_0004189
tx_0001112,addr_0000769
tx_0000127,addr_0000234
tx_0000718,addr_0001573
tx_0001421,addr_0004652
tx_0002180,addr_0000208
tx_0002696,addr_0000750
tx_0000553,addr_0000913
tx_0001636,addr_0001234
tx_0001297,addr_0004834
tx_0002770,addr_0004980
tx_0000831,addr_0000201
tx_0001228,addr_0002516
tx_0000133,addr_0003284
tx_0002276,addr_0002737
tx_0000656,addr_0002048
tx_0001027,addr_0000894
tx_0001318,addr_0000893
tx_0000580,addr_0003460
tx_0000000,addr_0003006
tx_0001178,addr_0002679
tx_0000826,addr_0002288
tx_0000265,addr_0000693
tx_0001868,addr_0004371
tx_0000524,addr_0002181
tx_0002070,addr_0002576
tx_0001392,addr_0000099
tx_0002998,addr_0000753
tx_0002324,addr_0001862
tx_0000392,addr_0003738
tx_0002724,addr_0003299
tx_0001296,addr_0004942
tx_0002846,addr_0002749
tx_0001160,addr_0004107
tx_0002900,addr_0002094
tx_0001175,addr_0001180
tx_0001332,addr_0002132
tx_0002486,addr_0001400
tx_0000098,addr_0004573
tx_0000361,addr_0000184
tx_0002953,addr_0001457
tx_0002587,addr_0002233
tx_0000471,addr_0001739
tx_0000373,addr_0001826
tx_0001497,addr_0004674
tx_0001375,addr_0003902
tx_0000386,addr_0003894
tx_0000314,addr_0000237
tx_0000890,addr_0004113
tx_0000362,addr_0001357
tx_0000515,addr_0002973
tx_0001061,addr_0000575
tx_0001328,addr_0002425
tx_0001505,addr_0001867
tx_0002817,addr_0001482
tx_0000856,addr_0001956
tx_0000219,addr_0003545
tx_0002850,addr_0002046
tx_0002060,addr_0000909
tx_0002543,addr_0004460
tx_0000890,addr_0001629
tx_0000509,addr_0002423
tx_0000659,addr_0003478
tx_0001113,addr_0003131
tx_0002671,addr_0000135
tx_0000427,addr_0001068
tx_0000841,addr_0000887
tx_0002155,addr_0001103
tx_0000778,addr_0003644
tx_0002881,addr_0003961
tx_0001390,addr_0002299
tx_0001652,addr_0000353
tx_0000818,addr_0003664
tx_0002467,addr_0004609
tx_0002158,addr_0004895
tx_0000216,addr_0004802
tx_0001281,addr_0002093
tx_0002350,addr_0000166
tx_0000278,addr_0003248
tx_0001007,addr_0001234
tx_0000831,addr_0004967
tx_0002717,addr_0000065
tx_0000042,addr_0001549
tx_0001039,addr_0002035
tx_0002921,addr_0001183
tx_0001186,addr_0003994
tx_0001617,addr_0002281
tx_0001577,addr_0001069
tx_0002757,addr_0003003
tx_0002279,addr_0002145
tx_0002378,addr_0004142
tx_0001519,addr_0000667
tx_0000421,addr_0002931
tx_0002444,addr_0000764
tx_0000964,addr_0001053
tx_0000698,addr_0001263
tx_0000501,addr_0004210
tx_0001874,addr_0001938
tx_0001578,addr_0002021
tx_0001918,addr_0000549
tx_0000766,addr_0001030
tx_0000728,addr_0000575
tx_0001522,addr_0000355
tx_0001968,addr_0000713
tx_0001906,addr_0004760
tx_0001150,addr_0003420
tx_0000518,addr_0000186
tx_0000674,addr_0002738
tx_0000867,addr_0001674
tx_0002653,addr_0004319
tx_0000841,addr_0000955
tx_0002966,addr_0003127
tx_0002060,addr_0001103
tx_0001104,addr_0004537
tx_0002637,addr_0003907
tx_0001681,addr_0003128
tx_0001527,addr_0000239
tx_0001656,addr_0004118
tx_0000582,addr_0003884
tx_0002737,addr_0002269
tx_0000010,addr_0002862
tx_0000742,addr_0003362
tx_0000530,addr_0000848
tx_0000694,addr_0004686
tx_0001541,addr_0000124
tx_0000016,addr_0000133
tx_0001343,addr_0003982
tx_0001342,addr_0000100
tx_0002621,addr_0002022
tx_0001749,addr_0001709
tx_0000944,addr_0000009
tx_0001592,addr_0003356
tx_0001614,addr_0003329
tx_0001298,addr_0001013
tx_0001415,addr_0002432
tx_0001345,addr_0002672
tx_0000582,addr_0001571
tx_0000468,addr_0002697
tx_0000670,addr_0004312
tx_0002384,addr_0002026
tx_0002187,addr_0002982
tx_0000216,addr_0002295
tx_0002019,addr_0004158
tx_0001427,addr_0002503
tx_0001999,addr_0002193
tx_0002969,addr_0004693
tx_0000498,addr_0003217
tx_0000224,addr_0003752
tx_0002106,addr_0004371
tx_0000793,addr_0002821
tx_0001072,addr_0004033
tx_0002324,addr_0003785
tx_0000937,addr_0004436
tx_0001849,addr_0004902
tx_0000000,addr_0003570
tx_0000737,addr_0001743
tx_0002437,addr_0000358
tx_0002498,addr_0004667
tx_0002585,addr_0000954
tx_0000674,addr_0004657
tx_0001438,addr_0003690
tx_0002531,addr_0001176
tx_0000770,addr_0003804
tx_0001030,addr_0004855
tx_0001673,addr_0004457
tx_0000344,addr_0003816
tx_0000537,addr_0003265
tx_0000124,addr_0002970
tx_0002068,addr_0002539
tx_0000780,addr_0001774
tx_0002624,addr_0002776
tx_0001567,addr_0004488
tx_0002458,addr_0003695
tx_0001059,addr_0003105
tx_0001541,addr_0000508
tx_0000685,addr_0003432
tx_0000445,addr_0004410
tx_0000020,addr_0002829
tx_0001950,addr_0004261
tx_0000933,addr_0004996
tx_0002800,addr_0001338
tx_0002873,addr_0002431
tx_0002341,addr_0001018
tx_0002090,addr_0001566
tx_0000639,addr_0004362
tx_0000059,addr_0000698
tx_0001838,addr_0000341
tx_0002596,addr_0002519
tx_0001693,addr_0000555
tx_0001132,addr_0001381
tx_0002455,addr_0004097
tx_0002225,addr_0000711
tx_0000361,addr_0004954
tx_0002632,addr_0003941
tx_0002003,addr_0000700
tx_0002969,addr_0004572
tx_0001352,addr_0004983
tx_0002128,addr_0004419
tx_0000666,addr_0002101
tx_0002944,addr_0002767
tx_0000019,addr_0000286
tx_0002631,addr_0000875
tx_0002442,addr_0000098
tx_0001366,addr_0001342
tx_0002680,addr_0002542
tx_0000582,addr_0002537
tx_0001478,addr_0004774
tx_0001909,addr_0000277
tx_0002822,addr_0002149
tx_0000632,addr_0001794
tx_0001213,addr_0004086
tx_0001068,addr_0003456
tx_0002159,addr_0001673
tx_0001240,addr_0004880
tx_0000292,addr_0003706
tx_0002592,addr_0000001
tx_0000962,addr_0000594
tx_0000239,addr_0001673
tx_0001162,addr_0004273
tx_0001101,addr_0004142
tx_0001807,addr_0004960
tx_0000543,addr_0004833
tx_0002614,addr_0003386
tx_0001305,addr_0000204
tx_0000236,addr_0003483
tx_0000623,addr_0001230
tx_0000133,addr_0003149
tx_0000841,addr_0000585
tx_0002940,addr_0001934
tx_0001742,addr_0004396
tx_0002529,addr_0002828
tx_0002647,addr_0003430
tx_0000216,addr_0000012
tx_0001249,addr_0004062
tx_0000089,addr_0003032
tx_0002734,addr_0001307
tx_0000945,addr_0001401
tx_0002921,addr_0004500
tx_0002754,addr_0004585
tx_0000823,addr_0003559
tx_0002633,addr_0003008
tx_0001733,addr_0002938
tx_0002609,addr_0002587
tx_0002099,addr_0001239
tx_0000937,addr_0003953
tx_0002797,addr_0001963
tx_0002800,addr_0004109
tx_0001398,addr_0002273
tx_0000777,addr_0001516
tx_0000937,addr_0002368
tx_0002868,addr_0004819
tx_0001784,addr_0001723
tx_0001437,addr_0000027
tx_0001167,addr_0004334
tx_0001260,addr_0003732
tx_0001382,addr_0000715
tx_0001176,addr_0003464
tx_0001689,addr_0000222
tx_0002082,addr_0002510
tx_0000536,addr_0004827
tx_0000751,addr_0002690
tx_0001342,addr_0004139
tx_0001703,addr_0000013
tx_0002586,addr_0004374
tx_0002429,addr_0001418
tx_0002995,addr_0002697
tx_0000988,addr_0004229
tx_0002715,addr_0004103
tx_0000501,addr_0000545
tx_0000711,addr_0004970
tx_0001600,addr_0000950
tx_0001867,addr_0003776
tx_0000056,addr_0000115
tx_0000328,addr_0004425
tx_0002704,addr_0001305
tx_0000799,addr_0002647
tx_0002262,addr_0000868
tx_0001458,addr_0000923
tx_0001636,addr_0004299
tx_0001349,addr_0000733
tx_0000939,addr_0004528
tx_0002827,addr_0001410
tx_0001070,addr_0004869
tx_0002560,addr_0004458
tx_0002730,addr_0001430
tx_0002588,addr_0004770
tx_0001558,addr_0004088
tx_0002370,addr_0004446
tx_0002878,addr_0002815
tx_0002295,addr_0003027
tx_0000592,addr_0002244
tx_0001852,addr_0001629
tx_0000823,addr_0002148
tx_0001174,addr_0004100
tx_0001439,addr_0002107
tx_0000022,addr_0004685
tx_0002751,addr_0000722
tx_0000356,addr_0001901
tx_0001298,addr_0003779
tx_0000123,addr_0004652
tx_0001221,addr_0000496
tx_0002467,addr_0002257
tx_0000245,addr_0004764
tx_0001495,addr_0003716
tx_0002377,addr_0003193
tx_0002084,addr_0004607
tx_0000223,addr_0001523
tx_0000658,addr_0002009
tx_0002081,addr_0000111
tx_0000215,addr_0004344
tx_0001445,addr_0004498
tx_0001403,addr_0002069
tx_0000712,addr_0004880
tx_0000205,addr_0002727
tx_0000254,addr_0003615
tx_0001210,addr_0004134
tx_0000692,addr_0004519
tx_0000857,addr_0004422
tx_0002373,addr_0000879
tx_0000705,addr_0004460
tx_0001623,addr_0003026
tx_0001060,addr_0004807
tx_0002429,addr_0004307
tx_0001673,addr_0003969
tx_0000612,addr_0002997
tx_0000726,addr_0004956
tx_0000551,addr_0000020
tx_0002347,addr_0003960
tx_0000079,addr_0001511
tx_0000917,addr_0003262
tx_0001060,addr_0000029
tx_0002142,addr_0003726
tx_0002865,addr_0003939
tx_0002607,addr_0003562
tx_0001707,addr_0003096
tx_0000662,addr_0000001
tx_0000723,addr_0003860
tx_0001818,addr_0000258
tx_0000873,addr_0003716
tx_0001298,addr_0001058
tx_0000768,addr_0004010
tx_0001269,addr_0002399
tx_0001695,addr_0001814
tx_0002743,addr_0003898
tx_0002738,addr_0003788
tx_0001536,addr_0003448
tx_0001476,addr_0001731
tx_0001238,addr_0001238
tx_0000976,addr_0004585
tx_0002096,addr_0004134
tx_0000395,addr_0002015
tx_0001982,addr_0004178
tx_0002727,addr_0004009
tx_0002369,addr_0004602
tx_0001229,addr_0000270
tx_0000621,addr_0002200
tx_0001052,addr_0004623
tx_0002850,addr_0002726
tx_0000987,addr_0000866
tx_0000648,addr_0004195
tx_0001533,addr_0001479
tx_0000439,addr_0004957
tx_0002312,addr_0003419
tx_0001795,addr_0002147
tx_0002293,addr_0003971
tx_0002097,addr_0004880
tx_0002744,addr_0002344
tx_0000702,addr_0004561
tx_0001195,addr_0002701
tx_0001799,addr_0000223
tx_0000596,addr_0001750
tx_0000785,addr_0000988
tx_0002127,addr_0002099
tx_0001390,addr_0001067
tx_0000351,addr_0003632
tx_0002901,addr_0000144
tx_0002776,addr_0002692
tx_0001686,addr_0002499
tx_0001738,addr_0004675
tx_0001485,addr_0000370
tx_0002067,addr_0000166
tx_0002339,addr_0001230
tx_0001999,addr_0001681
tx_0002294,addr_0001404
tx_0000235,addr_0000513
tx_0002327,addr_0002981
tx_0000205,addr_0000961
tx_0001149,addr_0004789
tx_0002240,addr_0002423
tx_0002166,addr_0000323
tx_0001581,addr_0001790
tx_0002022,addr_0002812
tx_0000824,addr_0003281
tx_0000234,addr_0004638
tx_0002604,addr_0001419
tx_0000844,addr_0004935
tx_0001323,addr_0003293
tx_0002065,addr_0001312
tx_0000117,addr_0003547
tx_0002207,addr_0001288
tx_0000772,addr_0004009
tx_0000132,addr_0001152
tx_0001813,addr_0003769
tx_0000261,addr_0000910
tx_0001837,addr_0000800
tx_0001484,addr_0002606
tx_0002841,addr_0000911
tx_0001438,addr_0001323
tx_0002292,addr_0002601
tx_0000260,addr_0002438
tx_0000216,addr_0003369
tx_0000692,addr_0000660
tx_0002811,addr_0003614
tx_0001157,addr_0004214
tx_0000152,addr_0001534
tx_0000673,addr_0001264
tx_0001851,addr_0003517
tx_0000593,addr_0003920
tx_0001280,addr_0004163
tx_0002328,addr_0000507
tx_0002954,addr_0003571
tx_0000508,addr_0002392
tx_0002980,addr_0000370
tx_0002154,addr_0004290
tx_0001070,addr_0001552
tx_0000456,addr_0000350
tx_0002342,addr_0004491
tx_0000326,addr_0002195
tx_0001675,addr_0001761
tx_0001800,addr_0003213
tx_0000990,addr_0002735
tx_0002364,addr_0003868
tx_0002343,addr_0004456
tx_0001276,addr_0003148
tx_0001579,addr_0000366
tx_0000821,addr_0001752
tx_0001064,addr_0002061
tx_0002690,addr_0001568
tx_0000834,addr_0002199
tx_0002743,addr_0003923
tx_0002410,addr_0003831
tx_0000166,addr_0000765
tx_0000510,addr_0002385
tx_0001015,addr_0000461
tx_0001400,addr_0002486
tx_0001662,addr_0001352
tx_0000754,addr_0003214
tx_0000911,addr_0003520
tx_0001845,addr_0003256
tx_0002566,addr_0003434
tx_0000230,addr_0001429
tx_0001803,addr_0002793
tx_0000045,addr_0002183
tx_0000504,addr_0001193
tx_0002075,addr_0002531
tx_0001942,addr_0001346
tx_0000972,addr_0004600
tx_0000577,addr_0002919
tx_0001305,addr_0001007
tx_0002601,addr_0000322
tx_0001738,addr_0003661
tx_0001598,addr_0004682
tx_0002070,addr_0003554
tx_0001099,addr_0004669
tx_0002098,addr_0000794
tx_0002602,addr_0000340
tx_0000157,addr_0000214
tx_0000170,addr_0004609
tx_0000550,addr_0000133
tx_0002025,addr_0002060
tx_0001840,addr_0002051
tx_0000196,addr_0002465
tx_0002271,addr_0000394
tx_0002973,addr_0002523
tx_0000419,addr_0003994
tx_0000425,addr_0003518
tx_0002348,addr_0004473
tx_0002324,addr_0004893
tx_0000048,addr_0000457
tx_0001164,addr_0002716
tx_0002116,addr_0004482
tx_0001538,addr_0002697
tx_0001851,addr_0001224
tx_0001525,addr_0004704
tx_0001996,addr_0001773
tx_0001521,addr_0003255
tx_0000252,addr_0002210
tx_0002361,addr_0000815
tx_0002881,addr_0003285
tx_0002373,addr_0004746
tx_0002858,addr_0001908
tx_0002243,addr_0000470
tx_0000180,addr_0002132
tx_0001557,addr_0004827
tx_0000245,addr_0001559
tx_0002656,addr_0004314
tx_0000903,addr_0000435
tx_0000968,addr_0000957
tx_0000790,addr_0004624
tx_0001867,addr_0000640
tx_0001513,addr_0003045
tx_0001459,addr_0002832
tx_0000088,addr_0004751
tx_0002998,addr_0004690
tx_0001001,addr_0000807
tx_0001806,addr_0002367
tx_0001097,addr_0003176
tx_0001185,addr_0003363
tx_0002434,addr_0004493
tx_0002571,addr_0000872
tx_0000538,addr_0004166
tx_0002229,addr_0000242
tx_0000427,addr_0003159
tx_0000447,addr_0001997
tx_0001048,addr_0004162
tx_0001997,addr_0000764
tx_0001638,addr_0003378
tx_0001927,addr_0000198
tx_0002062,addr_0003102
tx_0002513,addr_0000047
tx_0001657,addr_0003641
tx_0002288,addr_0002104
tx_0002840,addr_0000800
tx_0001592,addr_0001869
tx_0001358,addr_0000768
tx_0001449,addr_0003455
tx_0002731,addr_0002198
tx_0000663,addr_0003205
tx_0001423,addr_0004245
tx_0001549,addr_0003092
tx_0000584,addr_0004735
tx_0002448,addr_0003109
tx_0000336,addr_0001761
tx_0001937,addr_0001049
tx_0001637,addr_0000778
tx_0000339,addr_0004188
tx_0001483,addr_0004501
tx_0000918,addr_0000087
tx_0001483,addr_0002230
tx_0000649,addr_0001618
tx_0002638,addr_0003404
tx_0001918,addr_0000727
tx_0001762,addr_0004130
tx_0000518,addr_0003707
tx_0002511,addr_0004394
tx_0000816,addr_0002490
tx_0002821,addr_0001098
tx_0000451,addr_0000915
tx_0001533,addr_0001903
tx_0000490,addr_0001020
tx_0001599,addr_0000631
tx_0000854,addr_0002145
tx_0000528,addr_0003932
tx_0002293,addr_0001129
tx_0001064,addr_0003316
tx_0000441,addr_0001310
tx_0001438,addr_0003852
tx_0002089,addr_0004433
tx_0000446,addr_0002334
tx_0002667,addr_0001842
tx_0000868,addr_0000438
tx_0002646,addr_0000757
tx_0001782,addr_0002369
tx_0000038,addr_0001743
tx_0000396,addr_0001488
tx_0001069,addr_0004523
tx_0001056,addr_0004569
tx_0001182,addr_0001687
tx_0000589,addr_0003893
tx_0001501,addr_0002405
tx_0001568,addr_0002385
tx_0002790,addr_0000535
tx_0002097,addr_0004471
tx_0000093,addr_0000353
tx_0002716,addr_0000437
tx_0002263,addr_0002029
tx_0002798,addr_0003975
tx_0000709,addr_0000155
tx_0000568,addr_0000042
tx_0001819,addr_0004702
tx_0002938,addr_0003095
tx_0001696,addr_0000189
tx_0000505,addr_0000385
tx_0000591,addr_0002429
tx_0002187,addr_0000655
tx_0000231,addr_0001743
tx_0000185,addr_0001620
tx_0001944,addr_0000348
tx_0001233,addr_0002465
tx_0000320,addr_0002334
tx_0001729,addr_0002570
tx_0000068,addr_0001176
tx_0000752,addr_0003685
tx_0002487,addr_0003287
tx_0001919,addr_0004336
tx_0000330,addr_0000060
tx_0001003,addr_0004401
tx_0002804,addr_0003861
tx_0001295,addr_0003233
tx_0001208,addr_0000701
tx_0001710,addr_0004688
tx_0002534,addr_0003134
tx_0002244,addr_0002585
tx_0002550,addr_0004837
tx_0000676,addr_0003360
tx_0000759,addr_0003130
tx_0001373,addr_0000797
tx_0000258,addr_0002678
tx_0002870,addr_0004965
tx_0000657,addr_0002330
tx_0000517,addr_0004493
tx_0002232,addr_0002685
tx_0002943,addr_0001553
tx_0001895,addr_0002208
tx_0002932,addr_0001706
tx_0002335,addr_0002879
tx_0000041,addr_0003139
tx_0001183,addr_0003297
tx_0002166,addr_0002819
tx_0002062,addr_0000520
tx_0000900,addr_0000501
tx_0002688,addr_0004924
tx_0000552,addr_0001190
tx_0000329,addr_0003599
tx_0001789,addr_0003794
tx_0001790,addr_0003569
tx_0001741,addr_0003207
tx_0000310,addr_0002337
tx_0001011,addr_0000117
tx_0002843,addr_0001297
tx_0000900,addr_0002559
tx_0000779,addr_0000281
tx_0001813,addr_0000485
tx_0000413,addr_0002708
tx_0000405,addr_0003587
tx_0000043,addr_0000752
tx_0002480,addr_0001479
tx_0001984,addr_0000318
tx_0001907,addr_0004612
tx_0000968,addr_0004686
tx_0000237,addr_0003126
tx_0001142,addr_0004664
tx_0001921,addr_0003662
tx_0001018,addr_0002842
tx_0002173,addr_0002966
tx_0001322,addr_0002001
tx_0002538,addr_0001808
tx_0001421,addr_0001847
tx_0002353,addr_0004720
tx_0000486,addr_0001605
tx_0002226,addr_0002980
tx_0000803,addr_0002563
tx_0001692,addr_0001042
tx_0000394,addr_0001292
tx_0001867,addr_0003477
tx_0002676,addr_0001570
tx_0001245,addr_0001045
tx_0000851,addr_0003827
tx_0002896,addr_0000951
tx_0000670,addr_0004080
tx_0002650,addr_0000944
tx_0002890,addr_0004078
tx_0000342,addr_0000096
tx_0000047,addr_0000392
tx_0001562,addr_0003296
tx_0002126,addr_0004665
tx_0000600,addr_0000452
tx_0000078,addr_0000305
tx_0002446,addr_0004480
tx_0002449,addr_0002216
tx_0001028,addr_0003743
tx_0002955,addr_0000032
tx_0002857,addr_0003214
tx_0002848,addr_0000135
tx_0001169,addr_0000697
tx_0002462,addr_0002055
tx_0000193,addr_0003352
tx_0000434,addr_0003316
tx_0000737,addr_0003267
tx_0002689,addr_0004660
tx_0001482,addr_0002089
tx_0000596,addr_0000206
tx_0001201,addr_0004626
tx_0002407,addr_0000901
tx_0000897,addr_0001472
tx_0002872,addr_0003122
tx_0001712,addr_0000967
tx_0001244,addr_0004702
tx_0000423,addr_0003621
tx_0000210,addr_0004218
tx_0000052,addr_0003620
tx_0001818,addr_0001044
tx_0000310,addr_0003923
tx_0002773,addr_0001691
tx_0001539,addr_0002012
tx_0001908,addr_0002610
tx_0002814,addr_0004153
tx_0000631,addr_0001509
tx_0001321,addr_0000461
tx_0000734,addr_0000001
tx_0002065,addr_0004639
tx_0002579,addr_0001150
tx_0001727,addr_0004396
tx_0000771,addr_0003915
tx_0001215,addr_0001185
tx_0002882,addr_0003223
tx_0001166,addr_0000565
tx_0002255,addr_0004716
tx_0002415,addr_0000709
tx_0002468,addr_0000149
tx_0001012,addr_0004591
tx_0001330,addr_0004935
tx_0001671,addr_0001196
tx_0002610,addr_0000497
tx_0001069,addr_0001793
tx_0000198,addr_0000197
tx_0000884,addr_0004324
tx_0002586,addr_0001248
tx_0001995,addr_0001215
tx_0000266,addr_0000084
tx_0002767,addr_0004576
tx_0001933,addr_0000881
tx_0000327,addr_0000373
tx_0001172,addr_0001389
tx_0000136,addr_0000175
tx_0002642,addr_0003295
tx_0002131,addr_0003169
tx_0000406,addr_0002367
tx_0000419,addr_0002245
tx_0001254,addr_0004654
tx_0001077,addr_0004091
tx_0000454,addr_0001155
tx_0000332,addr_0000740
tx_0001648,addr_0002808
tx_0001881,addr_0000369
tx_0002125,addr_0003089
tx_0000299,addr_0003067
tx_0001333,addr_0003792
tx_0002172,addr_0004513
tx_0002800,addr_0002220
tx_0001468,addr_0002976
tx_0002129,addr_0004478
tx_0000067,addr_0004236
tx_0000125,addr_0000076
tx_0002748,addr_0003412
tx_0000991,addr_0000921
tx_0000298,addr_0000673
tx_0001230,addr_0003499
tx_0002439,addr_0002703
tx_0002329,addr_0004688
tx_0002043,addr_0000573
tx_0001238,addr_0004258
tx_0001481,addr_0003346
tx_0000690,addr_0004591
tx_0001933,addr_0001633
tx_0002007,addr_0002133
tx_0002993,addr_0004456
tx_0002660,addr_0004951
tx_0001255,addr_0000428
tx_0001924,addr_0002365
tx_0002946,addr_0003995
tx_0001323,addr_0000531
tx_0000317,addr_0002807
tx_0001774,addr_0004009
tx_0000685,addr_0000510
tx_0000003,addr_0002124
tx_0000821,addr_0001458
tx_0002208,addr_0000059
tx_0002844,addr_0001175
tx_0001725,addr_0000569
tx_0001535,addr_0001105
tx_0001357,addr_0003981
tx_0000576,addr_0003554
tx_0000739,addr_0003895
tx_0000671,addr_0000647
tx_0001976,addr_0003125
tx_0001026,addr_0000192
tx_0000969,addr_0000201
tx_0001706,addr_0001779
tx_0001662,addr_0001183
tx_0001593,addr_0000962
tx_0000763,addr_0000345
tx_0001705,addr_0003194
tx_0000005,addr_0001842
tx_0000131,addr_0002989
tx_0000705,addr_0003369
tx_0001524,addr_0000861
tx_0002304,addr_0001049
tx_0001567,addr_0004947
tx_0001108,addr_0004271
