address,class,lifetime_days,num_txs_as_sender,num_txs_as_receiver
addr_0000000,2,28,36,48
addr_0000001,3,55,0,24
addr_0000002,3,718,2,2
addr_0000003,3,106,2,33
addr_0000004,2,417,11,39
addr_0000005,3,30,41,22
addr_0000006,3,162,3,42
addr_0000007,3,227,46,32
addr_0000008,3,80,0,33
addr_0000009,2,698,18,43
addr_0000010,2,878,10,13
addr_0000011,3,889,17,37
addr_0000012,3,340,18,14
addr_0000013,2,136,15,15
addr_0000014,3,451,39,6
addr_0000015,2,820,33,42
addr_0000016,1,660,7,35
addr_0000017,3,581,17,19
addr_0000018,2,803,23,16
addr_0000019,2,349,46,27
addr_0000020,2,135,25,42
addr_0000021,3,597,21,15
addr_0000022,2,281,31,41
addr_0000023,2,878,44,33
addr_0000024,2,340,7,28
addr_0000025,1,708,8,14
addr_0000026,2,432,29,23
addr_0000027,2,224,30,37
addr_0000028,1,509,10,14
addr_0000029,2,886,46,22
addr_0000030,3,192,29,36
addr_0000031,3,270,6,18
addr_0000032,2,529,3,47
addr_0000033,2,423,45,14
addr_0000034,2,33,0,37
addr_0000035,1,44,41,33
addr_0000036,2,852,21,29
addr_0000037,2,456,47,16
addr_0000038,3,793,37,10
addr_0000039,1,813,224,298
addr_0000040,3,139,30,42
addr_0000041,3,576,15,33
addr_0000042,2,65,25,33
addr_0000043,2,824,46,9
addr_0000044,2,653,48,36
addr_0000045,2,460,39,18
addr_0000046,3,418,31,10
addr_0000047,2,337,5,32
addr_0000048,2,703,13,20
addr_0000049,3,758,37,16
addr_0000050,3,20,20,4
addr_0000051,2,627,27,28
addr_0000052,2,633,1,9
addr_0000053,2,255,27,23
addr_0000054,3,529,35,8
addr_0000055,2,129,3,19
addr_0000056,2,639,22,5
addr_0000057,2,275,5,33
addr_0000058,3,671,36,49
addr_0000059,3,859,9,24
addr_0000060,2,780,48,14
addr_0000061,2,182,27,3
addr_0000062,2,156,4,32
addr_0000063,2,758,38,47
addr_0000064,2,831,44,38
addr_0000065,2,146,1,8
addr_0000066,3,528,13,30
addr_0000067,2,582,42,17
addr_0000068,1,355,27,33
addr_0000069,2,136,48,14
addr_0000070,3,310,39,12
addr_0000071,2,713,11,34
addr_0000072,3,899,27,6
addr_0000073,3,164,42,21
addr_0000074,2,438,26,36
addr_0000075,2,281,1,18
addr_0000076,3,408,33,17
addr_0000077,2,298,31,42
addr_0000078,3,402,4,49
addr_0000079,2,559,42,49
addr_0000080,2,877,47,25
addr_0000081,2,429,26,24
addr_0000082,3,796,34,5
addr_0000083,3,803,11,19
addr_0000084,2,131,35,27
addr_0000085,2,886,17,42
addr_0000086,2,877,38,48
addr_0000087,2,303,29,39
addr_0000088,3,390,30,24
addr_0000089,2,68,27,9
addr_0000090,2,364,43,18
addr_0000091,3,127,25,19
addr_0000092,2,145,46,1
addr_0000093,2,764,1,0
addr_0000094,2,132,41,19
addr_0000095,2,614,34,23
addr_0000096,2,275,7,19
addr_0000097,3,109,2,42
addr_0000098,2,145,12,31
addr_0000099,3,848,46,49
addr_0000100,3,295,31,48
addr_0000101,3,701,44,12
addr_0000102,3,422,27,3
addr_0000103,2,146,9,28
addr_0000104,2,325,35,7
addr_0000105,1,614,223,120
addr_0000106,3,683,14,5
addr_0000107,2,463,42,27
addr_0000108,2,185,24,17
addr_0000109,2,227,42,0
addr_0000110,3,176,48,12
addr_0000111,2,631,13,41
addr_0000112,3,448,40,39
addr_0000113,3,641,35,8
addr_0000114,2,765,36,27
addr_0000115,3,610,25,3
addr_0000116,2,411,37,4
addr_0000117,2,880,3,26
addr_0000118,2,766,1,38
addr_0000119,1,323,141,253
addr_0000120,3,438,8,1
addr_0000121,3,815,27,23
addr_0000122,1,575,187,177
addr_0000123,2,226,40,30
addr_0000124,2,494,24,27
addr_0000125,1,548,302,308
addr_0000126,2,895,11,37
addr_0000127,3,655,0,10
addr_0000128,3,427,30,8
addr_0000129,3,186,42,21
addr_0000130,2,619,36,47
addr_0000131,2,154,7,10
addr_0000132,3,655,3,4
addr_0000133,1,484,37,48
addr_0000134,2,758,27,46
addr_0000135,2,589,48,28
addr_0000136,2,609,25,15
addr_0000137,1,204,127,274
addr_0000138,3,847,7,32
addr_0000139,3,408,15,38
addr_0000140,1,757,252,291
addr_0000141,3,880,18,43
addr_0000142,2,776,3,14
addr_0000143,1,791,21,15
addr_0000144,3,866,49,37
addr_0000145,2,365,20,1
addr_0000146,2,286,1,16
addr_0000147,3,302,1,28
addr_0000148,2,539,33,29
addr_0000149,2,20,40,35
addr_0000150,3,77,15,46
addr_0000151,2,489,1,20
addr_0000152,2,540,25,30
addr_0000153,2,730,17,34
addr_0000154,2,152,15,37
addr_0000155,2,308,10,48
addr_0000156,2,470,28,49
addr_0000157,3,638,25,36
addr_0000158,3,214,9,24
addr_0000159,3,774,29,1
addr_0000160,2,827,29,31
addr_0000161,2,353,18,26
addr_0000162,1,97,49,1
addr_0000163,2,50,5,32
addr_0000164,2,431,8,36
addr_0000165,2,43,30,27
addr_0000166,2,701,39,42
addr_0000167,3,435,41,12
addr_0000168,2,371,28,13
addr_0000169,2,448,30,28
addr_0000170,2,414,20,2
addr_0000171,3,788,17,23
addr_0000172,3,748,29,11
addr_0000173,2,221,37,20
addr_0000174,2,470,31,6
addr_0000175,2,856,8,6
addr_0000176,1,608,36,39
addr_0000177,3,132,0,6
addr_0000178,2,159,9,27
addr_0000179,3,559,19,37
addr_0000180,2,830,37,9
addr_0000181,3,295,15,15
addr_0000182,2,625,30,9
addr_0000183,3,472,5,49
addr_0000184,2,878,42,16
addr_0000185,3,81,23,22
addr_0000186,3,760,14,20
addr_0000187,3,824,2,46
addr_0000188,2,791,37,23
addr_0000189,2,200,31,25
addr_0000190,3,515,12,1
addr_0000191,2,18,30,37
addr_0000192,2,590,32,27
addr_0000193,3,727,14,41
addr_0000194,2,601,30,38
addr_0000195,3,804,41,1
addr_0000196,2,462,12,9
addr_0000197,3,233,33,43
addr_0000198,1,462,48,20
addr_0000199,2,769,20,1
addr_0000200,3,784,49,38
addr_0000201,2,535,43,19
addr_0000202,1,445,47,37
addr_0000203,3,505,26,44
addr_0000204,1,301,45,34
addr_0000205,1,898,284,160
addr_0000206,3,445,39,40
addr_0000207,3,132,17,25
addr_0000208,3,743,1,18
addr_0000209,3,629,48,17
addr_0000210,3,628,14,7
addr_0000211,2,734,16,23
addr_0000212,3,30,49,15
addr_0000213,2,470,27,2
addr_0000214,3,551,31,14
addr_0000215,2,875,29,49
addr_0000216,3,677,33,13
addr_0000217,2,890,32,28
addr_0000218,1,695,16,18
addr_0000219,3,571,35,26
addr_0000220,1,90,34,2
addr_0000221,2,31,41,22
addr_0000222,2,641,16,15
addr_0000223,2,797,20,14
addr_0000224,1,107,134,241
addr_0000225,2,710,10,30
addr_0000226,3,371,46,48
addr_0000227,3,85,38,36
addr_0000228,2,722,23,29
addr_0000229,3,891,44,8
addr_0000230,3,453,40,6
addr_0000231,2,71,7,30
addr_0000232,3,367,45,13
addr_0000233,2,893,34,23
addr_0000234,3,385,9,31
addr_0000235,3,735,46,49
addr_0000236,3,576,41,23
addr_0000237,2,71,32,13
addr_0000238,2,81,33,18
addr_0000239,1,829,150,111
addr_0000240,3,609,26,43
addr_0000241,2,625,31,9
addr_0000242,2,868,31,10
addr_0000243,2,595,12,43
addr_0000244,2,226,5,29
addr_0000245,3,820,40,46
addr_0000246,1,271,43,34
addr_0000247,2,734,30,30
addr_0000248,2,762,15,49
addr_0000249,2,247,43,42
addr_0000250,3,676,16,1
addr_0000251,3,715,0,0
addr_0000252,1,571,112,161
addr_0000253,3,283,1,11
addr_0000254,2,289,8,2
addr_0000255,2,885,28,21
addr_0000256,1,278,210,243
addr_0000257,3,403,0,12
addr_0000258,1,571,13,19
addr_0000259,1,595,128,225
addr_0000260,1,811,16,39
addr_0000261,2,120,15,7
addr_0000262,2,444,30,0
addr_0000263,2,67,36,23
addr_0000264,2,876,21,25
addr_0000265,3,306,20,40
addr_0000266,2,462,30,37
addr_0000267,3,556,8,0
addr_0000268,2,343,38,41
addr_0000269,3,81,5,10
addr_0000270,3,788,9,11
addr_0000271,2,762,24,12
addr_0000272,3,509,37,3
addr_0000273,3,116,42,19
addr_0000274,2,380,13,39
addr_0000275,2,447,29,40
addr_0000276,3,8,17,33
addr_0000277,2,96,21,7
addr_0000278,1,398,37,24
addr_0000279,2,732,13,10
addr_0000280,3,8,31,31
addr_0000281,3,108,38,14
addr_0000282,2,869,28,42
addr_0000283,2,396,15,18
addr_0000284,2,726,17,31
addr_0000285,3,698,5,13
addr_0000286,3,775,22,10
addr_0000287,3,754,17,41
addr_0000288,2,615,34,29
addr_0000289,3,677,14,21
addr_0000290,3,291,35,45
addr_0000291,2,245,21,44
addr_0000292,3,440,46,13
addr_0000293,2,565,19,43
addr_0000294,2,277,33,15
addr_0000295,2,857,25,8
addr_0000296,3,837,34,47
addr_0000297,2,359,34,39
addr_0000298,2,123,25,49
addr_0000299,3,252,39,12
addr_0000300,2,737,26,24
addr_0000301,2,874,15,27
addr_0000302,3,397,38,10
addr_0000303,2,163,15,22
addr_0000304,2,819,40,24
addr_0000305,1,289,235,101
addr_0000306,2,167,9,44
addr_0000307,2,561,47,33
addr_0000308,2,12,3,20
addr_0000309,3,114,23,11
addr_0000310,1,640,47,9
addr_0000311,3,822,27,33
addr_0000312,1,489,3,47
addr_0000313,3,880,32,40
addr_0000314,3,246,37,26
addr_0000315,1,657,179,220
addr_0000316,3,796,42,2
addr_0000317,2,834,6,37
addr_0000318,1,679,17,12
addr_0000319,3,245,11,47
addr_0000320,2,873,10,15
addr_0000321,3,373,15,3
addr_0000322,2,1,1,43
addr_0000323,2,331,9,30
addr_0000324,2,28,40,8
addr_0000325,3,256,22,24
addr_0000326,2,480,23,33
addr_0000327,2,577,48,8
addr_0000328,2,353,11,14
addr_0000329,2,836,11,39
addr_0000330,3,210,46,18
addr_0000331,2,472,33,29
addr_0000332,3,803,22,9
addr_0000333,2,583,41,15
addr_0000334,2,139,12,43
addr_0000335,3,235,9,1
addr_0000336,2,778,14,15
addr_0000337,3,861,43,16
addr_0000338,3,151,24,44
addr_0000339,2,635,16,26
addr_0000340,3,730,31,49
addr_0000341,2,67,22,2
addr_0000342,2,86,48,28
addr_0000343,2,507,0,25
addr_0000344,3,96,18,26
addr_0000345,3,582,16,26
addr_0000346,3,890,32,15
addr_0000347,2,357,8,37
addr_0000348,2,762,23,40
addr_0000349,3,469,43,38
addr_0000350,3,9,41,0
addr_0000351,1,726,33,24
addr_0000352,2,551,43,41
addr_0000353,2,299,34,33
addr_0000354,2,697,1,42
addr_0000355,3,750,48,34
addr_0000356,2,80,3,28
addr_0000357,2,260,37,24
addr_0000358,2,302,9,36
addr_0000359,2,342,36,8
addr_0000360,1,56,87,224
addr_0000361,2,204,6,5
addr_0000362,2,267,14,1
addr_0000363,1,221,10,45
addr_0000364,3,348,48,26
addr_0000365,2,444,10,30
addr_0000366,3,863,39,43
addr_0000367,2,289,46,18
addr_0000368,3,813,5,47
addr_0000369,2,382,18,37
addr_0000370,2,14,47,10
addr_0000371,3,758,47,9
addr_0000372,2,407,37,28
addr_0000373,3,76,19,27
addr_0000374,3,868,8,1
addr_0000375,3,177,34,6
addr_0000376,2,627,45,25
addr_0000377,2,246,3,20
addr_0000378,3,214,28,18
addr_0000379,2,463,29,22
addr_0000380,2,80,49,37
addr_0000381,3,796,11,28
addr_0000382,2,620,46,16
addr_0000383,1,652,139,245
addr_0000384,2,843,16,34
addr_0000385,3,442,7,5
addr_0000386,3,604,45,40
addr_0000387,3,251,34,20
addr_0000388,3,610,28,3
addr_0000389,2,657,49,23
addr_0000390,3,727,12,10
addr_0000391,3,789,19,17
addr_0000392,1,203,49,15
addr_0000393,2,660,33,37
addr_0000394,3,96,2,43
addr_0000395,2,770,30,7
addr_0000396,2,365,42,24
addr_0000397,2,872,42,37
addr_0000398,3,680,2,7
addr_0000399,2,86,40,24
addr_0000400,3,315,29,8
addr_0000401,3,658,17,16
addr_0000402,3,442,28,16
addr_0000403,2,868,18,18
addr_0000404,2,341,0,32
addr_0000405,3,850,45,43
addr_0000406,3,462,1,44
addr_0000407,3,620,39,20
addr_0000408,2,790,24,9
addr_0000409,3,542,11,20
addr_0000410,2,12,17,42
addr_0000411,2,883,41,35
addr_0000412,1,811,46,14
addr_0000413,3,670,22,38
addr_0000414,2,147,36,34
addr_0000415,2,832,46,44
addr_0000416,3,116,11,43
addr_0000417,2,336,35,46
addr_0000418,3,890,14,24
addr_0000419,2,95,14,12
addr_0000420,3,511,40,33
addr_0000421,2,794,15,28
addr_0000422,2,311,49,19
addr_0000423,2,490,7,49
addr_0000424,2,735,22,40
addr_0000425,3,328,27,27
addr_0000426,2,451,11,35
addr_0000427,1,53,274,141
addr_0000428,3,850,32,41
addr_0000429,3,631,17,3
addr_0000430,2,887,4,40
addr_0000431,2,505,15,8
addr_0000432,1,232,303,188
addr_0000433,2,505,3,0
addr_0000434,1,848,0,33
addr_0000435,3,886,28,33
addr_0000436,3,59,48,48
addr_0000437,1,507,9,28
addr_0000438,2,549,1,32
addr_0000439,1,554,17,33
addr_0000440,2,410,22,48
addr_0000441,1,298,12,38
addr_0000442,2,578,29,0
addr_0000443,3,425,8,24
addr_0000444,3,231,40,15
addr_0000445,2,515,18,14
addr_0000446,3,787,8,29
addr_0000447,3,79,39,44
addr_0000448,2,494,30,49
addr_0000449,3,869,20,5
addr_0000450,3,878,9,13
addr_0000451,1,549,26,43
addr_0000452,3,589,14,12
addr_0000453,3,533,30,1
addr_0000454,3,324,32,44
addr_0000455,2,822,30,26
addr_0000456,3,261,1,6
addr_0000457,3,219,21,4
addr_0000458,2,449,11,4
addr_0000459,2,195,3,42
addr_0000460,2,372,6,10
addr_0000461,2,851,27,3
addr_0000462,2,492,5,44
addr_0000463,2,894,3,1
addr_0000464,2,161,45,44
addr_0000465,2,183,10,26
addr_0000466,2,48,36,35
addr_0000467,2,647,21,48
addr_0000468,3,838,6,39
addr_0000469,2,641,1,40
addr_0000470,3,375,47,38
addr_0000471,3,376,44,41
addr_0000472,2,305,25,20
addr_0000473,3,89,36,11
addr_0000474,1,176,173,119
addr_0000475,2,397,48,20
addr_0000476,2,771,27,25
addr_0000477,2,23,12,13
addr_0000478,1,601,48,12
addr_0000479,2,271,35,30
addr_0000480,2,316,18,7
addr_0000481,2,633,36,3
addr_0000482,3,464,3,43
addr_0000483,3,835,39,23
addr_0000484,3,418,37,43
addr_0000485,3,332,12,45
addr_0000486,3,23,35,13
addr_0000487,2,380,25,12
addr_0000488,3,373,4,19
addr_0000489,2,91,14,3
addr_0000490,1,578,6,34
addr_0000491,1,526,9,49
addr_0000492,3,356,44,1
addr_0000493,2,11,17,46
addr_0000494,2,844,2,10
addr_0000495,2,443,37,47
addr_0000496,2,359,18,9
addr_0000497,1,501,309,159
addr_0000498,3,875,35,16
addr_0000499,2,820,30,33
addr_0000500,3,327,33,10
addr_0000501,1,847,42,20
addr_0000502,1,97,5,44
addr_0000503,3,227,0,3
addr_0000504,2,6,12,16
addr_0000505,3,658,9,41
addr_0000506,2,534,47,0
addr_0000507,2,631,1,17
addr_0000508,3,639,26,34
addr_0000509,2,45,38,12
addr_0000510,3,457,30,17
addr_0000511,2,626,40,8
addr_0000512,3,71,28,44
addr_0000513,3,644,42,3
addr_0000514,2,79,6,30
addr_0000515,3,672,17,43
addr_0000516,3,485,16,9
addr_0000517,2,411,12,7
addr_0000518,3,893,44,12
addr_0000519,3,391,23,18
addr_0000520,3,120,30,10
addr_0000521,3,376,8,38
addr_0000522,1,126,254,223
addr_0000523,3,676,25,3
addr_0000524,3,173,21,6
addr_0000525,3,17,36,11
addr_0000526,2,733,4,40
addr_0000527,1,149,11,2
addr_0000528,3,692,32,9
addr_0000529,3,799,34,49
addr_0000530,2,207,8,14
addr_0000531,2,765,10,13
addr_0000532,1,210,201,297
addr_0000533,3,747,9,1
addr_0000534,2,549,29,11
addr_0000535,2,76,39,33
addr_0000536,2,741,33,27
addr_0000537,2,866,42,19
addr_0000538,1,64,303,118
addr_0000539,2,104,7,39
addr_0000540,2,401,14,5
addr_0000541,3,755,25,9
addr_0000542,2,895,45,36
addr_0000543,2,234,13,46
addr_0000544,1,730,46,12
addr_0000545,3,235,16,28
addr_0000546,2,52,44,3
addr_0000547,3,605,4,6
addr_0000548,3,626,45,21
addr_0000549,2,475,43,34
addr_0000550,2,883,12,18
addr_0000551,3,12,21,2
addr_0000552,2,424,23,21
addr_0000553,2,95,44,33
addr_0000554,1,880,336,297
addr_0000555,2,170,23,31
addr_0000556,1,726,273,154
addr_0000557,2,827,40,25
addr_0000558,1,30,119,184
addr_0000559,2,358,20,6
addr_0000560,3,516,38,19
addr_0000561,3,219,24,2
addr_0000562,3,522,30,2
addr_0000563,2,192,14,8
addr_0000564,3,691,11,34
addr_0000565,2,152,46,6
addr_0000566,2,882,26,30
addr_0000567,3,855,21,33
addr_0000568,2,669,18,23
addr_0000569,3,76,37,31
addr_0000570,3,39,11,34
addr_0000571,3,480,0,12
addr_0000572,1,214,44,2
addr_0000573,3,577,38,13
addr_0000574,2,71,26,19
addr_0000575,2,178,15,5
addr_0000576,2,708,35,3
addr_0000577,2,141,25,37
addr_0000578,2,535,23,37
addr_0000579,2,436,0,7
addr_0000580,3,268,14,19
addr_0000581,2,863,9,39
addr_0000582,2,237,41,0
addr_0000583,2,810,36,22
addr_0000584,2,391,41,23
addr_0000585,3,274,27,0
addr_0000586,2,879,9,38
addr_0000587,1,255,45,44
addr_0000588,3,838,5,1
addr_0000589,2,774,23,12
addr_0000590,3,208,27,17
addr_0000591,1,210,17,26
addr_0000592,2,874,25,0
addr_0000593,3,833,11,1
addr_0000594,2,690,6,31
addr_0000595,2,5,44,40
addr_0000596,3,57,29,25
addr_0000597,2,137,10,32
addr_0000598,2,395,44,4
addr_0000599,2,332,36,13
addr_0000600,2,497,40,9
addr_0000601,3,268,16,16
addr_0000602,3,27,38,30
addr_0000603,3,460,29,25
addr_0000604,3,601,42,7
addr_0000605,2,799,28,35
addr_0000606,2,207,5,26
addr_0000607,3,141,30,37
addr_0000608,2,403,21,21
addr_0000609,3,489,46,43
addr_0000610,2,428,9,11
addr_0000611,2,9,20,44
addr_0000612,3,460,42,44
addr_0000613,3,410,13,41
addr_0000614,3,71,6,27
addr_0000615,2,450,22,25
addr_0000616,3,274,44,45
addr_0000617,3,277,3,13
addr_0000618,2,630,48,6
addr_0000619,2,451,4,14
addr_0000620,3,508,29,0
addr_0000621,2,78,39,32
addr_0000622,2,9,36,43
addr_0000623,3,759,22,22
addr_0000624,3,867,3,25
addr_0000625,3,484,35,8
addr_0000626,3,375,14,30
addr_0000627,3,817,31,33
addr_0000628,2,381,41,7
addr_0000629,3,249,41,23
addr_0000630,2,875,42,26
addr_0000631,3,522,20,10
addr_0000632,2,3,31,28
addr_0000633,3,696,8,11
addr_0000634,2,195,46,42
addr_0000635,1,625,152,298
addr_0000636,2,492,1,35
addr_0000637,2,177,5,15
addr_0000638,3,229,43,8
addr_0000639,2,272,34,18
addr_0000640,2,427,48,18
addr_0000641,3,27,41,12
addr_0000642,3,578,38,39
addr_0000643,2,552,21,27
addr_0000644,2,674,44,37
addr_0000645,3,480,49,32
addr_0000646,2,627,20,37
addr_0000647,3,779,38,47
addr_0000648,2,629,37,37
addr_0000649,2,621,41,3
addr_0000650,1,868,16,3
addr_0000651,2,466,15,42
addr_0000652,2,467,27,6
addr_0000653,2,630,1,40
addr_0000654,2,51,37,45
addr_0000655,2,417,40,29
addr_0000656,1,145,5,30
addr_0000657,3,899,39,0
addr_0000658,3,558,15,23
addr_0000659,2,14,13,24
addr_0000660,2,176,7,21
addr_0000661,2,461,16,39
addr_0000662,2,677,29,4
addr_0000663,2,879,4,11
addr_0000664,2,8,37,46
addr_0000665,2,161,39,38
addr_0000666,2,824,7,26
addr_0000667,2,90,39,2
addr_0000668,1,186,29,14
addr_0000669,2,525,11,3
addr_0000670,1,783,280,199
addr_0000671,3,607,6,15
addr_0000672,2,343,10,47
addr_0000673,1,899,36,3
addr_0000674,2,423,45,38
addr_0000675,1,899,48,46
addr_0000676,2,779,11,43
addr_0000677,2,596,19,12
addr_0000678,3,676,39,11
addr_0000679,3,865,2,7
addr_0000680,3,428,23,42
addr_0000681,2,581,16,48
addr_0000682,1,554,44,37
addr_0000683,3,322,18,39
addr_0000684,2,5,37,26
addr_0000685,3,816,46,39
addr_0000686,3,228,11,49
addr_0000687,2,580,12,14
addr_0000688,3,403,0,34
addr_0000689,2,801,24,23
addr_0000690,2,405,45,21
addr_0000691,3,413,47,22
addr_0000692,2,872,14,25
addr_0000693,2,199,37,30
addr_0000694,1,125,32,13
addr_0000695,3,352,37,4
addr_0000696,1,414,11,46
addr_0000697,2,138,30,37
addr_0000698,2,119,8,2
addr_0000699,3,494,3,24
addr_0000700,3,782,32,40
addr_0000701,2,241,1,33
addr_0000702,2,290,28,48
addr_0000703,3,782,19,31
addr_0000704,2,349,17,24
addr_0000705,3,439,32,48
addr_0000706,2,650,0,15
addr_0000707,2,884,30,42
addr_0000708,3,246,24,31
addr_0000709,2,788,10,29
addr_0000710,2,878,48,42
addr_0000711,3,150,38,41
addr_0000712,3,105,14,29
addr_0000713,1,519,1,22
addr_0000714,1,200,34,35
addr_0000715,2,476,8,4
addr_0000716,3,182,4,18
addr_0000717,3,25,25,39
addr_0000718,2,409,45,9
addr_0000719,2,349,11,16
addr_0000720,2,629,12,30
addr_0000721,2,26,1,12
addr_0000722,2,357,10,36
addr_0000723,2,154,37,37
addr_0000724,2,27,6,46
addr_0000725,3,606,14,6
addr_0000726,3,86,45,40
addr_0000727,1,767,35,28
addr_0000728,3,105,8,10
addr_0000729,2,629,46,49
addr_0000730,3,355,10,20
addr_0000731,2,506,46,45
addr_0000732,2,380,47,25
addr_0000733,2,875,25,1
addr_0000734,1,735,298,170
addr_0000735,2,726,46,42
addr_0000736,1,743,289,272
addr_0000737,2,861,20,34
addr_0000738,2,608,11,7
addr_0000739,3,658,36,9
addr_0000740,2,426,9,48
addr_0000741,2,220,8,38
addr_0000742,3,278,5,19
addr_0000743,2,626,27,4
addr_0000744,2,409,23,8
addr_0000745,3,701,2,33
addr_0000746,3,631,16,48
addr_0000747,3,872,18,32
addr_0000748,3,854,11,12
addr_0000749,2,401,26,18
addr_0000750,3,791,10,17
addr_0000751,3,142,12,44
addr_0000752,2,325,19,13
addr_0000753,2,845,9,34
addr_0000754,2,712,43,34
addr_0000755,2,226,35,3
addr_0000756,2,294,47,14
addr_0000757,3,264,31,47
addr_0000758,2,82,5,13
addr_0000759,2,816,20,40
addr_0000760,2,178,13,12
addr_0000761,3,485,8,34
addr_0000762,3,434,5,40
addr_0000763,2,60,45,19
addr_0000764,3,649,33,31
addr_0000765,3,710,20,6
addr_0000766,3,624,42,38
addr_0000767,3,696,13,33
addr_0000768,3,587,0,17
addr_0000769,2,637,8,23
addr_0000770,3,704,24,3
addr_0000771,3,244,13,40
addr_0000772,2,575,3,23
addr_0000773,2,30,19,5
addr_0000774,3,96,46,44
addr_0000775,2,482,19,33
addr_0000776,3,754,10,26
addr_0000777,1,121,21,0
addr_0000778,2,474,31,19
addr_0000779,1,176,174,117
addr_0000780,3,416,18,26
addr_0000781,3,892,31,24
addr_0000782,3,291,19,21
addr_0000783,3,166,47,16
addr_0000784,3,703,16,46
addr_0000785,2,535,37,29
addr_0000786,1,698,19,47
addr_0000787,3,145,38,34
addr_0000788,1,671,25,14
addr_0000789,2,857,35,8
addr_0000790,2,169,27,36
addr_0000791,3,695,24,24
addr_0000792,1,221,39,7
addr_0000793,2,752,2,40
addr_0000794,3,560,33,37
addr_0000795,3,568,3,14
addr_0000796,2,349,34,0
addr_0000797,2,863,14,26
addr_0000798,3,12,41,10
addr_0000799,2,702,28,36
addr_0000800,3,56,18,30
addr_0000801,2,209,41,35
addr_0000802,2,303,47,16
addr_0000803,2,825,15,19
addr_0000804,3,231,25,7
addr_0000805,3,598,39,18
addr_0000806,3,103,12,9
addr_0000807,3,843,11,37
addr_0000808,2,896,2,38
addr_0000809,3,93,5,29
addr_0000810,3,64,43,46
addr_0000811,3,87,47,5
addr_0000812,2,493,21,34
addr_0000813,1,189,18,13
addr_0000814,3,366,25,7
addr_0000815,1,592,47,25
addr_0000816,2,813,9,10
addr_0000817,3,140,7,37
addr_0000818,2,623,28,28
addr_0000819,3,231,5,35
addr_0000820,3,105,19,23
addr_0000821,3,709,14,45
addr_0000822,3,781,16,24
addr_0000823,3,138,33,23
addr_0000824,3,337,35,23
addr_0000825,2,3,36,24
addr_0000826,2,40,20,17
addr_0000827,2,700,17,10
addr_0000828,3,485,32,4
addr_0000829,3,150,35,39
addr_0000830,2,332,22,25
addr_0000831,2,48,19,8
addr_0000832,2,292,40,46
addr_0000833,2,752,38,27
addr_0000834,3,647,30,31
addr_0000835,2,3,19,14
addr_0000836,1,281,107,316
addr_0000837,2,461,14,5
addr_0000838,1,440,14,40
addr_0000839,2,183,26,41
addr_0000840,2,732,21,41
addr_0000841,2,395,40,30
addr_0000842,3,502,49,14
addr_0000843,3,788,32,44
addr_0000844,2,717,17,39
addr_0000845,1,624,47,33
addr_0000846,2,693,1,41
addr_0000847,2,738,12,49
addr_0000848,3,565,0,23
addr_0000849,2,418,25,6
addr_0000850,2,596,31,27
addr_0000851,2,474,33,26
addr_0000852,3,872,1,34
addr_0000853,3,22,10,19
addr_0000854,3,887,2,38
addr_0000855,3,74,27,30
addr_0000856,2,796,33,8
addr_0000857,3,889,42,11
addr_0000858,2,890,31,38
addr_0000859,3,611,48,2
addr_0000860,2,346,36,3
addr_0000861,3,42,48,43
addr_0000862,3,174,46,39
addr_0000863,2,260,27,14
addr_0000864,1,263,23,7
addr_0000865,2,786,16,45
addr_0000866,3,75,44,17
addr_0000867,2,292,24,1
addr_0000868,2,384,29,37
addr_0000869,2,147,37,40
addr_0000870,3,81,43,18
addr_0000871,2,105,36,15
addr_0000872,2,574,49,2
addr_0000873,1,773,17,43
addr_0000874,2,178,11,4
addr_0000875,2,13,26,23
addr_0000876,3,890,36,22
addr_0000877,3,720,3,8
addr_0000878,3,666,44,29
addr_0000879,3,299,19,13
addr_0000880,3,332,1,18
addr_0000881,3,321,23,13
addr_0000882,3,687,0,41
addr_0000883,2,511,36,45
addr_0000884,3,377,10,38
addr_0000885,3,235,24,17
addr_0000886,1,152,8,16
addr_0000887,2,506,2,13
addr_0000888,2,154,22,29
addr_0000889,3,863,14,10
addr_0000890,2,348,45,31
addr_0000891,3,877,29,25
addr_0000892,2,460,44,21
addr_0000893,3,825,30,25
addr_0000894,3,812,5,1
addr_0000895,2,688,39,43
addr_0000896,2,318,43,36
addr_0000897,3,587,2,25
addr_0000898,3,730,7,32
addr_0000899,3,677,39,16
addr_0000900,2,108,17,12
addr_0000901,3,652,2,40
addr_0000902,3,695,30,26
addr_0000903,2,50,36,37
addr_0000904,3,353,13,36
addr_0000905,2,680,40,9
addr_0000906,2,279,14,43
addr_0000907,3,578,24,45
addr_0000908,3,474,14,41
addr_0000909,3,507,17,27
addr_0000910,2,704,22,32
addr_0000911,2,102,27,38
addr_0000912,2,435,2,0
addr_0000913,2,159,22,46
addr_0000914,1,383,30,39
addr_0000915,3,584,42,44
addr_0000916,3,715,18,7
addr_0000917,3,132,0,17
addr_0000918,3,702,30,40
addr_0000919,2,151,7,8
addr_0000920,3,536,7,32
addr_0000921,2,728,48,27
addr_0000922,3,478,36,48
addr_0000923,2,500,15,34
addr_0000924,3,149,24,26
addr_0000925,2,691,46,40
addr_0000926,3,478,5,22
addr_0000927,3,287,34,6
addr_0000928,2,84,33,15
addr_0000929,1,300,1,20
addr_0000930,2,809,31,10
addr_0000931,1,769,17,48
addr_0000932,2,340,40,2
addr_0000933,2,511,38,23
addr_0000934,3,434,45,48
addr_0000935,2,893,30,39
addr_0000936,3,351,31,4
addr_0000937,3,200,44,19
addr_0000938,2,654,20,9
addr_0000939,3,794,9,31
addr_0000940,2,400,38,47
addr_0000941,2,318,24,35
addr_0000942,3,743,37,33
addr_0000943,3,327,36,29
addr_0000944,3,521,44,6
addr_0000945,2,349,42,28
addr_0000946,3,66,38,34
addr_0000947,2,628,46,3
addr_0000948,1,254,252,229
addr_0000949,2,97,20,27
addr_0000950,2,814,28,24
addr_0000951,3,582,47,44
addr_0000952,3,60,28,30
addr_0000953,2,664,17,49
addr_0000954,1,863,23,23
addr_0000955,2,527,8,49
addr_0000956,3,759,34,3
addr_0000957,1,600,37,25
addr_0000958,2,715,43,11
addr_0000959,1,47,49,34
addr_0000960,2,750,10,27
addr_0000961,1,687,152,120
addr_0000962,3,592,31,5
addr_0000963,2,664,34,38
addr_0000964,3,90,31,37
addr_0000965,2,159,35,15
addr_0000966,3,477,37,45
addr_0000967,3,420,12,9
addr_0000968,3,502,30,12
addr_0000969,3,10,34,49
addr_0000970,2,177,15,13
addr_0000971,2,184,6,42
addr_0000972,2,828,3,17
addr_0000973,2,848,0,18
addr_0000974,2,690,17,35
addr_0000975,3,476,30,22
addr_0000976,2,618,17,15
addr_0000977,3,477,40,26
addr_0000978,2,445,29,2
addr_0000979,2,536,1,48
addr_0000980,2,891,36,13
addr_0000981,3,72,22,4
addr_0000982,3,176,43,4
addr_0000983,3,571,43,31
addr_0000984,3,495,14,0
addr_0000985,2,112,35,49
addr_0000986,2,233,33,6
addr_0000987,1,807,21,12
addr_0000988,2,23,10,14
addr_0000989,2,478,29,27
addr_0000990,1,12,0,35
addr_0000991,2,39,32,16
addr_0000992,2,866,34,36
addr_0000993,2,523,14,27
addr_0000994,2,479,28,30
addr_0000995,2,642,19,38
addr_0000996,2,704,45,25
addr_0000997,2,580,3,49
addr_0000998,2,714,30,2
addr_0000999,2,873,22,6
addr_0001000,2,49,42,34
addr_0001001,3,498,49,9
addr_0001002,3,728,49,20
addr_0001003,2,35,20,13
addr_0001004,2,431,21,15
addr_0001005,2,712,37,10
addr_0001006,2,376,18,33
addr_0001007,3,108,23,0
addr_0001008,3,791,4,7
addr_0001009,2,297,44,33
addr_0001010,2,791,44,38
addr_0001011,2,806,49,10
addr_0001012,2,694,48,32
addr_0001013,2,256,18,27
addr_0001014,2,432,49,13
addr_0001015,3,466,33,0
addr_0001016,2,339,16,15
addr_0001017,2,365,43,15
addr_0001018,2,128,22,23
addr_0001019,2,861,20,47
addr_0001020,2,875,8,39
addr_0001021,1,431,4,18
addr_0001022,3,1,26,13
addr_0001023,1,704,198,283
addr_0001024,3,720,10,22
addr_0001025,2,169,0,12
addr_0001026,2,296,5,24
addr_0001027,2,104,17,17
addr_0001028,3,100,4,35
addr_0001029,2,21,31,44
addr_0001030,3,40,7,11
addr_0001031,1,498,25,18
addr_0001032,3,125,23,49
addr_0001033,2,82,14,21
addr_0001034,1,87,15,3
addr_0001035,2,682,4,7
addr_0001036,2,577,28,9
addr_0001037,2,6,18,49
addr_0001038,2,706,24,19
addr_0001039,2,553,42,12
addr_0001040,2,58,27,23
addr_0001041,3,834,4,20
addr_0001042,2,367,19,14
addr_0001043,3,810,25,13
addr_0001044,3,106,2,27
addr_0001045,2,797,2,6
addr_0001046,3,226,17,32
addr_0001047,2,219,15,22
addr_0001048,2,557,29,12
addr_0001049,3,82,15,3
addr_0001050,2,716,19,8
addr_0001051,3,7,32,25
addr_0001052,2,109,7,42
addr_0001053,3,165,0,37
addr_0001054,3,138,17,4
addr_0001055,2,403,41,5
addr_0001056,3,11,6,42
addr_0001057,3,642,36,39
addr_0001058,3,267,49,45
addr_0001059,1,410,265,199
addr_0001060,2,779,23,1
addr_0001061,2,325,44,29
addr_0001062,2,380,45,42
addr_0001063,2,757,2,20
addr_0001064,3,692,7,22
addr_0001065,2,392,26,40
addr_0001066,2,240,20,42
addr_0001067,1,294,308,312
addr_0001068,3,107,23,19
addr_0001069,3,45,0,15
addr_0001070,2,226,19,16
addr_0001071,2,794,13,3
addr_0001072,3,5,15,18
addr_0001073,2,225,43,0
addr_0001074,3,835,31,29
addr_0001075,1,579,192,185
addr_0001076,2,723,47,40
addr_0001077,2,216,14,25
addr_0001078,3,245,43,13
addr_0001079,3,553,25,18
addr_0001080,3,870,34,27
addr_0001081,2,154,25,1
addr_0001082,2,865,30,14
addr_0001083,3,188,43,9
addr_0001084,3,384,18,22
addr_0001085,2,576,5,41
addr_0001086,3,160,27,33
addr_0001087,2,753,14,1
addr_0001088,2,862,43,18
addr_0001089,3,750,29,42
addr_0001090,3,626,45,35
addr_0001091,2,272,45,25
addr_0001092,3,134,24,32
addr_0001093,3,816,11,12
addr_0001094,2,795,34,4
addr_0001095,2,748,45,18
addr_0001096,2,431,28,10
addr_0001097,1,555,49,42
addr_0001098,3,324,0,26
addr_0001099,2,181,44,25
addr_0001100,3,188,32,5
addr_0001101,3,401,7,8
addr_0001102,1,270,199,235
addr_0001103,2,432,37,25
addr_0001104,3,241,6,38
addr_0001105,3,351,46,9
addr_0001106,3,367,20,35
addr_0001107,3,750,0,33
addr_0001108,2,887,40,6
addr_0001109,2,756,43,46
addr_0001110,2,113,17,3
addr_0001111,3,127,42,41
addr_0001112,3,855,31,44
addr_0001113,2,206,49,27
addr_0001114,3,132,8,15
addr_0001115,2,690,26,14
addr_0001116,3,442,48,13
addr_0001117,3,107,1,4
addr_0001118,3,4,4,16
addr_0001119,3,359,13,5
addr_0001120,2,98,10,29
addr_0001121,2,26,39,3
addr_0001122,2,11,23,38
addr_0001123,2,58,19,20
addr_0001124,3,77,49,13
addr_0001125,1,425,235,301
addr_0001126,3,724,3,22
addr_0001127,2,692,12,45
addr_0001128,2,293,20,18
addr_0001129,2,279,13,17
addr_0001130,2,212,31,12
addr_0001131,2,295,6,27
addr_0001132,3,408,1,25
addr_0001133,2,416,36,43
addr_0001134,3,233,30,2
addr_0001135,2,363,43,10
addr_0001136,3,645,5,12
addr_0001137,3,210,20,33
addr_0001138,3,585,22,3
addr_0001139,2,383,16,38
addr_0001140,2,163,14,4
addr_0001141,3,755,45,8
addr_0001142,3,224,39,0
addr_0001143,2,340,15,34
addr_0001144,2,370,26,40
addr_0001145,2,49,8,23
addr_0001146,3,787,30,38
addr_0001147,3,519,40,42
addr_0001148,2,387,16,16
addr_0001149,2,809,0,1
addr_0001150,3,44,10,27
addr_0001151,1,337,5,18
addr_0001152,2,14,32,12
addr_0001153,3,60,28,42
addr_0001154,2,404,13,1
addr_0001155,2,675,28,29
addr_0001156,2,897,5,22
addr_0001157,1,28,27,49
addr_0001158,2,452,6,7
addr_0001159,2,429,12,41
addr_0001160,2,595,19,25
addr_0001161,2,292,32,18
addr_0001162,2,772,38,16
addr_0001163,3,497,10,46
addr_0001164,2,230,23,35
addr_0001165,2,552,33,42
addr_0001166,2,10,49,29
addr_0001167,3,297,10,4
addr_0001168,3,304,3,26
addr_0001169,2,773,11,35
addr_0001170,3,91,8,13
addr_0001171,2,840,5,29
addr_0001172,2,257,4,11
addr_0001173,2,635,21,22
addr_0001174,3,308,18,42
addr_0001175,3,836,31,16
addr_0001176,3,58,6,17
addr_0001177,2,525,15,40
addr_0001178,1,275,41,6
addr_0001179,2,439,3,34
addr_0001180,3,666,13,21
addr_0001181,2,356,29,21
addr_0001182,3,598,5,30
addr_0001183,3,573,17,1
addr_0001184,2,213,13,2
addr_0001185,3,517,11,36
addr_0001186,3,41,48,15
addr_0001187,2,547,40,46
addr_0001188,2,360,36,41
addr_0001189,3,18,33,36
addr_0001190,2,477,40,47
addr_0001191,3,509,38,42
addr_0001192,2,32,5,32
addr_0001193,2,489,20,21
addr_0001194,3,259,42,49
addr_0001195,2,834,23,1
addr_0001196,2,562,34,6
addr_0001197,3,455,30,46
addr_0001198,2,365,8,37
addr_0001199,2,163,21,49
addr_0001200,2,541,26,43
addr_0001201,2,602,29,43
addr_0001202,3,691,31,32
addr_0001203,3,829,4,23
addr_0001204,3,299,23,40
addr_0001205,2,537,5,17
addr_0001206,2,511,4,33
addr_0001207,3,765,28,31
addr_0001208,2,884,23,30
addr_0001209,3,130,10,6
addr_0001210,2,598,25,37
addr_0001211,2,481,9,31
addr_0001212,3,809,37,21
addr_0001213,3,180,37,14
addr_0001214,2,657,23,19
addr_0001215,2,274,2,19
addr_0001216,2,852,24,5
addr_0001217,2,736,24,13
addr_0001218,2,567,15,48
addr_0001219,3,607,27,12
addr_0001220,3,899,41,4
addr_0001221,3,751,41,8
addr_0001222,2,6,18,49
addr_0001223,3,67,2,40
addr_0001224,2,886,30,3
addr_0001225,2,656,6,30
addr_0001226,2,888,49,46
addr_0001227,3,557,3,10
addr_0001228,3,121,23,19
addr_0001229,2,439,18,33
addr_0001230,3,830,37,47
addr_0001231,3,491,8,44
addr_0001232,2,151,27,29
addr_0001233,2,648,42,32
addr_0001234,2,873,45,17
addr_0001235,3,626,30,29
addr_0001236,2,405,37,4
addr_0001237,3,193,14,49
addr_0001238,3,543,11,36
addr_0001239,2,848,29,23
addr_0001240,3,329,44,30
addr_0001241,2,604,49,48
addr_0001242,2,848,15,23
addr_0001243,3,777,40,30
addr_0001244,1,536,0,28
addr_0001245,2,353,2,48
addr_0001246,1,843,14,11
addr_0001247,3,729,6,10
addr_0001248,2,180,44,31
addr_0001249,3,276,35,23
addr_0001250,2,418,19,26
addr_0001251,2,126,28,21
addr_0001252,3,616,5,3
addr_0001253,2,198,32,13
addr_0001254,2,234,3,41
addr_0001255,2,717,17,26
addr_0001256,1,646,7,27
addr_0001257,2,39,21,46
addr_0001258,2,62,28,45
addr_0001259,3,62,2,49
addr_0001260,3,2,2,26
addr_0001261,3,628,31,17
addr_0001262,3,3,17,46
addr_0001263,2,147,46,19
addr_0001264,3,602,27,33
addr_0001265,3,181,13,25
addr_0001266,2,595,43,10
addr_0001267,3,544,7,11
addr_0001268,2,8,19,41
addr_0001269,3,621,6,31
addr_0001270,3,386,29,8
addr_0001271,3,166,31,19
addr_0001272,2,524,24,20
addr_0001273,1,707,40,3
addr_0001274,2,271,13,41
addr_0001275,3,676,5,40
addr_0001276,1,605,213,245
addr_0001277,2,218,45,12
addr_0001278,2,524,26,0
addr_0001279,3,196,48,28
addr_0001280,2,130,3,5
addr_0001281,3,662,13,42
addr_0001282,3,485,8,10
addr_0001283,2,402,11,23
addr_0001284,3,739,21,2
addr_0001285,3,287,23,17
addr_0001286,2,706,16,24
addr_0001287,3,60,14,23
addr_0001288,2,94,31,19
addr_0001289,3,312,42,8
addr_0001290,2,873,34,19
addr_0001291,3,58,48,24
addr_0001292,3,353,19,28
addr_0001293,2,75,35,31
addr_0001294,2,279,10,24
addr_0001295,3,413,14,39
addr_0001296,2,627,2,40
addr_0001297,2,532,39,28
addr_0001298,2,634,36,13
addr_0001299,3,853,3,11
addr_0001300,1,712,109,176
addr_0001301,1,726,152,161
addr_0001302,2,471,45,16
addr_0001303,3,543,32,48
addr_0001304,3,737,25,7
addr_0001305,3,664,9,41
addr_0001306,3,502,9,23
addr_0001307,2,869,1,25
addr_0001308,3,175,48,10
addr_0001309,3,543,48,18
addr_0001310,2,157,12,20
addr_0001311,2,635,7,40
addr_0001312,2,35,42,17
addr_0001313,3,6,6,7
addr_0001314,3,552,33,47
addr_0001315,3,270,3,44
addr_0001316,3,260,6,26
addr_0001317,2,588,15,49
addr_0001318,3,179,41,44
addr_0001319,3,548,36,44
addr_0001320,2,371,42,10
addr_0001321,3,706,41,42
addr_0001322,2,256,44,15
addr_0001323,2,314,40,19
addr_0001324,2,277,1,0
addr_0001325,2,80,45,19
addr_0001326,3,245,34,40
addr_0001327,3,661,6,46
addr_0001328,2,855,38,10
addr_0001329,2,617,33,11
addr_0001330,3,434,31,39
addr_0001331,3,832,10,23
addr_0001332,3,373,42,2
addr_0001333,1,242,256,281
addr_0001334,3,635,25,11
addr_0001335,2,172,27,23
addr_0001336,2,209,31,37
addr_0001337,1,459,8,36
addr_0001338,1,528,29,33
addr_0001339,2,136,37,34
addr_0001340,3,544,37,43
addr_0001341,2,632,40,9
addr_0001342,3,527,1,28
addr_0001343,3,261,1,28
addr_0001344,2,39,18,11
addr_0001345,1,56,2,41
addr_0001346,3,424,12,44
addr_0001347,2,745,17,10
addr_0001348,1,98,283,225
addr_0001349,2,857,33,28
addr_0001350,2,786,37,0
addr_0001351,2,884,17,46
addr_0001352,1,467,49,9
addr_0001353,3,10,8,33
addr_0001354,2,859,38,30
addr_0001355,2,210,7,28
addr_0001356,3,899,11,6
addr_0001357,2,238,42,41
addr_0001358,2,506,6,5
addr_0001359,2,414,42,45
addr_0001360,3,701,9,0
addr_0001361,2,848,14,48
addr_0001362,2,601,9,35
addr_0001363,2,501,5,7
addr_0001364,3,407,37,11
addr_0001365,3,366,21,41
addr_0001366,2,219,0,19
addr_0001367,3,696,49,17
addr_0001368,2,116,36,2
addr_0001369,3,96,29,48
addr_0001370,3,71,4,43
addr_0001371,2,390,47,34
addr_0001372,2,367,22,5
addr_0001373,3,839,5,43
addr_0001374,3,513,38,35
addr_0001375,2,4,42,35
addr_0001376,2,893,41,0
addr_0001377,2,293,22,16
addr_0001378,3,605,48,24
addr_0001379,2,333,38,31
addr_0001380,3,656,13,10
addr_0001381,2,102,34,18
addr_0001382,2,718,20,9
addr_0001383,3,24,31,42
addr_0001384,3,566,37,44
addr_0001385,2,320,3,31
addr_0001386,2,483,39,21
addr_0001387,3,694,20,29
addr_0001388,3,45,39,5
addr_0001389,2,492,40,8
addr_0001390,2,35,26,13
addr_0001391,2,741,9,40
addr_0001392,3,213,45,28
addr_0001393,2,643,36,38
addr_0001394,2,426,26,31
addr_0001395,2,19,23,43
addr_0001396,2,369,15,36
addr_0001397,2,346,30,27
addr_0001398,3,868,4,0
addr_0001399,3,604,29,21
addr_0001400,3,359,47,1
addr_0001401,2,664,8,2
addr_0001402,2,319,16,0
addr_0001403,1,751,102,181
addr_0001404,2,708,44,2
addr_0001405,2,793,47,32
addr_0001406,2,424,31,11
addr_0001407,1,768,1,0
addr_0001408,3,623,13,5
addr_0001409,2,799,23,37
addr_0001410,3,480,38,28
addr_0001411,2,432,24,44
addr_0001412,3,547,34,34
addr_0001413,3,254,34,23
addr_0001414,3,535,46,41
addr_0001415,3,519,41,27
addr_0001416,3,80,9,47
addr_0001417,2,76,32,22
addr_0001418,2,246,21,23
addr_0001419,2,287,38,25
addr_0001420,2,629,8,21
addr_0001421,2,799,47,10
addr_0001422,3,88,31,8
addr_0001423,3,346,3,40
addr_0001424,2,135,40,38
addr_0001425,3,619,8,26
addr_0001426,3,291,11,22
addr_0001427,2,104,41,32
addr_0001428,3,116,28,21
addr_0001429,3,293,30,49
addr_0001430,2,761,14,15
addr_0001431,2,707,31,4
addr_0001432,2,152,26,20
addr_0001433,2,267,36,24
addr_0001434,3,102,46,19
addr_0001435,2,163,34,48
addr_0001436,2,538,38,36
addr_0001437,2,296,20,23
addr_0001438,2,620,27,41
addr_0001439,2,359,34,42
addr_0001440,3,665,26,2
addr_0001441,2,584,1,25
addr_0001442,2,251,1,7
addr_0001443,2,823,36,16
addr_0001444,2,72,44,0
addr_0001445,3,27,35,39
addr_0001446,2,885,45,27
addr_0001447,2,181,33,12
addr_0001448,2,220,19,11
addr_0001449,3,332,4,49
addr_0001450,3,328,39,18
addr_0001451,2,333,35,44
addr_0001452,3,166,46,1
addr_0001453,2,197,15,19
addr_0001454,2,98,49,21
addr_0001455,2,665,49,31
addr_0001456,2,680,35,19
addr_0001457,2,494,20,6
addr_0001458,2,642,16,40
addr_0001459,2,72,45,35
addr_0001460,3,817,2,6
addr_0001461,3,541,17,42
addr_0001462,1,319,5,10
addr_0001463,2,203,7,41
addr_0001464,3,448,29,32
addr_0001465,1,347,31,10
addr_0001466,1,321,1,25
addr_0001467,2,148,34,4
addr_0001468,3,809,43,33
addr_0001469,2,395,37,21
addr_0001470,2,92,13,20
addr_0001471,3,584,46,14
addr_0001472,2,885,36,3
addr_0001473,2,808,20,5
addr_0001474,3,202,41,27
addr_0001475,3,322,0,48
addr_0001476,1,112,32,30
addr_0001477,2,823,20,15
addr_0001478,2,39,12,0
addr_0001479,1,790,22,44
addr_0001480,2,716,28,4
addr_0001481,3,466,16,14
addr_0001482,2,653,10,14
addr_0001483,2,340,3,8
addr_0001484,1,727,31,15
addr_0001485,3,435,33,48
addr_0001486,2,754,3,7
addr_0001487,3,387,41,13
addr_0001488,2,554,10,43
addr_0001489,2,668,31,8
addr_0001490,3,39,46,21
addr_0001491,3,401,30,18
addr_0001492,2,47,11,42
addr_0001493,3,25,5,30
addr_0001494,3,843,42,25
addr_0001495,3,133,25,15
addr_0001496,2,832,40,45
addr_0001497,3,483,6,8
addr_0001498,2,524,5,22
addr_0001499,2,664,0,36
addr_0001500,1,748,44,26
addr_0001501,2,40,30,17
addr_0001502,2,811,21,12
addr_0001503,2,88,39,19
addr_0001504,1,66,37,47
addr_0001505,2,654,9,41
addr_0001506,2,89,23,45
addr_0001507,2,828,29,25
addr_0001508,2,755,1,2
addr_0001509,2,543,4,20
addr_0001510,2,27,49,8
addr_0001511,2,306,13,47
addr_0001512,2,224,7,32
addr_0001513,2,149,26,30
addr_0001514,2,208,5,46
addr_0001515,2,792,25,16
addr_0001516,2,191,3,6
addr_0001517,2,104,20,5
addr_0001518,2,596,38,17
addr_0001519,3,697,0,25
addr_0001520,2,629,10,4
addr_0001521,3,806,31,18
addr_0001522,2,320,4,25
addr_0001523,2,66,7,18
addr_0001524,2,105,14,4
addr_0001525,3,770,9,31
addr_0001526,3,679,47,17
addr_0001527,2,808,30,28
addr_0001528,2,388,20,46
addr_0001529,2,362,46,43
addr_0001530,2,346,32,44
addr_0001531,3,55,34,14
addr_0001532,3,178,20,47
addr_0001533,3,224,20,37
addr_0001534,2,301,19,1
addr_0001535,2,831,41,11
addr_0001536,3,642,44,6
addr_0001537,3,632,21,3
addr_0001538,2,315,8,5
addr_0001539,3,292,26,9
addr_0001540,3,638,28,32
addr_0001541,3,701,24,48
addr_0001542,2,554,45,39
addr_0001543,2,224,39,41
addr_0001544,3,88,5,48
addr_0001545,3,345,19,42
addr_0001546,2,816,42,28
addr_0001547,3,715,20,39
addr_0001548,3,619,22,35
addr_0001549,1,846,26,42
addr_0001550,2,203,38,5
addr_0001551,3,55,27,29
addr_0001552,2,895,24,23
addr_0001553,3,113,34,42
addr_0001554,3,422,14,30
addr_0001555,2,319,29,22
addr_0001556,2,884,9,30
addr_0001557,2,141,16,0
addr_0001558,1,47,2,10
addr_0001559,1,97,6,43
addr_0001560,2,318,41,15
addr_0001561,2,342,8,3
addr_0001562,3,119,37,34
addr_0001563,3,453,34,9
addr_0001564,3,644,19,22
addr_0001565,3,61,17,29
addr_0001566,3,662,18,46
addr_0001567,2,308,20,26
addr_0001568,2,18,32,33
addr_0001569,3,899,7,7
addr_0001570,2,549,39,13
addr_0001571,2,790,13,22
addr_0001572,2,151,3,8
addr_0001573,2,584,25,27
addr_0001574,3,175,41,32
addr_0001575,2,860,40,5
addr_0001576,2,609,8,41
addr_0001577,2,612,19,2
addr_0001578,1,802,8,16
addr_0001579,3,664,42,35
addr_0001580,3,80,37,46
addr_0001581,2,103,15,48
addr_0001582,3,258,46,34
addr_0001583,3,347,5,48
addr_0001584,1,181,22,49
addr_0001585,3,237,12,22
addr_0001586,2,21,25,22
addr_0001587,3,116,14,9
addr_0001588,2,670,13,28
addr_0001589,1,674,104,213
addr_0001590,2,316,14,29
addr_0001591,2,338,29,25
addr_0001592,3,40,22,34
addr_0001593,2,194,37,35
addr_0001594,2,141,22,19
addr_0001595,2,841,25,24
addr_0001596,2,150,1,32
addr_0001597,3,32,17,31
addr_0001598,2,506,2,8
addr_0001599,2,310,14,2
addr_0001600,3,893,24,44
addr_0001601,3,565,27,9
addr_0001602,2,96,18,28
addr_0001603,2,363,33,30
addr_0001604,3,116,36,14
addr_0001605,2,521,45,33
addr_0001606,1,379,14,22
addr_0001607,3,753,41,17
addr_0001608,3,819,25,48
addr_0001609,2,330,30,23
addr_0001610,2,698,17,19
addr_0001611,3,278,24,37
addr_0001612,3,370,6,47
addr_0001613,2,349,45,25
addr_0001614,2,852,26,36
addr_0001615,3,764,34,3
addr_0001616,3,526,39,13
addr_0001617,2,365,15,10
addr_0001618,2,556,45,39
addr_0001619,2,674,18,26
addr_0001620,2,324,34,44
addr_0001621,2,169,3,12
addr_0001622,2,713,0,15
addr_0001623,2,711,10,49
addr_0001624,1,831,11,31
addr_0001625,1,689,152,292
addr_0001626,3,673,12,33
addr_0001627,3,689,15,11
addr_0001628,2,350,43,19
addr_0001629,3,467,6,31
addr_0001630,3,38,41,37
addr_0001631,2,3,3,5
addr_0001632,2,94,34,25
addr_0001633,3,434,4,37
addr_0001634,3,312,9,23
addr_0001635,2,542,4,1
addr_0001636,3,744,47,6
addr_0001637,2,321,35,6
addr_0001638,3,772,42,24
addr_0001639,3,119,9,20
addr_0001640,2,885,37,12
addr_0001641,3,697,23,4
addr_0001642,2,49,41,29
addr_0001643,2,749,10,12
addr_0001644,2,504,15,16
addr_0001645,2,487,25,25
addr_0001646,3,469,44,37
addr_0001647,2,241,23,27
addr_0001648,3,889,10,36
addr_0001649,2,32,18,18
addr_0001650,3,350,26,31
addr_0001651,2,457,5,3
addr_0001652,3,803,43,19
addr_0001653,2,306,4,41
addr_0001654,3,867,15,1
addr_0001655,2,693,17,23
addr_0001656,2,456,34,18
addr_0001657,2,748,20,34
addr_0001658,2,820,11,21
addr_0001659,2,3,26,6
addr_0001660,2,336,8,33
addr_0001661,3,681,37,43
addr_0001662,2,293,6,22
addr_0001663,2,455,1,32
addr_0001664,3,58,3,32
addr_0001665,2,239,48,6
addr_0001666,2,195,37,29
addr_0001667,3,517,48,12
addr_0001668,2,842,35,13
addr_0001669,2,220,32,32
addr_0001670,2,179,13,38
addr_0001671,2,268,12,20
addr_0001672,2,721,20,36
addr_0001673,2,285,23,5
addr_0001674,3,577,43,8
addr_0001675,3,527,24,32
addr_0001676,3,505,0,25
addr_0001677,1,880,19,19
addr_0001678,3,755,17,2
addr_0001679,2,449,27,31
addr_0001680,2,385,46,19
addr_0001681,3,128,23,33
addr_0001682,3,402,34,4
addr_0001683,2,528,36,22
addr_0001684,3,357,24,10
addr_0001685,2,382,7,11
addr_0001686,3,460,34,19
addr_0001687,2,319,17,45
addr_0001688,3,598,26,46
addr_0001689,3,477,46,47
addr_0001690,2,112,3,26
addr_0001691,1,139,264,227
addr_0001692,2,558,9,12
addr_0001693,3,281,15,32
addr_0001694,3,130,17,10
addr_0001695,2,757,33,33
addr_0001696,2,786,5,21
addr_0001697,2,164,31,22
addr_0001698,3,457,10,34
addr_0001699,1,230,247,143
addr_0001700,3,81,43,22
addr_0001701,2,603,30,44
addr_0001702,2,308,21,45
addr_0001703,2,409,36,16
addr_0001704,2,423,12,39
addr_0001705,2,366,4,14
addr_0001706,2,113,16,35
addr_0001707,2,25,30,46
addr_0001708,2,698,31,1
addr_0001709,2,3,40,13
addr_0001710,2,200,1,34
addr_0001711,2,135,10,19
addr_0001712,2,429,31,14
addr_0001713,3,576,24,49
addr_0001714,2,689,0,8
addr_0001715,3,161,10,19
addr_0001716,2,308,2,7
addr_0001717,3,826,40,46
addr_0001718,2,865,3,41
addr_0001719,2,675,8,24
addr_0001720,3,883,3,30
addr_0001721,2,729,34,4
addr_0001722,3,453,10,36
addr_0001723,2,470,22,6
addr_0001724,3,343,4,23
addr_0001725,3,244,5,40
addr_0001726,2,272,29,44
addr_0001727,3,97,9,44
addr_0001728,2,592,35,47
addr_0001729,3,345,47,18
addr_0001730,2,285,9,36
addr_0001731,2,692,16,20
addr_0001732,3,562,49,47
addr_0001733,3,549,7,49
addr_0001734,2,133,47,47
addr_0001735,2,418,18,31
addr_0001736,2,134,20,7
addr_0001737,3,366,35,40
addr_0001738,2,138,48,28
addr_0001739,3,106,33,2
addr_0001740,2,462,13,35
addr_0001741,3,832,4,16
addr_0001742,2,393,24,15
addr_0001743,1,546,22,37
addr_0001744,2,371,49,28
addr_0001745,3,593,20,0
addr_0001746,1,219,34,11
addr_0001747,2,809,12,3
addr_0001748,3,781,46,38
addr_0001749,2,130,21,12
addr_0001750,3,564,25,10
addr_0001751,2,153,15,47
addr_0001752,2,126,12,29
addr_0001753,3,67,17,32
addr_0001754,2,763,17,43
addr_0001755,3,854,37,14
addr_0001756,3,50,49,45
addr_0001757,2,133,7,39
addr_0001758,2,858,3,15
addr_0001759,3,552,8,41
addr_0001760,2,578,34,15
addr_0001761,2,864,33,23
addr_0001762,2,245,48,7
addr_0001763,1,574,48,33
addr_0001764,2,254,44,21
addr_0001765,2,506,25,4
addr_0001766,2,818,42,43
addr_0001767,2,549,33,17
addr_0001768,2,170,5,1
addr_0001769,2,515,35,20
addr_0001770,2,19,47,24
addr_0001771,3,723,0,23
addr_0001772,3,334,1,44
addr_0001773,3,872,40,16
addr_0001774,3,583,15,20
addr_0001775,1,594,1,23
addr_0001776,1,813,170,189
addr_0001777,2,232,13,4
addr_0001778,3,492,38,46
addr_0001779,2,69,37,40
addr_0001780,3,796,48,42
addr_0001781,2,436,13,20
addr_0001782,3,779,11,38
addr_0001783,1,773,47,27
addr_0001784,1,406,35,27
addr_0001785,2,673,1,27
addr_0001786,3,688,38,13
addr_0001787,3,228,24,9
addr_0001788,3,433,41,34
addr_0001789,2,194,23,29
addr_0001790,2,112,39,20
addr_0001791,1,315,19,49
addr_0001792,2,130,25,43
addr_0001793,2,442,3,2
addr_0001794,2,838,0,23
addr_0001795,2,101,11,37
addr_0001796,3,512,28,47
addr_0001797,3,256,32,14
addr_0001798,3,610,41,44
addr_0001799,1,244,17,42
addr_0001800,2,386,21,40
addr_0001801,2,448,38,24
addr_0001802,2,389,15,22
addr_0001803,2,164,27,43
addr_0001804,2,858,17,28
addr_0001805,2,163,38,23
addr_0001806,2,769,32,12
addr_0001807,2,795,43,15
addr_0001808,3,682,20,1
addr_0001809,2,374,49,34
addr_0001810,2,513,22,29
addr_0001811,2,55,23,8
addr_0001812,3,420,36,27
addr_0001813,3,456,3,1
addr_0001814,2,833,29,29
addr_0001815,2,324,29,24
addr_0001816,3,33,29,39
addr_0001817,3,843,23,3
addr_0001818,2,104,34,1
addr_0001819,2,2,13,1
addr_0001820,2,639,44,31
addr_0001821,3,116,12,42
addr_0001822,2,31,23,4
addr_0001823,2,97,49,1
addr_0001824,3,526,6,30
addr_0001825,2,692,4,36
addr_0001826,2,154,42,8
addr_0001827,2,683,2,6
addr_0001828,2,221,22,46
addr_0001829,1,582,317,282
addr_0001830,2,135,39,45
addr_0001831,2,491,14,23
addr_0001832,2,585,38,49
addr_0001833,2,78,12,22
addr_0001834,2,442,16,16
addr_0001835,2,526,41,11
addr_0001836,2,77,21,18
addr_0001837,2,698,13,46
addr_0001838,2,131,49,48
addr_0001839,3,59,18,4
addr_0001840,2,486,27,9
addr_0001841,3,229,30,27
addr_0001842,2,262,18,30
addr_0001843,3,685,11,32
addr_0001844,3,402,49,8
addr_0001845,3,596,20,26
addr_0001846,3,301,39,5
addr_0001847,2,673,1,22
addr_0001848,3,838,1,19
addr_0001849,3,96,36,49
addr_0001850,2,508,15,35
addr_0001851,2,703,27,5
addr_0001852,1,108,35,19
addr_0001853,3,644,13,24
addr_0001854,2,890,27,17
addr_0001855,2,784,12,38
addr_0001856,1,313,38,32
addr_0001857,3,707,5,22
addr_0001858,3,64,35,3
addr_0001859,2,616,14,16
addr_0001860,2,722,31,46
addr_0001861,2,392,40,0
addr_0001862,2,235,44,44
addr_0001863,2,535,32,7
addr_0001864,1,776,33,2
addr_0001865,2,214,45,9
addr_0001866,2,878,34,17
addr_0001867,2,492,47,5
addr_0001868,2,622,10,33
addr_0001869,3,257,41,36
addr_0001870,3,682,15,6
addr_0001871,3,851,0,10
addr_0001872,2,715,14,2
addr_0001873,3,213,45,20
addr_0001874,3,698,30,45
addr_0001875,2,360,0,33
addr_0001876,2,806,8,43
addr_0001877,2,58,35,24
addr_0001878,2,83,8,2
addr_0001879,3,65,36,2
addr_0001880,2,437,33,37
addr_0001881,2,238,11,7
addr_0001882,2,301,2,18
addr_0001883,2,36,46,15
addr_0001884,2,374,10,38
addr_0001885,2,636,38,26
addr_0001886,2,137,6,12
addr_0001887,2,241,25,14
addr_0001888,2,564,38,15
addr_0001889,2,883,19,27
addr_0001890,2,546,10,23
addr_0001891,2,642,16,42
addr_0001892,2,40,28,34
addr_0001893,2,516,41,8
addr_0001894,3,338,10,15
addr_0001895,2,395,9,36
addr_0001896,1,282,29,24
addr_0001897,3,166,30,35
addr_0001898,2,207,19,2
addr_0001899,2,374,15,9
addr_0001900,2,158,23,47
addr_0001901,1,252,252,146
addr_0001902,3,673,20,14
addr_0001903,1,548,22,6
addr_0001904,2,280,22,12
addr_0001905,1,563,43,21
addr_0001906,3,301,14,39
addr_0001907,3,705,47,25
addr_0001908,3,42,48,38
addr_0001909,3,801,10,38
addr_0001910,3,54,24,16
addr_0001911,3,187,49,27
addr_0001912,2,474,17,45
addr_0001913,1,106,13,32
addr_0001914,2,110,5,7
addr_0001915,3,102,27,21
addr_0001916,2,357,8,18
addr_0001917,2,301,14,27
addr_0001918,2,620,14,3
addr_0001919,2,455,45,12
addr_0001920,2,284,37,34
addr_0001921,3,700,19,42
addr_0001922,2,815,4,45
addr_0001923,2,311,35,26
addr_0001924,1,511,158,230
addr_0001925,2,222,3,36
addr_0001926,2,31,47,42
addr_0001927,2,763,46,39
addr_0001928,2,477,29,31
addr_0001929,2,180,13,39
addr_0001930,3,364,38,0
addr_0001931,2,845,7,0
addr_0001932,2,237,20,25
addr_0001933,3,458,7,46
addr_0001934,3,57,34,17
addr_0001935,3,143,22,18
addr_0001936,2,865,49,47
addr_0001937,2,193,1,20
addr_0001938,2,244,36,38
addr_0001939,2,144,35,9
addr_0001940,2,701,1,44
addr_0001941,2,355,40,15
addr_0001942,1,284,37,33
addr_0001943,2,52,20,27
addr_0001944,2,535,2,15
addr_0001945,2,291,26,31
addr_0001946,3,818,40,46
addr_0001947,1,113,298,193
addr_0001948,2,605,26,43
addr_0001949,3,856,46,38
addr_0001950,2,334,0,16
addr_0001951,3,456,10,20
addr_0001952,3,403,30,46
addr_0001953,3,292,30,31
addr_0001954,2,779,18,17
addr_0001955,2,787,37,29
addr_0001956,2,412,34,34
addr_0001957,2,425,28,21
addr_0001958,3,420,19,32
addr_0001959,3,840,30,38
addr_0001960,2,52,32,11
addr_0001961,2,626,46,2
addr_0001962,2,800,7,49
addr_0001963,2,644,46,46
addr_0001964,3,123,0,37
addr_0001965,2,307,43,18
addr_0001966,3,476,45,44
addr_0001967,3,253,6,23
addr_0001968,2,481,37,18
addr_0001969,2,50,47,37
addr_0001970,2,66,6,47
addr_0001971,3,549,15,43
addr_0001972,2,264,21,21
addr_0001973,3,152,12,13
addr_0001974,3,445,1,16
addr_0001975,2,259,47,25
addr_0001976,3,567,49,16
addr_0001977,2,604,48,22
addr_0001978,3,434,42,28
addr_0001979,3,186,3,2
addr_0001980,3,295,23,37
addr_0001981,2,562,45,42
addr_0001982,2,353,0,42
addr_0001983,3,8,6,10
addr_0001984,2,705,38,28
addr_0001985,2,552,19,4
addr_0001986,3,891,8,12
addr_0001987,2,130,3,39
addr_0001988,2,127,31,1
addr_0001989,2,869,5,24
addr_0001990,3,826,28,44
addr_0001991,3,156,32,39
addr_0001992,2,478,26,3
addr_0001993,2,219,18,26
addr_0001994,2,831,19,14
addr_0001995,3,675,40,1
addr_0001996,2,672,38,5
addr_0001997,3,601,12,16
addr_0001998,1,700,32,21
addr_0001999,3,855,35,42
addr_0002000,3,120,5,47
addr_0002001,2,887,19,48
addr_0002002,2,834,29,43
addr_0002003,1,347,22,7
addr_0002004,1,298,21,23
addr_0002005,2,220,30,14
addr_0002006,2,771,18,38
addr_0002007,2,670,1,10
addr_0002008,3,647,17,11
addr_0002009,2,426,17,18
addr_0002010,1,423,186,161
addr_0002011,3,626,13,48
addr_0002012,3,321,13,5
addr_0002013,3,24,39,0
addr_0002014,3,331,19,33
addr_0002015,3,397,45,10
addr_0002016,2,184,13,2
addr_0002017,3,243,35,27
addr_0002018,2,392,39,20
addr_0002019,2,660,10,42
addr_0002020,3,391,4,13
addr_0002021,3,169,38,39
addr_0002022,2,250,32,32
addr_0002023,3,763,10,1
addr_0002024,3,570,29,49
addr_0002025,2,341,27,18
addr_0002026,3,36,46,17
addr_0002027,2,133,36,10
addr_0002028,3,308,31,45
addr_0002029,1,727,6,44
addr_0002030,2,607,47,30
addr_0002031,2,824,46,35
addr_0002032,3,507,32,43
addr_0002033,2,200,16,22
addr_0002034,2,872,47,18
addr_0002035,3,897,20,17
addr_0002036,2,214,2,25
addr_0002037,2,161,23,33
addr_0002038,2,717,36,3
addr_0002039,3,424,7,13
addr_0002040,3,309,22,11
addr_0002041,2,625,1,2
addr_0002042,2,351,16,5
addr_0002043,2,567,19,19
addr_0002044,2,610,38,27
addr_0002045,2,61,2,33
addr_0002046,2,159,3,11
addr_0002047,2,214,7,32
addr_0002048,3,223,31,41
addr_0002049,2,105,41,31
addr_0002050,3,624,48,26
addr_0002051,2,625,7,14
addr_0002052,2,453,6,19
addr_0002053,3,238,9,19
addr_0002054,2,568,32,2
addr_0002055,3,751,35,47
addr_0002056,1,402,285,121
addr_0002057,2,174,27,15
addr_0002058,2,5,19,22
addr_0002059,2,633,39,11
addr_0002060,3,19,35,5
addr_0002061,1,423,37,20
addr_0002062,2,841,21,43
addr_0002063,2,311,16,6
addr_0002064,2,133,17,4
addr_0002065,3,521,22,32
addr_0002066,2,31,42,7
addr_0002067,3,478,25,18
addr_0002068,3,587,13,21
addr_0002069,2,722,27,18
addr_0002070,3,823,42,43
addr_0002071,1,659,163,136
addr_0002072,3,563,25,8
addr_0002073,2,223,26,6
addr_0002074,3,349,12,32
addr_0002075,3,680,35,20
addr_0002076,3,583,19,9
addr_0002077,2,151,14,9
addr_0002078,3,514,1,20
addr_0002079,2,841,20,10
addr_0002080,2,239,11,29
addr_0002081,1,553,35,10
addr_0002082,1,790,39,14
addr_0002083,2,457,23,32
addr_0002084,3,499,14,9
addr_0002085,2,247,40,2
addr_0002086,2,756,25,44
addr_0002087,3,548,15,44
addr_0002088,2,597,33,30
addr_0002089,3,732,10,22
addr_0002090,2,618,38,20
addr_0002091,2,854,16,6
addr_0002092,3,11,0,14
addr_0002093,2,751,35,4
addr_0002094,2,717,46,49
addr_0002095,3,836,27,27
addr_0002096,3,587,18,22
addr_0002097,3,693,9,22
addr_0002098,2,602,19,27
addr_0002099,2,737,30,33
addr_0002100,3,674,44,49
addr_0002101,1,407,23,31
addr_0002102,2,876,47,48
addr_0002103,1,806,45,40
addr_0002104,3,592,16,37
addr_0002105,1,879,286,94
addr_0002106,2,798,16,12
addr_0002107,3,819,22,44
addr_0002108,3,340,9,27
addr_0002109,3,26,16,33
addr_0002110,2,231,38,19
addr_0002111,3,258,1,16
addr_0002112,3,499,4,32
addr_0002113,2,62,7,24
addr_0002114,3,152,44,27
addr_0002115,3,539,36,15
addr_0002116,3,445,27,2
addr_0002117,3,67,37,11
addr_0002118,2,4,32,3
addr_0002119,2,211,28,40
addr_0002120,3,733,42,16
addr_0002121,2,449,1,42
addr_0002122,2,623,21,18
addr_0002123,2,492,14,45
addr_0002124,2,32,3,2
addr_0002125,3,196,47,1
addr_0002126,2,382,39,1
addr_0002127,3,467,17,43
addr_0002128,2,850,5,42
addr_0002129,2,414,36,30
addr_0002130,1,728,49,8
addr_0002131,3,514,14,42
addr_0002132,3,230,18,35
addr_0002133,2,236,9,49
addr_0002134,2,503,23,38
addr_0002135,3,569,13,42
addr_0002136,3,725,35,25
addr_0002137,3,72,2,24
addr_0002138,3,301,26,0
addr_0002139,2,308,43,38
addr_0002140,2,897,20,19
addr_0002141,3,223,33,47
addr_0002142,3,771,11,33
addr_0002143,3,663,48,39
addr_0002144,3,362,46,39
addr_0002145,3,690,33,41
addr_0002146,2,603,15,41
addr_0002147,2,403,38,38
addr_0002148,2,808,38,3
addr_0002149,2,425,27,15
addr_0002150,2,508,32,21
addr_0002151,2,674,37,16
addr_0002152,3,834,2,28
addr_0002153,3,808,11,25
addr_0002154,2,879,2,44
addr_0002155,3,369,25,17
addr_0002156,2,377,22,38
addr_0002157,3,369,43,29
addr_0002158,3,609,32,36
addr_0002159,1,11,44,24
addr_0002160,2,237,39,11
addr_0002161,2,358,4,20
addr_0002162,3,252,29,24
addr_0002163,3,94,29,7
addr_0002164,2,489,9,37
addr_0002165,3,33,13,3
addr_0002166,2,665,22,30
addr_0002167,2,784,46,23
addr_0002168,2,620,5,21
addr_0002169,2,883,0,33
addr_0002170,2,365,10,29
addr_0002171,3,598,3,28
addr_0002172,3,113,22,14
addr_0002173,2,691,17,36
addr_0002174,2,879,19,21
addr_0002175,3,164,17,15
addr_0002176,2,139,46,22
addr_0002177,3,864,13,38
addr_0002178,2,311,0,39
addr_0002179,3,614,48,46
addr_0002180,2,565,4,14
addr_0002181,3,23,23,38
addr_0002182,2,52,47,24
addr_0002183,2,275,28,21
addr_0002184,2,368,16,48
addr_0002185,3,745,46,25
addr_0002186,2,514,14,11
addr_0002187,3,839,42,15
addr_0002188,2,316,49,10
addr_0002189,2,237,49,48
addr_0002190,3,761,13,30
addr_0002191,3,209,49,43
addr_0002192,2,210,11,29
addr_0002193,2,80,38,41
addr_0002194,2,880,8,29
addr_0002195,1,127,160,215
addr_0002196,2,235,30,30
addr_0002197,3,718,21,3
addr_0002198,2,590,30,25
addr_0002199,3,358,40,20
addr_0002200,3,385,17,38
addr_0002201,3,716,7,5
addr_0002202,1,843,23,31
addr_0002203,2,745,41,47
addr_0002204,2,565,35,4
addr_0002205,3,706,22,47
addr_0002206,1,512,24,42
addr_0002207,2,626,35,41
addr_0002208,2,795,40,33
addr_0002209,3,701,45,49
addr_0002210,2,522,16,20
addr_0002211,2,62,48,1
addr_0002212,2,526,0,30
addr_0002213,3,398,42,14
addr_0002214,2,264,7,30
addr_0002215,1,548,150,157
addr_0002216,2,48,30,6
addr_0002217,1,369,47,17
addr_0002218,1,795,272,289
addr_0002219,2,321,4,48
addr_0002220,3,26,46,35
addr_0002221,2,323,39,36
addr_0002222,2,829,9,41
addr_0002223,1,673,5,11
addr_0002224,2,721,7,27
addr_0002225,2,44,23,8
addr_0002226,3,246,30,10
addr_0002227,3,256,43,12
addr_0002228,3,81,39,44
addr_0002229,3,603,46,46
addr_0002230,2,873,26,14
addr_0002231,2,462,26,10
addr_0002232,2,876,17,18
addr_0002233,2,298,18,4
addr_0002234,2,257,20,49
addr_0002235,3,730,38,14
addr_0002236,3,773,23,10
addr_0002237,2,638,26,41
addr_0002238,3,523,47,18
addr_0002239,2,815,37,8
addr_0002240,2,335,11,14
addr_0002241,2,380,42,22
addr_0002242,2,415,5,45
addr_0002243,3,657,24,35
addr_0002244,2,294,27,28
addr_0002245,2,144,14,29
addr_0002246,2,106,30,4
addr_0002247,3,328,34,28
addr_0002248,2,548,40,12
addr_0002249,3,551,17,3
addr_0002250,3,835,40,24
addr_0002251,3,168,31,36
addr_0002252,3,485,17,43
addr_0002253,3,144,48,29
addr_0002254,3,615,35,40
addr_0002255,3,798,40,1
addr_0002256,3,335,30,10
addr_0002257,2,602,32,11
addr_0002258,2,470,48,25
addr_0002259,3,474,45,13
addr_0002260,3,410,15,25
addr_0002261,2,769,46,34
addr_0002262,2,273,49,46
addr_0002263,2,175,40,6
addr_0002264,2,624,17,36
addr_0002265,3,164,0,8
addr_0002266,2,101,22,44
addr_0002267,2,110,49,38
addr_0002268,3,35,4,45
addr_0002269,2,160,37,3
addr_0002270,3,884,21,7
addr_0002271,2,593,41,19
addr_0002272,3,828,0,48
addr_0002273,3,773,39,20
addr_0002274,3,13,22,1
addr_0002275,2,512,12,34
addr_0002276,2,226,5,28
addr_0002277,2,329,39,7
addr_0002278,2,337,18,48
addr_0002279,2,817,4,6
addr_0002280,2,833,20,38
addr_0002281,3,227,18,40
addr_0002282,3,356,43,9
addr_0002283,2,75,41,48
addr_0002284,2,649,44,1
addr_0002285,2,606,18,8
addr_0002286,2,899,0,43
addr_0002287,3,190,46,21
addr_0002288,1,742,20,35
addr_0002289,3,248,24,35
addr_0002290,2,709,23,37
addr_0002291,2,642,48,47
addr_0002292,2,592,43,39
addr_0002293,2,722,41,16
addr_0002294,3,602,32,5
addr_0002295,3,765,27,44
addr_0002296,3,303,24,14
addr_0002297,2,486,37,49
addr_0002298,2,34,19,17
addr_0002299,2,475,43,12
addr_0002300,2,150,29,13
addr_0002301,3,482,6,6
addr_0002302,1,45,23,48
addr_0002303,2,739,6,31
addr_0002304,3,279,22,13
addr_0002305,3,657,14,11
addr_0002306,2,405,21,38
addr_0002307,2,308,33,15
addr_0002308,3,553,41,33
addr_0002309,1,594,211,226
addr_0002310,3,3,6,4
addr_0002311,2,730,8,34
addr_0002312,2,869,18,8
addr_0002313,2,669,37,20
addr_0002314,2,710,45,31
addr_0002315,3,333,15,44
addr_0002316,2,309,47,27
addr_0002317,2,14,6,3
addr_0002318,3,875,37,32
addr_0002319,2,777,17,38
addr_0002320,3,555,7,39
addr_0002321,2,230,3,18
addr_0002322,2,825,0,12
addr_0002323,2,517,1,1
addr_0002324,2,230,47,33
addr_0002325,3,211,6,39
addr_0002326,2,495,29,22
addr_0002327,3,883,31,20
addr_0002328,3,305,40,23
addr_0002329,3,441,0,1
addr_0002330,3,778,35,42
addr_0002331,3,800,3,7
addr_0002332,2,362,46,10
addr_0002333,3,491,32,8
addr_0002334,2,510,49,7
addr_0002335,2,389,45,4
addr_0002336,3,144,13,34
addr_0002337,2,439,10,41
addr_0002338,3,678,45,35
addr_0002339,2,378,15,29
addr_0002340,3,3,13,34
addr_0002341,2,429,8,27
addr_0002342,3,899,35,0
addr_0002343,2,525,7,6
addr_0002344,2,311,28,8
addr_0002345,3,863,29,11
addr_0002346,2,6,13,12
addr_0002347,1,708,186,300
addr_0002348,3,162,0,3
addr_0002349,2,711,41,30
addr_0002350,1,476,271,172
addr_0002351,2,756,39,35
addr_0002352,3,853,32,11
addr_0002353,1,148,20,34
addr_0002354,3,415,26,4
addr_0002355,2,251,3,48
addr_0002356,2,415,36,27
addr_0002357,2,714,44,7
addr_0002358,1,373,26,12
addr_0002359,3,337,41,17
addr_0002360,2,189,20,35
addr_0002361,2,647,35,35
addr_0002362,2,128,43,11
addr_0002363,3,701,43,17
addr_0002364,3,548,41,42
addr_0002365,1,420,318,223
addr_0002366,2,629,21,23
addr_0002367,3,489,0,5
addr_0002368,2,693,37,0
addr_0002369,2,844,12,11
addr_0002370,1,646,30,39
addr_0002371,2,687,19,10
addr_0002372,3,24,34,0
addr_0002373,2,775,24,32
addr_0002374,3,433,19,45
addr_0002375,2,194,15,4
addr_0002376,2,771,38,0
addr_0002377,3,36,17,4
addr_0002378,2,77,26,37
addr_0002379,3,376,21,21
addr_0002380,1,578,47,20
addr_0002381,3,373,36,28
addr_0002382,1,507,165,175
addr_0002383,3,524,3,40
addr_0002384,3,709,0,32
addr_0002385,1,212,3,38
addr_0002386,2,394,46,8
addr_0002387,2,799,32,9
addr_0002388,2,657,37,15
addr_0002389,2,539,18,16
addr_0002390,2,1,43,15
addr_0002391,2,276,19,29
addr_0002392,2,354,7,6
addr_0002393,3,420,28,6
addr_0002394,3,157,29,3
addr_0002395,2,52,37,34
addr_0002396,1,113,43,34
addr_0002397,2,206,25,4
addr_0002398,2,576,33,18
addr_0002399,2,514,43,9
addr_0002400,2,712,49,2
addr_0002401,3,11,45,40
addr_0002402,3,803,44,48
addr_0002403,2,606,46,2
addr_0002404,3,104,49,31
addr_0002405,3,224,21,32
addr_0002406,3,790,38,6
addr_0002407,3,749,30,7
addr_0002408,3,373,1,47
addr_0002409,2,662,34,49
addr_0002410,2,315,11,11
addr_0002411,3,808,3,7
addr_0002412,3,82,29,43
addr_0002413,2,227,20,35
addr_0002414,3,123,19,2
addr_0002415,2,451,19,7
addr_0002416,1,665,181,130
addr_0002417,3,731,1,32
addr_0002418,3,348,44,12
addr_0002419,3,563,46,35
addr_0002420,3,79,1,12
addr_0002421,2,119,29,38
addr_0002422,3,145,5,13
addr_0002423,3,154,0,48
addr_0002424,2,317,11,12
addr_0002425,1,867,215,169
addr_0002426,2,105,3,1
addr_0002427,2,503,32,16
addr_0002428,2,725,11,9
addr_0002429,2,392,31,45
addr_0002430,2,762,9,48
addr_0002431,2,866,47,40
addr_0002432,2,776,35,38
addr_0002433,3,767,2,3
addr_0002434,2,621,11,11
addr_0002435,3,328,15,31
addr_0002436,2,169,29,1
addr_0002437,3,435,13,47
addr_0002438,3,550,39,3
addr_0002439,3,291,24,25
addr_0002440,3,727,14,20
addr_0002441,2,266,44,43
addr_0002442,3,735,49,43
addr_0002443,3,116,3,19
addr_0002444,3,333,11,44
addr_0002445,2,456,19,7
addr_0002446,2,828,19,13
addr_0002447,2,114,21,3
addr_0002448,1,513,34,27
addr_0002449,2,525,42,13
addr_0002450,2,243,8,8
addr_0002451,3,847,42,12
addr_0002452,3,25,16,44
addr_0002453,3,271,7,31
addr_0002454,3,544,32,43
addr_0002455,2,803,4,0
addr_0002456,2,816,39,19
addr_0002457,2,754,40,39
addr_0002458,3,57,43,16
addr_0002459,2,46,7,47
addr_0002460,2,523,13,39
addr_0002461,2,6,37,48
addr_0002462,2,371,4,41
addr_0002463,2,430,11,40
addr_0002464,3,446,40,43
addr_0002465,3,287,48,43
addr_0002466,2,459,30,5
addr_0002467,2,496,5,21
addr_0002468,2,355,37,33
addr_0002469,1,334,39,36
addr_0002470,3,454,1,15
addr_0002471,3,361,22,48
addr_0002472,3,305,38,13
addr_0002473,2,490,14,22
addr_0002474,3,449,47,10
addr_0002475,3,292,44,17
addr_0002476,3,404,47,40
addr_0002477,2,37,23,49
addr_0002478,3,352,9,22
addr_0002479,3,598,46,14
addr_0002480,2,586,49,14
addr_0002481,3,453,6,20
addr_0002482,2,302,18,11
addr_0002483,3,475,16,44
addr_0002484,2,695,37,3
addr_0002485,2,879,21,46
addr_0002486,2,237,35,17
addr_0002487,3,538,28,22
addr_0002488,2,888,14,23
addr_0002489,2,205,20,21
addr_0002490,2,852,35,44
addr_0002491,3,108,33,34
addr_0002492,3,275,37,0
addr_0002493,2,874,28,49
addr_0002494,3,46,49,22
addr_0002495,2,369,24,36
addr_0002496,2,96,9,23
addr_0002497,2,770,42,1
addr_0002498,2,732,46,0
addr_0002499,3,776,8,26
addr_0002500,2,161,38,7
addr_0002501,2,456,17,8
addr_0002502,3,754,1,1
addr_0002503,2,254,27,22
addr_0002504,3,672,32,47
addr_0002505,3,621,14,4
addr_0002506,2,125,29,25
addr_0002507,3,60,45,43
addr_0002508,2,437,9,44
addr_0002509,3,850,30,0
addr_0002510,2,614,48,25
addr_0002511,3,754,22,11
addr_0002512,2,394,42,22
addr_0002513,3,699,18,2
addr_0002514,3,320,18,15
addr_0002515,2,556,7,48
addr_0002516,2,862,42,28
addr_0002517,2,7,24,41
addr_0002518,3,388,23,35
addr_0002519,3,222,26,48
addr_0002520,2,36,17,11
addr_0002521,1,520,46,24
addr_0002522,2,612,2,48
addr_0002523,3,74,46,11
addr_0002524,2,31,33,6
addr_0002525,3,15,31,14
addr_0002526,2,539,31,45
addr_0002527,2,820,22,29
addr_0002528,2,767,44,45
addr_0002529,2,558,22,0
addr_0002530,2,448,18,47
addr_0002531,1,883,254,223
addr_0002532,3,474,24,43
addr_0002533,3,251,35,27
addr_0002534,2,604,21,37
addr_0002535,3,766,38,33
addr_0002536,3,743,29,35
addr_0002537,2,874,2,39
addr_0002538,3,508,27,43
addr_0002539,2,719,6,24
addr_0002540,2,400,22,41
addr_0002541,3,458,16,35
addr_0002542,3,271,18,8
addr_0002543,3,897,8,27
addr_0002544,3,338,17,31
addr_0002545,2,628,44,10
addr_0002546,3,817,12,7
addr_0002547,2,656,38,35
addr_0002548,2,745,17,16
addr_0002549,3,36,36,28
addr_0002550,3,66,34,28
addr_0002551,3,322,20,34
addr_0002552,2,612,28,40
addr_0002553,3,392,3,40
addr_0002554,3,733,4,49
addr_0002555,2,251,8,4
addr_0002556,2,171,48,28
addr_0002557,1,182,173,271
addr_0002558,2,624,33,4
addr_0002559,3,638,10,45
addr_0002560,2,173,27,48
addr_0002561,2,591,41,4
addr_0002562,3,309,3,10
addr_0002563,3,447,2,15
addr_0002564,2,708,44,2
addr_0002565,3,269,32,42
addr_0002566,2,9,35,47
addr_0002567,3,110,3,38
addr_0002568,2,263,39,2
addr_0002569,2,376,18,37
addr_0002570,2,128,11,0
addr_0002571,2,56,1,12
addr_0002572,3,508,7,22
addr_0002573,3,406,11,35
addr_0002574,3,728,40,27
addr_0002575,2,113,30,43
addr_0002576,2,580,12,11
addr_0002577,2,541,14,9
addr_0002578,3,564,12,16
addr_0002579,3,857,2,49
addr_0002580,2,245,28,49
addr_0002581,3,436,33,46
addr_0002582,3,843,31,14
addr_0002583,3,819,45,49
addr_0002584,3,693,30,34
addr_0002585,2,522,34,17
addr_0002586,3,850,42,30
addr_0002587,3,291,7,12
addr_0002588,3,761,41,5
addr_0002589,3,682,6,19
addr_0002590,3,842,49,15
addr_0002591,3,28,37,39
addr_0002592,2,834,31,20
addr_0002593,2,354,16,13
addr_0002594,2,481,24,31
addr_0002595,2,450,28,34
addr_0002596,3,516,11,44
addr_0002597,3,365,1,48
addr_0002598,2,82,29,30
addr_0002599,2,582,25,28
addr_0002600,2,83,22,22
addr_0002601,3,30,13,1
addr_0002602,2,549,1,40
addr_0002603,2,675,24,12
addr_0002604,2,537,5,0
addr_0002605,3,478,18,49
addr_0002606,2,294,20,39
addr_0002607,2,378,13,36
addr_0002608,1,642,38,29
addr_0002609,2,682,45,2
addr_0002610,3,511,23,40
addr_0002611,2,706,31,33
addr_0002612,3,342,5,41
addr_0002613,2,108,15,29
addr_0002614,2,535,43,0
addr_0002615,2,242,6,18
addr_0002616,3,323,42,44
addr_0002617,3,192,26,31
addr_0002618,3,783,38,42
addr_0002619,3,631,36,47
addr_0002620,1,289,37,35
addr_0002621,2,600,16,22
addr_0002622,2,732,46,16
addr_0002623,3,656,17,37
addr_0002624,2,280,30,4
addr_0002625,3,105,15,4
addr_0002626,2,15,19,18
addr_0002627,3,70,7,26
addr_0002628,2,457,45,12
addr_0002629,1,145,7,38
addr_0002630,2,534,16,27
addr_0002631,2,627,15,23
addr_0002632,2,242,19,24
addr_0002633,2,68,15,25
addr_0002634,2,33,37,29
addr_0002635,3,657,12,19
addr_0002636,3,460,34,7
addr_0002637,3,892,6,28
addr_0002638,3,517,4,21
addr_0002639,3,232,8,22
addr_0002640,2,90,17,12
addr_0002641,2,408,6,21
addr_0002642,2,347,39,18
addr_0002643,3,284,38,9
addr_0002644,2,467,27,14
addr_0002645,2,510,44,31
addr_0002646,3,514,11,18
addr_0002647,1,553,256,306
addr_0002648,3,602,35,20
addr_0002649,2,589,36,3
addr_0002650,2,108,2,39
addr_0002651,2,83,48,32
addr_0002652,3,613,29,20
addr_0002653,2,329,15,19
addr_0002654,2,510,20,7
addr_0002655,2,146,18,14
addr_0002656,3,188,38,48
addr_0002657,2,528,13,20
addr_0002658,2,293,44,35
addr_0002659,3,350,37,14
addr_0002660,3,1,22,23
addr_0002661,3,881,0,0
addr_0002662,3,746,1,44
addr_0002663,2,270,31,46
addr_0002664,2,716,19,8
addr_0002665,2,527,22,29
addr_0002666,2,598,24,21
addr_0002667,3,593,38,6
addr_0002668,1,155,126,270
addr_0002669,3,897,25,17
addr_0002670,2,658,43,34
addr_0002671,3,201,33,27
addr_0002672,3,23,24,2
addr_0002673,3,414,23,1
addr_0002674,2,739,15,27
addr_0002675,3,48,23,28
addr_0002676,2,255,19,0
addr_0002677,2,771,28,26
addr_0002678,2,264,6,0
addr_0002679,2,836,43,28
addr_0002680,2,705,20,48
addr_0002681,2,493,31,3
addr_0002682,1,583,5,45
addr_0002683,2,849,23,12
addr_0002684,3,275,19,25
addr_0002685,3,22,37,40
addr_0002686,3,365,34,25
addr_0002687,2,339,49,41
addr_0002688,2,12,5,41
addr_0002689,3,180,13,19
addr_0002690,3,728,21,12
addr_0002691,3,441,6,46
addr_0002692,2,110,37,46
addr_0002693,2,257,14,25
addr_0002694,2,35,7,41
addr_0002695,3,164,23,14
addr_0002696,2,722,43,39
addr_0002697,2,229,43,39
addr_0002698,3,325,42,38
addr_0002699,2,454,35,11
addr_0002700,2,8,41,7
addr_0002701,3,196,31,0
addr_0002702,2,767,45,15
addr_0002703,2,525,33,12
addr_0002704,3,720,41,15
addr_0002705,3,550,41,20
addr_0002706,1,659,219,105
addr_0002707,2,633,19,28
addr_0002708,3,812,7,9
addr_0002709,3,167,2,23
addr_0002710,3,679,46,38
addr_0002711,2,315,18,41
addr_0002712,3,671,3,36
addr_0002713,2,109,32,33
addr_0002714,2,702,18,35
addr_0002715,2,536,11,25
addr_0002716,3,380,47,19
addr_0002717,2,386,15,32
addr_0002718,3,622,41,17
addr_0002719,1,179,32,0
addr_0002720,3,823,24,41
addr_0002721,2,220,27,23
addr_0002722,1,519,118,131
addr_0002723,2,114,43,3
addr_0002724,3,106,36,30
addr_0002725,2,372,29,17
addr_0002726,2,806,44,38
addr_0002727,3,295,37,37
addr_0002728,2,112,18,3
addr_0002729,2,252,48,24
addr_0002730,3,419,37,48
addr_0002731,2,68,11,0
addr_0002732,2,640,0,2
addr_0002733,2,138,36,37
addr_0002734,2,211,21,39
addr_0002735,2,895,33,14
addr_0002736,2,562,29,21
addr_0002737,2,756,43,5
addr_0002738,2,456,16,7
addr_0002739,2,598,11,20
addr_0002740,2,399,18,38
addr_0002741,2,671,26,38
addr_0002742,2,344,25,20
addr_0002743,2,408,20,49
addr_0002744,1,644,41,3
addr_0002745,3,531,35,0
addr_0002746,2,469,43,12
addr_0002747,1,316,263,256
addr_0002748,1,664,15,24
addr_0002749,2,243,1,37
addr_0002750,2,325,28,9
addr_0002751,2,598,35,42
addr_0002752,2,851,48,38
addr_0002753,3,264,24,2
addr_0002754,3,238,38,29
addr_0002755,2,427,38,0
addr_0002756,3,696,4,44
addr_0002757,2,442,23,9
addr_0002758,3,863,6,12
addr_0002759,3,744,44,45
addr_0002760,3,836,33,26
addr_0002761,3,53,26,23
addr_0002762,3,497,1,2
addr_0002763,2,477,23,4
addr_0002764,2,70,26,11
addr_0002765,2,828,19,30
addr_0002766,2,305,31,24
addr_0002767,2,290,15,42
addr_0002768,2,433,8,8
addr_0002769,2,775,45,45
addr_0002770,2,794,49,35
addr_0002771,3,353,40,16
addr_0002772,2,166,46,14
addr_0002773,3,867,24,29
addr_0002774,3,124,25,11
addr_0002775,3,462,9,9
addr_0002776,2,698,41,46
addr_0002777,3,899,42,20
addr_0002778,2,24,33,3
addr_0002779,1,200,13,2
addr_0002780,2,9,17,21
addr_0002781,3,190,35,21
addr_0002782,3,198,10,13
addr_0002783,3,782,38,32
addr_0002784,1,51,175,302
addr_0002785,3,769,3,31
addr_0002786,2,448,33,45
addr_0002787,3,784,40,49
addr_0002788,1,495,31,42
addr_0002789,2,518,5,26
addr_0002790,3,392,41,35
addr_0002791,3,707,43,9
addr_0002792,2,378,25,0
addr_0002793,2,455,9,25
addr_0002794,2,251,25,15
addr_0002795,2,215,42,39
addr_0002796,3,793,38,20
addr_0002797,2,714,3,3
addr_0002798,3,419,11,20
addr_0002799,3,208,47,43
addr_0002800,3,670,45,3
addr_0002801,2,22,21,20
addr_0002802,3,630,10,20
addr_0002803,3,242,22,0
addr_0002804,3,54,42,17
addr_0002805,2,41,21,3
addr_0002806,3,817,37,5
addr_0002807,2,169,40,27
addr_0002808,3,360,7,43
addr_0002809,3,336,40,0
addr_0002810,3,666,36,37
addr_0002811,2,454,8,27
addr_0002812,3,466,3,18
addr_0002813,3,858,18,30
addr_0002814,3,12,30,46
addr_0002815,1,416,285,321
addr_0002816,3,845,22,18
addr_0002817,2,445,17,27
addr_0002818,2,112,40,4
addr_0002819,2,782,4,49
addr_0002820,2,702,45,37
addr_0002821,2,224,13,27
addr_0002822,3,851,18,0
addr_0002823,3,788,39,41
addr_0002824,2,655,47,33
addr_0002825,2,831,28,40
addr_0002826,2,480,42,38
addr_0002827,3,331,12,5
addr_0002828,2,252,39,12
addr_0002829,2,243,19,42
addr_0002830,1,559,5,18
addr_0002831,3,704,9,40
addr_0002832,1,277,22,19
addr_0002833,2,636,45,3
addr_0002834,1,200,40,12
addr_0002835,1,281,7,7
addr_0002836,2,493,21,29
addr_0002837,2,366,47,23
addr_0002838,2,204,42,48
addr_0002839,2,444,33,36
addr_0002840,3,546,45,43
addr_0002841,3,487,11,33
addr_0002842,3,551,30,8
addr_0002843,3,565,28,35
addr_0002844,2,399,1,38
addr_0002845,2,332,12,17
addr_0002846,2,703,23,3
addr_0002847,2,290,27,22
addr_0002848,2,583,12,28
addr_0002849,2,660,46,26
addr_0002850,2,831,26,43
addr_0002851,3,210,6,16
addr_0002852,1,253,25,19
addr_0002853,1,78,137,257
addr_0002854,3,763,39,17
addr_0002855,2,462,1,14
addr_0002856,3,180,2,36
addr_0002857,3,765,7,23
addr_0002858,2,7,0,20
addr_0002859,3,179,8,7
addr_0002860,2,117,38,47
addr_0002861,3,857,41,16
addr_0002862,2,763,45,28
addr_0002863,3,604,31,45
addr_0002864,3,653,11,19
addr_0002865,3,516,48,44
addr_0002866,3,162,17,24
addr_0002867,3,414,44,7
addr_0002868,2,875,38,8
addr_0002869,3,508,36,7
addr_0002870,2,509,25,1
addr_0002871,2,148,13,49
addr_0002872,3,354,30,6
addr_0002873,3,721,7,30
addr_0002874,2,330,1,34
addr_0002875,2,677,41,36
addr_0002876,3,597,43,49
addr_0002877,2,877,41,16
addr_0002878,2,892,7,30
addr_0002879,3,663,0,29
addr_0002880,3,756,36,28
addr_0002881,3,878,35,45
addr_0002882,3,26,3,46
addr_0002883,2,465,17,42
addr_0002884,2,759,49,15
addr_0002885,2,341,3,27
addr_0002886,2,808,45,44
addr_0002887,1,331,16,34
addr_0002888,3,68,44,49
addr_0002889,3,545,14,8
addr_0002890,3,822,1,3
addr_0002891,3,60,26,11
addr_0002892,2,812,12,41
addr_0002893,2,652,23,40
addr_0002894,2,746,49,45
addr_0002895,2,822,37,13
addr_0002896,3,430,31,8
addr_0002897,2,601,49,37
addr_0002898,2,234,7,5
addr_0002899,3,848,23,43
addr_0002900,3,152,27,33
addr_0002901,3,782,40,34
addr_0002902,3,157,46,39
addr_0002903,3,386,33,19
addr_0002904,2,878,46,49
addr_0002905,2,469,26,2
addr_0002906,2,557,10,3
addr_0002907,2,322,22,22
addr_0002908,3,506,20,42
addr_0002909,2,894,30,7
addr_0002910,2,53,15,16
addr_0002911,2,95,13,32
addr_0002912,3,334,2,18
addr_0002913,3,867,38,49
addr_0002914,2,547,47,22
addr_0002915,2,821,10,47
addr_0002916,3,809,34,45
addr_0002917,3,580,48,13
addr_0002918,3,517,36,21
addr_0002919,2,108,25,46
addr_0002920,2,475,6,16
addr_0002921,3,33,2,18
addr_0002922,2,202,15,19
addr_0002923,2,549,27,27
addr_0002924,2,79,27,23
addr_0002925,3,864,13,35
addr_0002926,2,432,19,19
addr_0002927,2,611,43,22
addr_0002928,2,429,47,45
addr_0002929,2,136,10,33
addr_0002930,3,710,38,49
addr_0002931,3,368,32,2
addr_0002932,2,49,19,11
addr_0002933,2,205,44,16
addr_0002934,2,868,40,4
addr_0002935,2,671,34,0
addr_0002936,3,171,31,18
addr_0002937,2,504,31,0
addr_0002938,3,756,46,29
addr_0002939,2,767,17,41
addr_0002940,3,377,21,12
addr_0002941,3,13,48,45
addr_0002942,2,852,32,44
addr_0002943,2,601,42,19
addr_0002944,3,649,46,36
addr_0002945,2,833,31,48
addr_0002946,2,364,44,5
addr_0002947,3,276,47,42
addr_0002948,1,891,302,147
addr_0002949,3,536,7,47
addr_0002950,2,302,46,37
addr_0002951,3,127,5,40
addr_0002952,3,36,31,43
addr_0002953,2,673,5,2
addr_0002954,2,35,10,47
addr_0002955,2,707,20,25
addr_0002956,2,341,3,10
addr_0002957,2,867,47,9
addr_0002958,3,798,5,41
addr_0002959,3,58,20,38
addr_0002960,2,82,9,19
addr_0002961,2,274,19,13
addr_0002962,3,516,33,26
addr_0002963,2,550,5,23
addr_0002964,2,441,11,3
addr_0002965,2,423,37,28
addr_0002966,2,592,2,21
addr_0002967,2,442,2,43
addr_0002968,3,768,4,8
addr_0002969,2,735,6,2
addr_0002970,2,601,29,20
addr_0002971,2,680,48,42
addr_0002972,1,101,27,45
addr_0002973,3,562,2,30
addr_0002974,1,330,17,26
addr_0002975,3,288,32,36
addr_0002976,2,512,44,8
addr_0002977,2,472,19,5
addr_0002978,3,465,19,13
addr_0002979,3,102,30,35
addr_0002980,3,735,42,34
addr_0002981,2,642,30,5
addr_0002982,3,333,48,38
addr_0002983,3,654,44,14
addr_0002984,2,252,39,28
addr_0002985,2,259,26,31
addr_0002986,2,870,48,44
addr_0002987,2,531,5,39
addr_0002988,2,412,28,14
addr_0002989,3,64,42,30
addr_0002990,3,592,45,13
addr_0002991,3,74,8,2
addr_0002992,2,157,5,35
addr_0002993,3,192,39,14
addr_0002994,2,481,20,33
addr_0002995,3,335,13,23
addr_0002996,2,680,36,27
addr_0002997,3,67,19,13
addr_0002998,3,675,34,21
addr_0002999,2,718,22,49
addr_0003000,2,824,11,7
addr_0003001,2,536,38,47
addr_0003002,3,821,45,49
addr_0003003,1,773,14,40
addr_0003004,2,727,15,31
addr_0003005,3,620,39,46
addr_0003006,3,169,12,31
addr_0003007,3,349,44,15
addr_0003008,3,256,44,40
addr_0003009,2,271,46,9
addr_0003010,2,704,46,11
addr_0003011,2,772,41,29
addr_0003012,3,84,12,9
addr_0003013,2,728,2,38
addr_0003014,2,121,34,1
addr_0003015,2,749,23,17
addr_0003016,2,399,35,39
addr_0003017,2,361,7,24
addr_0003018,2,593,11,31
addr_0003019,3,150,21,18
addr_0003020,1,551,25,48
addr_0003021,3,47,44,15
addr_0003022,2,143,48,9
addr_0003023,2,329,46,16
addr_0003024,1,619,12,38
addr_0003025,2,170,9,23
addr_0003026,3,495,39,1
addr_0003027,3,346,8,18
addr_0003028,2,783,49,2
addr_0003029,3,417,40,39
addr_0003030,2,270,39,22
addr_0003031,3,394,34,6
addr_0003032,2,155,17,41
addr_0003033,1,805,38,31
addr_0003034,3,330,9,37
addr_0003035,3,222,40,5
addr_0003036,3,661,9,26
addr_0003037,3,11,4,21
addr_0003038,3,285,48,39
addr_0003039,3,193,39,35
addr_0003040,3,686,43,45
addr_0003041,1,1,259,132
addr_0003042,2,263,12,10
addr_0003043,3,812,31,32
addr_0003044,2,458,23,28
addr_0003045,3,69,8,48
addr_0003046,1,246,186,276
addr_0003047,3,301,21,37
addr_0003048,2,175,42,44
addr_0003049,2,308,25,29
addr_0003050,2,220,45,4
addr_0003051,3,318,32,27
addr_0003052,3,837,43,4
addr_0003053,2,336,43,44
addr_0003054,3,871,42,33
addr_0003055,3,579,31,12
addr_0003056,3,535,15,42
addr_0003057,2,92,35,44
addr_0003058,2,151,49,17
addr_0003059,3,608,35,39
addr_0003060,2,97,21,26
addr_0003061,3,365,8,36
addr_0003062,3,300,35,27
addr_0003063,3,202,15,5
addr_0003064,2,813,6,22
addr_0003065,3,275,18,39
addr_0003066,3,146,0,7
addr_0003067,3,787,8,31
addr_0003068,2,377,7,49
addr_0003069,3,553,20,35
addr_0003070,3,426,24,39
addr_0003071,3,624,31,35
addr_0003072,1,794,2,15
addr_0003073,2,109,4,7
addr_0003074,2,805,34,31
addr_0003075,1,536,37,40
addr_0003076,2,193,30,14
addr_0003077,3,673,3,18
addr_0003078,2,139,22,47
addr_0003079,3,125,9,11
addr_0003080,2,140,19,31
addr_0003081,2,35,36,8
addr_0003082,2,449,32,35
addr_0003083,3,271,16,45
addr_0003084,1,489,1,21
addr_0003085,2,115,43,40
addr_0003086,3,282,4,0
addr_0003087,3,797,43,13
addr_0003088,2,745,2,20
addr_0003089,2,721,26,41
addr_0003090,2,458,48,27
addr_0003091,2,337,13,27
addr_0003092,3,683,48,46
addr_0003093,2,455,31,39
addr_0003094,3,8,16,10
addr_0003095,3,423,45,35
addr_0003096,3,326,7,38
addr_0003097,2,265,47,33
addr_0003098,2,688,29,3
addr_0003099,2,603,24,33
addr_0003100,3,306,30,30
addr_0003101,3,460,12,35
addr_0003102,3,11,36,27
addr_0003103,3,300,40,23
addr_0003104,2,218,20,36
addr_0003105,3,224,8,0
addr_0003106,3,540,29,33
addr_0003107,3,37,22,3
addr_0003108,3,469,16,42
addr_0003109,3,343,34,47
addr_0003110,1,38,1,10
addr_0003111,3,184,5,47
addr_0003112,2,700,8,18
addr_0003113,3,208,18,20
addr_0003114,2,64,1,28
addr_0003115,2,696,41,22
addr_0003116,2,12,4,3
addr_0003117,3,880,12,28
addr_0003118,2,784,9,24
addr_0003119,1,10,17,22
addr_0003120,3,846,8,34
addr_0003121,3,211,12,34
addr_0003122,3,828,9,43
addr_0003123,2,671,27,24
addr_0003124,3,168,37,46
addr_0003125,2,530,23,34
addr_0003126,2,780,49,30
addr_0003127,2,109,25,27
addr_0003128,2,64,48,38
addr_0003129,1,462,30,19
addr_0003130,2,49,8,6
addr_0003131,2,205,48,11
addr_0003132,1,823,334,243
addr_0003133,2,508,19,14
addr_0003134,2,624,39,24
addr_0003135,3,112,12,4
addr_0003136,2,347,18,8
addr_0003137,2,55,27,8
addr_0003138,1,598,242,321
addr_0003139,3,583,43,0
addr_0003140,3,673,2,5
addr_0003141,3,343,33,15
addr_0003142,2,773,8,3
addr_0003143,2,564,11,40
addr_0003144,3,403,6,14
addr_0003145,2,308,36,34
addr_0003146,2,704,11,17
addr_0003147,1,623,5,13
addr_0003148,2,635,32,47
addr_0003149,2,543,21,26
addr_0003150,2,189,27,47
addr_0003151,3,363,35,26
addr_0003152,3,854,22,46
addr_0003153,2,504,14,31
addr_0003154,3,277,24,6
addr_0003155,2,605,24,40
addr_0003156,1,594,42,14
addr_0003157,2,795,13,12
addr_0003158,3,437,7,14
addr_0003159,2,193,40,6
addr_0003160,2,446,34,22
addr_0003161,2,73,2,27
addr_0003162,3,857,8,8
addr_0003163,2,371,40,18
addr_0003164,3,204,27,36
addr_0003165,3,378,27,33
addr_0003166,3,526,9,2
addr_0003167,2,811,2,44
addr_0003168,3,780,25,7
addr_0003169,2,843,6,2
addr_0003170,3,231,2,34
addr_0003171,3,468,29,29
addr_0003172,2,502,33,13
addr_0003173,3,623,36,2
addr_0003174,1,657,25,11
addr_0003175,3,468,5,16
addr_0003176,3,626,3,41
addr_0003177,3,842,40,13
addr_0003178,2,529,2,14
addr_0003179,3,694,7,1
addr_0003180,1,288,279,246
addr_0003181,3,524,47,10
addr_0003182,2,617,7,25
addr_0003183,1,740,21,5
addr_0003184,2,729,14,17
addr_0003185,3,183,14,47
addr_0003186,2,593,43,24
addr_0003187,2,733,46,0
addr_0003188,2,641,38,33
addr_0003189,3,89,31,8
addr_0003190,2,740,30,10
addr_0003191,3,598,38,38
addr_0003192,1,38,342,142
addr_0003193,3,817,31,11
addr_0003194,2,53,29,45
addr_0003195,2,297,14,9
addr_0003196,2,124,5,9
addr_0003197,2,88,31,35
addr_0003198,1,489,24,11
addr_0003199,3,373,1,3
addr_0003200,2,700,5,22
addr_0003201,2,441,7,9
addr_0003202,2,411,43,30
addr_0003203,3,58,21,22
addr_0003204,3,442,49,19
addr_0003205,3,636,36,34
addr_0003206,3,73,23,42
addr_0003207,3,842,40,41
addr_0003208,2,311,47,0
addr_0003209,3,271,20,42
addr_0003210,2,257,48,34
addr_0003211,3,302,43,42
addr_0003212,3,739,15,38
addr_0003213,2,588,22,39
addr_0003214,2,709,24,27
addr_0003215,3,488,20,30
addr_0003216,2,119,10,36
addr_0003217,3,193,43,36
addr_0003218,2,845,45,35
addr_0003219,2,366,37,16
addr_0003220,2,498,38,46
addr_0003221,2,126,25,13
addr_0003222,2,562,22,25
addr_0003223,2,221,2,42
addr_0003224,1,291,337,158
addr_0003225,2,799,44,0
addr_0003226,2,331,32,42
addr_0003227,2,398,28,1
addr_0003228,2,380,3,24
addr_0003229,2,494,18,22
addr_0003230,2,158,21,28
addr_0003231,3,313,16,2
addr_0003232,1,611,127,150
addr_0003233,2,688,36,16
addr_0003234,2,370,14,9
addr_0003235,3,80,22,35
addr_0003236,3,424,37,29
addr_0003237,2,495,30,24
addr_0003238,2,534,44,10
addr_0003239,2,514,4,22
addr_0003240,3,586,22,43
addr_0003241,1,735,36,30
addr_0003242,2,267,30,41
addr_0003243,2,799,1,35
addr_0003244,3,763,2,44
addr_0003245,3,150,20,8
addr_0003246,3,228,5,28
addr_0003247,2,864,18,30
addr_0003248,3,445,26,41
addr_0003249,1,898,7,11
addr_0003250,3,93,21,24
addr_0003251,2,576,42,13
addr_0003252,2,215,14,30
addr_0003253,2,19,37,34
addr_0003254,3,677,33,32
addr_0003255,2,48,40,48
addr_0003256,3,475,5,32
addr_0003257,2,838,3,44
addr_0003258,2,265,41,5
addr_0003259,3,730,43,36
addr_0003260,2,84,45,33
addr_0003261,3,316,14,44
addr_0003262,2,688,24,3
addr_0003263,2,215,44,22
addr_0003264,2,407,29,17
addr_0003265,2,459,16,37
addr_0003266,2,848,32,17
addr_0003267,2,696,22,8
addr_0003268,2,467,46,27
addr_0003269,3,453,0,31
addr_0003270,2,255,9,34
addr_0003271,3,763,32,11
addr_0003272,2,372,16,44
addr_0003273,2,53,46,49
addr_0003274,2,696,39,39
addr_0003275,3,741,4,25
addr_0003276,2,226,13,36
addr_0003277,3,104,9,1
addr_0003278,3,399,44,33
addr_0003279,2,687,46,24
addr_0003280,2,606,48,27
addr_0003281,2,199,12,5
addr_0003282,3,865,41,21
addr_0003283,2,630,16,32
addr_0003284,2,886,43,26
addr_0003285,3,814,29,0
addr_0003286,3,162,44,20
addr_0003287,2,671,32,34
addr_0003288,3,276,29,0
addr_0003289,3,204,8,18
addr_0003290,3,797,21,5
addr_0003291,2,203,26,44
addr_0003292,3,189,9,5
addr_0003293,2,204,10,12
addr_0003294,3,403,37,23
addr_0003295,3,97,22,27
addr_0003296,2,101,40,13
addr_0003297,2,72,0,25
addr_0003298,3,669,11,30
addr_0003299,3,193,45,21
addr_0003300,3,364,18,37
addr_0003301,3,146,44,24
addr_0003302,1,899,17,28
addr_0003303,3,813,6,12
addr_0003304,1,497,239,182
addr_0003305,3,779,43,46
addr_0003306,3,424,23,46
addr_0003307,1,744,85,155
addr_0003308,2,346,49,16
addr_0003309,2,341,5,16
addr_0003310,2,507,42,37
addr_0003311,2,614,23,12
addr_0003312,3,486,4,47
addr_0003313,2,279,28,0
addr_0003314,3,278,20,30
addr_0003315,3,546,24,7
addr_0003316,2,843,45,49
addr_0003317,3,898,20,12
addr_0003318,2,771,5,2
addr_0003319,3,555,38,38
addr_0003320,2,77,0,10
addr_0003321,1,434,297,241
addr_0003322,2,271,33,48
addr_0003323,3,682,3,5
addr_0003324,2,92,36,13
addr_0003325,2,833,34,36
addr_0003326,2,432,33,5
addr_0003327,2,460,33,25
addr_0003328,3,721,37,3
addr_0003329,2,600,17,21
addr_0003330,1,719,25,16
addr_0003331,3,699,29,20
addr_0003332,2,739,13,22
addr_0003333,2,167,15,11
addr_0003334,3,223,14,36
addr_0003335,1,288,16,26
addr_0003336,3,840,14,9
addr_0003337,3,631,36,18
addr_0003338,2,847,19,21
addr_0003339,2,654,9,24
addr_0003340,2,264,11,25
addr_0003341,1,452,22,41
addr_0003342,2,367,16,47
addr_0003343,3,728,47,47
addr_0003344,3,740,16,27
addr_0003345,2,606,46,31
addr_0003346,2,328,35,26
addr_0003347,3,434,25,0
addr_0003348,2,309,12,46
addr_0003349,3,771,42,5
addr_0003350,2,528,46,39
addr_0003351,3,8,37,42
addr_0003352,2,752,48,22
addr_0003353,2,426,17,49
addr_0003354,2,170,42,26
addr_0003355,2,805,39,40
addr_0003356,2,742,26,46
addr_0003357,2,297,49,47
addr_0003358,2,721,24,9
addr_0003359,2,585,21,22
addr_0003360,3,840,15,32
addr_0003361,2,530,20,11
addr_0003362,2,158,28,49
addr_0003363,3,525,45,18
addr_0003364,2,615,15,40
addr_0003365,2,127,30,14
addr_0003366,3,656,26,47
addr_0003367,1,779,204,162
addr_0003368,2,28,31,7
addr_0003369,3,170,22,15
addr_0003370,3,260,43,17
addr_0003371,2,417,15,6
addr_0003372,1,805,241,212
addr_0003373,2,583,5,37
addr_0003374,3,178,40,4
addr_0003375,3,65,46,15
addr_0003376,3,851,47,31
addr_0003377,2,169,5,24
addr_0003378,2,437,33,48
addr_0003379,1,823,46,21
addr_0003380,3,87,35,19
addr_0003381,2,42,16,0
addr_0003382,2,511,32,39
addr_0003383,3,243,38,32
addr_0003384,3,249,27,7
addr_0003385,1,19,156,194
addr_0003386,2,705,5,23
addr_0003387,3,35,21,9
addr_0003388,1,68,241,143
addr_0003389,3,780,33,37
addr_0003390,2,187,5,1
addr_0003391,3,38,11,2
addr_0003392,2,836,30,26
addr_0003393,2,712,0,38
addr_0003394,3,13,11,37
addr_0003395,3,493,30,1
addr_0003396,2,555,36,46
addr_0003397,2,144,22,10
addr_0003398,3,597,14,18
addr_0003399,3,10,13,35
addr_0003400,3,604,8,28
addr_0003401,3,79,7,49
addr_0003402,3,302,14,48
addr_0003403,3,761,40,20
addr_0003404,2,241,28,37
addr_0003405,2,411,22,9
addr_0003406,2,827,23,37
addr_0003407,2,685,47,10
addr_0003408,2,798,48,29
addr_0003409,2,125,41,21
addr_0003410,2,500,0,9
addr_0003411,2,759,49,7
addr_0003412,2,891,48,23
addr_0003413,2,190,15,5
addr_0003414,3,238,8,13
addr_0003415,3,546,40,24
addr_0003416,2,487,9,11
addr_0003417,3,585,30,19
addr_0003418,2,828,0,27
addr_0003419,2,350,10,36
addr_0003420,3,204,23,20
addr_0003421,2,395,44,41
addr_0003422,2,367,33,28
addr_0003423,2,48,38,2
addr_0003424,3,753,8,42
addr_0003425,2,714,10,39
addr_0003426,3,856,13,0
addr_0003427,2,104,33,33
addr_0003428,3,1,40,7
addr_0003429,3,481,23,8
addr_0003430,2,235,49,24
addr_0003431,2,434,39,8
addr_0003432,2,26,7,34
addr_0003433,3,440,9,25
addr_0003434,3,518,1,31
addr_0003435,1,743,1,5
addr_0003436,2,162,41,48
addr_0003437,3,760,16,45
addr_0003438,3,574,3,26
addr_0003439,2,738,42,41
addr_0003440,2,672,4,2
addr_0003441,2,763,34,37
addr_0003442,3,195,31,41
addr_0003443,2,551,0,43
addr_0003444,3,487,31,25
addr_0003445,2,790,9,46
addr_0003446,2,70,47,44
addr_0003447,3,306,37,11
addr_0003448,2,858,29,29
addr_0003449,2,398,0,25
addr_0003450,2,611,32,48
addr_0003451,3,719,6,16
addr_0003452,2,577,1,14
addr_0003453,2,174,46,28
addr_0003454,2,729,15,10
addr_0003455,2,481,27,28
addr_0003456,3,741,29,43
addr_0003457,3,282,13,34
addr_0003458,3,221,24,10
addr_0003459,2,367,26,12
addr_0003460,2,511,7,29
addr_0003461,2,172,12,12
addr_0003462,2,270,8,20
addr_0003463,2,443,45,19
addr_0003464,2,557,20,29
addr_0003465,2,845,6,46
addr_0003466,2,265,27,6
addr_0003467,2,86,36,9
addr_0003468,3,578,6,36
addr_0003469,2,107,13,14
addr_0003470,3,664,10,4
addr_0003471,2,97,16,41
addr_0003472,2,212,48,9
addr_0003473,2,117,2,44
addr_0003474,3,733,7,31
addr_0003475,2,634,46,9
addr_0003476,2,164,28,39
addr_0003477,2,154,18,2
addr_0003478,2,340,0,35
addr_0003479,3,442,49,2
addr_0003480,3,62,0,22
addr_0003481,3,547,30,42
addr_0003482,1,249,307,165
addr_0003483,3,597,32,49
addr_0003484,3,710,40,2
addr_0003485,2,822,16,33
addr_0003486,2,86,8,10
addr_0003487,2,325,8,23
addr_0003488,3,68,16,10
addr_0003489,2,768,16,5
addr_0003490,2,191,33,2
addr_0003491,2,875,21,23
addr_0003492,3,854,5,25
addr_0003493,3,241,1,34
addr_0003494,2,307,5,35
addr_0003495,3,65,36,2
addr_0003496,3,866,41,28
addr_0003497,2,533,24,19
addr_0003498,2,434,43,33
addr_0003499,3,679,30,31
addr_0003500,3,310,10,2
addr_0003501,2,737,14,38
addr_0003502,2,855,33,40
addr_0003503,2,428,0,35
addr_0003504,2,841,31,41
addr_0003505,2,681,30,2
addr_0003506,3,876,42,45
addr_0003507,2,77,45,9
addr_0003508,2,134,21,20
addr_0003509,3,742,22,27
addr_0003510,2,263,26,49
addr_0003511,3,737,23,20
addr_0003512,1,555,13,2
addr_0003513,2,835,32,5
addr_0003514,2,57,39,44
addr_0003515,3,515,3,19
addr_0003516,3,818,48,20
addr_0003517,2,99,17,15
addr_0003518,2,285,16,9
addr_0003519,2,243,49,10
addr_0003520,2,675,5,27
addr_0003521,3,230,29,25
addr_0003522,1,360,135,315
addr_0003523,3,771,42,0
addr_0003524,2,131,0,9
addr_0003525,3,787,19,43
addr_0003526,2,602,35,1
addr_0003527,3,32,17,14
addr_0003528,2,488,30,18
addr_0003529,2,734,44,30
addr_0003530,1,662,13,6
addr_0003531,2,827,44,40
addr_0003532,2,350,38,37
addr_0003533,3,502,12,33
addr_0003534,2,620,37,35
addr_0003535,3,655,39,44
addr_0003536,2,846,23,19
addr_0003537,3,499,35,28
addr_0003538,3,16,24,34
addr_0003539,2,808,7,29
addr_0003540,3,812,31,14
addr_0003541,2,422,8,46
addr_0003542,3,871,46,6
addr_0003543,2,293,26,22
addr_0003544,3,662,4,24
addr_0003545,1,583,135,117
addr_0003546,3,316,41,49
addr_0003547,2,408,41,45
addr_0003548,2,600,15,39
addr_0003549,3,157,26,38
addr_0003550,2,478,27,1
addr_0003551,3,67,15,34
addr_0003552,3,491,21,10
addr_0003553,1,604,124,214
addr_0003554,2,429,0,21
addr_0003555,1,523,9,19
addr_0003556,3,701,18,20
addr_0003557,3,343,44,45
addr_0003558,3,435,47,22
addr_0003559,1,168,31,11
addr_0003560,3,629,11,42
addr_0003561,2,149,34,48
addr_0003562,2,32,36,31
addr_0003563,2,425,5,31
addr_0003564,2,95,1,7
addr_0003565,3,217,24,22
addr_0003566,3,744,11,25
addr_0003567,3,593,32,4
addr_0003568,3,748,24,10
addr_0003569,3,547,5,8
addr_0003570,3,631,24,0
addr_0003571,2,728,24,16
addr_0003572,2,346,49,7
addr_0003573,1,771,40,35
addr_0003574,2,823,33,33
addr_0003575,1,812,46,7
addr_0003576,2,268,28,47
addr_0003577,2,678,14,10
addr_0003578,2,295,35,15
addr_0003579,3,154,8,26
addr_0003580,2,361,49,49
addr_0003581,3,282,7,26
addr_0003582,3,36,20,2
addr_0003583,2,823,21,49
addr_0003584,3,199,36,27
addr_0003585,2,611,25,32
addr_0003586,2,67,25,39
addr_0003587,2,447,32,30
addr_0003588,3,478,32,22
addr_0003589,2,204,34,1
addr_0003590,2,625,12,29
addr_0003591,2,204,5,10
addr_0003592,3,531,40,24
addr_0003593,3,402,29,34
addr_0003594,2,599,23,38
addr_0003595,3,358,1,28
addr_0003596,2,738,25,42
addr_0003597,2,551,13,11
addr_0003598,3,882,42,11
addr_0003599,1,280,12,46
addr_0003600,2,114,8,33
addr_0003601,3,183,43,31
addr_0003602,2,134,31,20
addr_0003603,2,644,2,29
addr_0003604,2,760,3,1
addr_0003605,3,621,9,10
addr_0003606,3,512,6,40
addr_0003607,3,223,8,14
addr_0003608,2,859,5,40
addr_0003609,2,709,17,1
addr_0003610,3,360,35,17
addr_0003611,2,793,45,4
addr_0003612,2,663,17,19
addr_0003613,3,2,34,36
addr_0003614,3,306,49,14
addr_0003615,3,450,30,0
addr_0003616,2,611,2,46
addr_0003617,2,277,10,24
addr_0003618,3,560,0,47
addr_0003619,3,560,9,39
addr_0003620,3,494,40,41
addr_0003621,3,343,6,31
addr_0003622,2,262,25,23
addr_0003623,2,181,8,49
addr_0003624,3,770,36,20
addr_0003625,3,304,2,39
addr_0003626,2,103,40,48
addr_0003627,2,673,38,7
addr_0003628,1,773,38,9
addr_0003629,3,669,5,46
addr_0003630,3,234,37,29
addr_0003631,3,525,29,40
addr_0003632,3,719,17,47
addr_0003633,3,475,42,27
addr_0003634,2,861,30,43
addr_0003635,3,758,5,33
addr_0003636,2,69,24,3
addr_0003637,3,848,10,31
addr_0003638,2,440,48,0
addr_0003639,3,80,45,8
addr_0003640,2,870,7,7
addr_0003641,3,316,7,36
addr_0003642,2,18,12,24
addr_0003643,2,176,22,43
addr_0003644,3,20,22,29
addr_0003645,3,416,37,17
addr_0003646,3,431,9,12
addr_0003647,2,67,14,18
addr_0003648,3,471,33,16
addr_0003649,2,866,41,7
addr_0003650,1,570,2,12
addr_0003651,1,831,29,47
addr_0003652,1,638,29,48
addr_0003653,3,401,7,22
addr_0003654,2,148,31,42
addr_0003655,3,543,13,9
addr_0003656,3,195,12,10
addr_0003657,2,171,46,36
addr_0003658,2,55,9,3
addr_0003659,3,844,8,37
addr_0003660,2,30,17,36
addr_0003661,2,706,8,45
addr_0003662,3,340,7,21
addr_0003663,1,852,244,256
addr_0003664,3,778,16,6
addr_0003665,3,312,4,10
addr_0003666,3,519,49,25
addr_0003667,2,823,11,8
addr_0003668,3,368,26,3
addr_0003669,2,558,38,6
addr_0003670,3,81,10,6
addr_0003671,2,568,1,0
addr_0003672,2,660,2,33
addr_0003673,2,328,16,34
addr_0003674,2,807,20,22
addr_0003675,2,687,1,42
addr_0003676,2,62,41,21
addr_0003677,2,780,4,37
addr_0003678,3,617,9,32
addr_0003679,2,687,48,2
addr_0003680,3,577,12,9
addr_0003681,2,185,6,39
addr_0003682,2,814,23,39
addr_0003683,1,664,49,30
addr_0003684,2,484,1,11
addr_0003685,3,368,29,5
addr_0003686,3,122,32,33
addr_0003687,3,614,45,23
addr_0003688,2,415,30,17
addr_0003689,2,751,43,39
addr_0003690,2,867,23,14
addr_0003691,1,723,10,27
addr_0003692,2,569,7,16
addr_0003693,2,126,18,39
addr_0003694,2,79,19,7
addr_0003695,2,352,4,36
addr_0003696,2,454,47,16
addr_0003697,2,348,35,18
addr_0003698,2,554,4,12
addr_0003699,2,256,49,49
addr_0003700,2,156,26,33
addr_0003701,2,417,42,38
addr_0003702,1,735,197,291
addr_0003703,2,684,37,7
addr_0003704,3,43,21,16
addr_0003705,3,260,6,0
addr_0003706,3,656,24,17
addr_0003707,3,49,21,5
addr_0003708,2,412,41,46
addr_0003709,2,801,40,18
addr_0003710,2,483,20,2
addr_0003711,2,736,23,19
addr_0003712,3,410,2,9
addr_0003713,1,209,126,318
addr_0003714,2,169,39,27
addr_0003715,3,874,28,36
addr_0003716,3,463,2,3
addr_0003717,2,204,28,24
addr_0003718,3,14,24,9
addr_0003719,2,192,13,11
addr_0003720,2,874,30,26
addr_0003721,2,411,47,26
addr_0003722,3,197,0,7
addr_0003723,2,469,40,29
addr_0003724,1,618,6,45
addr_0003725,2,808,33,40
addr_0003726,2,458,12,20
addr_0003727,2,522,41,3
addr_0003728,2,190,49,3
addr_0003729,3,489,43,27
addr_0003730,3,278,7,13
addr_0003731,2,399,48,28
addr_0003732,2,198,44,30
addr_0003733,2,246,20,10
addr_0003734,1,789,45,32
addr_0003735,3,265,29,4
addr_0003736,2,144,44,10
addr_0003737,3,295,48,7
addr_0003738,2,61,21,13
addr_0003739,2,549,40,49
addr_0003740,3,541,14,48
addr_0003741,2,382,44,38
addr_0003742,2,318,29,39
addr_0003743,2,781,5,47
addr_0003744,3,386,42,3
addr_0003745,2,839,22,32
addr_0003746,3,427,45,29
addr_0003747,2,741,5,31
addr_0003748,3,869,26,8
addr_0003749,3,661,13,21
addr_0003750,2,107,36,15
addr_0003751,1,294,280,138
addr_0003752,3,36,44,29
addr_0003753,2,194,19,41
addr_0003754,3,758,32,18
addr_0003755,2,336,19,2
addr_0003756,3,643,25,27
addr_0003757,3,875,16,21
addr_0003758,2,166,10,22
addr_0003759,2,402,40,32
addr_0003760,2,466,39,47
addr_0003761,3,180,46,2
addr_0003762,3,65,49,6
addr_0003763,1,559,8,14
addr_0003764,3,557,47,48
addr_0003765,3,344,44,20
addr_0003766,3,551,10,34
addr_0003767,2,66,49,0
addr_0003768,2,583,39,41
addr_0003769,2,200,13,8
addr_0003770,2,254,9,49
addr_0003771,3,565,34,33
addr_0003772,2,492,43,32
addr_0003773,3,361,3,34
addr_0003774,3,542,39,29
addr_0003775,3,871,6,27
addr_0003776,1,121,44,4
addr_0003777,2,286,44,25
addr_0003778,3,863,0,6
addr_0003779,3,739,17,21
addr_0003780,3,762,15,38
addr_0003781,2,480,20,49
addr_0003782,2,796,44,25
addr_0003783,2,270,39,18
addr_0003784,2,685,13,32
addr_0003785,3,721,33,21
addr_0003786,2,712,15,8
addr_0003787,3,859,35,44
addr_0003788,3,422,11,38
addr_0003789,2,107,12,35
addr_0003790,1,443,16,1
addr_0003791,3,618,6,44
addr_0003792,2,759,34,42
addr_0003793,2,227,40,38
addr_0003794,3,80,40,41
addr_0003795,2,655,7,49
addr_0003796,2,171,33,8
addr_0003797,2,167,5,38
addr_0003798,2,331,38,18
addr_0003799,2,675,5,18
addr_0003800,2,390,8,25
addr_0003801,3,437,49,7
addr_0003802,2,752,34,41
addr_0003803,2,296,39,0
addr_0003804,3,883,20,13
addr_0003805,3,487,30,5
addr_0003806,1,726,12,13
addr_0003807,2,408,39,28
addr_0003808,3,89,38,4
addr_0003809,3,191,42,5
addr_0003810,2,492,20,45
addr_0003811,2,828,38,1
addr_0003812,3,646,33,16
addr_0003813,2,866,3,34
addr_0003814,2,500,17,21
addr_0003815,2,532,37,25
addr_0003816,2,399,36,36
addr_0003817,3,210,43,25
addr_0003818,3,383,27,2
addr_0003819,1,499,19,42
addr_0003820,3,563,19,8
addr_0003821,3,347,40,42
addr_0003822,3,571,4,20
addr_0003823,2,755,42,19
addr_0003824,3,277,34,9
addr_0003825,3,858,25,21
addr_0003826,2,375,26,42
addr_0003827,2,395,22,41
addr_0003828,2,138,33,48
addr_0003829,2,584,7,8
addr_0003830,2,795,46,43
addr_0003831,2,348,37,38
addr_0003832,3,782,12,40
addr_0003833,3,858,28,21
addr_0003834,2,594,39,32
addr_0003835,2,270,23,20
addr_0003836,3,877,29,46
addr_0003837,2,260,16,37
addr_0003838,3,439,31,44
addr_0003839,2,422,42,28
addr_0003840,2,791,22,20
addr_0003841,3,864,35,37
addr_0003842,2,670,33,43
addr_0003843,3,281,5,46
addr_0003844,3,160,19,27
addr_0003845,2,296,18,31
addr_0003846,3,780,27,25
addr_0003847,3,465,42,48
addr_0003848,2,152,11,35
addr_0003849,2,449,0,2
addr_0003850,2,559,16,18
addr_0003851,3,397,24,39
addr_0003852,2,156,27,43
addr_0003853,1,87,126,193
addr_0003854,1,858,175,322
addr_0003855,3,863,17,37
addr_0003856,3,596,27,3
addr_0003857,2,290,14,42
addr_0003858,1,115,4,19
addr_0003859,1,159,36,0
addr_0003860,3,99,25,2
addr_0003861,3,219,9,31
addr_0003862,3,172,24,27
addr_0003863,2,672,46,21
addr_0003864,2,489,22,4
addr_0003865,2,742,43,38
addr_0003866,3,46,28,8
addr_0003867,2,387,6,34
addr_0003868,3,842,37,2
addr_0003869,3,69,2,23
addr_0003870,3,181,49,28
addr_0003871,2,615,43,42
addr_0003872,3,447,18,0
addr_0003873,2,351,26,14
addr_0003874,2,633,47,16
addr_0003875,1,794,173,281
addr_0003876,3,673,48,32
addr_0003877,2,724,41,38
addr_0003878,3,451,1,29
addr_0003879,2,128,39,32
addr_0003880,2,100,41,1
addr_0003881,2,364,32,21
addr_0003882,3,169,17,29
addr_0003883,2,723,37,46
addr_0003884,2,793,21,19
addr_0003885,2,588,31,2
addr_0003886,3,34,12,9
addr_0003887,3,760,2,16
addr_0003888,3,366,48,9
addr_0003889,3,122,29,27
addr_0003890,3,391,22,36
addr_0003891,2,383,27,18
addr_0003892,2,869,42,41
addr_0003893,3,175,37,30
addr_0003894,3,726,11,23
addr_0003895,2,82,44,44
addr_0003896,2,654,17,35
addr_0003897,3,586,8,42
addr_0003898,2,436,26,23
addr_0003899,3,98,47,9
addr_0003900,1,608,41,16
addr_0003901,2,15,10,20
addr_0003902,2,223,34,46
addr_0003903,3,674,41,20
addr_0003904,2,208,34,30
addr_0003905,3,343,44,29
addr_0003906,3,620,8,10
addr_0003907,3,380,13,15
addr_0003908,3,336,15,44
addr_0003909,2,199,7,46
addr_0003910,3,458,20,8
addr_0003911,2,547,9,28
addr_0003912,3,250,34,15
addr_0003913,3,297,30,27
addr_0003914,3,125,38,35
addr_0003915,3,430,21,47
addr_0003916,2,400,25,1
addr_0003917,2,87,45,18
addr_0003918,3,890,28,9
addr_0003919,2,822,29,18
addr_0003920,2,90,1,22
addr_0003921,2,18,8,31
addr_0003922,2,459,41,34
addr_0003923,1,217,32,37
addr_0003924,2,264,47,23
addr_0003925,2,684,41,49
addr_0003926,3,373,34,0
addr_0003927,3,611,5,5
addr_0003928,2,527,15,49
addr_0003929,1,245,9,6
addr_0003930,2,358,22,41
addr_0003931,3,405,27,1
addr_0003932,2,130,42,27
addr_0003933,3,760,41,48
addr_0003934,1,317,14,46
addr_0003935,3,345,10,32
addr_0003936,2,490,24,9
addr_0003937,3,397,49,30
addr_0003938,2,665,9,1
addr_0003939,2,839,12,16
addr_0003940,2,173,10,35
addr_0003941,3,546,1,31
addr_0003942,1,490,111,156
addr_0003943,2,362,12,46
addr_0003944,3,795,17,14
addr_0003945,2,425,48,23
addr_0003946,3,885,39,26
addr_0003947,2,157,6,47
addr_0003948,2,279,34,6
addr_0003949,3,452,42,7
addr_0003950,2,201,35,14
addr_0003951,3,165,36,27
addr_0003952,2,752,2,16
addr_0003953,3,540,44,7
addr_0003954,2,861,20,1
addr_0003955,2,153,39,1
addr_0003956,2,810,24,25
addr_0003957,3,676,14,25
addr_0003958,2,340,2,32
addr_0003959,3,709,12,41
addr_0003960,3,650,32,1
addr_0003961,2,863,8,34
addr_0003962,3,235,16,21
addr_0003963,2,39,22,18
addr_0003964,2,531,25,12
addr_0003965,2,708,23,47
addr_0003966,3,571,3,17
addr_0003967,3,740,0,30
addr_0003968,2,668,32,39
addr_0003969,3,599,33,37
addr_0003970,2,885,27,26
addr_0003971,2,687,27,5
addr_0003972,2,678,41,10
addr_0003973,2,23,1,18
addr_0003974,3,2,13,1
addr_0003975,2,764,42,27
addr_0003976,2,403,14,48
addr_0003977,3,616,47,21
addr_0003978,2,652,44,10
addr_0003979,2,628,46,25
addr_0003980,2,817,6,3
addr_0003981,3,27,47,48
addr_0003982,3,152,8,18
addr_0003983,2,825,49,44
addr_0003984,2,87,2,47
addr_0003985,2,331,12,37
addr_0003986,3,341,6,24
addr_0003987,3,128,4,38
addr_0003988,2,608,28,3
addr_0003989,1,367,41,36
addr_0003990,3,563,20,32
addr_0003991,2,714,40,43
addr_0003992,3,210,24,34
addr_0003993,2,241,46,35
addr_0003994,2,358,11,1
addr_0003995,2,873,39,48
addr_0003996,2,633,2,0
addr_0003997,3,402,22,11
addr_0003998,3,525,10,14
addr_0003999,3,92,38,18
addr_0004000,3,693,18,24
addr_0004001,2,209,22,18
addr_0004002,3,103,37,46
addr_0004003,2,616,12,41
addr_0004004,3,887,5,30
addr_0004005,2,734,34,21
addr_0004006,3,530,1,39
addr_0004007,2,524,35,7
addr_0004008,2,1,46,33
addr_0004009,2,554,35,10
addr_0004010,1,645,12,44
addr_0004011,2,382,36,27
addr_0004012,2,50,34,43
addr_0004013,3,814,8,20
addr_0004014,3,179,22,1
addr_0004015,2,781,43,15
addr_0004016,3,578,19,16
addr_0004017,2,539,6,43
addr_0004018,3,288,24,12
addr_0004019,3,308,37,41
addr_0004020,2,771,4,0
addr_0004021,1,850,22,12
addr_0004022,2,799,47,8
addr_0004023,3,665,26,5
addr_0004024,2,622,21,11
addr_0004025,2,688,38,14
addr_0004026,2,818,21,49
addr_0004027,2,283,1,18
addr_0004028,3,42,1,36
addr_0004029,3,402,24,41
addr_0004030,1,370,46,9
addr_0004031,2,520,47,32
addr_0004032,2,437,35,13
addr_0004033,1,625,293,169
addr_0004034,2,301,1,15
addr_0004035,3,661,39,29
addr_0004036,2,266,30,34
addr_0004037,2,371,12,48
addr_0004038,3,244,30,34
addr_0004039,2,398,15,1
addr_0004040,3,534,25,7
addr_0004041,2,437,20,43
addr_0004042,2,418,19,23
addr_0004043,3,517,34,5
addr_0004044,3,721,14,7
addr_0004045,3,129,21,32
addr_0004046,2,422,33,20
addr_0004047,3,52,36,28
addr_0004048,2,141,35,34
addr_0004049,2,891,39,48
addr_0004050,2,675,0,36
addr_0004051,2,757,24,29
addr_0004052,3,61,39,4
addr_0004053,3,382,29,46
addr_0004054,3,442,29,36
addr_0004055,3,670,20,8
addr_0004056,3,240,37,25
addr_0004057,3,52,8,15
addr_0004058,3,571,19,25
addr_0004059,2,241,8,40
addr_0004060,3,522,25,35
addr_0004061,2,839,3,48
addr_0004062,2,259,12,30
addr_0004063,2,875,39,26
addr_0004064,2,680,37,3
addr_0004065,2,112,23,47
addr_0004066,1,283,173,306
addr_0004067,3,800,8,18
addr_0004068,2,639,16,28
addr_0004069,3,468,49,49
addr_0004070,2,76,32,44
addr_0004071,2,516,47,18
addr_0004072,2,742,30,21
addr_0004073,2,605,1,9
addr_0004074,3,822,21,27
addr_0004075,3,107,6,23
addr_0004076,2,20,36,40
addr_0004077,2,875,12,42
addr_0004078,3,848,42,40
addr_0004079,1,340,29,20
addr_0004080,2,269,17,11
addr_0004081,3,455,38,22
addr_0004082,3,389,13,25
addr_0004083,2,136,36,30
addr_0004084,2,452,18,34
addr_0004085,2,806,20,8
addr_0004086,1,729,238,294
addr_0004087,3,134,37,43
addr_0004088,3,262,37,34
addr_0004089,2,461,21,27
addr_0004090,1,495,267,168
addr_0004091,2,891,39,1
addr_0004092,1,149,5,17
addr_0004093,2,82,46,22
addr_0004094,3,660,6,24
addr_0004095,2,772,44,39
addr_0004096,2,604,7,44
addr_0004097,2,514,14,15
addr_0004098,3,440,14,40
addr_0004099,2,463,49,42
addr_0004100,2,875,30,23
addr_0004101,2,96,3,14
addr_0004102,2,330,18,45
addr_0004103,3,539,44,46
addr_0004104,2,46,20,45
addr_0004105,3,596,18,43
addr_0004106,3,797,30,18
addr_0004107,2,666,43,19
addr_0004108,2,522,34,27
addr_0004109,3,761,45,42
addr_0004110,2,811,26,21
addr_0004111,3,294,17,12
addr_0004112,2,799,44,30
addr_0004113,2,274,48,29
addr_0004114,2,722,15,20
addr_0004115,2,93,28,10
addr_0004116,2,70,18,41
addr_0004117,3,239,38,44
addr_0004118,2,751,27,37
addr_0004119,3,419,6,32
addr_0004120,2,899,10,20
addr_0004121,3,392,7,30
addr_0004122,2,570,28,14
addr_0004123,2,253,47,34
addr_0004124,2,898,10,26
addr_0004125,2,25,15,27
addr_0004126,2,490,9,34
addr_0004127,3,581,8,27
addr_0004128,1,37,1,21
addr_0004129,3,253,39,0
addr_0004130,2,366,13,18
addr_0004131,3,49,45,19
addr_0004132,3,243,46,39
addr_0004133,2,351,22,27
addr_0004134,3,71,7,23
addr_0004135,2,897,7,42
addr_0004136,3,331,20,29
addr_0004137,3,708,10,5
addr_0004138,1,107,22,25
addr_0004139,2,662,3,33
addr_0004140,1,492,147,122
addr_0004141,1,18,43,28
addr_0004142,3,614,39,41
addr_0004143,2,46,5,11
addr_0004144,1,49,18,33
addr_0004145,2,219,36,28
addr_0004146,3,481,23,46
addr_0004147,2,46,29,46
addr_0004148,3,638,37,4
addr_0004149,3,412,30,25
addr_0004150,2,142,47,35
addr_0004151,2,211,29,10
addr_0004152,3,855,22,3
addr_0004153,2,864,35,3
addr_0004154,2,840,28,29
addr_0004155,2,813,22,41
addr_0004156,2,761,17,43
addr_0004157,2,280,49,31
addr_0004158,3,614,9,29
addr_0004159,1,411,37,11
addr_0004160,3,300,4,14
addr_0004161,3,65,4,43
addr_0004162,3,380,38,40
addr_0004163,3,607,34,40
addr_0004164,2,800,42,42
addr_0004165,2,193,19,17
addr_0004166,3,387,41,2
addr_0004167,1,416,3,41
addr_0004168,2,303,40,17
addr_0004169,2,398,45,36
addr_0004170,2,469,14,10
addr_0004171,3,779,5,26
addr_0004172,3,462,46,9
addr_0004173,3,379,6,15
addr_0004174,3,711,27,16
addr_0004175,2,491,41,40
addr_0004176,1,350,149,158
addr_0004177,2,722,27,26
addr_0004178,2,282,35,15
addr_0004179,3,495,23,44
addr_0004180,2,416,1,16
addr_0004181,2,40,1,41
addr_0004182,3,730,13,48
addr_0004183,2,446,44,29
addr_0004184,3,825,13,2
addr_0004185,2,227,12,45
addr_0004186,3,381,29,4
addr_0004187,3,306,38,34
addr_0004188,3,460,28,49
addr_0004189,2,59,33,34
addr_0004190,2,703,38,30
addr_0004191,2,818,35,25
addr_0004192,3,277,31,7
addr_0004193,3,656,35,42
addr_0004194,2,180,34,2
addr_0004195,2,118,37,8
addr_0004196,3,655,0,38
addr_0004197,3,74,39,3
addr_0004198,3,389,16,22
addr_0004199,3,836,33,27
addr_0004200,2,260,4,4
addr_0004201,2,522,30,17
addr_0004202,2,220,47,46
addr_0004203,3,870,0,2
addr_0004204,3,470,7,16
addr_0004205,2,644,40,41
addr_0004206,2,377,4,16
addr_0004207,2,668,13,43
addr_0004208,3,886,42,38
addr_0004209,3,86,44,32
addr_0004210,2,761,3,3
addr_0004211,3,403,32,14
addr_0004212,3,790,45,19
addr_0004213,2,80,23,44
addr_0004214,3,846,42,19
addr_0004215,2,53,2,26
addr_0004216,2,16,5,10
addr_0004217,2,542,37,18
addr_0004218,1,414,14,30
addr_0004219,1,653,31,10
addr_0004220,2,133,24,9
addr_0004221,2,705,5,15
addr_0004222,2,635,5,2
addr_0004223,3,114,46,8
addr_0004224,3,706,3,38
addr_0004225,3,142,15,9
addr_0004226,2,91,35,29
addr_0004227,3,259,3,21
addr_0004228,2,469,32,21
addr_0004229,2,378,36,1
addr_0004230,2,594,16,37
addr_0004231,3,771,4,12
addr_0004232,2,487,15,46
addr_0004233,3,271,4,16
addr_0004234,3,45,15,6
addr_0004235,2,266,19,11
addr_0004236,2,314,10,33
addr_0004237,2,717,29,8
addr_0004238,3,676,36,45
addr_0004239,3,427,18,18
addr_0004240,2,190,3,1
addr_0004241,3,740,11,14
addr_0004242,3,173,3,21
addr_0004243,3,311,7,16
addr_0004244,2,504,24,36
addr_0004245,1,776,185,279
addr_0004246,3,745,18,10
addr_0004247,2,635,17,7
addr_0004248,3,665,30,11
addr_0004249,3,463,29,44
addr_0004250,2,614,13,9
addr_0004251,2,781,23,3
addr_0004252,3,774,37,28
addr_0004253,2,613,10,29
addr_0004254,2,549,32,31
addr_0004255,2,527,24,22
addr_0004256,2,395,47,16
addr_0004257,3,486,1,5
addr_0004258,2,555,41,39
addr_0004259,1,779,37,23
addr_0004260,2,573,1,6
addr_0004261,3,18,48,31
addr_0004262,3,580,0,43
addr_0004263,2,281,44,49
addr_0004264,2,809,5,12
addr_0004265,2,654,10,34
addr_0004266,3,879,6,21
addr_0004267,2,362,13,23
addr_0004268,3,519,25,22
addr_0004269,2,685,24,45
addr_0004270,3,584,10,34
addr_0004271,3,320,12,28
addr_0004272,2,188,33,5
addr_0004273,2,671,41,25
addr_0004274,3,693,44,20
addr_0004275,1,267,18,2
addr_0004276,3,130,18,24
addr_0004277,1,661,184,293
addr_0004278,3,447,5,36
addr_0004279,2,790,13,21
addr_0004280,3,132,8,24
addr_0004281,3,415,49,12
addr_0004282,3,494,45,37
addr_0004283,3,535,34,35
addr_0004284,2,484,36,15
addr_0004285,2,684,40,2
addr_0004286,2,477,22,9
addr_0004287,3,489,10,39
addr_0004288,3,188,32,39
addr_0004289,2,674,6,4
addr_0004290,2,489,29,15
addr_0004291,2,826,28,22
addr_0004292,3,702,15,2
addr_0004293,2,214,10,29
addr_0004294,2,237,5,13
addr_0004295,3,57,12,47
addr_0004296,3,459,13,16
addr_0004297,3,578,45,0
addr_0004298,3,621,30,35
addr_0004299,3,755,14,30
addr_0004300,3,713,26,2
addr_0004301,3,775,10,25
addr_0004302,1,573,259,229
addr_0004303,2,317,31,11
addr_0004304,3,700,6,34
addr_0004305,1,159,42,10
addr_0004306,1,248,147,116
addr_0004307,1,693,217,275
addr_0004308,1,274,19,45
addr_0004309,2,77,5,3
addr_0004310,2,314,3,2
addr_0004311,3,56,40,15
addr_0004312,2,799,48,13
addr_0004313,3,895,20,13
addr_0004314,3,615,6,13
addr_0004315,2,50,33,38
addr_0004316,3,848,6,48
addr_0004317,2,1,40,39
addr_0004318,2,329,32,35
addr_0004319,1,77,245,140
addr_0004320,1,384,28,3
addr_0004321,2,402,9,49
addr_0004322,1,586,26,30
addr_0004323,3,161,41,27
addr_0004324,3,861,24,22
addr_0004325,3,896,35,10
addr_0004326,3,194,40,37
addr_0004327,2,86,8,1
addr_0004328,3,283,1,9
addr_0004329,1,92,44,46
addr_0004330,2,231,33,37
addr_0004331,3,196,5,47
addr_0004332,3,320,30,8
addr_0004333,2,362,48,2
addr_0004334,2,635,19,25
addr_0004335,2,832,4,45
addr_0004336,2,859,6,5
addr_0004337,3,775,36,47
addr_0004338,3,879,7,48
addr_0004339,2,320,47,40
addr_0004340,1,604,24,18
addr_0004341,2,416,21,16
addr_0004342,2,759,30,9
addr_0004343,2,10,5,6
addr_0004344,2,522,35,30
addr_0004345,2,869,38,5
addr_0004346,3,767,15,42
addr_0004347,3,361,12,46
addr_0004348,2,276,45,23
addr_0004349,2,732,19,39
addr_0004350,2,248,28,42
addr_0004351,3,326,43,27
addr_0004352,3,275,37,4
addr_0004353,2,750,14,47
addr_0004354,2,476,42,6
addr_0004355,3,533,46,5
addr_0004356,3,161,28,26
addr_0004357,2,475,3,27
addr_0004358,1,710,45,49
addr_0004359,2,738,15,37
addr_0004360,3,538,5,37
addr_0004361,1,856,33,36
addr_0004362,2,25,29,35
addr_0004363,2,462,40,48
addr_0004364,2,78,49,22
addr_0004365,2,56,11,6
addr_0004366,3,867,11,26
addr_0004367,3,224,13,5
addr_0004368,3,10,7,17
addr_0004369,3,81,49,40
addr_0004370,2,601,27,25
addr_0004371,2,484,37,40
addr_0004372,3,531,12,22
addr_0004373,3,232,30,14
addr_0004374,2,823,2,34
addr_0004375,1,272,40,18
addr_0004376,2,218,18,45
addr_0004377,3,7,4,28
addr_0004378,3,36,14,29
addr_0004379,2,315,37,12
addr_0004380,2,791,16,40
addr_0004381,2,553,42,28
addr_0004382,3,832,38,1
addr_0004383,1,710,22,35
addr_0004384,3,725,39,33
addr_0004385,3,322,31,23
addr_0004386,2,148,11,28
addr_0004387,2,551,45,3
addr_0004388,2,441,5,21
addr_0004389,2,288,5,8
addr_0004390,3,211,16,46
addr_0004391,2,308,39,7
addr_0004392,3,513,37,1
addr_0004393,3,468,32,31
addr_0004394,2,553,33,0
addr_0004395,3,664,45,27
addr_0004396,3,771,18,41
addr_0004397,2,334,7,32
addr_0004398,2,313,23,47
addr_0004399,3,622,11,35
addr_0004400,2,167,24,13
addr_0004401,2,113,29,20
addr_0004402,3,730,37,14
addr_0004403,2,725,14,34
addr_0004404,2,41,43,14
addr_0004405,3,551,7,39
addr_0004406,1,245,43,46
addr_0004407,2,795,13,19
addr_0004408,3,477,32,11
addr_0004409,2,279,10,1
addr_0004410,3,541,22,31
addr_0004411,2,198,22,11
addr_0004412,3,732,21,1
addr_0004413,3,388,0,24
addr_0004414,2,553,34,46
addr_0004415,2,716,15,16
addr_0004416,2,274,5,24
addr_0004417,3,324,47,21
addr_0004418,2,290,7,48
addr_0004419,2,499,4,47
addr_0004420,2,141,42,42
addr_0004421,3,541,42,44
addr_0004422,3,147,41,8
addr_0004423,2,763,45,0
addr_0004424,1,749,33,27
addr_0004425,2,582,8,13
addr_0004426,3,462,41,2
addr_0004427,2,83,15,41
addr_0004428,2,862,28,17
addr_0004429,2,339,35,12
addr_0004430,3,311,25,38
addr_0004431,2,59,37,20
addr_0004432,3,421,19,17
addr_0004433,3,172,10,13
addr_0004434,2,892,9,19
addr_0004435,2,723,32,13
addr_0004436,2,524,23,29
addr_0004437,2,342,49,8
addr_0004438,2,384,45,11
addr_0004439,2,660,26,44
addr_0004440,2,123,14,24
addr_0004441,3,17,31,7
addr_0004442,3,101,0,1
addr_0004443,3,3,2,29
addr_0004444,2,466,30,43
addr_0004445,2,151,3,33
addr_0004446,3,733,35,45
addr_0004447,3,600,10,17
addr_0004448,2,807,32,0
addr_0004449,2,382,7,37
addr_0004450,2,106,7,22
addr_0004451,2,71,17,4
addr_0004452,3,518,24,40
addr_0004453,3,712,13,7
addr_0004454,2,390,16,45
addr_0004455,2,543,33,6
addr_0004456,2,405,49,0
addr_0004457,3,517,19,23
addr_0004458,3,214,31,27
addr_0004459,3,476,0,10
addr_0004460,3,675,29,6
addr_0004461,2,804,33,38
addr_0004462,2,433,49,44
addr_0004463,3,85,3,28
addr_0004464,2,28,27,35
addr_0004465,2,655,41,15
addr_0004466,3,247,1,39
addr_0004467,3,792,43,35
addr_0004468,3,783,19,39
addr_0004469,2,337,6,48
addr_0004470,1,604,39,49
addr_0004471,3,529,43,25
addr_0004472,2,655,42,46
addr_0004473,2,45,30,34
addr_0004474,3,716,12,16
addr_0004475,3,505,33,12
addr_0004476,3,244,12,44
addr_0004477,2,46,8,35
addr_0004478,2,161,40,3
addr_0004479,3,327,15,21
addr_0004480,2,235,28,35
addr_0004481,2,800,29,40
addr_0004482,2,50,5,44
addr_0004483,2,229,39,38
addr_0004484,2,852,7,35
addr_0004485,3,54,17,24
addr_0004486,3,549,5,19
addr_0004487,2,97,46,44
addr_0004488,2,481,17,24
addr_0004489,2,73,46,33
addr_0004490,2,828,21,45
addr_0004491,2,359,43,12
addr_0004492,1,383,46,35
addr_0004493,2,419,5,35
addr_0004494,2,315,48,17
addr_0004495,3,741,9,0
addr_0004496,2,55,19,14
addr_0004497,3,254,42,38
addr_0004498,2,801,44,5
addr_0004499,2,557,45,16
addr_0004500,1,752,6,24
addr_0004501,3,307,13,4
addr_0004502,2,76,31,30
addr_0004503,2,479,39,1
addr_0004504,2,60,7,9
addr_0004505,3,635,27,7
addr_0004506,3,465,35,43
addr_0004507,2,326,30,22
addr_0004508,2,557,15,4
addr_0004509,2,670,33,44
addr_0004510,2,60,38,17
addr_0004511,3,328,45,27
addr_0004512,2,599,49,11
addr_0004513,1,395,30,14
addr_0004514,3,520,24,30
addr_0004515,3,122,43,33
addr_0004516,1,687,43,23
addr_0004517,1,771,277,284
addr_0004518,2,835,6,23
addr_0004519,1,476,14,29
addr_0004520,3,161,14,28
addr_0004521,3,605,48,26
addr_0004522,3,702,47,42
addr_0004523,3,702,30,29
addr_0004524,2,224,0,46
addr_0004525,3,15,14,8
addr_0004526,3,773,27,30
addr_0004527,2,153,45,27
addr_0004528,3,360,3,1
addr_0004529,3,879,31,47
addr_0004530,2,827,44,27
addr_0004531,2,280,48,39
addr_0004532,3,548,6,3
addr_0004533,2,485,35,17
addr_0004534,2,46,31,18
addr_0004535,2,295,12,3
addr_0004536,2,775,21,35
addr_0004537,2,793,6,28
addr_0004538,3,398,33,36
addr_0004539,3,36,0,7
addr_0004540,3,569,13,13
addr_0004541,2,691,32,45
addr_0004542,2,866,23,27
addr_0004543,3,54,40,24
addr_0004544,3,394,37,12
addr_0004545,2,694,40,24
addr_0004546,3,350,2,43
addr_0004547,2,629,1,41
addr_0004548,3,852,43,33
addr_0004549,3,435,22,18
addr_0004550,3,216,13,41
addr_0004551,3,717,28,38
addr_0004552,2,363,25,31
addr_0004553,2,152,39,14
addr_0004554,2,682,30,1
addr_0004555,2,27,23,23
addr_0004556,3,521,11,9
addr_0004557,3,871,42,10
addr_0004558,2,270,0,44
addr_0004559,2,291,39,36
addr_0004560,1,380,162,293
addr_0004561,1,736,48,8
addr_0004562,3,896,45,35
addr_0004563,2,273,6,12
addr_0004564,2,672,20,9
addr_0004565,3,130,17,30
addr_0004566,3,869,35,8
addr_0004567,3,747,42,4
addr_0004568,3,82,36,1
addr_0004569,3,791,48,33
addr_0004570,2,62,45,22
addr_0004571,3,342,46,18
addr_0004572,2,34,40,3
addr_0004573,2,340,4,45
addr_0004574,3,814,22,33
addr_0004575,3,181,48,34
addr_0004576,2,611,17,45
addr_0004577,1,475,25,39
addr_0004578,2,231,38,46
addr_0004579,2,858,6,46
addr_0004580,2,508,12,45
addr_0004581,3,372,3,45
addr_0004582,2,183,29,28
addr_0004583,2,869,48,9
addr_0004584,3,543,2,48
addr_0004585,3,583,25,38
addr_0004586,2,280,9,27
addr_0004587,3,134,20,34
addr_0004588,3,571,16,7
addr_0004589,2,476,37,0
addr_0004590,2,120,41,27
addr_0004591,3,834,6,49
addr_0004592,3,229,1,27
addr_0004593,2,152,20,11
addr_0004594,3,18,18,29
addr_0004595,2,259,18,40
addr_0004596,3,740,17,25
addr_0004597,1,366,20,6
addr_0004598,3,723,48,34
addr_0004599,2,584,40,45
addr_0004600,2,305,25,40
addr_0004601,2,676,29,35
addr_0004602,3,149,22,39
addr_0004603,3,459,34,17
addr_0004604,2,55,11,36
addr_0004605,3,497,36,42
addr_0004606,2,624,21,22
addr_0004607,3,543,23,6
addr_0004608,2,129,17,1
addr_0004609,3,59,34,31
addr_0004610,1,284,47,26
addr_0004611,3,412,47,4
addr_0004612,2,761,9,41
addr_0004613,2,878,17,0
addr_0004614,3,39,30,41
addr_0004615,2,687,26,15
addr_0004616,3,246,7,13
addr_0004617,3,158,47,40
addr_0004618,2,869,12,47
addr_0004619,2,36,39,26
addr_0004620,2,106,49,42
addr_0004621,2,502,16,39
addr_0004622,2,106,15,38
addr_0004623,3,173,6,33
addr_0004624,3,813,28,0
addr_0004625,2,808,40,2
addr_0004626,2,811,14,8
addr_0004627,3,128,14,2
addr_0004628,1,641,3,15
addr_0004629,2,634,12,15
addr_0004630,3,625,32,17
addr_0004631,3,410,34,42
addr_0004632,3,576,39,29
addr_0004633,3,480,20,15
addr_0004634,3,556,30,38
addr_0004635,2,560,49,42
addr_0004636,2,514,32,49
addr_0004637,3,78,33,27
addr_0004638,2,838,22,29
addr_0004639,3,336,36,6
addr_0004640,2,500,5,19
addr_0004641,3,893,17,39
addr_0004642,1,633,162,305
addr_0004643,2,261,41,29
addr_0004644,2,488,27,7
addr_0004645,3,214,0,30
addr_0004646,1,403,7,0
addr_0004647,2,498,26,36
addr_0004648,2,529,41,5
addr_0004649,2,713,33,13
addr_0004650,2,397,26,9
addr_0004651,3,777,0,41
addr_0004652,2,370,28,3
addr_0004653,3,351,4,5
addr_0004654,3,12,43,23
addr_0004655,3,375,43,29
addr_0004656,2,489,27,49
addr_0004657,2,411,42,41
addr_0004658,2,624,1,22
addr_0004659,3,260,6,15
addr_0004660,3,612,18,40
addr_0004661,2,744,28,48
addr_0004662,2,313,20,45
addr_0004663,2,477,0,35
addr_0004664,2,772,36,7
addr_0004665,3,353,16,16
addr_0004666,1,232,226,309
addr_0004667,2,370,40,26
addr_0004668,3,259,5,41
addr_0004669,2,342,23,5
addr_0004670,2,633,46,14
addr_0004671,2,638,5,33
addr_0004672,3,165,19,22
addr_0004673,3,771,21,28
addr_0004674,3,3,15,5
addr_0004675,3,559,37,33
addr_0004676,2,670,7,35
addr_0004677,3,99,1,10
addr_0004678,2,142,41,12
addr_0004679,2,765,24,43
addr_0004680,2,389,20,33
addr_0004681,1,521,3,32
addr_0004682,2,433,2,12
addr_0004683,2,329,49,45
addr_0004684,2,539,43,14
addr_0004685,2,282,17,21
addr_0004686,2,391,20,46
addr_0004687,3,520,44,19
addr_0004688,2,207,34,33
addr_0004689,2,315,4,26
addr_0004690,2,697,49,46
addr_0004691,3,194,17,3
addr_0004692,2,232,1,15
addr_0004693,1,623,27,45
addr_0004694,1,416,4,28
addr_0004695,2,803,42,9
addr_0004696,3,42,29,2
addr_0004697,3,41,27,6
addr_0004698,2,162,46,36
addr_0004699,3,727,3,2
addr_0004700,2,121,44,11
addr_0004701,2,117,20,42
addr_0004702,2,383,13,13
addr_0004703,2,866,6,23
addr_0004704,3,370,12,20
addr_0004705,3,371,48,18
addr_0004706,2,149,10,4
addr_0004707,1,379,22,1
addr_0004708,3,760,48,15
addr_0004709,2,818,49,6
addr_0004710,2,446,47,25
addr_0004711,2,466,22,47
addr_0004712,2,708,48,47
addr_0004713,3,810,40,43
addr_0004714,3,539,26,8
addr_0004715,3,10,5,0
addr_0004716,3,59,26,27
addr_0004717,2,14,5,28
addr_0004718,2,551,7,33
addr_0004719,1,363,105,189
addr_0004720,2,200,26,33
addr_0004721,2,320,2,0
addr_0004722,2,310,16,0
addr_0004723,3,763,47,44
addr_0004724,3,779,5,49
addr_0004725,2,893,22,45
addr_0004726,3,606,39,43
addr_0004727,3,761,21,42
addr_0004728,3,481,26,13
addr_0004729,2,186,8,21
addr_0004730,2,129,20,32
addr_0004731,1,637,45,16
addr_0004732,3,74,37,38
addr_0004733,3,441,17,1
addr_0004734,1,420,35,39
addr_0004735,3,425,9,3
addr_0004736,2,323,49,32
addr_0004737,2,229,43,4
addr_0004738,3,712,46,12
addr_0004739,3,630,18,25
addr_0004740,2,121,34,25
addr_0004741,2,439,31,39
addr_0004742,3,313,39,21
addr_0004743,2,627,4,28
addr_0004744,2,577,27,14
addr_0004745,2,480,40,25
addr_0004746,3,843,15,48
addr_0004747,2,503,6,49
addr_0004748,2,101,30,15
addr_0004749,3,89,39,16
addr_0004750,2,770,28,41
addr_0004751,2,578,17,5
addr_0004752,3,710,48,42
addr_0004753,2,727,8,11
addr_0004754,3,556,49,4
addr_0004755,3,719,26,28
addr_0004756,2,161,28,38
addr_0004757,3,317,2,42
addr_0004758,3,453,10,44
addr_0004759,3,635,38,31
addr_0004760,2,590,34,27
addr_0004761,2,891,31,24
addr_0004762,2,66,14,21
addr_0004763,2,66,20,43
addr_0004764,2,704,12,46
addr_0004765,3,88,22,14
addr_0004766,2,869,31,13
addr_0004767,2,479,35,35
addr_0004768,2,587,5,11
addr_0004769,2,379,48,23
addr_0004770,2,357,6,47
addr_0004771,2,55,18,0
addr_0004772,2,667,35,49
addr_0004773,2,648,14,0
addr_0004774,2,410,35,5
addr_0004775,3,316,13,37
addr_0004776,2,518,26,30
addr_0004777,2,217,20,18
addr_0004778,2,20,26,39
addr_0004779,2,782,28,8
addr_0004780,3,401,31,46
addr_0004781,2,348,34,33
addr_0004782,2,893,34,8
addr_0004783,3,491,34,15
addr_0004784,2,146,40,27
addr_0004785,2,15,33,9
addr_0004786,3,740,19,28
addr_0004787,3,180,27,2
addr_0004788,3,336,12,48
addr_0004789,3,645,12,31
addr_0004790,2,249,45,35
addr_0004791,3,797,22,44
addr_0004792,2,838,8,43
addr_0004793,3,449,5,22
addr_0004794,1,415,15,15
addr_0004795,2,831,3,49
addr_0004796,3,897,9,24
addr_0004797,2,386,23,23
addr_0004798,3,501,13,18
addr_0004799,3,172,38,10
addr_0004800,3,395,31,26
addr_0004801,2,45,12,24
addr_0004802,1,249,86,212
addr_0004803,2,219,44,48
addr_0004804,3,30,9,8
addr_0004805,3,226,35,49
addr_0004806,2,694,24,36
addr_0004807,2,25,21,3
addr_0004808,2,316,28,16
addr_0004809,3,469,39,15
addr_0004810,3,677,29,1
addr_0004811,2,771,46,40
addr_0004812,3,813,48,5
addr_0004813,2,896,32,36
addr_0004814,3,266,8,36
addr_0004815,2,279,4,14
addr_0004816,2,288,3,34
addr_0004817,2,602,49,22
addr_0004818,2,895,24,5
addr_0004819,3,235,0,38
addr_0004820,3,362,20,12
addr_0004821,3,199,36,10
addr_0004822,3,733,39,41
addr_0004823,2,356,42,40
addr_0004824,2,566,0,1
addr_0004825,3,52,24,31
addr_0004826,3,42,6,14
addr_0004827,2,566,34,24
addr_0004828,2,147,37,26
addr_0004829,3,548,31,23
addr_0004830,3,586,22,38
addr_0004831,2,822,27,29
addr_0004832,2,829,39,29
addr_0004833,3,792,26,5
addr_0004834,2,25,34,42
addr_0004835,3,788,1,46
addr_0004836,2,37,9,26
addr_0004837,3,790,38,24
addr_0004838,3,230,10,13
addr_0004839,2,756,27,42
addr_0004840,2,332,16,37
addr_0004841,2,306,11,39
addr_0004842,2,188,47,31
addr_0004843,2,107,30,35
addr_0004844,3,213,23,17
addr_0004845,2,308,21,20
addr_0004846,2,115,9,25
addr_0004847,2,71,4,27
addr_0004848,2,295,9,24
addr_0004849,2,896,49,10
addr_0004850,2,421,49,39
addr_0004851,2,528,25,13
addr_0004852,3,793,46,33
addr_0004853,3,34,22,23
addr_0004854,2,371,40,10
addr_0004855,3,514,33,0
addr_0004856,2,837,48,2
addr_0004857,2,191,46,1
addr_0004858,1,523,45,43
addr_0004859,3,75,26,36
addr_0004860,2,592,8,37
addr_0004861,2,730,32,44
addr_0004862,3,826,17,38
addr_0004863,2,841,15,23
addr_0004864,1,128,185,98
addr_0004865,2,594,49,16
addr_0004866,2,476,13,19
addr_0004867,1,746,3,38
addr_0004868,2,277,19,8
addr_0004869,3,174,19,17
addr_0004870,3,861,34,28
addr_0004871,3,156,10,28
addr_0004872,2,815,38,37
addr_0004873,3,736,37,36
addr_0004874,2,498,36,45
addr_0004875,3,690,21,42
addr_0004876,3,401,31,17
addr_0004877,2,132,26,47
addr_0004878,2,260,26,48
addr_0004879,2,743,23,40
addr_0004880,1,454,24,32
addr_0004881,2,548,6,39
addr_0004882,1,603,224,242
addr_0004883,3,311,12,22
addr_0004884,1,494,158,146
addr_0004885,2,678,42,4
addr_0004886,2,755,45,10
addr_0004887,2,845,48,8
addr_0004888,2,308,48,12
addr_0004889,3,841,22,39
addr_0004890,2,140,24,46
addr_0004891,2,701,49,44
addr_0004892,2,779,11,38
addr_0004893,2,4,5,38
addr_0004894,3,281,9,7
addr_0004895,2,379,42,30
addr_0004896,3,652,18,45
addr_0004897,2,744,3,46
addr_0004898,2,74,28,27
addr_0004899,2,496,39,10
addr_0004900,3,688,28,47
addr_0004901,3,202,48,4
addr_0004902,2,2,1,40
addr_0004903,3,360,21,45
addr_0004904,2,80,49,43
addr_0004905,3,55,49,24
addr_0004906,2,115,25,10
addr_0004907,3,159,26,39
addr_0004908,2,446,47,5
addr_0004909,1,809,30,6
addr_0004910,2,169,25,45
addr_0004911,2,485,6,1
addr_0004912,3,805,45,19
addr_0004913,1,603,15,29
addr_0004914,3,526,24,18
addr_0004915,3,313,32,1
addr_0004916,2,102,21,6
addr_0004917,2,65,0,14
addr_0004918,2,501,44,21
addr_0004919,2,173,20,38
addr_0004920,3,412,3,35
addr_0004921,2,107,14,5
addr_0004922,3,765,0,41
addr_0004923,1,72,27,22
addr_0004924,3,318,23,24
addr_0004925,2,350,15,15
addr_0004926,2,136,33,0
addr_0004927,3,115,48,25
addr_0004928,2,593,35,32
addr_0004929,1,288,15,26
addr_0004930,3,817,30,14
addr_0004931,2,480,28,24
addr_0004932,3,564,5,13
addr_0004933,3,277,8,22
addr_0004934,2,746,41,8
addr_0004935,3,494,4,42
addr_0004936,3,36,25,7
addr_0004937,2,144,38,22
addr_0004938,1,228,13,34
addr_0004939,2,66,20,30
addr_0004940,2,708,5,43
addr_0004941,3,832,20,24
addr_0004942,3,76,36,34
addr_0004943,3,200,39,49
addr_0004944,3,67,8,46
addr_0004945,3,284,3,11
addr_0004946,2,784,28,45
addr_0004947,2,127,37,38
addr_0004948,2,796,4,1
addr_0004949,3,515,9,2
addr_0004950,3,780,36,13
addr_0004951,2,370,42,21
addr_0004952,3,817,8,20
addr_0004953,3,539,19,13
addr_0004954,1,262,181,241
addr_0004955,3,126,40,43
addr_0004956,2,385,10,38
addr_0004957,2,536,47,30
addr_0004958,2,397,44,9
addr_0004959,1,55,249,168
addr_0004960,2,639,47,16
addr_0004961,3,724,18,10
addr_0004962,2,123,49,44
addr_0004963,3,743,22,27
addr_0004964,1,520,28,43
addr_0004965,2,574,46,20
addr_0004966,3,443,14,47
addr_0004967,2,5,37,16
addr_0004968,2,748,16,36
addr_0004969,3,415,40,11
addr_0004970,2,250,47,46
addr_0004971,3,680,33,21
addr_0004972,2,273,38,1
addr_0004973,2,753,12,15
addr_0004974,2,559,23,3
addr_0004975,1,587,246,167
addr_0004976,1,317,258,191
addr_0004977,3,836,26,17
addr_0004978,3,546,15,0
addr_0004979,3,299,31,17
addr_0004980,2,470,31,1
addr_0004981,2,63,10,0
addr_0004982,1,899,5,21
addr_0004983,2,275,26,46
addr_0004984,2,419,8,12
addr_0004985,2,873,35,23
addr_0004986,2,652,36,40
addr_0004987,2,849,17,42
addr_0004988,2,426,12,43
addr_0004989,3,457,25,37
addr_0004990,3,408,22,48
addr_0004991,2,764,6,38
addr_0004992,3,115,12,46
addr_0004993,3,385,11,34
addr_0004994,2,664,13,20
addr_0004995,2,101,17,35
addr_0004996,3,669,11,4
addr_0004997,3,758,8,26
addr_0004998,3,143,16,17
addr_0004999,2,15,22,19
